initial_z,Zbase,m1,m2,initial_period_in_days
0.00639,0.00639,1.6533443157,1.0746738052,7.6785883437
0.00639,0.00639,1.6533443157,1.0746738052,10.7226722201
0.00639,0.00639,1.6533443157,1.0746738052,14.9735464897
0.00639,0.00639,1.6533443157,1.0746738052,20.9096286705
0.00639,0.00639,1.6533443157,1.0746738052,29.1989991443
0.00639,0.00639,1.6533443157,1.0746738052,40.7745907144
0.00639,0.00639,1.6533443157,1.0746738052,56.9391861586
0.00639,0.00639,1.6533443157,1.0746738052,79.5120407981
0.00639,0.00639,1.6533443157,1.0746738052,111.0336318168
0.00639,0.00639,1.6533443157,1.0746738052,155.0515779833
0.00639,0.00639,1.6533443157,1.0746738052,216.5199088036
0.00639,0.00639,1.6533443157,1.0746738052,302.3566191205
0.00639,0.00639,1.6533443157,1.0746738052,422.2222595195
0.00639,0.00639,1.6533443157,1.0746738052,589.6071895242
0.00639,0.00639,1.6533443157,1.0746738052,823.3498592289
0.00639,0.00639,1.6533443157,1.0746738052,1149.7569953977
0.00639,0.00639,1.6533443157,1.0746738052,1605.5643098112
0.00639,0.00639,1.6533443157,1.0746738052,2242.0709447806
0.00639,0.00639,1.6533443157,1.0746738052,3130.912969796
0.00639,0.00639,1.6533443157,1.0746738052,4372.1257113904
0.00639,0.00639,1.6533443157,1.0746738052,6105.4022965853
0.00639,0.00639,1.6533443157,1.157341021,0.1
0.00639,0.00639,1.6533443157,1.157341021,0.1396437957
0.00639,0.00639,1.6533443157,1.157341021,0.1950038968
0.00639,0.00639,1.6533443157,1.157341021,0.2723108433
0.00639,0.00639,1.6533443157,1.157341021,0.3802651977
0.00639,0.00639,1.6533443157,1.157341021,0.5310167558
0.00639,0.00639,1.6533443157,1.157341021,0.7415319537
0.00639,0.00639,1.6533443157,1.157341021,1.0355033665
0.00639,0.00639,1.6533443157,1.157341021,1.4460162057
0.00639,0.00639,1.6533443157,1.157341021,2.0192719162
0.00639,0.00639,1.6533443157,1.157341021,2.8197879494
0.00639,0.00639,1.6533443157,1.157341021,3.9376589236
0.00639,0.00639,1.6533443157,1.157341021,5.498696383
0.00639,0.00639,1.6533443157,1.157341021,7.6785883437
0.00639,0.00639,1.6533443157,1.157341021,10.7226722201
0.00639,0.00639,1.6533443157,1.157341021,14.9735464897
0.00639,0.00639,1.6533443157,1.157341021,20.9096286705
0.00639,0.00639,1.6533443157,1.157341021,29.1989991443
0.00639,0.00639,1.6533443157,1.157341021,40.7745907144
0.00639,0.00639,1.6533443157,1.157341021,56.9391861586
0.00639,0.00639,1.6533443157,1.157341021,79.5120407981
0.00639,0.00639,1.6533443157,1.157341021,111.0336318168
0.00639,0.00639,1.6533443157,1.157341021,155.0515779833
0.00639,0.00639,1.6533443157,1.157341021,216.5199088036
0.00639,0.00639,1.6533443157,1.157341021,302.3566191205
0.00639,0.00639,1.6533443157,1.157341021,422.2222595195
0.00639,0.00639,1.6533443157,1.157341021,589.6071895242
0.00639,0.00639,1.6533443157,1.157341021,823.3498592289
0.00639,0.00639,1.6533443157,1.157341021,1149.7569953977
0.00639,0.00639,1.6533443157,1.157341021,1605.5643098112
0.00639,0.00639,1.6533443157,1.157341021,2242.0709447806
0.00639,0.00639,1.6533443157,1.157341021,3130.912969796
0.00639,0.00639,1.6533443157,1.157341021,4372.1257113904
0.00639,0.00639,1.6533443157,1.157341021,6105.4022965853
0.00639,0.00639,1.6533443157,1.2400082368,0.1
0.00639,0.00639,1.6533443157,1.2400082368,0.1396437957
0.00639,0.00639,1.6533443157,1.2400082368,0.1950038968
0.00639,0.00639,1.6533443157,1.2400082368,0.2723108433
0.00639,0.00639,1.6533443157,1.2400082368,0.3802651977
0.00639,0.00639,1.6533443157,1.2400082368,0.5310167558
0.00639,0.00639,1.6533443157,1.2400082368,0.7415319537
0.00639,0.00639,1.6533443157,1.2400082368,1.0355033665
0.00639,0.00639,1.6533443157,1.2400082368,1.4460162057
0.00639,0.00639,1.6533443157,1.2400082368,2.0192719162
0.00639,0.00639,1.6533443157,1.2400082368,2.8197879494
0.00639,0.00639,1.6533443157,1.2400082368,3.9376589236
0.00639,0.00639,1.6533443157,1.2400082368,5.498696383
0.00639,0.00639,1.6533443157,1.2400082368,7.6785883437
0.00639,0.00639,1.6533443157,1.2400082368,10.7226722201
0.00639,0.00639,1.6533443157,1.2400082368,14.9735464897
0.00639,0.00639,1.6533443157,1.2400082368,20.9096286705
0.00639,0.00639,1.6533443157,1.2400082368,29.1989991443
0.00639,0.00639,1.6533443157,1.2400082368,40.7745907144
0.00639,0.00639,1.6533443157,1.2400082368,56.9391861586
0.00639,0.00639,1.6533443157,1.2400082368,79.5120407981
0.00639,0.00639,1.6533443157,1.2400082368,111.0336318168
0.00639,0.00639,1.6533443157,1.2400082368,155.0515779833
0.00639,0.00639,1.6533443157,1.2400082368,216.5199088036
0.00639,0.00639,1.6533443157,1.2400082368,302.3566191205
0.00639,0.00639,1.6533443157,1.2400082368,422.2222595195
0.00639,0.00639,1.6533443157,1.2400082368,589.6071895242
0.00639,0.00639,1.6533443157,1.2400082368,823.3498592289
0.00639,0.00639,1.6533443157,1.2400082368,1149.7569953977
0.00639,0.00639,1.6533443157,1.2400082368,1605.5643098112
0.00639,0.00639,1.6533443157,1.2400082368,2242.0709447806
0.00639,0.00639,1.6533443157,1.2400082368,3130.912969796
0.00639,0.00639,1.6533443157,1.2400082368,4372.1257113904
0.00639,0.00639,1.6533443157,1.2400082368,6105.4022965853
0.00639,0.00639,1.6533443157,1.3226754526,0.1
0.00639,0.00639,1.6533443157,1.3226754526,0.1396437957
0.00639,0.00639,1.6533443157,1.3226754526,0.1950038968
0.00639,0.00639,1.6533443157,1.3226754526,0.2723108433
0.00639,0.00639,1.6533443157,1.3226754526,0.3802651977
0.00639,0.00639,1.6533443157,1.3226754526,0.5310167558
0.00639,0.00639,1.6533443157,1.3226754526,0.7415319537
0.00639,0.00639,1.6533443157,1.3226754526,1.0355033665
0.00639,0.00639,1.6533443157,1.3226754526,1.4460162057
0.00639,0.00639,1.6533443157,1.3226754526,2.0192719162
0.00639,0.00639,1.6533443157,1.3226754526,2.8197879494
0.00639,0.00639,1.6533443157,1.3226754526,3.9376589236
0.00639,0.00639,1.6533443157,1.3226754526,5.498696383
0.00639,0.00639,1.6533443157,1.3226754526,7.6785883437
0.00639,0.00639,1.6533443157,1.3226754526,10.7226722201
0.00639,0.00639,1.6533443157,1.3226754526,14.9735464897
0.00639,0.00639,1.6533443157,1.3226754526,20.9096286705
0.00639,0.00639,1.6533443157,1.3226754526,29.1989991443
0.00639,0.00639,1.6533443157,1.3226754526,40.7745907144
0.00639,0.00639,1.6533443157,1.3226754526,56.9391861586
0.00639,0.00639,1.6533443157,1.3226754526,79.5120407981
0.00639,0.00639,1.6533443157,1.3226754526,111.0336318168
0.00639,0.00639,1.6533443157,1.3226754526,155.0515779833
0.00639,0.00639,1.6533443157,1.3226754526,216.5199088036
0.00639,0.00639,1.6533443157,1.3226754526,302.3566191205
0.00639,0.00639,1.6533443157,1.3226754526,422.2222595195
0.00639,0.00639,1.6533443157,1.3226754526,589.6071895242
0.00639,0.00639,1.6533443157,1.3226754526,823.3498592289
0.00639,0.00639,1.6533443157,1.3226754526,1149.7569953977
0.00639,0.00639,1.6533443157,1.3226754526,1605.5643098112
0.00639,0.00639,1.6533443157,1.3226754526,2242.0709447806
0.00639,0.00639,1.6533443157,1.3226754526,3130.912969796
0.00639,0.00639,1.6533443157,1.3226754526,4372.1257113904
0.00639,0.00639,1.6533443157,1.3226754526,6105.4022965853
0.00639,0.00639,1.6533443157,1.4053426683,0.1
0.00639,0.00639,1.6533443157,1.4053426683,0.1396437957
0.00639,0.00639,1.6533443157,1.4053426683,0.1950038968
0.00639,0.00639,1.6533443157,1.4053426683,0.2723108433
0.00639,0.00639,1.6533443157,1.4053426683,0.3802651977
0.00639,0.00639,1.6533443157,1.4053426683,0.5310167558
0.00639,0.00639,1.6533443157,1.4053426683,0.7415319537
0.00639,0.00639,1.6533443157,1.4053426683,1.0355033665
0.00639,0.00639,1.6533443157,1.4053426683,1.4460162057
0.00639,0.00639,1.6533443157,1.4053426683,2.0192719162
0.00639,0.00639,1.6533443157,1.4053426683,2.8197879494
0.00639,0.00639,1.6533443157,1.4053426683,3.9376589236
0.00639,0.00639,1.6533443157,1.4053426683,5.498696383
0.00639,0.00639,1.6533443157,1.4053426683,7.6785883437
0.00639,0.00639,1.6533443157,1.4053426683,10.7226722201
0.00639,0.00639,1.6533443157,1.4053426683,14.9735464897
0.00639,0.00639,1.6533443157,1.4053426683,20.9096286705
0.00639,0.00639,1.6533443157,1.4053426683,29.1989991443
0.00639,0.00639,1.6533443157,1.4053426683,40.7745907144
0.00639,0.00639,1.6533443157,1.4053426683,56.9391861586
0.00639,0.00639,1.6533443157,1.4053426683,79.5120407981
0.00639,0.00639,1.6533443157,1.4053426683,111.0336318168
0.00639,0.00639,1.6533443157,1.4053426683,155.0515779833
0.00639,0.00639,1.6533443157,1.4053426683,216.5199088036
0.00639,0.00639,1.6533443157,1.4053426683,302.3566191205
0.00639,0.00639,1.6533443157,1.4053426683,422.2222595195
0.00639,0.00639,1.6533443157,1.4053426683,589.6071895242
0.00639,0.00639,1.6533443157,1.4053426683,823.3498592289
0.00639,0.00639,1.6533443157,1.4053426683,1149.7569953977
0.00639,0.00639,1.6533443157,1.4053426683,1605.5643098112
0.00639,0.00639,1.6533443157,1.4053426683,2242.0709447806
0.00639,0.00639,1.6533443157,1.4053426683,3130.912969796
0.00639,0.00639,1.6533443157,1.4053426683,4372.1257113904
0.00639,0.00639,1.6533443157,1.4053426683,6105.4022965853
0.00639,0.00639,1.6533443157,1.4880098841,0.1
0.00639,0.00639,1.6533443157,1.4880098841,0.1396437957
0.00639,0.00639,1.6533443157,1.4880098841,0.1950038968
0.00639,0.00639,1.6533443157,1.4880098841,0.2723108433
0.00639,0.00639,1.6533443157,1.4880098841,0.3802651977
0.00639,0.00639,1.6533443157,1.4880098841,0.5310167558
0.00639,0.00639,1.6533443157,1.4880098841,0.7415319537
0.00639,0.00639,1.6533443157,1.4880098841,1.0355033665
0.00639,0.00639,1.6533443157,1.4880098841,1.4460162057
0.00639,0.00639,1.6533443157,1.4880098841,2.0192719162
0.00639,0.00639,1.6533443157,1.4880098841,2.8197879494
0.00639,0.00639,1.6533443157,1.4880098841,3.9376589236
0.00639,0.00639,1.6533443157,1.4880098841,5.498696383
0.00639,0.00639,1.6533443157,1.4880098841,7.6785883437
0.00639,0.00639,1.6533443157,1.4880098841,10.7226722201
0.00639,0.00639,1.6533443157,1.4880098841,14.9735464897
0.00639,0.00639,1.6533443157,1.4880098841,20.9096286705
0.00639,0.00639,1.6533443157,1.4880098841,29.1989991443
0.00639,0.00639,1.6533443157,1.4880098841,40.7745907144
0.00639,0.00639,1.6533443157,1.4880098841,56.9391861586
0.00639,0.00639,1.6533443157,1.4880098841,79.5120407981
0.00639,0.00639,1.6533443157,1.4880098841,111.0336318168
0.00639,0.00639,1.6533443157,1.4880098841,155.0515779833
0.00639,0.00639,1.6533443157,1.4880098841,216.5199088036
0.00639,0.00639,1.6533443157,1.4880098841,302.3566191205
0.00639,0.00639,1.6533443157,1.4880098841,422.2222595195
0.00639,0.00639,1.6533443157,1.4880098841,589.6071895242
0.00639,0.00639,1.6533443157,1.4880098841,823.3498592289
0.00639,0.00639,1.6533443157,1.4880098841,1149.7569953977
0.00639,0.00639,1.6533443157,1.4880098841,1605.5643098112
0.00639,0.00639,1.6533443157,1.4880098841,2242.0709447806
0.00639,0.00639,1.6533443157,1.4880098841,3130.912969796
0.00639,0.00639,1.6533443157,1.4880098841,4372.1257113904
0.00639,0.00639,1.6533443157,1.4880098841,6105.4022965853
0.00639,0.00639,1.6533443157,1.5706770999,0.1
0.00639,0.00639,1.6533443157,1.5706770999,0.1396437957
0.00639,0.00639,1.6533443157,1.5706770999,0.1950038968
0.00639,0.00639,1.6533443157,1.5706770999,0.2723108433
0.00639,0.00639,1.6533443157,1.5706770999,0.3802651977
0.00639,0.00639,1.6533443157,1.5706770999,0.5310167558
0.00639,0.00639,1.6533443157,1.5706770999,0.7415319537
0.00639,0.00639,1.6533443157,1.5706770999,1.0355033665
0.00639,0.00639,1.6533443157,1.5706770999,1.4460162057
0.00639,0.00639,1.6533443157,1.5706770999,2.0192719162
0.00639,0.00639,1.6533443157,1.5706770999,2.8197879494
0.00639,0.00639,1.6533443157,1.5706770999,3.9376589236
0.00639,0.00639,1.6533443157,1.5706770999,5.498696383
0.00639,0.00639,1.6533443157,1.5706770999,7.6785883437
0.00639,0.00639,1.6533443157,1.5706770999,10.7226722201
0.00639,0.00639,1.6533443157,1.5706770999,14.9735464897
0.00639,0.00639,1.6533443157,1.5706770999,20.9096286705
0.00639,0.00639,1.6533443157,1.5706770999,29.1989991443
0.00639,0.00639,1.6533443157,1.5706770999,40.7745907144
0.00639,0.00639,1.6533443157,1.5706770999,56.9391861586
0.00639,0.00639,1.6533443157,1.5706770999,79.5120407981
0.00639,0.00639,1.6533443157,1.5706770999,111.0336318168
0.00639,0.00639,1.6533443157,1.5706770999,155.0515779833
0.00639,0.00639,1.6533443157,1.5706770999,216.5199088036
0.00639,0.00639,1.6533443157,1.5706770999,302.3566191205
0.00639,0.00639,1.6533443157,1.5706770999,422.2222595195
0.00639,0.00639,1.6533443157,1.5706770999,589.6071895242
0.00639,0.00639,1.6533443157,1.5706770999,823.3498592289
0.00639,0.00639,1.6533443157,1.5706770999,1149.7569953977
0.00639,0.00639,1.6533443157,1.5706770999,1605.5643098112
0.00639,0.00639,1.6533443157,1.5706770999,2242.0709447806
0.00639,0.00639,1.6533443157,1.5706770999,3130.912969796
0.00639,0.00639,1.6533443157,1.5706770999,4372.1257113904
0.00639,0.00639,1.6533443157,1.5706770999,6105.4022965853
0.00639,0.00639,1.6533443157,1.6368108725,0.1
0.00639,0.00639,1.6533443157,1.6368108725,0.1396437957
0.00639,0.00639,1.6533443157,1.6368108725,0.1950038968
0.00639,0.00639,1.6533443157,1.6368108725,0.2723108433
0.00639,0.00639,1.6533443157,1.6368108725,0.3802651977
0.00639,0.00639,1.6533443157,1.6368108725,0.5310167558
0.00639,0.00639,1.6533443157,1.6368108725,0.7415319537
0.00639,0.00639,1.6533443157,1.6368108725,1.0355033665
0.00639,0.00639,1.6533443157,1.6368108725,1.4460162057
0.00639,0.00639,1.6533443157,1.6368108725,2.0192719162
0.00639,0.00639,1.6533443157,1.6368108725,2.8197879494
0.00639,0.00639,1.6533443157,1.6368108725,3.9376589236
0.00639,0.00639,1.6533443157,1.6368108725,5.498696383
0.00639,0.00639,1.6533443157,1.6368108725,7.6785883437
0.00639,0.00639,1.6533443157,1.6368108725,10.7226722201
0.00639,0.00639,1.6533443157,1.6368108725,14.9735464897
0.00639,0.00639,1.6533443157,1.6368108725,20.9096286705
0.00639,0.00639,1.6533443157,1.6368108725,29.1989991443
0.00639,0.00639,1.6533443157,1.6368108725,40.7745907144
0.00639,0.00639,1.6533443157,1.6368108725,56.9391861586
0.00639,0.00639,1.6533443157,1.6368108725,79.5120407981
0.00639,0.00639,1.6533443157,1.6368108725,111.0336318168
0.00639,0.00639,1.6533443157,1.6368108725,155.0515779833
0.00639,0.00639,1.6533443157,1.6368108725,216.5199088036
0.00639,0.00639,1.6533443157,1.6368108725,302.3566191205
0.00639,0.00639,1.6533443157,1.6368108725,422.2222595195
0.00639,0.00639,1.6533443157,1.6368108725,589.6071895242
0.00639,0.00639,1.6533443157,1.6368108725,823.3498592289
0.00639,0.00639,1.6533443157,1.6368108725,1149.7569953977
0.00639,0.00639,1.6533443157,1.6368108725,1605.5643098112
0.00639,0.00639,1.6533443157,1.6368108725,2242.0709447806
0.00639,0.00639,1.6533443157,1.6368108725,3130.912969796
0.00639,0.00639,1.6533443157,1.6368108725,4372.1257113904
0.00639,0.00639,1.6533443157,1.6368108725,6105.4022965853
0.00639,0.00639,1.8417192768,0.1841719277,0.1
0.00639,0.00639,1.8417192768,0.1841719277,0.1396437957
0.00639,0.00639,1.8417192768,0.1841719277,0.1950038968
0.00639,0.00639,1.8417192768,0.1841719277,0.2723108433
0.00639,0.00639,1.8417192768,0.1841719277,0.3802651977
0.00639,0.00639,1.8417192768,0.1841719277,0.5310167558
0.00639,0.00639,1.8417192768,0.1841719277,0.7415319537
0.00639,0.00639,1.8417192768,0.1841719277,1.0355033665
0.00639,0.00639,1.8417192768,0.1841719277,1.4460162057
0.00639,0.00639,1.8417192768,0.1841719277,2.0192719162
0.00639,0.00639,1.8417192768,0.1841719277,2.8197879494
0.00639,0.00639,1.8417192768,0.1841719277,3.9376589236
0.00639,0.00639,1.8417192768,0.1841719277,5.498696383
0.00639,0.00639,1.8417192768,0.1841719277,7.6785883437
0.00639,0.00639,1.8417192768,0.1841719277,10.7226722201
0.00639,0.00639,1.8417192768,0.1841719277,14.9735464897
0.00639,0.00639,1.8417192768,0.1841719277,20.9096286705
0.00639,0.00639,1.8417192768,0.1841719277,29.1989991443
0.00639,0.00639,1.8417192768,0.1841719277,40.7745907144
0.00639,0.00639,1.8417192768,0.1841719277,56.9391861586
0.00639,0.00639,1.8417192768,0.1841719277,79.5120407981
0.00639,0.00639,1.8417192768,0.1841719277,111.0336318168
0.00639,0.00639,1.8417192768,0.1841719277,155.0515779833
0.00639,0.00639,1.8417192768,0.1841719277,216.5199088036
0.00639,0.00639,1.8417192768,0.1841719277,302.3566191205
0.00639,0.00639,1.8417192768,0.1841719277,422.2222595195
0.00639,0.00639,1.8417192768,0.1841719277,589.6071895242
0.00639,0.00639,1.8417192768,0.1841719277,823.3498592289
0.00639,0.00639,1.8417192768,0.1841719277,1149.7569953977
0.00639,0.00639,1.8417192768,0.1841719277,1605.5643098112
0.00639,0.00639,1.8417192768,0.1841719277,2242.0709447806
0.00639,0.00639,1.8417192768,0.1841719277,3130.912969796
0.00639,0.00639,1.8417192768,0.1841719277,4372.1257113904
0.00639,0.00639,1.8417192768,0.1841719277,6105.4022965853
0.00639,0.00639,1.8417192768,0.2762578915,0.1
0.00639,0.00639,1.8417192768,0.2762578915,0.1396437957
0.00639,0.00639,1.8417192768,0.2762578915,0.1950038968
0.00639,0.00639,1.8417192768,0.2762578915,0.2723108433
0.00639,0.00639,1.8417192768,0.2762578915,0.3802651977
0.00639,0.00639,1.8417192768,0.2762578915,0.5310167558
0.00639,0.00639,1.8417192768,0.2762578915,0.7415319537
0.00639,0.00639,1.8417192768,0.2762578915,1.0355033665
0.00639,0.00639,1.8417192768,0.2762578915,1.4460162057
0.00639,0.00639,1.8417192768,0.2762578915,2.0192719162
0.00639,0.00639,1.8417192768,0.2762578915,2.8197879494
0.00639,0.00639,1.8417192768,0.2762578915,3.9376589236
0.00639,0.00639,1.8417192768,0.2762578915,5.498696383
0.00639,0.00639,1.8417192768,0.2762578915,7.6785883437
0.00639,0.00639,1.8417192768,0.2762578915,10.7226722201
0.00639,0.00639,1.8417192768,0.2762578915,14.9735464897
0.00639,0.00639,1.8417192768,0.2762578915,20.9096286705
0.00639,0.00639,1.8417192768,0.2762578915,29.1989991443
0.00639,0.00639,1.8417192768,0.2762578915,40.7745907144
0.00639,0.00639,1.8417192768,0.2762578915,56.9391861586
0.00639,0.00639,1.8417192768,0.2762578915,79.5120407981
0.00639,0.00639,1.8417192768,0.2762578915,111.0336318168
0.00639,0.00639,1.8417192768,0.2762578915,155.0515779833
0.00639,0.00639,1.8417192768,0.2762578915,216.5199088036
0.00639,0.00639,1.8417192768,0.2762578915,302.3566191205
0.00639,0.00639,1.8417192768,0.2762578915,422.2222595195
0.00639,0.00639,1.8417192768,0.2762578915,589.6071895242
0.00639,0.00639,1.8417192768,0.2762578915,823.3498592289
0.00639,0.00639,1.8417192768,0.2762578915,1149.7569953977
0.00639,0.00639,1.8417192768,0.2762578915,1605.5643098112
0.00639,0.00639,1.8417192768,0.2762578915,2242.0709447806
0.00639,0.00639,1.8417192768,0.2762578915,3130.912969796
0.00639,0.00639,1.8417192768,0.2762578915,4372.1257113904
0.00639,0.00639,1.8417192768,0.2762578915,6105.4022965853
0.00639,0.00639,1.8417192768,0.3683438554,0.1
0.00639,0.00639,1.8417192768,0.3683438554,0.1396437957
0.00639,0.00639,1.8417192768,0.3683438554,0.1950038968
0.00639,0.00639,1.8417192768,0.3683438554,0.2723108433
0.00639,0.00639,1.8417192768,0.3683438554,0.3802651977
0.00639,0.00639,1.8417192768,0.3683438554,0.5310167558
0.00639,0.00639,1.8417192768,0.3683438554,0.7415319537
0.00639,0.00639,1.8417192768,0.3683438554,1.0355033665
0.00639,0.00639,1.8417192768,0.3683438554,1.4460162057
0.00639,0.00639,1.8417192768,0.3683438554,2.0192719162
0.00639,0.00639,1.8417192768,0.3683438554,2.8197879494
0.00639,0.00639,1.8417192768,0.3683438554,3.9376589236
0.00639,0.00639,1.8417192768,0.3683438554,5.498696383
0.00639,0.00639,1.8417192768,0.3683438554,7.6785883437
0.00639,0.00639,1.8417192768,0.3683438554,10.7226722201
0.00639,0.00639,1.8417192768,0.3683438554,14.9735464897
0.00639,0.00639,1.8417192768,0.3683438554,20.9096286705
0.00639,0.00639,1.8417192768,0.3683438554,29.1989991443
0.00639,0.00639,1.8417192768,0.3683438554,40.7745907144
0.00639,0.00639,1.8417192768,0.3683438554,56.9391861586
0.00639,0.00639,1.8417192768,0.3683438554,79.5120407981
0.00639,0.00639,1.8417192768,0.3683438554,111.0336318168
0.00639,0.00639,1.8417192768,0.3683438554,155.0515779833
0.00639,0.00639,1.8417192768,0.3683438554,216.5199088036
0.00639,0.00639,1.8417192768,0.3683438554,302.3566191205
0.00639,0.00639,1.8417192768,0.3683438554,422.2222595195
0.00639,0.00639,1.8417192768,0.3683438554,589.6071895242
0.00639,0.00639,1.8417192768,0.3683438554,823.3498592289
0.00639,0.00639,1.8417192768,0.3683438554,1149.7569953977
0.00639,0.00639,1.8417192768,0.3683438554,1605.5643098112
0.00639,0.00639,1.8417192768,0.3683438554,2242.0709447806
0.00639,0.00639,1.8417192768,0.3683438554,3130.912969796
0.00639,0.00639,1.8417192768,0.3683438554,4372.1257113904
0.00639,0.00639,1.8417192768,0.3683438554,6105.4022965853
0.00639,0.00639,1.8417192768,0.4604298192,0.1
0.00639,0.00639,1.8417192768,0.4604298192,0.1396437957
0.00639,0.00639,1.8417192768,0.4604298192,0.1950038968
0.00639,0.00639,1.8417192768,0.4604298192,0.2723108433
0.00639,0.00639,1.8417192768,0.4604298192,0.3802651977
0.00639,0.00639,1.8417192768,0.4604298192,0.5310167558
0.00639,0.00639,1.8417192768,0.4604298192,0.7415319537
0.00639,0.00639,1.8417192768,0.4604298192,1.0355033665
0.00639,0.00639,1.8417192768,0.4604298192,1.4460162057
0.00639,0.00639,1.8417192768,0.4604298192,2.0192719162
0.00639,0.00639,1.8417192768,0.4604298192,2.8197879494
0.00639,0.00639,1.8417192768,0.4604298192,3.9376589236
0.00639,0.00639,1.8417192768,0.4604298192,5.498696383
0.00639,0.00639,1.8417192768,0.4604298192,7.6785883437
0.00639,0.00639,1.8417192768,0.4604298192,10.7226722201
0.00639,0.00639,1.8417192768,0.4604298192,14.9735464897
0.00639,0.00639,1.8417192768,0.4604298192,20.9096286705
0.00639,0.00639,1.8417192768,0.4604298192,29.1989991443
0.00639,0.00639,1.8417192768,0.4604298192,40.7745907144
0.00639,0.00639,1.8417192768,0.4604298192,56.9391861586
0.00639,0.00639,1.8417192768,0.4604298192,79.5120407981
0.00639,0.00639,1.8417192768,0.4604298192,111.0336318168
0.00639,0.00639,1.8417192768,0.4604298192,155.0515779833
0.00639,0.00639,1.8417192768,0.4604298192,216.5199088036
0.00639,0.00639,1.8417192768,0.4604298192,302.3566191205
0.00639,0.00639,1.8417192768,0.4604298192,422.2222595195
0.00639,0.00639,1.8417192768,0.4604298192,589.6071895242
0.00639,0.00639,1.8417192768,0.4604298192,823.3498592289
0.00639,0.00639,1.8417192768,0.4604298192,1149.7569953977
0.00639,0.00639,1.8417192768,0.4604298192,1605.5643098112
0.00639,0.00639,1.8417192768,0.4604298192,2242.0709447806
0.00639,0.00639,1.8417192768,0.4604298192,3130.912969796
0.00639,0.00639,1.8417192768,0.4604298192,4372.1257113904
0.00639,0.00639,1.8417192768,0.4604298192,6105.4022965853
0.00639,0.00639,1.8417192768,0.552515783,0.1
0.00639,0.00639,1.8417192768,0.552515783,0.1396437957
0.00639,0.00639,1.8417192768,0.552515783,0.1950038968
0.00639,0.00639,1.8417192768,0.552515783,0.2723108433
0.00639,0.00639,1.8417192768,0.552515783,0.3802651977
0.00639,0.00639,1.8417192768,0.552515783,0.5310167558
0.00639,0.00639,1.8417192768,0.552515783,0.7415319537
0.00639,0.00639,1.8417192768,0.552515783,1.0355033665
0.00639,0.00639,1.8417192768,0.552515783,1.4460162057
0.00639,0.00639,1.8417192768,0.552515783,2.0192719162
0.00639,0.00639,1.8417192768,0.552515783,2.8197879494
0.00639,0.00639,1.8417192768,0.552515783,3.9376589236
0.00639,0.00639,1.8417192768,0.552515783,5.498696383
0.00639,0.00639,1.8417192768,0.552515783,7.6785883437
0.00639,0.00639,1.8417192768,0.552515783,10.7226722201
0.00639,0.00639,1.8417192768,0.552515783,14.9735464897
0.00639,0.00639,1.8417192768,0.552515783,20.9096286705
0.00639,0.00639,1.8417192768,0.552515783,29.1989991443
0.00639,0.00639,1.8417192768,0.552515783,40.7745907144
0.00639,0.00639,1.8417192768,0.552515783,56.9391861586
0.00639,0.00639,1.8417192768,0.552515783,79.5120407981
0.00639,0.00639,1.8417192768,0.552515783,111.0336318168
0.00639,0.00639,1.8417192768,0.552515783,155.0515779833
0.00639,0.00639,1.8417192768,0.552515783,216.5199088036
0.00639,0.00639,1.8417192768,0.552515783,302.3566191205
0.00639,0.00639,1.8417192768,0.552515783,422.2222595195
0.00639,0.00639,1.8417192768,0.552515783,589.6071895242
0.00639,0.00639,1.8417192768,0.552515783,823.3498592289
0.00639,0.00639,1.8417192768,0.552515783,1149.7569953977
0.00639,0.00639,1.8417192768,0.552515783,1605.5643098112
0.00639,0.00639,1.8417192768,0.552515783,2242.0709447806
0.00639,0.00639,1.8417192768,0.552515783,3130.912969796
0.00639,0.00639,1.8417192768,0.552515783,4372.1257113904
0.00639,0.00639,1.8417192768,0.552515783,6105.4022965853
0.00639,0.00639,1.8417192768,0.6446017469,0.1
0.00639,0.00639,1.8417192768,0.6446017469,0.1396437957
0.00639,0.00639,1.8417192768,0.6446017469,0.1950038968
0.00639,0.00639,1.8417192768,0.6446017469,0.2723108433
0.00639,0.00639,1.8417192768,0.6446017469,0.3802651977
0.00639,0.00639,1.8417192768,0.6446017469,0.5310167558
0.00639,0.00639,1.8417192768,0.6446017469,0.7415319537
0.00639,0.00639,1.8417192768,0.6446017469,1.0355033665
0.00639,0.00639,1.8417192768,0.6446017469,1.4460162057
0.00639,0.00639,1.8417192768,0.6446017469,2.0192719162
0.00639,0.00639,1.8417192768,0.6446017469,2.8197879494
0.00639,0.00639,1.8417192768,0.6446017469,3.9376589236
0.00639,0.00639,1.8417192768,0.6446017469,5.498696383
0.00639,0.00639,1.8417192768,0.6446017469,7.6785883437
0.00639,0.00639,1.8417192768,0.6446017469,10.7226722201
0.00639,0.00639,1.8417192768,0.6446017469,14.9735464897
0.00639,0.00639,1.8417192768,0.6446017469,20.9096286705
0.00639,0.00639,1.8417192768,0.6446017469,29.1989991443
0.00639,0.00639,1.8417192768,0.6446017469,40.7745907144
0.00639,0.00639,1.8417192768,0.6446017469,56.9391861586
0.00639,0.00639,1.8417192768,0.6446017469,79.5120407981
0.00639,0.00639,1.8417192768,0.6446017469,111.0336318168
0.00639,0.00639,1.8417192768,0.6446017469,155.0515779833
0.00639,0.00639,1.8417192768,0.6446017469,216.5199088036
0.00639,0.00639,1.8417192768,0.6446017469,302.3566191205
0.00639,0.00639,1.8417192768,0.6446017469,422.2222595195
0.00639,0.00639,1.8417192768,0.6446017469,589.6071895242
0.00639,0.00639,1.8417192768,0.6446017469,823.3498592289
0.00639,0.00639,1.8417192768,0.6446017469,1149.7569953977
0.00639,0.00639,1.8417192768,0.6446017469,1605.5643098112
0.00639,0.00639,1.8417192768,0.6446017469,2242.0709447806
0.00639,0.00639,1.8417192768,0.6446017469,3130.912969796
0.00639,0.00639,1.8417192768,0.6446017469,4372.1257113904
0.00639,0.00639,1.8417192768,0.6446017469,6105.4022965853
0.00639,0.00639,1.8417192768,0.7366877107,0.1
0.00639,0.00639,1.8417192768,0.7366877107,0.1396437957
0.00639,0.00639,1.8417192768,0.7366877107,0.1950038968
0.00639,0.00639,1.8417192768,0.7366877107,0.2723108433
0.00639,0.00639,1.8417192768,0.7366877107,0.3802651977
0.00639,0.00639,1.8417192768,0.7366877107,0.5310167558
0.00639,0.00639,1.8417192768,0.7366877107,0.7415319537
0.00639,0.00639,1.8417192768,0.7366877107,1.0355033665
0.00639,0.00639,1.8417192768,0.7366877107,1.4460162057
0.00639,0.00639,1.8417192768,0.7366877107,2.0192719162
0.00639,0.00639,1.8417192768,0.7366877107,2.8197879494
0.00639,0.00639,1.8417192768,0.7366877107,3.9376589236
0.00639,0.00639,1.8417192768,0.7366877107,5.498696383
0.00639,0.00639,1.8417192768,0.7366877107,7.6785883437
0.00639,0.00639,1.8417192768,0.7366877107,10.7226722201
0.00639,0.00639,1.8417192768,0.7366877107,14.9735464897
0.00639,0.00639,1.8417192768,0.7366877107,20.9096286705
0.00639,0.00639,1.8417192768,0.7366877107,29.1989991443
0.00639,0.00639,1.8417192768,0.7366877107,40.7745907144
0.00639,0.00639,1.8417192768,0.7366877107,56.9391861586
0.00639,0.00639,1.8417192768,0.7366877107,79.5120407981
0.00639,0.00639,1.8417192768,0.7366877107,111.0336318168
0.00639,0.00639,1.8417192768,0.7366877107,155.0515779833
0.00639,0.00639,1.8417192768,0.7366877107,216.5199088036
0.00639,0.00639,1.8417192768,0.7366877107,302.3566191205
0.00639,0.00639,1.8417192768,0.7366877107,422.2222595195
0.00639,0.00639,1.8417192768,0.7366877107,589.6071895242
0.00639,0.00639,1.8417192768,0.7366877107,823.3498592289
0.00639,0.00639,1.8417192768,0.7366877107,1149.7569953977
0.00639,0.00639,1.8417192768,0.7366877107,1605.5643098112
0.00639,0.00639,1.8417192768,0.7366877107,2242.0709447806
0.00639,0.00639,1.8417192768,0.7366877107,3130.912969796
0.00639,0.00639,1.8417192768,0.7366877107,4372.1257113904
0.00639,0.00639,1.8417192768,0.7366877107,6105.4022965853
0.00639,0.00639,1.8417192768,0.8287736745,0.1
0.00639,0.00639,1.8417192768,0.8287736745,0.1396437957
0.00639,0.00639,1.8417192768,0.8287736745,0.1950038968
0.00639,0.00639,1.8417192768,0.8287736745,0.2723108433
0.00639,0.00639,1.8417192768,0.8287736745,0.3802651977
0.00639,0.00639,1.8417192768,0.8287736745,0.5310167558
0.00639,0.00639,1.8417192768,0.8287736745,0.7415319537
0.00639,0.00639,1.8417192768,0.8287736745,1.0355033665
0.00639,0.00639,1.8417192768,0.8287736745,1.4460162057
0.00639,0.00639,1.8417192768,0.8287736745,2.0192719162
0.00639,0.00639,1.8417192768,0.8287736745,2.8197879494
0.00639,0.00639,1.8417192768,0.8287736745,3.9376589236
0.00639,0.00639,1.8417192768,0.8287736745,5.498696383
0.00639,0.00639,1.8417192768,0.8287736745,7.6785883437
0.00639,0.00639,1.8417192768,0.8287736745,10.7226722201
0.00639,0.00639,1.8417192768,0.8287736745,14.9735464897
0.00639,0.00639,1.8417192768,0.8287736745,20.9096286705
0.00639,0.00639,1.8417192768,0.8287736745,29.1989991443
0.00639,0.00639,1.8417192768,0.8287736745,40.7745907144
0.00639,0.00639,1.8417192768,0.8287736745,56.9391861586
0.00639,0.00639,1.8417192768,0.8287736745,79.5120407981
0.00639,0.00639,1.8417192768,0.8287736745,111.0336318168
0.00639,0.00639,1.8417192768,0.8287736745,155.0515779833
0.00639,0.00639,1.8417192768,0.8287736745,216.5199088036
0.00639,0.00639,1.8417192768,0.8287736745,302.3566191205
0.00639,0.00639,1.8417192768,0.8287736745,422.2222595195
0.00639,0.00639,1.8417192768,0.8287736745,589.6071895242
0.00639,0.00639,1.8417192768,0.8287736745,823.3498592289
0.00639,0.00639,1.8417192768,0.8287736745,1149.7569953977
0.00639,0.00639,1.8417192768,0.8287736745,1605.5643098112
0.00639,0.00639,1.8417192768,0.8287736745,2242.0709447806
0.00639,0.00639,1.8417192768,0.8287736745,3130.912969796
0.00639,0.00639,1.8417192768,0.8287736745,4372.1257113904
0.00639,0.00639,1.8417192768,0.8287736745,6105.4022965853
0.00639,0.00639,1.8417192768,0.9208596384,0.1
0.00639,0.00639,1.8417192768,0.9208596384,0.1396437957
0.00639,0.00639,1.8417192768,0.9208596384,0.1950038968
0.00639,0.00639,1.8417192768,0.9208596384,0.2723108433
0.00639,0.00639,1.8417192768,0.9208596384,0.3802651977
0.00639,0.00639,1.8417192768,0.9208596384,0.5310167558
0.00639,0.00639,1.8417192768,0.9208596384,0.7415319537
0.00639,0.00639,1.8417192768,0.9208596384,1.0355033665
0.00639,0.00639,1.8417192768,0.9208596384,1.4460162057
0.00639,0.00639,1.8417192768,0.9208596384,2.0192719162
0.00639,0.00639,1.8417192768,0.9208596384,2.8197879494
0.00639,0.00639,1.8417192768,0.9208596384,3.9376589236
0.00639,0.00639,1.8417192768,0.9208596384,5.498696383
0.00639,0.00639,1.8417192768,0.9208596384,7.6785883437
0.00639,0.00639,1.8417192768,0.9208596384,10.7226722201
0.00639,0.00639,1.8417192768,0.9208596384,14.9735464897
0.00639,0.00639,1.8417192768,0.9208596384,20.9096286705
0.00639,0.00639,1.8417192768,0.9208596384,29.1989991443
0.00639,0.00639,1.8417192768,0.9208596384,40.7745907144
0.00639,0.00639,1.8417192768,0.9208596384,56.9391861586
0.00639,0.00639,1.8417192768,0.9208596384,79.5120407981
0.00639,0.00639,1.8417192768,0.9208596384,111.0336318168
0.00639,0.00639,1.8417192768,0.9208596384,155.0515779833
0.00639,0.00639,1.8417192768,0.9208596384,216.5199088036
0.00639,0.00639,1.8417192768,0.9208596384,302.3566191205
0.00639,0.00639,1.8417192768,0.9208596384,422.2222595195
0.00639,0.00639,1.8417192768,0.9208596384,589.6071895242
0.00639,0.00639,1.8417192768,0.9208596384,823.3498592289
0.00639,0.00639,1.8417192768,0.9208596384,1149.7569953977
0.00639,0.00639,1.8417192768,0.9208596384,1605.5643098112
0.00639,0.00639,1.8417192768,0.9208596384,2242.0709447806
0.00639,0.00639,1.8417192768,0.9208596384,3130.912969796
0.00639,0.00639,1.8417192768,0.9208596384,4372.1257113904
0.00639,0.00639,1.8417192768,0.9208596384,6105.4022965853
0.00639,0.00639,1.8417192768,1.0129456022,0.1
0.00639,0.00639,1.8417192768,1.0129456022,0.1396437957
0.00639,0.00639,1.8417192768,1.0129456022,0.1950038968
0.00639,0.00639,1.8417192768,1.0129456022,0.2723108433
0.00639,0.00639,1.8417192768,1.0129456022,0.3802651977
0.00639,0.00639,1.8417192768,1.0129456022,0.5310167558
0.00639,0.00639,1.8417192768,1.0129456022,0.7415319537
0.00639,0.00639,1.8417192768,1.0129456022,1.0355033665
0.00639,0.00639,1.8417192768,1.0129456022,1.4460162057
0.00639,0.00639,1.8417192768,1.0129456022,2.0192719162
0.00639,0.00639,1.8417192768,1.0129456022,2.8197879494
0.00639,0.00639,1.8417192768,1.0129456022,3.9376589236
0.00639,0.00639,1.8417192768,1.0129456022,5.498696383
0.00639,0.00639,1.8417192768,1.0129456022,7.6785883437
0.00639,0.00639,1.8417192768,1.0129456022,10.7226722201
0.00639,0.00639,1.8417192768,1.0129456022,14.9735464897
0.00639,0.00639,1.8417192768,1.0129456022,20.9096286705
0.00639,0.00639,1.8417192768,1.0129456022,29.1989991443
0.00639,0.00639,1.8417192768,1.0129456022,40.7745907144
0.00639,0.00639,1.8417192768,1.0129456022,56.9391861586
0.00639,0.00639,1.8417192768,1.0129456022,79.5120407981
0.00639,0.00639,1.8417192768,1.0129456022,111.0336318168
0.00639,0.00639,1.8417192768,1.0129456022,155.0515779833
0.00639,0.00639,1.8417192768,1.0129456022,216.5199088036
0.00639,0.00639,1.8417192768,1.0129456022,302.3566191205
0.00639,0.00639,1.8417192768,1.0129456022,422.2222595195
0.00639,0.00639,1.8417192768,1.0129456022,589.6071895242
0.00639,0.00639,1.8417192768,1.0129456022,823.3498592289
0.00639,0.00639,1.8417192768,1.0129456022,1149.7569953977
0.00639,0.00639,1.8417192768,1.0129456022,1605.5643098112
0.00639,0.00639,1.8417192768,1.0129456022,2242.0709447806
0.00639,0.00639,1.8417192768,1.0129456022,3130.912969796
0.00639,0.00639,1.8417192768,1.0129456022,4372.1257113904
0.00639,0.00639,1.8417192768,1.0129456022,6105.4022965853
0.00639,0.00639,1.8417192768,1.1050315661,0.1
0.00639,0.00639,1.8417192768,1.1050315661,0.1396437957
0.00639,0.00639,1.8417192768,1.1050315661,0.1950038968
0.00639,0.00639,1.8417192768,1.1050315661,0.2723108433
0.00639,0.00639,1.8417192768,1.1050315661,0.3802651977
0.00639,0.00639,1.8417192768,1.1050315661,0.5310167558
0.00639,0.00639,1.8417192768,1.1050315661,0.7415319537
0.00639,0.00639,1.8417192768,1.1050315661,1.0355033665
0.00639,0.00639,1.8417192768,1.1050315661,1.4460162057
0.00639,0.00639,1.8417192768,1.1050315661,2.0192719162
0.00639,0.00639,1.8417192768,1.1050315661,2.8197879494
0.00639,0.00639,1.8417192768,1.1050315661,3.9376589236
0.00639,0.00639,1.8417192768,1.1050315661,5.498696383
0.00639,0.00639,1.8417192768,1.1050315661,7.6785883437
0.00639,0.00639,1.8417192768,1.1050315661,10.7226722201
0.00639,0.00639,1.8417192768,1.1050315661,14.9735464897
0.00639,0.00639,1.8417192768,1.1050315661,20.9096286705
0.00639,0.00639,1.8417192768,1.1050315661,29.1989991443
0.00639,0.00639,1.8417192768,1.1050315661,40.7745907144
0.00639,0.00639,1.8417192768,1.1050315661,56.9391861586
0.00639,0.00639,1.8417192768,1.1050315661,79.5120407981
0.00639,0.00639,1.8417192768,1.1050315661,111.0336318168
0.00639,0.00639,1.8417192768,1.1050315661,155.0515779833
0.00639,0.00639,1.8417192768,1.1050315661,216.5199088036
0.00639,0.00639,1.8417192768,1.1050315661,302.3566191205
0.00639,0.00639,1.8417192768,1.1050315661,422.2222595195
0.00639,0.00639,1.8417192768,1.1050315661,589.6071895242
0.00639,0.00639,1.8417192768,1.1050315661,823.3498592289
0.00639,0.00639,1.8417192768,1.1050315661,1149.7569953977
0.00639,0.00639,1.8417192768,1.1050315661,1605.5643098112
0.00639,0.00639,1.8417192768,1.1050315661,2242.0709447806
0.00639,0.00639,1.8417192768,1.1050315661,3130.912969796
0.00639,0.00639,1.8417192768,1.1050315661,4372.1257113904
0.00639,0.00639,1.8417192768,1.1050315661,6105.4022965853
0.00639,0.00639,1.8417192768,1.1971175299,0.1
0.00639,0.00639,1.8417192768,1.1971175299,0.1396437957
0.00639,0.00639,1.8417192768,1.1971175299,0.1950038968
0.00639,0.00639,1.8417192768,1.1971175299,0.2723108433
0.00639,0.00639,1.8417192768,1.1971175299,0.3802651977
0.00639,0.00639,1.8417192768,1.1971175299,0.5310167558
0.00639,0.00639,1.8417192768,1.1971175299,0.7415319537
0.00639,0.00639,1.8417192768,1.1971175299,1.0355033665
0.00639,0.00639,1.8417192768,1.1971175299,1.4460162057
0.00639,0.00639,1.8417192768,1.1971175299,2.0192719162
0.00639,0.00639,1.8417192768,1.1971175299,2.8197879494
0.00639,0.00639,1.8417192768,1.1971175299,3.9376589236
0.00639,0.00639,1.8417192768,1.1971175299,5.498696383
0.00639,0.00639,1.8417192768,1.1971175299,7.6785883437
0.00639,0.00639,1.8417192768,1.1971175299,10.7226722201
0.00639,0.00639,1.8417192768,1.1971175299,14.9735464897
0.00639,0.00639,1.8417192768,1.1971175299,20.9096286705
0.00639,0.00639,1.8417192768,1.1971175299,29.1989991443
0.00639,0.00639,1.8417192768,1.1971175299,40.7745907144
0.00639,0.00639,1.8417192768,1.1971175299,56.9391861586
0.00639,0.00639,1.8417192768,1.1971175299,79.5120407981
0.00639,0.00639,1.8417192768,1.1971175299,111.0336318168
0.00639,0.00639,1.8417192768,1.1971175299,155.0515779833
0.00639,0.00639,1.8417192768,1.1971175299,216.5199088036
0.00639,0.00639,1.8417192768,1.1971175299,302.3566191205
0.00639,0.00639,1.8417192768,1.1971175299,422.2222595195
0.00639,0.00639,1.8417192768,1.1971175299,589.6071895242
0.00639,0.00639,1.8417192768,1.1971175299,823.3498592289
0.00639,0.00639,1.8417192768,1.1971175299,1149.7569953977
0.00639,0.00639,1.8417192768,1.1971175299,1605.5643098112
0.00639,0.00639,1.8417192768,1.1971175299,2242.0709447806
0.00639,0.00639,1.8417192768,1.1971175299,3130.912969796
0.00639,0.00639,1.8417192768,1.1971175299,4372.1257113904
0.00639,0.00639,1.8417192768,1.1971175299,6105.4022965853
0.00639,0.00639,1.8417192768,1.2892034937,0.1
0.00639,0.00639,1.8417192768,1.2892034937,0.1396437957
0.00639,0.00639,1.8417192768,1.2892034937,0.1950038968
0.00639,0.00639,1.8417192768,1.2892034937,0.2723108433
0.00639,0.00639,1.8417192768,1.2892034937,0.3802651977
0.00639,0.00639,1.8417192768,1.2892034937,0.5310167558
0.00639,0.00639,1.8417192768,1.2892034937,0.7415319537
0.00639,0.00639,1.8417192768,1.2892034937,1.0355033665
0.00639,0.00639,1.8417192768,1.2892034937,1.4460162057
0.00639,0.00639,1.8417192768,1.2892034937,2.0192719162
0.00639,0.00639,1.8417192768,1.2892034937,2.8197879494
0.00639,0.00639,1.8417192768,1.2892034937,3.9376589236
0.00639,0.00639,1.8417192768,1.2892034937,5.498696383
0.00639,0.00639,1.8417192768,1.2892034937,7.6785883437
0.00639,0.00639,1.8417192768,1.2892034937,10.7226722201
0.00639,0.00639,1.8417192768,1.2892034937,14.9735464897
0.00639,0.00639,1.8417192768,1.2892034937,20.9096286705
0.00639,0.00639,1.8417192768,1.2892034937,29.1989991443
0.00639,0.00639,1.8417192768,1.2892034937,40.7745907144
0.00639,0.00639,1.8417192768,1.2892034937,56.9391861586
0.00639,0.00639,1.8417192768,1.2892034937,79.5120407981
0.00639,0.00639,1.8417192768,1.2892034937,111.0336318168
0.00639,0.00639,1.8417192768,1.2892034937,155.0515779833
0.00639,0.00639,1.8417192768,1.2892034937,216.5199088036
0.00639,0.00639,1.8417192768,1.2892034937,302.3566191205
0.00639,0.00639,1.8417192768,1.2892034937,422.2222595195
0.00639,0.00639,1.8417192768,1.2892034937,589.6071895242
0.00639,0.00639,1.8417192768,1.2892034937,823.3498592289
0.00639,0.00639,1.8417192768,1.2892034937,1149.7569953977
0.00639,0.00639,1.8417192768,1.2892034937,1605.5643098112
0.00639,0.00639,1.8417192768,1.2892034937,2242.0709447806
0.00639,0.00639,1.8417192768,1.2892034937,3130.912969796
0.00639,0.00639,1.8417192768,1.2892034937,4372.1257113904
0.00639,0.00639,1.8417192768,1.2892034937,6105.4022965853
0.00639,0.00639,1.8417192768,1.3812894576,0.1
0.00639,0.00639,1.8417192768,1.3812894576,0.1396437957
0.00639,0.00639,1.8417192768,1.3812894576,0.1950038968
0.00639,0.00639,1.8417192768,1.3812894576,0.2723108433
0.00639,0.00639,1.8417192768,1.3812894576,0.3802651977
0.00639,0.00639,1.8417192768,1.3812894576,0.5310167558
0.00639,0.00639,1.8417192768,1.3812894576,0.7415319537
0.00639,0.00639,1.8417192768,1.3812894576,1.0355033665
0.00639,0.00639,1.8417192768,1.3812894576,1.4460162057
0.00639,0.00639,1.8417192768,1.3812894576,2.0192719162
0.00639,0.00639,1.8417192768,1.3812894576,2.8197879494
0.00639,0.00639,1.8417192768,1.3812894576,3.9376589236
0.00639,0.00639,1.8417192768,1.3812894576,5.498696383
0.00639,0.00639,1.8417192768,1.3812894576,7.6785883437
0.00639,0.00639,1.8417192768,1.3812894576,10.7226722201
0.00639,0.00639,1.8417192768,1.3812894576,14.9735464897
0.00639,0.00639,1.8417192768,1.3812894576,20.9096286705
0.00639,0.00639,1.8417192768,1.3812894576,29.1989991443
0.00639,0.00639,1.8417192768,1.3812894576,40.7745907144
0.00639,0.00639,1.8417192768,1.3812894576,56.9391861586
0.00639,0.00639,1.8417192768,1.3812894576,79.5120407981
0.00639,0.00639,1.8417192768,1.3812894576,111.0336318168
0.00639,0.00639,1.8417192768,1.3812894576,155.0515779833
0.00639,0.00639,1.8417192768,1.3812894576,216.5199088036
0.00639,0.00639,1.8417192768,1.3812894576,302.3566191205
0.00639,0.00639,1.8417192768,1.3812894576,422.2222595195
0.00639,0.00639,1.8417192768,1.3812894576,589.6071895242
0.00639,0.00639,1.8417192768,1.3812894576,823.3498592289
0.00639,0.00639,1.8417192768,1.3812894576,1149.7569953977
0.00639,0.00639,1.8417192768,1.3812894576,1605.5643098112
0.00639,0.00639,1.8417192768,1.3812894576,2242.0709447806
0.00639,0.00639,1.8417192768,1.3812894576,3130.912969796
0.00639,0.00639,1.8417192768,1.3812894576,4372.1257113904
0.00639,0.00639,1.8417192768,1.3812894576,6105.4022965853
0.00639,0.00639,1.8417192768,1.4733754214,0.1
0.00639,0.00639,1.8417192768,1.4733754214,0.1396437957
0.00639,0.00639,1.8417192768,1.4733754214,0.1950038968
0.00639,0.00639,1.8417192768,1.4733754214,0.2723108433
0.00639,0.00639,1.8417192768,1.4733754214,0.3802651977
0.00639,0.00639,1.8417192768,1.4733754214,0.5310167558
0.00639,0.00639,1.8417192768,1.4733754214,0.7415319537
0.00639,0.00639,1.8417192768,1.4733754214,1.0355033665
0.00639,0.00639,1.8417192768,1.4733754214,1.4460162057
0.00639,0.00639,1.8417192768,1.4733754214,2.0192719162
0.00639,0.00639,1.8417192768,1.4733754214,2.8197879494
0.00639,0.00639,1.8417192768,1.4733754214,3.9376589236
0.00639,0.00639,1.8417192768,1.4733754214,5.498696383
0.00639,0.00639,1.8417192768,1.4733754214,7.6785883437
0.00639,0.00639,1.8417192768,1.4733754214,10.7226722201
0.00639,0.00639,1.8417192768,1.4733754214,14.9735464897
0.00639,0.00639,1.8417192768,1.4733754214,20.9096286705
0.00639,0.00639,1.8417192768,1.4733754214,29.1989991443
0.00639,0.00639,1.8417192768,1.4733754214,40.7745907144
0.00639,0.00639,1.8417192768,1.4733754214,56.9391861586
0.00639,0.00639,1.8417192768,1.4733754214,79.5120407981
0.00639,0.00639,1.8417192768,1.4733754214,111.0336318168
0.00639,0.00639,1.8417192768,1.4733754214,155.0515779833
0.00639,0.00639,1.8417192768,1.4733754214,216.5199088036
0.00639,0.00639,1.8417192768,1.4733754214,302.3566191205
0.00639,0.00639,1.8417192768,1.4733754214,422.2222595195
0.00639,0.00639,1.8417192768,1.4733754214,589.6071895242
0.00639,0.00639,1.8417192768,1.4733754214,823.3498592289
0.00639,0.00639,1.8417192768,1.4733754214,1149.7569953977
0.00639,0.00639,1.8417192768,1.4733754214,1605.5643098112
0.00639,0.00639,1.8417192768,1.4733754214,2242.0709447806
0.00639,0.00639,1.8417192768,1.4733754214,3130.912969796
0.00639,0.00639,1.8417192768,1.4733754214,4372.1257113904
0.00639,0.00639,1.8417192768,1.4733754214,6105.4022965853
0.00639,0.00639,1.8417192768,1.5654613852,0.1
0.00639,0.00639,1.8417192768,1.5654613852,0.1396437957
0.00639,0.00639,1.8417192768,1.5654613852,0.1950038968
0.00639,0.00639,1.8417192768,1.5654613852,0.2723108433
0.00639,0.00639,1.8417192768,1.5654613852,0.3802651977
0.00639,0.00639,1.8417192768,1.5654613852,0.5310167558
0.00639,0.00639,1.8417192768,1.5654613852,0.7415319537
0.00639,0.00639,1.8417192768,1.5654613852,1.0355033665
0.00639,0.00639,1.8417192768,1.5654613852,1.4460162057
0.00639,0.00639,1.8417192768,1.5654613852,2.0192719162
0.00639,0.00639,1.8417192768,1.5654613852,2.8197879494
0.00639,0.00639,1.8417192768,1.5654613852,3.9376589236
0.00639,0.00639,1.8417192768,1.5654613852,5.498696383
0.00639,0.00639,1.8417192768,1.5654613852,7.6785883437
0.00639,0.00639,1.8417192768,1.5654613852,10.7226722201
0.00639,0.00639,1.8417192768,1.5654613852,14.9735464897
0.00639,0.00639,1.8417192768,1.5654613852,20.9096286705
0.00639,0.00639,1.8417192768,1.5654613852,29.1989991443
0.00639,0.00639,1.8417192768,1.5654613852,40.7745907144
0.00639,0.00639,1.8417192768,1.5654613852,56.9391861586
0.00639,0.00639,1.8417192768,1.5654613852,79.5120407981
0.00639,0.00639,1.8417192768,1.5654613852,111.0336318168
0.00639,0.00639,1.8417192768,1.5654613852,155.0515779833
0.00639,0.00639,1.8417192768,1.5654613852,216.5199088036
0.00639,0.00639,1.8417192768,1.5654613852,302.3566191205
0.00639,0.00639,1.8417192768,1.5654613852,422.2222595195
0.00639,0.00639,1.8417192768,1.5654613852,589.6071895242
0.00639,0.00639,1.8417192768,1.5654613852,823.3498592289
0.00639,0.00639,1.8417192768,1.5654613852,1149.7569953977
0.00639,0.00639,1.8417192768,1.5654613852,1605.5643098112
0.00639,0.00639,1.8417192768,1.5654613852,2242.0709447806
0.00639,0.00639,1.8417192768,1.5654613852,3130.912969796
0.00639,0.00639,1.8417192768,1.5654613852,4372.1257113904
0.00639,0.00639,1.8417192768,1.5654613852,6105.4022965853
0.00639,0.00639,1.8417192768,1.6575473491,0.1
0.00639,0.00639,1.8417192768,1.6575473491,0.1396437957
0.00639,0.00639,1.8417192768,1.6575473491,0.1950038968
0.00639,0.00639,1.8417192768,1.6575473491,0.2723108433
0.00639,0.00639,1.8417192768,1.6575473491,0.3802651977
0.00639,0.00639,1.8417192768,1.6575473491,0.5310167558
0.00639,0.00639,1.8417192768,1.6575473491,0.7415319537
0.00639,0.00639,1.8417192768,1.6575473491,1.0355033665
0.00639,0.00639,1.8417192768,1.6575473491,1.4460162057
0.00639,0.00639,1.8417192768,1.6575473491,2.0192719162
0.00639,0.00639,1.8417192768,1.6575473491,2.8197879494
0.00639,0.00639,1.8417192768,1.6575473491,3.9376589236
0.00639,0.00639,1.8417192768,1.6575473491,5.498696383
0.00639,0.00639,1.8417192768,1.6575473491,7.6785883437
0.00639,0.00639,1.8417192768,1.6575473491,10.7226722201
0.00639,0.00639,1.8417192768,1.6575473491,14.9735464897
0.00639,0.00639,1.8417192768,1.6575473491,20.9096286705
0.00639,0.00639,1.8417192768,1.6575473491,29.1989991443
0.00639,0.00639,1.8417192768,1.6575473491,40.7745907144
0.00639,0.00639,1.8417192768,1.6575473491,56.9391861586
0.00639,0.00639,1.8417192768,1.6575473491,79.5120407981
0.00639,0.00639,1.8417192768,1.6575473491,111.0336318168
0.00639,0.00639,1.8417192768,1.6575473491,155.0515779833
0.00639,0.00639,1.8417192768,1.6575473491,216.5199088036
0.00639,0.00639,1.8417192768,1.6575473491,302.3566191205
0.00639,0.00639,1.8417192768,1.6575473491,422.2222595195
0.00639,0.00639,1.8417192768,1.6575473491,589.6071895242
0.00639,0.00639,1.8417192768,1.6575473491,823.3498592289
0.00639,0.00639,1.8417192768,1.6575473491,1149.7569953977
0.00639,0.00639,1.8417192768,1.6575473491,1605.5643098112
0.00639,0.00639,1.8417192768,1.6575473491,2242.0709447806
0.00639,0.00639,1.8417192768,1.6575473491,3130.912969796
0.00639,0.00639,1.8417192768,1.6575473491,4372.1257113904
0.00639,0.00639,1.8417192768,1.6575473491,6105.4022965853
0.00639,0.00639,1.8417192768,1.7496333129,0.1
0.00639,0.00639,1.8417192768,1.7496333129,0.1396437957
0.00639,0.00639,1.8417192768,1.7496333129,0.1950038968
0.00639,0.00639,1.8417192768,1.7496333129,0.2723108433
0.00639,0.00639,1.8417192768,1.7496333129,0.3802651977
0.00639,0.00639,1.8417192768,1.7496333129,0.5310167558
0.00639,0.00639,1.8417192768,1.7496333129,0.7415319537
0.00639,0.00639,1.8417192768,1.7496333129,1.0355033665
0.00639,0.00639,1.8417192768,1.7496333129,1.4460162057
0.00639,0.00639,1.8417192768,1.7496333129,2.0192719162
0.00639,0.00639,1.8417192768,1.7496333129,2.8197879494
0.00639,0.00639,1.8417192768,1.7496333129,3.9376589236
0.00639,0.00639,1.8417192768,1.7496333129,5.498696383
0.00639,0.00639,1.8417192768,1.7496333129,7.6785883437
0.00639,0.00639,1.8417192768,1.7496333129,10.7226722201
0.00639,0.00639,1.8417192768,1.7496333129,14.9735464897
0.00639,0.00639,1.8417192768,1.7496333129,20.9096286705
0.00639,0.00639,1.8417192768,1.7496333129,29.1989991443
0.00639,0.00639,1.8417192768,1.7496333129,40.7745907144
0.00639,0.00639,1.8417192768,1.7496333129,56.9391861586
0.00639,0.00639,1.8417192768,1.7496333129,79.5120407981
0.00639,0.00639,1.8417192768,1.7496333129,111.0336318168
0.00639,0.00639,1.8417192768,1.7496333129,155.0515779833
0.00639,0.00639,1.8417192768,1.7496333129,216.5199088036
0.00639,0.00639,1.8417192768,1.7496333129,302.3566191205
0.00639,0.00639,1.8417192768,1.7496333129,422.2222595195
0.00639,0.00639,1.8417192768,1.7496333129,589.6071895242
0.00639,0.00639,1.8417192768,1.7496333129,823.3498592289
0.00639,0.00639,1.8417192768,1.7496333129,1149.7569953977
0.00639,0.00639,1.8417192768,1.7496333129,1605.5643098112
0.00639,0.00639,1.8417192768,1.7496333129,2242.0709447806
0.00639,0.00639,1.8417192768,1.7496333129,3130.912969796
0.00639,0.00639,1.8417192768,1.7496333129,4372.1257113904
0.00639,0.00639,1.8417192768,1.7496333129,6105.4022965853
0.00639,0.00639,1.8417192768,1.823302084,0.1
0.00639,0.00639,1.8417192768,1.823302084,0.1396437957
0.00639,0.00639,1.8417192768,1.823302084,0.1950038968
0.00639,0.00639,1.8417192768,1.823302084,0.2723108433
0.00639,0.00639,1.8417192768,1.823302084,0.3802651977
0.00639,0.00639,1.8417192768,1.823302084,0.5310167558
0.00639,0.00639,1.8417192768,1.823302084,0.7415319537
0.00639,0.00639,1.8417192768,1.823302084,1.0355033665
0.00639,0.00639,1.8417192768,1.823302084,1.4460162057
0.00639,0.00639,1.8417192768,1.823302084,2.0192719162
0.00639,0.00639,1.8417192768,1.823302084,2.8197879494
0.00639,0.00639,1.8417192768,1.823302084,3.9376589236
0.00639,0.00639,1.8417192768,1.823302084,5.498696383
0.00639,0.00639,1.8417192768,1.823302084,7.6785883437
0.00639,0.00639,1.8417192768,1.823302084,10.7226722201
0.00639,0.00639,1.8417192768,1.823302084,14.9735464897
0.00639,0.00639,1.8417192768,1.823302084,20.9096286705
0.00639,0.00639,1.8417192768,1.823302084,29.1989991443
0.00639,0.00639,1.8417192768,1.823302084,40.7745907144
0.00639,0.00639,1.8417192768,1.823302084,56.9391861586
0.00639,0.00639,1.8417192768,1.823302084,79.5120407981
0.00639,0.00639,1.8417192768,1.823302084,111.0336318168
0.00639,0.00639,1.8417192768,1.823302084,155.0515779833
0.00639,0.00639,1.8417192768,1.823302084,216.5199088036
0.00639,0.00639,1.8417192768,1.823302084,302.3566191205
0.00639,0.00639,1.8417192768,1.823302084,422.2222595195
0.00639,0.00639,1.8417192768,1.823302084,589.6071895242
0.00639,0.00639,1.8417192768,1.823302084,823.3498592289
0.00639,0.00639,1.8417192768,1.823302084,1149.7569953977
0.00639,0.00639,1.8417192768,1.823302084,1605.5643098112
0.00639,0.00639,1.8417192768,1.823302084,2242.0709447806
0.00639,0.00639,1.8417192768,1.823302084,3130.912969796
0.00639,0.00639,1.8417192768,1.823302084,4372.1257113904
0.00639,0.00639,1.8417192768,1.823302084,6105.4022965853
0.00639,0.00639,2.0515568731,0.1025778437,0.1
0.00639,0.00639,2.0515568731,0.1025778437,0.1396437957
0.00639,0.00639,2.0515568731,0.1025778437,0.1950038968
0.00639,0.00639,2.0515568731,0.1025778437,0.2723108433
0.00639,0.00639,2.0515568731,0.1025778437,0.3802651977
0.00639,0.00639,2.0515568731,0.1025778437,0.5310167558
0.00639,0.00639,2.0515568731,0.1025778437,0.7415319537
0.00639,0.00639,2.0515568731,0.1025778437,1.0355033665
0.00639,0.00639,2.0515568731,0.1025778437,1.4460162057
0.00639,0.00639,2.0515568731,0.1025778437,2.0192719162
0.00639,0.00639,2.0515568731,0.1025778437,2.8197879494
0.00639,0.00639,2.0515568731,0.1025778437,3.9376589236
0.00639,0.00639,2.0515568731,0.1025778437,5.498696383
0.00639,0.00639,2.0515568731,0.1025778437,7.6785883437
0.00639,0.00639,2.0515568731,0.1025778437,10.7226722201
0.00639,0.00639,2.0515568731,0.1025778437,14.9735464897
0.00639,0.00639,2.0515568731,0.1025778437,20.9096286705
0.00639,0.00639,2.0515568731,0.1025778437,29.1989991443
0.00639,0.00639,2.0515568731,0.1025778437,40.7745907144
0.00639,0.00639,2.0515568731,0.1025778437,56.9391861586
0.00639,0.00639,2.0515568731,0.1025778437,79.5120407981
0.00639,0.00639,2.0515568731,0.1025778437,111.0336318168
0.00639,0.00639,2.0515568731,0.1025778437,155.0515779833
0.00639,0.00639,2.0515568731,0.1025778437,216.5199088036
0.00639,0.00639,2.0515568731,0.1025778437,302.3566191205
0.00639,0.00639,2.0515568731,0.1025778437,422.2222595195
0.00639,0.00639,2.0515568731,0.1025778437,589.6071895242
0.00639,0.00639,2.0515568731,0.1025778437,823.3498592289
0.00639,0.00639,2.0515568731,0.1025778437,1149.7569953977
0.00639,0.00639,2.0515568731,0.1025778437,1605.5643098112
0.00639,0.00639,2.0515568731,0.1025778437,2242.0709447806
0.00639,0.00639,2.0515568731,0.1025778437,3130.912969796
0.00639,0.00639,2.0515568731,0.1025778437,4372.1257113904
0.00639,0.00639,2.0515568731,0.1025778437,6105.4022965853
0.00639,0.00639,2.0515568731,0.2051556873,0.1
0.00639,0.00639,2.0515568731,0.2051556873,0.1396437957
0.00639,0.00639,2.0515568731,0.2051556873,0.1950038968
0.00639,0.00639,2.0515568731,0.2051556873,0.2723108433
0.00639,0.00639,2.0515568731,0.2051556873,0.3802651977
0.00639,0.00639,2.0515568731,0.2051556873,0.5310167558
0.00639,0.00639,2.0515568731,0.2051556873,0.7415319537
0.00639,0.00639,2.0515568731,0.2051556873,1.0355033665
0.00639,0.00639,2.0515568731,0.2051556873,1.4460162057
0.00639,0.00639,2.0515568731,0.2051556873,2.0192719162
0.00639,0.00639,2.0515568731,0.2051556873,2.8197879494
0.00639,0.00639,2.0515568731,0.2051556873,3.9376589236
0.00639,0.00639,2.0515568731,0.2051556873,5.498696383
0.00639,0.00639,2.0515568731,0.2051556873,7.6785883437
0.00639,0.00639,2.0515568731,0.2051556873,10.7226722201
0.00639,0.00639,2.0515568731,0.2051556873,14.9735464897
0.00639,0.00639,2.0515568731,0.2051556873,20.9096286705
0.00639,0.00639,2.0515568731,0.2051556873,29.1989991443
0.00639,0.00639,2.0515568731,0.2051556873,40.7745907144
0.00639,0.00639,2.0515568731,0.2051556873,56.9391861586
0.00639,0.00639,2.0515568731,0.2051556873,79.5120407981
0.00639,0.00639,2.0515568731,0.2051556873,111.0336318168
0.00639,0.00639,2.0515568731,0.2051556873,155.0515779833
0.00639,0.00639,2.0515568731,0.2051556873,216.5199088036
0.00639,0.00639,2.0515568731,0.2051556873,302.3566191205
0.00639,0.00639,2.0515568731,0.2051556873,422.2222595195
0.00639,0.00639,2.0515568731,0.2051556873,589.6071895242
0.00639,0.00639,2.0515568731,0.2051556873,823.3498592289
0.00639,0.00639,2.0515568731,0.2051556873,1149.7569953977
0.00639,0.00639,2.0515568731,0.2051556873,1605.5643098112
0.00639,0.00639,2.0515568731,0.2051556873,2242.0709447806
0.00639,0.00639,2.0515568731,0.2051556873,3130.912969796
0.00639,0.00639,2.0515568731,0.2051556873,4372.1257113904
0.00639,0.00639,2.0515568731,0.2051556873,6105.4022965853
0.00639,0.00639,2.0515568731,0.307733531,0.1
0.00639,0.00639,2.0515568731,0.307733531,0.1396437957
0.00639,0.00639,2.0515568731,0.307733531,0.1950038968
0.00639,0.00639,2.0515568731,0.307733531,0.2723108433
0.00639,0.00639,2.0515568731,0.307733531,0.3802651977
0.00639,0.00639,2.0515568731,0.307733531,0.5310167558
0.00639,0.00639,2.0515568731,0.307733531,0.7415319537
0.00639,0.00639,2.0515568731,0.307733531,1.0355033665
0.00639,0.00639,2.0515568731,0.307733531,1.4460162057
0.00639,0.00639,2.0515568731,0.307733531,2.0192719162
0.00639,0.00639,2.0515568731,0.307733531,2.8197879494
0.00639,0.00639,2.0515568731,0.307733531,3.9376589236
0.00639,0.00639,2.0515568731,0.307733531,5.498696383
0.00639,0.00639,2.0515568731,0.307733531,7.6785883437
0.00639,0.00639,2.0515568731,0.307733531,10.7226722201
0.00639,0.00639,2.0515568731,0.307733531,14.9735464897
0.00639,0.00639,2.0515568731,0.307733531,20.9096286705
0.00639,0.00639,2.0515568731,0.307733531,29.1989991443
0.00639,0.00639,2.0515568731,0.307733531,40.7745907144
0.00639,0.00639,2.0515568731,0.307733531,56.9391861586
0.00639,0.00639,2.0515568731,0.307733531,79.5120407981
0.00639,0.00639,2.0515568731,0.307733531,111.0336318168
0.00639,0.00639,2.0515568731,0.307733531,155.0515779833
0.00639,0.00639,2.0515568731,0.307733531,216.5199088036
0.00639,0.00639,2.0515568731,0.307733531,302.3566191205
0.00639,0.00639,2.0515568731,0.307733531,422.2222595195
0.00639,0.00639,2.0515568731,0.307733531,589.6071895242
0.00639,0.00639,2.0515568731,0.307733531,823.3498592289
0.00639,0.00639,2.0515568731,0.307733531,1149.7569953977
0.00639,0.00639,2.0515568731,0.307733531,1605.5643098112
0.00639,0.00639,2.0515568731,0.307733531,2242.0709447806
0.00639,0.00639,2.0515568731,0.307733531,3130.912969796
0.00639,0.00639,2.0515568731,0.307733531,4372.1257113904
0.00639,0.00639,2.0515568731,0.307733531,6105.4022965853
0.00639,0.00639,2.0515568731,0.4103113746,0.1
0.00639,0.00639,2.0515568731,0.4103113746,0.1396437957
0.00639,0.00639,2.0515568731,0.4103113746,0.1950038968
0.00639,0.00639,2.0515568731,0.4103113746,0.2723108433
0.00639,0.00639,2.0515568731,0.4103113746,0.3802651977
0.00639,0.00639,2.0515568731,0.4103113746,0.5310167558
0.00639,0.00639,2.0515568731,0.4103113746,0.7415319537
0.00639,0.00639,2.0515568731,0.4103113746,1.0355033665
0.00639,0.00639,2.0515568731,0.4103113746,1.4460162057
0.00639,0.00639,2.0515568731,0.4103113746,2.0192719162
0.00639,0.00639,2.0515568731,0.4103113746,2.8197879494
0.00639,0.00639,2.0515568731,0.4103113746,3.9376589236
0.00639,0.00639,2.0515568731,0.4103113746,5.498696383
0.00639,0.00639,2.0515568731,0.4103113746,7.6785883437
0.00639,0.00639,2.0515568731,0.4103113746,10.7226722201
0.00639,0.00639,2.0515568731,0.4103113746,14.9735464897
0.00639,0.00639,2.0515568731,0.4103113746,20.9096286705
0.00639,0.00639,2.0515568731,0.4103113746,29.1989991443
0.00639,0.00639,2.0515568731,0.4103113746,40.7745907144
0.00639,0.00639,2.0515568731,0.4103113746,56.9391861586
0.00639,0.00639,2.0515568731,0.4103113746,79.5120407981
0.00639,0.00639,2.0515568731,0.4103113746,111.0336318168
0.00639,0.00639,2.0515568731,0.4103113746,155.0515779833
0.00639,0.00639,2.0515568731,0.4103113746,216.5199088036
0.00639,0.00639,2.0515568731,0.4103113746,302.3566191205
0.00639,0.00639,2.0515568731,0.4103113746,422.2222595195
0.00639,0.00639,2.0515568731,0.4103113746,589.6071895242
0.00639,0.00639,2.0515568731,0.4103113746,823.3498592289
0.00639,0.00639,2.0515568731,0.4103113746,1149.7569953977
0.00639,0.00639,2.0515568731,0.4103113746,1605.5643098112
0.00639,0.00639,2.0515568731,0.4103113746,2242.0709447806
0.00639,0.00639,2.0515568731,0.4103113746,3130.912969796
0.00639,0.00639,2.0515568731,0.4103113746,4372.1257113904
0.00639,0.00639,2.0515568731,0.4103113746,6105.4022965853
0.00639,0.00639,2.0515568731,0.5128892183,0.1
0.00639,0.00639,2.0515568731,0.5128892183,0.1396437957
0.00639,0.00639,2.0515568731,0.5128892183,0.1950038968
0.00639,0.00639,2.0515568731,0.5128892183,0.2723108433
0.00639,0.00639,2.0515568731,0.5128892183,0.3802651977
0.00639,0.00639,2.0515568731,0.5128892183,0.5310167558
0.00639,0.00639,2.0515568731,0.5128892183,0.7415319537
0.00639,0.00639,2.0515568731,0.5128892183,1.0355033665
0.00639,0.00639,2.0515568731,0.5128892183,1.4460162057
0.00639,0.00639,2.0515568731,0.5128892183,2.0192719162
0.00639,0.00639,2.0515568731,0.5128892183,2.8197879494
0.00639,0.00639,2.0515568731,0.5128892183,3.9376589236
0.00639,0.00639,2.0515568731,0.5128892183,5.498696383
0.00639,0.00639,2.0515568731,0.5128892183,7.6785883437
0.00639,0.00639,2.0515568731,0.5128892183,10.7226722201
0.00639,0.00639,2.0515568731,0.5128892183,14.9735464897
0.00639,0.00639,2.0515568731,0.5128892183,20.9096286705
0.00639,0.00639,2.0515568731,0.5128892183,29.1989991443
0.00639,0.00639,2.0515568731,0.5128892183,40.7745907144
0.00639,0.00639,2.0515568731,0.5128892183,56.9391861586
0.00639,0.00639,2.0515568731,0.5128892183,79.5120407981
0.00639,0.00639,2.0515568731,0.5128892183,111.0336318168
0.00639,0.00639,2.0515568731,0.5128892183,155.0515779833
0.00639,0.00639,2.0515568731,0.5128892183,216.5199088036
0.00639,0.00639,2.0515568731,0.5128892183,302.3566191205
0.00639,0.00639,2.0515568731,0.5128892183,422.2222595195
0.00639,0.00639,2.0515568731,0.5128892183,589.6071895242
0.00639,0.00639,2.0515568731,0.5128892183,823.3498592289
0.00639,0.00639,2.0515568731,0.5128892183,1149.7569953977
0.00639,0.00639,2.0515568731,0.5128892183,1605.5643098112
0.00639,0.00639,2.0515568731,0.5128892183,2242.0709447806
0.00639,0.00639,2.0515568731,0.5128892183,3130.912969796
0.00639,0.00639,2.0515568731,0.5128892183,4372.1257113904
0.00639,0.00639,2.0515568731,0.5128892183,6105.4022965853
0.00639,0.00639,2.0515568731,0.6154670619,0.1
0.00639,0.00639,2.0515568731,0.6154670619,0.1396437957
0.00639,0.00639,2.0515568731,0.6154670619,0.1950038968
0.00639,0.00639,2.0515568731,0.6154670619,0.2723108433
0.00639,0.00639,2.0515568731,0.6154670619,0.3802651977
0.00639,0.00639,2.0515568731,0.6154670619,0.5310167558
0.00639,0.00639,2.0515568731,0.6154670619,0.7415319537
0.00639,0.00639,2.0515568731,0.6154670619,1.0355033665
0.00639,0.00639,2.0515568731,0.6154670619,1.4460162057
0.00639,0.00639,2.0515568731,0.6154670619,2.0192719162
0.00639,0.00639,2.0515568731,0.6154670619,2.8197879494
0.00639,0.00639,2.0515568731,0.6154670619,3.9376589236
0.00639,0.00639,2.0515568731,0.6154670619,5.498696383
0.00639,0.00639,2.0515568731,0.6154670619,7.6785883437
0.00639,0.00639,2.0515568731,0.6154670619,10.7226722201
0.00639,0.00639,2.0515568731,0.6154670619,14.9735464897
0.00639,0.00639,2.0515568731,0.6154670619,20.9096286705
0.00639,0.00639,2.0515568731,0.6154670619,29.1989991443
0.00639,0.00639,2.0515568731,0.6154670619,40.7745907144
0.00639,0.00639,2.0515568731,0.6154670619,56.9391861586
0.00639,0.00639,2.0515568731,0.6154670619,79.5120407981
0.00639,0.00639,2.0515568731,0.6154670619,111.0336318168
0.00639,0.00639,2.0515568731,0.6154670619,155.0515779833
0.00639,0.00639,2.0515568731,0.6154670619,216.5199088036
0.00639,0.00639,2.0515568731,0.6154670619,302.3566191205
0.00639,0.00639,2.0515568731,0.6154670619,422.2222595195
0.00639,0.00639,2.0515568731,0.6154670619,589.6071895242
0.00639,0.00639,2.0515568731,0.6154670619,823.3498592289
0.00639,0.00639,2.0515568731,0.6154670619,1149.7569953977
0.00639,0.00639,2.0515568731,0.6154670619,1605.5643098112
0.00639,0.00639,2.0515568731,0.6154670619,2242.0709447806
0.00639,0.00639,2.0515568731,0.6154670619,3130.912969796
0.00639,0.00639,2.0515568731,0.6154670619,4372.1257113904
0.00639,0.00639,2.0515568731,0.6154670619,6105.4022965853
0.00639,0.00639,2.0515568731,0.7180449056,0.1
0.00639,0.00639,2.0515568731,0.7180449056,0.1396437957
0.00639,0.00639,2.0515568731,0.7180449056,0.1950038968
0.00639,0.00639,2.0515568731,0.7180449056,0.2723108433
0.00639,0.00639,2.0515568731,0.7180449056,0.3802651977
0.00639,0.00639,2.0515568731,0.7180449056,0.5310167558
0.00639,0.00639,2.0515568731,0.7180449056,0.7415319537
0.00639,0.00639,2.0515568731,0.7180449056,1.0355033665
0.00639,0.00639,2.0515568731,0.7180449056,1.4460162057
0.00639,0.00639,2.0515568731,0.7180449056,2.0192719162
0.00639,0.00639,2.0515568731,0.7180449056,2.8197879494
0.00639,0.00639,2.0515568731,0.7180449056,3.9376589236
0.00639,0.00639,2.0515568731,0.7180449056,5.498696383
0.00639,0.00639,2.0515568731,0.7180449056,7.6785883437
0.00639,0.00639,2.0515568731,0.7180449056,10.7226722201
0.00639,0.00639,2.0515568731,0.7180449056,14.9735464897
0.00639,0.00639,2.0515568731,0.7180449056,20.9096286705
0.00639,0.00639,2.0515568731,0.7180449056,29.1989991443
0.00639,0.00639,2.0515568731,0.7180449056,40.7745907144
0.00639,0.00639,2.0515568731,0.7180449056,56.9391861586
0.00639,0.00639,2.0515568731,0.7180449056,79.5120407981
0.00639,0.00639,2.0515568731,0.7180449056,111.0336318168
0.00639,0.00639,2.0515568731,0.7180449056,155.0515779833
0.00639,0.00639,2.0515568731,0.7180449056,216.5199088036
0.00639,0.00639,2.0515568731,0.7180449056,302.3566191205
0.00639,0.00639,2.0515568731,0.7180449056,422.2222595195
0.00639,0.00639,2.0515568731,0.7180449056,589.6071895242
0.00639,0.00639,2.0515568731,0.7180449056,823.3498592289
0.00639,0.00639,2.0515568731,0.7180449056,1149.7569953977
0.00639,0.00639,2.0515568731,0.7180449056,1605.5643098112
0.00639,0.00639,2.0515568731,0.7180449056,2242.0709447806
0.00639,0.00639,2.0515568731,0.7180449056,3130.912969796
0.00639,0.00639,2.0515568731,0.7180449056,4372.1257113904
0.00639,0.00639,2.0515568731,0.7180449056,6105.4022965853
0.00639,0.00639,2.0515568731,0.8206227492,0.1
0.00639,0.00639,2.0515568731,0.8206227492,0.1396437957
0.00639,0.00639,2.0515568731,0.8206227492,0.1950038968
0.00639,0.00639,2.0515568731,0.8206227492,0.2723108433
0.00639,0.00639,2.0515568731,0.8206227492,0.3802651977
0.00639,0.00639,2.0515568731,0.8206227492,0.5310167558
0.00639,0.00639,2.0515568731,0.8206227492,0.7415319537
0.00639,0.00639,2.0515568731,0.8206227492,1.0355033665
0.00639,0.00639,2.0515568731,0.8206227492,1.4460162057
0.00639,0.00639,2.0515568731,0.8206227492,2.0192719162
0.00639,0.00639,2.0515568731,0.8206227492,2.8197879494
0.00639,0.00639,2.0515568731,0.8206227492,3.9376589236
0.00639,0.00639,2.0515568731,0.8206227492,5.498696383
0.00639,0.00639,2.0515568731,0.8206227492,7.6785883437
0.00639,0.00639,2.0515568731,0.8206227492,10.7226722201
0.00639,0.00639,2.0515568731,0.8206227492,14.9735464897
0.00639,0.00639,2.0515568731,0.8206227492,20.9096286705
0.00639,0.00639,2.0515568731,0.8206227492,29.1989991443
0.00639,0.00639,2.0515568731,0.8206227492,40.7745907144
0.00639,0.00639,2.0515568731,0.8206227492,56.9391861586
0.00639,0.00639,2.0515568731,0.8206227492,79.5120407981
0.00639,0.00639,2.0515568731,0.8206227492,111.0336318168
0.00639,0.00639,2.0515568731,0.8206227492,155.0515779833
0.00639,0.00639,2.0515568731,0.8206227492,216.5199088036
0.00639,0.00639,2.0515568731,0.8206227492,302.3566191205
0.00639,0.00639,2.0515568731,0.8206227492,422.2222595195
0.00639,0.00639,2.0515568731,0.8206227492,589.6071895242
0.00639,0.00639,2.0515568731,0.8206227492,823.3498592289
0.00639,0.00639,2.0515568731,0.8206227492,1149.7569953977
0.00639,0.00639,2.0515568731,0.8206227492,1605.5643098112
0.00639,0.00639,2.0515568731,0.8206227492,2242.0709447806
0.00639,0.00639,2.0515568731,0.8206227492,3130.912969796
0.00639,0.00639,2.0515568731,0.8206227492,4372.1257113904
0.00639,0.00639,2.0515568731,0.8206227492,6105.4022965853
0.00639,0.00639,2.0515568731,0.9232005929,0.1
0.00639,0.00639,2.0515568731,0.9232005929,0.1396437957
0.00639,0.00639,2.0515568731,0.9232005929,0.1950038968
0.00639,0.00639,2.0515568731,0.9232005929,0.2723108433
0.00639,0.00639,2.0515568731,0.9232005929,0.3802651977
0.00639,0.00639,2.0515568731,0.9232005929,0.5310167558
0.00639,0.00639,2.0515568731,0.9232005929,0.7415319537
0.00639,0.00639,2.0515568731,0.9232005929,1.0355033665
0.00639,0.00639,2.0515568731,0.9232005929,1.4460162057
0.00639,0.00639,2.0515568731,0.9232005929,2.0192719162
0.00639,0.00639,2.0515568731,0.9232005929,2.8197879494
0.00639,0.00639,2.0515568731,0.9232005929,3.9376589236
0.00639,0.00639,2.0515568731,0.9232005929,5.498696383
0.00639,0.00639,2.0515568731,0.9232005929,7.6785883437
0.00639,0.00639,2.0515568731,0.9232005929,10.7226722201
0.00639,0.00639,2.0515568731,0.9232005929,14.9735464897
0.00639,0.00639,2.0515568731,0.9232005929,20.9096286705
0.00639,0.00639,2.0515568731,0.9232005929,29.1989991443
0.00639,0.00639,2.0515568731,0.9232005929,40.7745907144
0.00639,0.00639,2.0515568731,0.9232005929,56.9391861586
0.00639,0.00639,2.0515568731,0.9232005929,79.5120407981
0.00639,0.00639,2.0515568731,0.9232005929,111.0336318168
0.00639,0.00639,2.0515568731,0.9232005929,155.0515779833
0.00639,0.00639,2.0515568731,0.9232005929,216.5199088036
0.00639,0.00639,2.0515568731,0.9232005929,302.3566191205
0.00639,0.00639,2.0515568731,0.9232005929,422.2222595195
0.00639,0.00639,2.0515568731,0.9232005929,589.6071895242
0.00639,0.00639,2.0515568731,0.9232005929,823.3498592289
0.00639,0.00639,2.0515568731,0.9232005929,1149.7569953977
0.00639,0.00639,2.0515568731,0.9232005929,1605.5643098112
0.00639,0.00639,2.0515568731,0.9232005929,2242.0709447806
0.00639,0.00639,2.0515568731,0.9232005929,3130.912969796
0.00639,0.00639,2.0515568731,0.9232005929,4372.1257113904
0.00639,0.00639,2.0515568731,0.9232005929,6105.4022965853
0.00639,0.00639,2.0515568731,1.0257784365,0.1
0.00639,0.00639,2.0515568731,1.0257784365,0.1396437957
0.00639,0.00639,2.0515568731,1.0257784365,0.1950038968
0.00639,0.00639,2.0515568731,1.0257784365,0.2723108433
0.00639,0.00639,2.0515568731,1.0257784365,0.3802651977
0.00639,0.00639,2.0515568731,1.0257784365,0.5310167558
0.00639,0.00639,2.0515568731,1.0257784365,0.7415319537
0.00639,0.00639,2.0515568731,1.0257784365,1.0355033665
0.00639,0.00639,2.0515568731,1.0257784365,1.4460162057
0.00639,0.00639,2.0515568731,1.0257784365,2.0192719162
0.00639,0.00639,2.0515568731,1.0257784365,2.8197879494
0.00639,0.00639,2.0515568731,1.0257784365,3.9376589236
0.00639,0.00639,2.0515568731,1.0257784365,5.498696383
0.00639,0.00639,2.0515568731,1.0257784365,7.6785883437
0.00639,0.00639,2.0515568731,1.0257784365,10.7226722201
0.00639,0.00639,2.0515568731,1.0257784365,14.9735464897
0.00639,0.00639,2.0515568731,1.0257784365,20.9096286705
0.00639,0.00639,2.0515568731,1.0257784365,29.1989991443
0.00639,0.00639,2.0515568731,1.0257784365,40.7745907144
0.00639,0.00639,2.0515568731,1.0257784365,56.9391861586
0.00639,0.00639,2.0515568731,1.0257784365,79.5120407981
0.00639,0.00639,2.0515568731,1.0257784365,111.0336318168
0.00639,0.00639,2.0515568731,1.0257784365,155.0515779833
0.00639,0.00639,2.0515568731,1.0257784365,216.5199088036
0.00639,0.00639,2.0515568731,1.0257784365,302.3566191205
0.00639,0.00639,2.0515568731,1.0257784365,422.2222595195
0.00639,0.00639,2.0515568731,1.0257784365,589.6071895242
0.00639,0.00639,2.0515568731,1.0257784365,823.3498592289
0.00639,0.00639,2.0515568731,1.0257784365,1149.7569953977
0.00639,0.00639,2.0515568731,1.0257784365,1605.5643098112
0.00639,0.00639,2.0515568731,1.0257784365,2242.0709447806
0.00639,0.00639,2.0515568731,1.0257784365,3130.912969796
0.00639,0.00639,2.0515568731,1.0257784365,4372.1257113904
0.00639,0.00639,2.0515568731,1.0257784365,6105.4022965853
0.00639,0.00639,2.0515568731,1.1283562802,0.1
0.00639,0.00639,2.0515568731,1.1283562802,0.1396437957
0.00639,0.00639,2.0515568731,1.1283562802,0.1950038968
0.00639,0.00639,2.0515568731,1.1283562802,0.2723108433
0.00639,0.00639,2.0515568731,1.1283562802,0.3802651977
0.00639,0.00639,2.0515568731,1.1283562802,0.5310167558
0.00639,0.00639,2.0515568731,1.1283562802,0.7415319537
0.00639,0.00639,2.0515568731,1.1283562802,1.0355033665
0.00639,0.00639,2.0515568731,1.1283562802,1.4460162057
0.00639,0.00639,2.0515568731,1.1283562802,2.0192719162
0.00639,0.00639,2.0515568731,1.1283562802,2.8197879494
0.00639,0.00639,2.0515568731,1.1283562802,3.9376589236
0.00639,0.00639,2.0515568731,1.1283562802,5.498696383
0.00639,0.00639,2.0515568731,1.1283562802,7.6785883437
0.00639,0.00639,2.0515568731,1.1283562802,10.7226722201
0.00639,0.00639,2.0515568731,1.1283562802,14.9735464897
0.00639,0.00639,2.0515568731,1.1283562802,20.9096286705
0.00639,0.00639,2.0515568731,1.1283562802,29.1989991443
0.00639,0.00639,2.0515568731,1.1283562802,40.7745907144
0.00639,0.00639,2.0515568731,1.1283562802,56.9391861586
0.00639,0.00639,2.0515568731,1.1283562802,79.5120407981
0.00639,0.00639,2.0515568731,1.1283562802,111.0336318168
0.00639,0.00639,2.0515568731,1.1283562802,155.0515779833
0.00639,0.00639,2.0515568731,1.1283562802,216.5199088036
0.00639,0.00639,2.0515568731,1.1283562802,302.3566191205
0.00639,0.00639,2.0515568731,1.1283562802,422.2222595195
0.00639,0.00639,2.0515568731,1.1283562802,589.6071895242
0.00639,0.00639,2.0515568731,1.1283562802,823.3498592289
0.00639,0.00639,2.0515568731,1.1283562802,1149.7569953977
0.00639,0.00639,2.0515568731,1.1283562802,1605.5643098112
0.00639,0.00639,2.0515568731,1.1283562802,2242.0709447806
0.00639,0.00639,2.0515568731,1.1283562802,3130.912969796
0.00639,0.00639,2.0515568731,1.1283562802,4372.1257113904
0.00639,0.00639,2.0515568731,1.1283562802,6105.4022965853
0.00639,0.00639,2.0515568731,1.2309341238,0.1
0.00639,0.00639,2.0515568731,1.2309341238,0.1396437957
0.00639,0.00639,2.0515568731,1.2309341238,0.1950038968
0.00639,0.00639,2.0515568731,1.2309341238,0.2723108433
0.00639,0.00639,2.0515568731,1.2309341238,0.3802651977
0.00639,0.00639,2.0515568731,1.2309341238,0.5310167558
0.00639,0.00639,2.0515568731,1.2309341238,0.7415319537
0.00639,0.00639,2.0515568731,1.2309341238,1.0355033665
0.00639,0.00639,2.0515568731,1.2309341238,1.4460162057
0.00639,0.00639,2.0515568731,1.2309341238,2.0192719162
0.00639,0.00639,2.0515568731,1.2309341238,2.8197879494
0.00639,0.00639,2.0515568731,1.2309341238,3.9376589236
0.00639,0.00639,2.0515568731,1.2309341238,5.498696383
0.00639,0.00639,2.0515568731,1.2309341238,7.6785883437
0.00639,0.00639,2.0515568731,1.2309341238,10.7226722201
0.00639,0.00639,2.0515568731,1.2309341238,14.9735464897
0.00639,0.00639,2.0515568731,1.2309341238,20.9096286705
0.00639,0.00639,2.0515568731,1.2309341238,29.1989991443
0.00639,0.00639,2.0515568731,1.2309341238,40.7745907144
0.00639,0.00639,2.0515568731,1.2309341238,56.9391861586
0.00639,0.00639,2.0515568731,1.2309341238,79.5120407981
0.00639,0.00639,2.0515568731,1.2309341238,111.0336318168
0.00639,0.00639,2.0515568731,1.2309341238,155.0515779833
0.00639,0.00639,2.0515568731,1.2309341238,216.5199088036
0.00639,0.00639,2.0515568731,1.2309341238,302.3566191205
0.00639,0.00639,2.0515568731,1.2309341238,422.2222595195
0.00639,0.00639,2.0515568731,1.2309341238,589.6071895242
0.00639,0.00639,2.0515568731,1.2309341238,823.3498592289
0.00639,0.00639,2.0515568731,1.2309341238,1149.7569953977
0.00639,0.00639,2.0515568731,1.2309341238,1605.5643098112
0.00639,0.00639,2.0515568731,1.2309341238,2242.0709447806
0.00639,0.00639,2.0515568731,1.2309341238,3130.912969796
0.00639,0.00639,2.0515568731,1.2309341238,4372.1257113904
0.00639,0.00639,2.0515568731,1.2309341238,6105.4022965853
0.00639,0.00639,2.0515568731,1.3335119675,0.1
0.00639,0.00639,2.0515568731,1.3335119675,0.1396437957
0.00639,0.00639,2.0515568731,1.3335119675,0.1950038968
0.00639,0.00639,2.0515568731,1.3335119675,0.2723108433
0.00639,0.00639,2.0515568731,1.3335119675,0.3802651977
0.00639,0.00639,2.0515568731,1.3335119675,0.5310167558
0.00639,0.00639,2.0515568731,1.3335119675,0.7415319537
0.00639,0.00639,2.0515568731,1.3335119675,1.0355033665
0.00639,0.00639,2.0515568731,1.3335119675,1.4460162057
0.00639,0.00639,2.0515568731,1.3335119675,2.0192719162
0.00639,0.00639,2.0515568731,1.3335119675,2.8197879494
0.00639,0.00639,2.0515568731,1.3335119675,3.9376589236
0.00639,0.00639,2.0515568731,1.3335119675,5.498696383
0.00639,0.00639,2.0515568731,1.3335119675,7.6785883437
0.00639,0.00639,2.0515568731,1.3335119675,10.7226722201
0.00639,0.00639,2.0515568731,1.3335119675,14.9735464897
0.00639,0.00639,2.0515568731,1.3335119675,20.9096286705
0.00639,0.00639,2.0515568731,1.3335119675,29.1989991443
0.00639,0.00639,2.0515568731,1.3335119675,40.7745907144
0.00639,0.00639,2.0515568731,1.3335119675,56.9391861586
0.00639,0.00639,2.0515568731,1.3335119675,79.5120407981
0.00639,0.00639,2.0515568731,1.3335119675,111.0336318168
0.00639,0.00639,2.0515568731,1.3335119675,155.0515779833
0.00639,0.00639,2.0515568731,1.3335119675,216.5199088036
0.00639,0.00639,2.0515568731,1.3335119675,302.3566191205
0.00639,0.00639,2.0515568731,1.3335119675,422.2222595195
0.00639,0.00639,2.0515568731,1.3335119675,589.6071895242
0.00639,0.00639,2.0515568731,1.3335119675,823.3498592289
0.00639,0.00639,2.0515568731,1.3335119675,1149.7569953977
0.00639,0.00639,2.0515568731,1.3335119675,1605.5643098112
0.00639,0.00639,2.0515568731,1.3335119675,2242.0709447806
0.00639,0.00639,2.0515568731,1.3335119675,3130.912969796
0.00639,0.00639,2.0515568731,1.3335119675,4372.1257113904
0.00639,0.00639,2.0515568731,1.3335119675,6105.4022965853
0.00639,0.00639,2.0515568731,1.4360898111,0.1
0.00639,0.00639,2.0515568731,1.4360898111,0.1396437957
0.00639,0.00639,2.0515568731,1.4360898111,0.1950038968
0.00639,0.00639,2.0515568731,1.4360898111,0.2723108433
0.00639,0.00639,2.0515568731,1.4360898111,0.3802651977
0.00639,0.00639,2.0515568731,1.4360898111,0.5310167558
0.00639,0.00639,2.0515568731,1.4360898111,0.7415319537
0.00639,0.00639,2.0515568731,1.4360898111,1.0355033665
0.00639,0.00639,2.0515568731,1.4360898111,1.4460162057
0.00639,0.00639,2.0515568731,1.4360898111,2.0192719162
0.00639,0.00639,2.0515568731,1.4360898111,2.8197879494
0.00639,0.00639,2.0515568731,1.4360898111,3.9376589236
0.00639,0.00639,2.0515568731,1.4360898111,5.498696383
0.00639,0.00639,2.0515568731,1.4360898111,7.6785883437
0.00639,0.00639,2.0515568731,1.4360898111,10.7226722201
0.00639,0.00639,2.0515568731,1.4360898111,14.9735464897
0.00639,0.00639,2.0515568731,1.4360898111,20.9096286705
0.00639,0.00639,2.0515568731,1.4360898111,29.1989991443
0.00639,0.00639,2.0515568731,1.4360898111,40.7745907144
0.00639,0.00639,2.0515568731,1.4360898111,56.9391861586
0.00639,0.00639,2.0515568731,1.4360898111,79.5120407981
0.00639,0.00639,2.0515568731,1.4360898111,111.0336318168
0.00639,0.00639,2.0515568731,1.4360898111,155.0515779833
0.00639,0.00639,2.0515568731,1.4360898111,216.5199088036
0.00639,0.00639,2.0515568731,1.4360898111,302.3566191205
0.00639,0.00639,2.0515568731,1.4360898111,422.2222595195
0.00639,0.00639,2.0515568731,1.4360898111,589.6071895242
0.00639,0.00639,2.0515568731,1.4360898111,823.3498592289
0.00639,0.00639,2.0515568731,1.4360898111,1149.7569953977
0.00639,0.00639,2.0515568731,1.4360898111,1605.5643098112
0.00639,0.00639,2.0515568731,1.4360898111,2242.0709447806
0.00639,0.00639,2.0515568731,1.4360898111,3130.912969796
0.00639,0.00639,2.0515568731,1.4360898111,4372.1257113904
0.00639,0.00639,2.0515568731,1.4360898111,6105.4022965853
0.00639,0.00639,2.0515568731,1.5386676548,0.1
0.00639,0.00639,2.0515568731,1.5386676548,0.1396437957
0.00639,0.00639,2.0515568731,1.5386676548,0.1950038968
0.00639,0.00639,2.0515568731,1.5386676548,0.2723108433
0.00639,0.00639,2.0515568731,1.5386676548,0.3802651977
0.00639,0.00639,2.0515568731,1.5386676548,0.5310167558
0.00639,0.00639,2.0515568731,1.5386676548,0.7415319537
0.00639,0.00639,2.0515568731,1.5386676548,1.0355033665
0.00639,0.00639,2.0515568731,1.5386676548,1.4460162057
0.00639,0.00639,2.0515568731,1.5386676548,2.0192719162
0.00639,0.00639,2.0515568731,1.5386676548,2.8197879494
0.00639,0.00639,2.0515568731,1.5386676548,3.9376589236
0.00639,0.00639,2.0515568731,1.5386676548,5.498696383
0.00639,0.00639,2.0515568731,1.5386676548,7.6785883437
0.00639,0.00639,2.0515568731,1.5386676548,10.7226722201
0.00639,0.00639,2.0515568731,1.5386676548,14.9735464897
0.00639,0.00639,2.0515568731,1.5386676548,20.9096286705
0.00639,0.00639,2.0515568731,1.5386676548,29.1989991443
0.00639,0.00639,2.0515568731,1.5386676548,40.7745907144
0.00639,0.00639,2.0515568731,1.5386676548,56.9391861586
0.00639,0.00639,2.0515568731,1.5386676548,79.5120407981
0.00639,0.00639,2.0515568731,1.5386676548,111.0336318168
0.00639,0.00639,2.0515568731,1.5386676548,155.0515779833
0.00639,0.00639,2.0515568731,1.5386676548,216.5199088036
0.00639,0.00639,2.0515568731,1.5386676548,302.3566191205
0.00639,0.00639,2.0515568731,1.5386676548,422.2222595195
0.00639,0.00639,2.0515568731,1.5386676548,589.6071895242
0.00639,0.00639,2.0515568731,1.5386676548,823.3498592289
0.00639,0.00639,2.0515568731,1.5386676548,1149.7569953977
0.00639,0.00639,2.0515568731,1.5386676548,1605.5643098112
0.00639,0.00639,2.0515568731,1.5386676548,2242.0709447806
0.00639,0.00639,2.0515568731,1.5386676548,3130.912969796
0.00639,0.00639,2.0515568731,1.5386676548,4372.1257113904
0.00639,0.00639,2.0515568731,1.5386676548,6105.4022965853
0.00639,0.00639,2.0515568731,1.6412454984,0.1
0.00639,0.00639,2.0515568731,1.6412454984,0.1396437957
0.00639,0.00639,2.0515568731,1.6412454984,0.1950038968
0.00639,0.00639,2.0515568731,1.6412454984,0.2723108433
0.00639,0.00639,2.0515568731,1.6412454984,0.3802651977
0.00639,0.00639,2.0515568731,1.6412454984,0.5310167558
0.00639,0.00639,2.0515568731,1.6412454984,0.7415319537
0.00639,0.00639,2.0515568731,1.6412454984,1.0355033665
0.00639,0.00639,2.0515568731,1.6412454984,1.4460162057
0.00639,0.00639,2.0515568731,1.6412454984,2.0192719162
0.00639,0.00639,2.0515568731,1.6412454984,2.8197879494
0.00639,0.00639,2.0515568731,1.6412454984,3.9376589236
0.00639,0.00639,2.0515568731,1.6412454984,5.498696383
0.00639,0.00639,2.0515568731,1.6412454984,7.6785883437
0.00639,0.00639,2.0515568731,1.6412454984,10.7226722201
0.00639,0.00639,2.0515568731,1.6412454984,14.9735464897
0.00639,0.00639,2.0515568731,1.6412454984,20.9096286705
0.00639,0.00639,2.0515568731,1.6412454984,29.1989991443
0.00639,0.00639,2.0515568731,1.6412454984,40.7745907144
0.00639,0.00639,2.0515568731,1.6412454984,56.9391861586
0.00639,0.00639,2.0515568731,1.6412454984,79.5120407981
0.00639,0.00639,2.0515568731,1.6412454984,111.0336318168
0.00639,0.00639,2.0515568731,1.6412454984,155.0515779833
0.00639,0.00639,2.0515568731,1.6412454984,216.5199088036
0.00639,0.00639,2.0515568731,1.6412454984,302.3566191205
0.00639,0.00639,2.0515568731,1.6412454984,422.2222595195
0.00639,0.00639,2.0515568731,1.6412454984,589.6071895242
0.00639,0.00639,2.0515568731,1.6412454984,823.3498592289
0.00639,0.00639,2.0515568731,1.6412454984,1149.7569953977
0.00639,0.00639,2.0515568731,1.6412454984,1605.5643098112
0.00639,0.00639,2.0515568731,1.6412454984,2242.0709447806
0.00639,0.00639,2.0515568731,1.6412454984,3130.912969796
0.00639,0.00639,2.0515568731,1.6412454984,4372.1257113904
0.00639,0.00639,2.0515568731,1.6412454984,6105.4022965853
0.00639,0.00639,2.0515568731,1.7438233421,0.1
0.00639,0.00639,2.0515568731,1.7438233421,0.1396437957
0.00639,0.00639,2.0515568731,1.7438233421,0.1950038968
0.00639,0.00639,2.0515568731,1.7438233421,0.2723108433
0.00639,0.00639,2.0515568731,1.7438233421,0.3802651977
0.00639,0.00639,2.0515568731,1.7438233421,0.5310167558
0.00639,0.00639,2.0515568731,1.7438233421,0.7415319537
0.00639,0.00639,2.0515568731,1.7438233421,1.0355033665
0.00639,0.00639,2.0515568731,1.7438233421,1.4460162057
0.00639,0.00639,2.0515568731,1.7438233421,2.0192719162
0.00639,0.00639,2.0515568731,1.7438233421,2.8197879494
0.00639,0.00639,2.0515568731,1.7438233421,3.9376589236
0.00639,0.00639,2.0515568731,1.7438233421,5.498696383
0.00639,0.00639,2.0515568731,1.7438233421,7.6785883437
0.00639,0.00639,2.0515568731,1.7438233421,10.7226722201
0.00639,0.00639,2.0515568731,1.7438233421,14.9735464897
0.00639,0.00639,2.0515568731,1.7438233421,20.9096286705
0.00639,0.00639,2.0515568731,1.7438233421,29.1989991443
0.00639,0.00639,2.0515568731,1.7438233421,40.7745907144
0.00639,0.00639,2.0515568731,1.7438233421,56.9391861586
0.00639,0.00639,2.0515568731,1.7438233421,79.5120407981
0.00639,0.00639,2.0515568731,1.7438233421,111.0336318168
0.00639,0.00639,2.0515568731,1.7438233421,155.0515779833
0.00639,0.00639,2.0515568731,1.7438233421,216.5199088036
0.00639,0.00639,2.0515568731,1.7438233421,302.3566191205
0.00639,0.00639,2.0515568731,1.7438233421,422.2222595195
0.00639,0.00639,2.0515568731,1.7438233421,589.6071895242
0.00639,0.00639,2.0515568731,1.7438233421,823.3498592289
0.00639,0.00639,2.0515568731,1.7438233421,1149.7569953977
0.00639,0.00639,2.0515568731,1.7438233421,1605.5643098112
0.00639,0.00639,2.0515568731,1.7438233421,2242.0709447806
0.00639,0.00639,2.0515568731,1.7438233421,3130.912969796
0.00639,0.00639,2.0515568731,1.7438233421,4372.1257113904
0.00639,0.00639,2.0515568731,1.7438233421,6105.4022965853
0.00639,0.00639,2.0515568731,1.8464011858,0.1
0.00639,0.00639,2.0515568731,1.8464011858,0.1396437957
0.00639,0.00639,2.0515568731,1.8464011858,0.1950038968
0.00639,0.00639,2.0515568731,1.8464011858,0.2723108433
0.00639,0.00639,2.0515568731,1.8464011858,0.3802651977
0.00639,0.00639,2.0515568731,1.8464011858,0.5310167558
0.00639,0.00639,2.0515568731,1.8464011858,0.7415319537
0.00639,0.00639,2.0515568731,1.8464011858,1.0355033665
0.00639,0.00639,2.0515568731,1.8464011858,1.4460162057
0.00639,0.00639,2.0515568731,1.8464011858,2.0192719162
0.00639,0.00639,2.0515568731,1.8464011858,2.8197879494
0.00639,0.00639,2.0515568731,1.8464011858,3.9376589236
0.00639,0.00639,2.0515568731,1.8464011858,5.498696383
0.00639,0.00639,2.0515568731,1.8464011858,7.6785883437
0.00639,0.00639,2.0515568731,1.8464011858,10.7226722201
0.00639,0.00639,2.0515568731,1.8464011858,14.9735464897
0.00639,0.00639,2.0515568731,1.8464011858,20.9096286705
0.00639,0.00639,2.0515568731,1.8464011858,29.1989991443
0.00639,0.00639,2.0515568731,1.8464011858,40.7745907144
0.00639,0.00639,2.0515568731,1.8464011858,56.9391861586
0.00639,0.00639,2.0515568731,1.8464011858,79.5120407981
0.00639,0.00639,2.0515568731,1.8464011858,111.0336318168
0.00639,0.00639,2.0515568731,1.8464011858,155.0515779833
0.00639,0.00639,2.0515568731,1.8464011858,216.5199088036
0.00639,0.00639,2.0515568731,1.8464011858,302.3566191205
0.00639,0.00639,2.0515568731,1.8464011858,422.2222595195
0.00639,0.00639,2.0515568731,1.8464011858,589.6071895242
0.00639,0.00639,2.0515568731,1.8464011858,823.3498592289
0.00639,0.00639,2.0515568731,1.8464011858,1149.7569953977
0.00639,0.00639,2.0515568731,1.8464011858,1605.5643098112
0.00639,0.00639,2.0515568731,1.8464011858,2242.0709447806
0.00639,0.00639,2.0515568731,1.8464011858,3130.912969796
0.00639,0.00639,2.0515568731,1.8464011858,4372.1257113904
0.00639,0.00639,2.0515568731,1.8464011858,6105.4022965853
0.00639,0.00639,2.0515568731,1.9489790294,0.1
0.00639,0.00639,2.0515568731,1.9489790294,0.1396437957
0.00639,0.00639,2.0515568731,1.9489790294,0.1950038968
0.00639,0.00639,2.0515568731,1.9489790294,0.2723108433
0.00639,0.00639,2.0515568731,1.9489790294,0.3802651977
0.00639,0.00639,2.0515568731,1.9489790294,0.5310167558
0.00639,0.00639,2.0515568731,1.9489790294,0.7415319537
0.00639,0.00639,2.0515568731,1.9489790294,1.0355033665
0.00639,0.00639,2.0515568731,1.9489790294,1.4460162057
0.00639,0.00639,2.0515568731,1.9489790294,2.0192719162
0.00639,0.00639,2.0515568731,1.9489790294,2.8197879494
0.00639,0.00639,2.0515568731,1.9489790294,3.9376589236
0.00639,0.00639,2.0515568731,1.9489790294,5.498696383
0.00639,0.00639,2.0515568731,1.9489790294,7.6785883437
0.00639,0.00639,2.0515568731,1.9489790294,10.7226722201
0.00639,0.00639,2.0515568731,1.9489790294,14.9735464897
0.00639,0.00639,2.0515568731,1.9489790294,20.9096286705
0.00639,0.00639,2.0515568731,1.9489790294,29.1989991443
0.00639,0.00639,2.0515568731,1.9489790294,40.7745907144
0.00639,0.00639,2.0515568731,1.9489790294,56.9391861586
0.00639,0.00639,2.0515568731,1.9489790294,79.5120407981
0.00639,0.00639,2.0515568731,1.9489790294,111.0336318168
0.00639,0.00639,2.0515568731,1.9489790294,155.0515779833
0.00639,0.00639,2.0515568731,1.9489790294,216.5199088036
0.00639,0.00639,2.0515568731,1.9489790294,302.3566191205
0.00639,0.00639,2.0515568731,1.9489790294,422.2222595195
0.00639,0.00639,2.0515568731,1.9489790294,589.6071895242
0.00639,0.00639,2.0515568731,1.9489790294,823.3498592289
0.00639,0.00639,2.0515568731,1.9489790294,1149.7569953977
0.00639,0.00639,2.0515568731,1.9489790294,1605.5643098112
0.00639,0.00639,2.0515568731,1.9489790294,2242.0709447806
0.00639,0.00639,2.0515568731,1.9489790294,3130.912969796
0.00639,0.00639,2.0515568731,1.9489790294,4372.1257113904
0.00639,0.00639,2.0515568731,1.9489790294,6105.4022965853
0.00639,0.00639,2.0515568731,2.0310413043,0.1
0.00639,0.00639,2.0515568731,2.0310413043,0.1396437957
0.00639,0.00639,2.0515568731,2.0310413043,0.1950038968
0.00639,0.00639,2.0515568731,2.0310413043,0.2723108433
0.00639,0.00639,2.0515568731,2.0310413043,0.3802651977
0.00639,0.00639,2.0515568731,2.0310413043,0.5310167558
0.00639,0.00639,2.0515568731,2.0310413043,0.7415319537
0.00639,0.00639,2.0515568731,2.0310413043,1.0355033665
0.00639,0.00639,2.0515568731,2.0310413043,1.4460162057
0.00639,0.00639,2.0515568731,2.0310413043,2.0192719162
0.00639,0.00639,2.0515568731,2.0310413043,2.8197879494
0.00639,0.00639,2.0515568731,2.0310413043,3.9376589236
0.00639,0.00639,2.0515568731,2.0310413043,5.498696383
0.00639,0.00639,2.0515568731,2.0310413043,7.6785883437
0.00639,0.00639,2.0515568731,2.0310413043,10.7226722201
0.00639,0.00639,2.0515568731,2.0310413043,14.9735464897
0.00639,0.00639,2.0515568731,2.0310413043,20.9096286705
0.00639,0.00639,2.0515568731,2.0310413043,29.1989991443
0.00639,0.00639,2.0515568731,2.0310413043,40.7745907144
0.00639,0.00639,2.0515568731,2.0310413043,56.9391861586
0.00639,0.00639,2.0515568731,2.0310413043,79.5120407981
0.00639,0.00639,2.0515568731,2.0310413043,111.0336318168
0.00639,0.00639,2.0515568731,2.0310413043,155.0515779833
0.00639,0.00639,2.0515568731,2.0310413043,216.5199088036
0.00639,0.00639,2.0515568731,2.0310413043,302.3566191205
0.00639,0.00639,2.0515568731,2.0310413043,422.2222595195
0.00639,0.00639,2.0515568731,2.0310413043,589.6071895242
0.00639,0.00639,2.0515568731,2.0310413043,823.3498592289
0.00639,0.00639,2.0515568731,2.0310413043,1149.7569953977
0.00639,0.00639,2.0515568731,2.0310413043,1605.5643098112
0.00639,0.00639,2.0515568731,2.0310413043,2242.0709447806
0.00639,0.00639,2.0515568731,2.0310413043,3130.912969796
0.00639,0.00639,2.0515568731,2.0310413043,4372.1257113904
0.00639,0.00639,2.0515568731,2.0310413043,6105.4022965853
0.00639,0.00639,2.2853024652,0.1142651233,0.1
0.00639,0.00639,2.2853024652,0.1142651233,0.1396437957
0.00639,0.00639,2.2853024652,0.1142651233,0.1950038968
0.00639,0.00639,2.2853024652,0.1142651233,0.2723108433
0.00639,0.00639,2.2853024652,0.1142651233,0.3802651977
0.00639,0.00639,2.2853024652,0.1142651233,0.5310167558
0.00639,0.00639,2.2853024652,0.1142651233,0.7415319537
0.00639,0.00639,2.2853024652,0.1142651233,1.0355033665
0.00639,0.00639,2.2853024652,0.1142651233,1.4460162057
0.00639,0.00639,2.2853024652,0.1142651233,2.0192719162
0.00639,0.00639,2.2853024652,0.1142651233,2.8197879494
0.00639,0.00639,2.2853024652,0.1142651233,3.9376589236
0.00639,0.00639,2.2853024652,0.1142651233,5.498696383
0.00639,0.00639,2.2853024652,0.1142651233,7.6785883437
0.00639,0.00639,2.2853024652,0.1142651233,10.7226722201
0.00639,0.00639,2.2853024652,0.1142651233,14.9735464897
0.00639,0.00639,2.2853024652,0.1142651233,20.9096286705
0.00639,0.00639,2.2853024652,0.1142651233,29.1989991443
0.00639,0.00639,2.2853024652,0.1142651233,40.7745907144
0.00639,0.00639,2.2853024652,0.1142651233,56.9391861586
0.00639,0.00639,2.2853024652,0.1142651233,79.5120407981
0.00639,0.00639,2.2853024652,0.1142651233,111.0336318168
0.00639,0.00639,2.2853024652,0.1142651233,155.0515779833
0.00639,0.00639,2.2853024652,0.1142651233,216.5199088036
0.00639,0.00639,2.2853024652,0.1142651233,302.3566191205
0.00639,0.00639,2.2853024652,0.1142651233,422.2222595195
0.00639,0.00639,2.2853024652,0.1142651233,589.6071895242
0.00639,0.00639,2.2853024652,0.1142651233,823.3498592289
0.00639,0.00639,2.2853024652,0.1142651233,1149.7569953977
0.00639,0.00639,2.2853024652,0.1142651233,1605.5643098112
0.00639,0.00639,2.2853024652,0.1142651233,2242.0709447806
0.00639,0.00639,2.2853024652,0.1142651233,3130.912969796
0.00639,0.00639,2.2853024652,0.1142651233,4372.1257113904
0.00639,0.00639,2.2853024652,0.1142651233,6105.4022965853
0.00639,0.00639,2.2853024652,0.2285302465,0.1
0.00639,0.00639,2.2853024652,0.2285302465,0.1396437957
0.00639,0.00639,2.2853024652,0.2285302465,0.1950038968
0.00639,0.00639,2.2853024652,0.2285302465,0.2723108433
0.00639,0.00639,2.2853024652,0.2285302465,0.3802651977
0.00639,0.00639,2.2853024652,0.2285302465,0.5310167558
0.00639,0.00639,2.2853024652,0.2285302465,0.7415319537
0.00639,0.00639,2.2853024652,0.2285302465,1.0355033665
0.00639,0.00639,2.2853024652,0.2285302465,1.4460162057
0.00639,0.00639,2.2853024652,0.2285302465,2.0192719162
0.00639,0.00639,2.2853024652,0.2285302465,2.8197879494
0.00639,0.00639,2.2853024652,0.2285302465,3.9376589236
0.00639,0.00639,2.2853024652,0.2285302465,5.498696383
0.00639,0.00639,2.2853024652,0.2285302465,7.6785883437
0.00639,0.00639,2.2853024652,0.2285302465,10.7226722201
0.00639,0.00639,2.2853024652,0.2285302465,14.9735464897
0.00639,0.00639,2.2853024652,0.2285302465,20.9096286705
0.00639,0.00639,2.2853024652,0.2285302465,29.1989991443
0.00639,0.00639,2.2853024652,0.2285302465,40.7745907144
0.00639,0.00639,2.2853024652,0.2285302465,56.9391861586
0.00639,0.00639,2.2853024652,0.2285302465,79.5120407981
0.00639,0.00639,2.2853024652,0.2285302465,111.0336318168
0.00639,0.00639,2.2853024652,0.2285302465,155.0515779833
0.00639,0.00639,2.2853024652,0.2285302465,216.5199088036
0.00639,0.00639,2.2853024652,0.2285302465,302.3566191205
0.00639,0.00639,2.2853024652,0.2285302465,422.2222595195
0.00639,0.00639,2.2853024652,0.2285302465,589.6071895242
0.00639,0.00639,2.2853024652,0.2285302465,823.3498592289
0.00639,0.00639,2.2853024652,0.2285302465,1149.7569953977
0.00639,0.00639,2.2853024652,0.2285302465,1605.5643098112
0.00639,0.00639,2.2853024652,0.2285302465,2242.0709447806
0.00639,0.00639,2.2853024652,0.2285302465,3130.912969796
0.00639,0.00639,2.2853024652,0.2285302465,4372.1257113904
0.00639,0.00639,2.2853024652,0.2285302465,6105.4022965853
0.00639,0.00639,2.2853024652,0.3427953698,0.1
0.00639,0.00639,2.2853024652,0.3427953698,0.1396437957
0.00639,0.00639,2.2853024652,0.3427953698,0.1950038968
0.00639,0.00639,2.2853024652,0.3427953698,0.2723108433
0.00639,0.00639,2.2853024652,0.3427953698,0.3802651977
0.00639,0.00639,2.2853024652,0.3427953698,0.5310167558
0.00639,0.00639,2.2853024652,0.3427953698,0.7415319537
0.00639,0.00639,2.2853024652,0.3427953698,1.0355033665
0.00639,0.00639,2.2853024652,0.3427953698,1.4460162057
0.00639,0.00639,2.2853024652,0.3427953698,2.0192719162
0.00639,0.00639,2.2853024652,0.3427953698,2.8197879494
0.00639,0.00639,2.2853024652,0.3427953698,3.9376589236
0.00639,0.00639,2.2853024652,0.3427953698,5.498696383
0.00639,0.00639,2.2853024652,0.3427953698,7.6785883437
0.00639,0.00639,2.2853024652,0.3427953698,10.7226722201
0.00639,0.00639,2.2853024652,0.3427953698,14.9735464897
0.00639,0.00639,2.2853024652,0.3427953698,20.9096286705
0.00639,0.00639,2.2853024652,0.3427953698,29.1989991443
0.00639,0.00639,2.2853024652,0.3427953698,40.7745907144
0.00639,0.00639,2.2853024652,0.3427953698,56.9391861586
0.00639,0.00639,2.2853024652,0.3427953698,79.5120407981
0.00639,0.00639,2.2853024652,0.3427953698,111.0336318168
0.00639,0.00639,2.2853024652,0.3427953698,155.0515779833
0.00639,0.00639,2.2853024652,0.3427953698,216.5199088036
0.00639,0.00639,2.2853024652,0.3427953698,302.3566191205
0.00639,0.00639,2.2853024652,0.3427953698,422.2222595195
0.00639,0.00639,2.2853024652,0.3427953698,589.6071895242
0.00639,0.00639,2.2853024652,0.3427953698,823.3498592289
0.00639,0.00639,2.2853024652,0.3427953698,1149.7569953977
0.00639,0.00639,2.2853024652,0.3427953698,1605.5643098112
0.00639,0.00639,2.2853024652,0.3427953698,2242.0709447806
0.00639,0.00639,2.2853024652,0.3427953698,3130.912969796
0.00639,0.00639,2.2853024652,0.3427953698,4372.1257113904
0.00639,0.00639,2.2853024652,0.3427953698,6105.4022965853
0.00639,0.00639,2.2853024652,0.457060493,0.1
0.00639,0.00639,2.2853024652,0.457060493,0.1396437957
0.00639,0.00639,2.2853024652,0.457060493,0.1950038968
0.00639,0.00639,2.2853024652,0.457060493,0.2723108433
0.00639,0.00639,2.2853024652,0.457060493,0.3802651977
0.00639,0.00639,2.2853024652,0.457060493,0.5310167558
0.00639,0.00639,2.2853024652,0.457060493,0.7415319537
0.00639,0.00639,2.2853024652,0.457060493,1.0355033665
0.00639,0.00639,2.2853024652,0.457060493,1.4460162057
0.00639,0.00639,2.2853024652,0.457060493,2.0192719162
0.00639,0.00639,2.2853024652,0.457060493,2.8197879494
0.00639,0.00639,2.2853024652,0.457060493,3.9376589236
0.00639,0.00639,2.2853024652,0.457060493,5.498696383
0.00639,0.00639,2.2853024652,0.457060493,7.6785883437
0.00639,0.00639,2.2853024652,0.457060493,10.7226722201
0.00639,0.00639,2.2853024652,0.457060493,14.9735464897
0.00639,0.00639,2.2853024652,0.457060493,20.9096286705
0.00639,0.00639,2.2853024652,0.457060493,29.1989991443
0.00639,0.00639,2.2853024652,0.457060493,40.7745907144
0.00639,0.00639,2.2853024652,0.457060493,56.9391861586
0.00639,0.00639,2.2853024652,0.457060493,79.5120407981
0.00639,0.00639,2.2853024652,0.457060493,111.0336318168
0.00639,0.00639,2.2853024652,0.457060493,155.0515779833
0.00639,0.00639,2.2853024652,0.457060493,216.5199088036
0.00639,0.00639,2.2853024652,0.457060493,302.3566191205
0.00639,0.00639,2.2853024652,0.457060493,422.2222595195
0.00639,0.00639,2.2853024652,0.457060493,589.6071895242
0.00639,0.00639,2.2853024652,0.457060493,823.3498592289
0.00639,0.00639,2.2853024652,0.457060493,1149.7569953977
0.00639,0.00639,2.2853024652,0.457060493,1605.5643098112
0.00639,0.00639,2.2853024652,0.457060493,2242.0709447806
0.00639,0.00639,2.2853024652,0.457060493,3130.912969796
0.00639,0.00639,2.2853024652,0.457060493,4372.1257113904
0.00639,0.00639,2.2853024652,0.457060493,6105.4022965853
0.00639,0.00639,2.2853024652,0.5713256163,0.1
0.00639,0.00639,2.2853024652,0.5713256163,0.1396437957
0.00639,0.00639,2.2853024652,0.5713256163,0.1950038968
0.00639,0.00639,2.2853024652,0.5713256163,0.2723108433
0.00639,0.00639,2.2853024652,0.5713256163,0.3802651977
0.00639,0.00639,2.2853024652,0.5713256163,0.5310167558
0.00639,0.00639,2.2853024652,0.5713256163,0.7415319537
0.00639,0.00639,2.2853024652,0.5713256163,1.0355033665
0.00639,0.00639,2.2853024652,0.5713256163,1.4460162057
0.00639,0.00639,2.2853024652,0.5713256163,2.0192719162
0.00639,0.00639,2.2853024652,0.5713256163,2.8197879494
0.00639,0.00639,2.2853024652,0.5713256163,3.9376589236
0.00639,0.00639,2.2853024652,0.5713256163,5.498696383
0.00639,0.00639,2.2853024652,0.5713256163,7.6785883437
0.00639,0.00639,2.2853024652,0.5713256163,10.7226722201
0.00639,0.00639,2.2853024652,0.5713256163,14.9735464897
0.00639,0.00639,2.2853024652,0.5713256163,20.9096286705
0.00639,0.00639,2.2853024652,0.5713256163,29.1989991443
0.00639,0.00639,2.2853024652,0.5713256163,40.7745907144
0.00639,0.00639,2.2853024652,0.5713256163,56.9391861586
0.00639,0.00639,2.2853024652,0.5713256163,79.5120407981
0.00639,0.00639,2.2853024652,0.5713256163,111.0336318168
0.00639,0.00639,2.2853024652,0.5713256163,155.0515779833
0.00639,0.00639,2.2853024652,0.5713256163,216.5199088036
0.00639,0.00639,2.2853024652,0.5713256163,302.3566191205
0.00639,0.00639,2.2853024652,0.5713256163,422.2222595195
0.00639,0.00639,2.2853024652,0.5713256163,589.6071895242
0.00639,0.00639,2.2853024652,0.5713256163,823.3498592289
0.00639,0.00639,2.2853024652,0.5713256163,1149.7569953977
0.00639,0.00639,2.2853024652,0.5713256163,1605.5643098112
0.00639,0.00639,2.2853024652,0.5713256163,2242.0709447806
0.00639,0.00639,2.2853024652,0.5713256163,3130.912969796
0.00639,0.00639,2.2853024652,0.5713256163,4372.1257113904
0.00639,0.00639,2.2853024652,0.5713256163,6105.4022965853
0.00639,0.00639,2.2853024652,0.6855907396,0.1
0.00639,0.00639,2.2853024652,0.6855907396,0.1396437957
0.00639,0.00639,2.2853024652,0.6855907396,0.1950038968
0.00639,0.00639,2.2853024652,0.6855907396,0.2723108433
0.00639,0.00639,2.2853024652,0.6855907396,0.3802651977
0.00639,0.00639,2.2853024652,0.6855907396,0.5310167558
0.00639,0.00639,2.2853024652,0.6855907396,0.7415319537
0.00639,0.00639,2.2853024652,0.6855907396,1.0355033665
0.00639,0.00639,2.2853024652,0.6855907396,1.4460162057
0.00639,0.00639,2.2853024652,0.6855907396,2.0192719162
0.00639,0.00639,2.2853024652,0.6855907396,2.8197879494
0.00639,0.00639,2.2853024652,0.6855907396,3.9376589236
0.00639,0.00639,2.2853024652,0.6855907396,5.498696383
0.00639,0.00639,2.2853024652,0.6855907396,7.6785883437
0.00639,0.00639,2.2853024652,0.6855907396,10.7226722201
0.00639,0.00639,2.2853024652,0.6855907396,14.9735464897
0.00639,0.00639,2.2853024652,0.6855907396,20.9096286705
0.00639,0.00639,2.2853024652,0.6855907396,29.1989991443
0.00639,0.00639,2.2853024652,0.6855907396,40.7745907144
0.00639,0.00639,2.2853024652,0.6855907396,56.9391861586
0.00639,0.00639,2.2853024652,0.6855907396,79.5120407981
0.00639,0.00639,2.2853024652,0.6855907396,111.0336318168
0.00639,0.00639,2.2853024652,0.6855907396,155.0515779833
0.00639,0.00639,2.2853024652,0.6855907396,216.5199088036
0.00639,0.00639,2.2853024652,0.6855907396,302.3566191205
0.00639,0.00639,2.2853024652,0.6855907396,422.2222595195
0.00639,0.00639,2.2853024652,0.6855907396,589.6071895242
0.00639,0.00639,2.2853024652,0.6855907396,823.3498592289
0.00639,0.00639,2.2853024652,0.6855907396,1149.7569953977
0.00639,0.00639,2.2853024652,0.6855907396,1605.5643098112
0.00639,0.00639,2.2853024652,0.6855907396,2242.0709447806
0.00639,0.00639,2.2853024652,0.6855907396,3130.912969796
0.00639,0.00639,2.2853024652,0.6855907396,4372.1257113904
0.00639,0.00639,2.2853024652,0.6855907396,6105.4022965853
0.00639,0.00639,2.2853024652,0.7998558628,0.1
0.00639,0.00639,2.2853024652,0.7998558628,0.1396437957
0.00639,0.00639,2.2853024652,0.7998558628,0.1950038968
0.00639,0.00639,2.2853024652,0.7998558628,0.2723108433
0.00639,0.00639,2.2853024652,0.7998558628,0.3802651977
0.00639,0.00639,2.2853024652,0.7998558628,0.5310167558
0.00639,0.00639,2.2853024652,0.7998558628,0.7415319537
0.00639,0.00639,2.2853024652,0.7998558628,1.0355033665
0.00639,0.00639,2.2853024652,0.7998558628,1.4460162057
0.00639,0.00639,2.2853024652,0.7998558628,2.0192719162
0.00639,0.00639,2.2853024652,0.7998558628,2.8197879494
0.00639,0.00639,2.2853024652,0.7998558628,3.9376589236
0.00639,0.00639,2.2853024652,0.7998558628,5.498696383
0.00639,0.00639,2.2853024652,0.7998558628,7.6785883437
0.00639,0.00639,2.2853024652,0.7998558628,10.7226722201
0.00639,0.00639,2.2853024652,0.7998558628,14.9735464897
0.00639,0.00639,2.2853024652,0.7998558628,20.9096286705
0.00639,0.00639,2.2853024652,0.7998558628,29.1989991443
0.00639,0.00639,2.2853024652,0.7998558628,40.7745907144
0.00639,0.00639,2.2853024652,0.7998558628,56.9391861586
0.00639,0.00639,2.2853024652,0.7998558628,79.5120407981
0.00639,0.00639,2.2853024652,0.7998558628,111.0336318168
0.00639,0.00639,2.2853024652,0.7998558628,155.0515779833
0.00639,0.00639,2.2853024652,0.7998558628,216.5199088036
0.00639,0.00639,2.2853024652,0.7998558628,302.3566191205
0.00639,0.00639,2.2853024652,0.7998558628,422.2222595195
0.00639,0.00639,2.2853024652,0.7998558628,589.6071895242
0.00639,0.00639,2.2853024652,0.7998558628,823.3498592289
0.00639,0.00639,2.2853024652,0.7998558628,1149.7569953977
0.00639,0.00639,2.2853024652,0.7998558628,1605.5643098112
0.00639,0.00639,2.2853024652,0.7998558628,2242.0709447806
0.00639,0.00639,2.2853024652,0.7998558628,3130.912969796
0.00639,0.00639,2.2853024652,0.7998558628,4372.1257113904
0.00639,0.00639,2.2853024652,0.7998558628,6105.4022965853
0.00639,0.00639,2.2853024652,0.9141209861,0.1
0.00639,0.00639,2.2853024652,0.9141209861,0.1396437957
0.00639,0.00639,2.2853024652,0.9141209861,0.1950038968
0.00639,0.00639,2.2853024652,0.9141209861,0.2723108433
0.00639,0.00639,2.2853024652,0.9141209861,0.3802651977
0.00639,0.00639,2.2853024652,0.9141209861,0.5310167558
0.00639,0.00639,2.2853024652,0.9141209861,0.7415319537
0.00639,0.00639,2.2853024652,0.9141209861,1.0355033665
0.00639,0.00639,2.2853024652,0.9141209861,1.4460162057
0.00639,0.00639,2.2853024652,0.9141209861,2.0192719162
0.00639,0.00639,2.2853024652,0.9141209861,2.8197879494
0.00639,0.00639,2.2853024652,0.9141209861,3.9376589236
0.00639,0.00639,2.2853024652,0.9141209861,5.498696383
0.00639,0.00639,2.2853024652,0.9141209861,7.6785883437
0.00639,0.00639,2.2853024652,0.9141209861,10.7226722201
0.00639,0.00639,2.2853024652,0.9141209861,14.9735464897
0.00639,0.00639,2.2853024652,0.9141209861,20.9096286705
0.00639,0.00639,2.2853024652,0.9141209861,29.1989991443
0.00639,0.00639,2.2853024652,0.9141209861,40.7745907144
0.00639,0.00639,2.2853024652,0.9141209861,56.9391861586
0.00639,0.00639,2.2853024652,0.9141209861,79.5120407981
0.00639,0.00639,2.2853024652,0.9141209861,111.0336318168
0.00639,0.00639,2.2853024652,0.9141209861,155.0515779833
0.00639,0.00639,2.2853024652,0.9141209861,216.5199088036
0.00639,0.00639,2.2853024652,0.9141209861,302.3566191205
0.00639,0.00639,2.2853024652,0.9141209861,422.2222595195
0.00639,0.00639,2.2853024652,0.9141209861,589.6071895242
0.00639,0.00639,2.2853024652,0.9141209861,823.3498592289
0.00639,0.00639,2.2853024652,0.9141209861,1149.7569953977
0.00639,0.00639,2.2853024652,0.9141209861,1605.5643098112
0.00639,0.00639,2.2853024652,0.9141209861,2242.0709447806
0.00639,0.00639,2.2853024652,0.9141209861,3130.912969796
0.00639,0.00639,2.2853024652,0.9141209861,4372.1257113904
0.00639,0.00639,2.2853024652,0.9141209861,6105.4022965853
0.00639,0.00639,2.2853024652,1.0283861093,0.1
0.00639,0.00639,2.2853024652,1.0283861093,0.1396437957
0.00639,0.00639,2.2853024652,1.0283861093,0.1950038968
0.00639,0.00639,2.2853024652,1.0283861093,0.2723108433
0.00639,0.00639,2.2853024652,1.0283861093,0.3802651977
0.00639,0.00639,2.2853024652,1.0283861093,0.5310167558
0.00639,0.00639,2.2853024652,1.0283861093,0.7415319537
0.00639,0.00639,2.2853024652,1.0283861093,1.0355033665
0.00639,0.00639,2.2853024652,1.0283861093,1.4460162057
0.00639,0.00639,2.2853024652,1.0283861093,2.0192719162
0.00639,0.00639,2.2853024652,1.0283861093,2.8197879494
0.00639,0.00639,2.2853024652,1.0283861093,3.9376589236
0.00639,0.00639,2.2853024652,1.0283861093,5.498696383
0.00639,0.00639,2.2853024652,1.0283861093,7.6785883437
0.00639,0.00639,2.2853024652,1.0283861093,10.7226722201
0.00639,0.00639,2.2853024652,1.0283861093,14.9735464897
0.00639,0.00639,2.2853024652,1.0283861093,20.9096286705
0.00639,0.00639,2.2853024652,1.0283861093,29.1989991443
0.00639,0.00639,2.2853024652,1.0283861093,40.7745907144
0.00639,0.00639,2.2853024652,1.0283861093,56.9391861586
0.00639,0.00639,2.2853024652,1.0283861093,79.5120407981
0.00639,0.00639,2.2853024652,1.0283861093,111.0336318168
0.00639,0.00639,2.2853024652,1.0283861093,155.0515779833
0.00639,0.00639,2.2853024652,1.0283861093,216.5199088036
0.00639,0.00639,2.2853024652,1.0283861093,302.3566191205
0.00639,0.00639,2.2853024652,1.0283861093,422.2222595195
0.00639,0.00639,2.2853024652,1.0283861093,589.6071895242
0.00639,0.00639,2.2853024652,1.0283861093,823.3498592289
0.00639,0.00639,2.2853024652,1.0283861093,1149.7569953977
0.00639,0.00639,2.2853024652,1.0283861093,1605.5643098112
0.00639,0.00639,2.2853024652,1.0283861093,2242.0709447806
0.00639,0.00639,2.2853024652,1.0283861093,3130.912969796
0.00639,0.00639,2.2853024652,1.0283861093,4372.1257113904
0.00639,0.00639,2.2853024652,1.0283861093,6105.4022965853
0.00639,0.00639,2.2853024652,1.1426512326,0.1
0.00639,0.00639,2.2853024652,1.1426512326,0.1396437957
0.00639,0.00639,2.2853024652,1.1426512326,0.1950038968
0.00639,0.00639,2.2853024652,1.1426512326,0.2723108433
0.00639,0.00639,2.2853024652,1.1426512326,0.3802651977
0.00639,0.00639,2.2853024652,1.1426512326,0.5310167558
0.00639,0.00639,2.2853024652,1.1426512326,0.7415319537
0.00639,0.00639,2.2853024652,1.1426512326,1.0355033665
0.00639,0.00639,2.2853024652,1.1426512326,1.4460162057
0.00639,0.00639,2.2853024652,1.1426512326,2.0192719162
0.00639,0.00639,2.2853024652,1.1426512326,2.8197879494
0.00639,0.00639,2.2853024652,1.1426512326,3.9376589236
0.00639,0.00639,2.2853024652,1.1426512326,5.498696383
0.00639,0.00639,2.2853024652,1.1426512326,7.6785883437
0.00639,0.00639,2.2853024652,1.1426512326,10.7226722201
0.00639,0.00639,2.2853024652,1.1426512326,14.9735464897
0.00639,0.00639,2.2853024652,1.1426512326,20.9096286705
0.00639,0.00639,2.2853024652,1.1426512326,29.1989991443
0.00639,0.00639,2.2853024652,1.1426512326,40.7745907144
0.00639,0.00639,2.2853024652,1.1426512326,56.9391861586
0.00639,0.00639,2.2853024652,1.1426512326,79.5120407981
0.00639,0.00639,2.2853024652,1.1426512326,111.0336318168
0.00639,0.00639,2.2853024652,1.1426512326,155.0515779833
0.00639,0.00639,2.2853024652,1.1426512326,216.5199088036
0.00639,0.00639,2.2853024652,1.1426512326,302.3566191205
0.00639,0.00639,2.2853024652,1.1426512326,422.2222595195
0.00639,0.00639,2.2853024652,1.1426512326,589.6071895242
0.00639,0.00639,2.2853024652,1.1426512326,823.3498592289
0.00639,0.00639,2.2853024652,1.1426512326,1149.7569953977
0.00639,0.00639,2.2853024652,1.1426512326,1605.5643098112
0.00639,0.00639,2.2853024652,1.1426512326,2242.0709447806
0.00639,0.00639,2.2853024652,1.1426512326,3130.912969796
0.00639,0.00639,2.2853024652,1.1426512326,4372.1257113904
0.00639,0.00639,2.2853024652,1.1426512326,6105.4022965853
0.00639,0.00639,2.2853024652,1.2569163559,0.1
0.00639,0.00639,2.2853024652,1.2569163559,0.1396437957
0.00639,0.00639,2.2853024652,1.2569163559,0.1950038968
0.00639,0.00639,2.2853024652,1.2569163559,0.2723108433
0.00639,0.00639,2.2853024652,1.2569163559,0.3802651977
0.00639,0.00639,2.2853024652,1.2569163559,0.5310167558
0.00639,0.00639,2.2853024652,1.2569163559,0.7415319537
0.00639,0.00639,2.2853024652,1.2569163559,1.0355033665
0.00639,0.00639,2.2853024652,1.2569163559,1.4460162057
0.00639,0.00639,2.2853024652,1.2569163559,2.0192719162
0.00639,0.00639,2.2853024652,1.2569163559,2.8197879494
0.00639,0.00639,2.2853024652,1.2569163559,3.9376589236
0.00639,0.00639,2.2853024652,1.2569163559,5.498696383
0.00639,0.00639,2.2853024652,1.2569163559,7.6785883437
0.00639,0.00639,2.2853024652,1.2569163559,10.7226722201
0.00639,0.00639,2.2853024652,1.2569163559,14.9735464897
0.00639,0.00639,2.2853024652,1.2569163559,20.9096286705
0.00639,0.00639,2.2853024652,1.2569163559,29.1989991443
0.00639,0.00639,2.2853024652,1.2569163559,40.7745907144
0.00639,0.00639,2.2853024652,1.2569163559,56.9391861586
0.00639,0.00639,2.2853024652,1.2569163559,79.5120407981
0.00639,0.00639,2.2853024652,1.2569163559,111.0336318168
0.00639,0.00639,2.2853024652,1.2569163559,155.0515779833
0.00639,0.00639,2.2853024652,1.2569163559,216.5199088036
0.00639,0.00639,2.2853024652,1.2569163559,302.3566191205
0.00639,0.00639,2.2853024652,1.2569163559,422.2222595195
0.00639,0.00639,2.2853024652,1.2569163559,589.6071895242
0.00639,0.00639,2.2853024652,1.2569163559,823.3498592289
0.00639,0.00639,2.2853024652,1.2569163559,1149.7569953977
0.00639,0.00639,2.2853024652,1.2569163559,1605.5643098112
0.00639,0.00639,2.2853024652,1.2569163559,2242.0709447806
0.00639,0.00639,2.2853024652,1.2569163559,3130.912969796
0.00639,0.00639,2.2853024652,1.2569163559,4372.1257113904
0.00639,0.00639,2.2853024652,1.2569163559,6105.4022965853
0.00639,0.00639,2.2853024652,1.3711814791,0.1
0.00639,0.00639,2.2853024652,1.3711814791,0.1396437957
0.00639,0.00639,2.2853024652,1.3711814791,0.1950038968
0.00639,0.00639,2.2853024652,1.3711814791,0.2723108433
0.00639,0.00639,2.2853024652,1.3711814791,0.3802651977
0.00639,0.00639,2.2853024652,1.3711814791,0.5310167558
0.00639,0.00639,2.2853024652,1.3711814791,0.7415319537
0.00639,0.00639,2.2853024652,1.3711814791,1.0355033665
0.00639,0.00639,2.2853024652,1.3711814791,1.4460162057
0.00639,0.00639,2.2853024652,1.3711814791,2.0192719162
0.00639,0.00639,2.2853024652,1.3711814791,2.8197879494
0.00639,0.00639,2.2853024652,1.3711814791,3.9376589236
0.00639,0.00639,2.2853024652,1.3711814791,5.498696383
0.00639,0.00639,2.2853024652,1.3711814791,7.6785883437
0.00639,0.00639,2.2853024652,1.3711814791,10.7226722201
0.00639,0.00639,2.2853024652,1.3711814791,14.9735464897
0.00639,0.00639,2.2853024652,1.3711814791,20.9096286705
0.00639,0.00639,2.2853024652,1.3711814791,29.1989991443
0.00639,0.00639,2.2853024652,1.3711814791,40.7745907144
0.00639,0.00639,2.2853024652,1.3711814791,56.9391861586
0.00639,0.00639,2.2853024652,1.3711814791,79.5120407981
0.00639,0.00639,2.2853024652,1.3711814791,111.0336318168
0.00639,0.00639,2.2853024652,1.3711814791,155.0515779833
0.00639,0.00639,2.2853024652,1.3711814791,216.5199088036
0.00639,0.00639,2.2853024652,1.3711814791,302.3566191205
0.00639,0.00639,2.2853024652,1.3711814791,422.2222595195
0.00639,0.00639,2.2853024652,1.3711814791,589.6071895242
0.00639,0.00639,2.2853024652,1.3711814791,823.3498592289
0.00639,0.00639,2.2853024652,1.3711814791,1149.7569953977
0.00639,0.00639,2.2853024652,1.3711814791,1605.5643098112
0.00639,0.00639,2.2853024652,1.3711814791,2242.0709447806
0.00639,0.00639,2.2853024652,1.3711814791,3130.912969796
0.00639,0.00639,2.2853024652,1.3711814791,4372.1257113904
0.00639,0.00639,2.2853024652,1.3711814791,6105.4022965853
0.00639,0.00639,2.2853024652,1.4854466024,0.1
0.00639,0.00639,2.2853024652,1.4854466024,0.1396437957
0.00639,0.00639,2.2853024652,1.4854466024,0.1950038968
0.00639,0.00639,2.2853024652,1.4854466024,0.2723108433
0.00639,0.00639,2.2853024652,1.4854466024,0.3802651977
0.00639,0.00639,2.2853024652,1.4854466024,0.5310167558
0.00639,0.00639,2.2853024652,1.4854466024,0.7415319537
0.00639,0.00639,2.2853024652,1.4854466024,1.0355033665
0.00639,0.00639,2.2853024652,1.4854466024,1.4460162057
0.00639,0.00639,2.2853024652,1.4854466024,2.0192719162
0.00639,0.00639,2.2853024652,1.4854466024,2.8197879494
0.00639,0.00639,2.2853024652,1.4854466024,3.9376589236
0.00639,0.00639,2.2853024652,1.4854466024,5.498696383
0.00639,0.00639,2.2853024652,1.4854466024,7.6785883437
0.00639,0.00639,2.2853024652,1.4854466024,10.7226722201
0.00639,0.00639,2.2853024652,1.4854466024,14.9735464897
0.00639,0.00639,2.2853024652,1.4854466024,20.9096286705
0.00639,0.00639,2.2853024652,1.4854466024,29.1989991443
0.00639,0.00639,2.2853024652,1.4854466024,40.7745907144
0.00639,0.00639,2.2853024652,1.4854466024,56.9391861586
0.00639,0.00639,2.2853024652,1.4854466024,79.5120407981
0.00639,0.00639,2.2853024652,1.4854466024,111.0336318168
0.00639,0.00639,2.2853024652,1.4854466024,155.0515779833
0.00639,0.00639,2.2853024652,1.4854466024,216.5199088036
0.00639,0.00639,2.2853024652,1.4854466024,302.3566191205
0.00639,0.00639,2.2853024652,1.4854466024,422.2222595195
0.00639,0.00639,2.2853024652,1.4854466024,589.6071895242
0.00639,0.00639,2.2853024652,1.4854466024,823.3498592289
0.00639,0.00639,2.2853024652,1.4854466024,1149.7569953977
0.00639,0.00639,2.2853024652,1.4854466024,1605.5643098112
0.00639,0.00639,2.2853024652,1.4854466024,2242.0709447806
0.00639,0.00639,2.2853024652,1.4854466024,3130.912969796
0.00639,0.00639,2.2853024652,1.4854466024,4372.1257113904
0.00639,0.00639,2.2853024652,1.4854466024,6105.4022965853
0.00639,0.00639,2.2853024652,1.5997117256,0.1
0.00639,0.00639,2.2853024652,1.5997117256,0.1396437957
0.00639,0.00639,2.2853024652,1.5997117256,0.1950038968
0.00639,0.00639,2.2853024652,1.5997117256,0.2723108433
0.00639,0.00639,2.2853024652,1.5997117256,0.3802651977
0.00639,0.00639,2.2853024652,1.5997117256,0.5310167558
0.00639,0.00639,2.2853024652,1.5997117256,0.7415319537
0.00639,0.00639,2.2853024652,1.5997117256,1.0355033665
0.00639,0.00639,2.2853024652,1.5997117256,1.4460162057
0.00639,0.00639,2.2853024652,1.5997117256,2.0192719162
0.00639,0.00639,2.2853024652,1.5997117256,2.8197879494
0.00639,0.00639,2.2853024652,1.5997117256,3.9376589236
0.00639,0.00639,2.2853024652,1.5997117256,5.498696383
0.00639,0.00639,2.2853024652,1.5997117256,7.6785883437
0.00639,0.00639,2.2853024652,1.5997117256,10.7226722201
0.00639,0.00639,2.2853024652,1.5997117256,14.9735464897
0.00639,0.00639,2.2853024652,1.5997117256,20.9096286705
0.00639,0.00639,2.2853024652,1.5997117256,29.1989991443
0.00639,0.00639,2.2853024652,1.5997117256,40.7745907144
0.00639,0.00639,2.2853024652,1.5997117256,56.9391861586
0.00639,0.00639,2.2853024652,1.5997117256,79.5120407981
0.00639,0.00639,2.2853024652,1.5997117256,111.0336318168
0.00639,0.00639,2.2853024652,1.5997117256,155.0515779833
0.00639,0.00639,2.2853024652,1.5997117256,216.5199088036
0.00639,0.00639,2.2853024652,1.5997117256,302.3566191205
0.00639,0.00639,2.2853024652,1.5997117256,422.2222595195
0.00639,0.00639,2.2853024652,1.5997117256,589.6071895242
0.00639,0.00639,2.2853024652,1.5997117256,823.3498592289
0.00639,0.00639,2.2853024652,1.5997117256,1149.7569953977
0.00639,0.00639,2.2853024652,1.5997117256,1605.5643098112
0.00639,0.00639,2.2853024652,1.5997117256,2242.0709447806
0.00639,0.00639,2.2853024652,1.5997117256,3130.912969796
0.00639,0.00639,2.2853024652,1.5997117256,4372.1257113904
0.00639,0.00639,2.2853024652,1.5997117256,6105.4022965853
0.00639,0.00639,2.2853024652,1.7139768489,0.1
0.00639,0.00639,2.2853024652,1.7139768489,0.1396437957
0.00639,0.00639,2.2853024652,1.7139768489,0.1950038968
0.00639,0.00639,2.2853024652,1.7139768489,0.2723108433
0.00639,0.00639,2.2853024652,1.7139768489,0.3802651977
0.00639,0.00639,2.2853024652,1.7139768489,0.5310167558
0.00639,0.00639,2.2853024652,1.7139768489,0.7415319537
0.00639,0.00639,2.2853024652,1.7139768489,1.0355033665
0.00639,0.00639,2.2853024652,1.7139768489,1.4460162057
0.00639,0.00639,2.2853024652,1.7139768489,2.0192719162
0.00639,0.00639,2.2853024652,1.7139768489,2.8197879494
0.00639,0.00639,2.2853024652,1.7139768489,3.9376589236
0.00639,0.00639,2.2853024652,1.7139768489,5.498696383
0.00639,0.00639,2.2853024652,1.7139768489,7.6785883437
0.00639,0.00639,2.2853024652,1.7139768489,10.7226722201
0.00639,0.00639,2.2853024652,1.7139768489,14.9735464897
0.00639,0.00639,2.2853024652,1.7139768489,20.9096286705
0.00639,0.00639,2.2853024652,1.7139768489,29.1989991443
0.00639,0.00639,2.2853024652,1.7139768489,40.7745907144
0.00639,0.00639,2.2853024652,1.7139768489,56.9391861586
0.00639,0.00639,2.2853024652,1.7139768489,79.5120407981
0.00639,0.00639,2.2853024652,1.7139768489,111.0336318168
0.00639,0.00639,2.2853024652,1.7139768489,155.0515779833
0.00639,0.00639,2.2853024652,1.7139768489,216.5199088036
0.00639,0.00639,2.2853024652,1.7139768489,302.3566191205
0.00639,0.00639,2.2853024652,1.7139768489,422.2222595195
0.00639,0.00639,2.2853024652,1.7139768489,589.6071895242
0.00639,0.00639,2.2853024652,1.7139768489,823.3498592289
0.00639,0.00639,2.2853024652,1.7139768489,1149.7569953977
0.00639,0.00639,2.2853024652,1.7139768489,1605.5643098112
0.00639,0.00639,2.2853024652,1.7139768489,2242.0709447806
0.00639,0.00639,2.2853024652,1.7139768489,3130.912969796
0.00639,0.00639,2.2853024652,1.7139768489,4372.1257113904
0.00639,0.00639,2.2853024652,1.7139768489,6105.4022965853
0.00639,0.00639,2.2853024652,1.8282419722,0.1
0.00639,0.00639,2.2853024652,1.8282419722,0.1396437957
0.00639,0.00639,2.2853024652,1.8282419722,0.1950038968
0.00639,0.00639,2.2853024652,1.8282419722,0.2723108433
0.00639,0.00639,2.2853024652,1.8282419722,0.3802651977
0.00639,0.00639,2.2853024652,1.8282419722,0.5310167558
0.00639,0.00639,2.2853024652,1.8282419722,0.7415319537
0.00639,0.00639,2.2853024652,1.8282419722,1.0355033665
0.00639,0.00639,2.2853024652,1.8282419722,1.4460162057
0.00639,0.00639,2.2853024652,1.8282419722,2.0192719162
0.00639,0.00639,2.2853024652,1.8282419722,2.8197879494
0.00639,0.00639,2.2853024652,1.8282419722,3.9376589236
0.00639,0.00639,2.2853024652,1.8282419722,5.498696383
0.00639,0.00639,2.2853024652,1.8282419722,7.6785883437
0.00639,0.00639,2.2853024652,1.8282419722,10.7226722201
0.00639,0.00639,2.2853024652,1.8282419722,14.9735464897
0.00639,0.00639,2.2853024652,1.8282419722,20.9096286705
0.00639,0.00639,2.2853024652,1.8282419722,29.1989991443
0.00639,0.00639,2.2853024652,1.8282419722,40.7745907144
0.00639,0.00639,2.2853024652,1.8282419722,56.9391861586
0.00639,0.00639,2.2853024652,1.8282419722,79.5120407981
0.00639,0.00639,2.2853024652,1.8282419722,111.0336318168
0.00639,0.00639,2.2853024652,1.8282419722,155.0515779833
0.00639,0.00639,2.2853024652,1.8282419722,216.5199088036
0.00639,0.00639,2.2853024652,1.8282419722,302.3566191205
0.00639,0.00639,2.2853024652,1.8282419722,422.2222595195
0.00639,0.00639,2.2853024652,1.8282419722,589.6071895242
0.00639,0.00639,2.2853024652,1.8282419722,823.3498592289
0.00639,0.00639,2.2853024652,1.8282419722,1149.7569953977
0.00639,0.00639,2.2853024652,1.8282419722,1605.5643098112
0.00639,0.00639,2.2853024652,1.8282419722,2242.0709447806
0.00639,0.00639,2.2853024652,1.8282419722,3130.912969796
0.00639,0.00639,2.2853024652,1.8282419722,4372.1257113904
0.00639,0.00639,2.2853024652,1.8282419722,6105.4022965853
0.00639,0.00639,2.2853024652,1.9425070954,0.1
0.00639,0.00639,2.2853024652,1.9425070954,0.1396437957
0.00639,0.00639,2.2853024652,1.9425070954,0.1950038968
0.00639,0.00639,2.2853024652,1.9425070954,0.2723108433
0.00639,0.00639,2.2853024652,1.9425070954,0.3802651977
0.00639,0.00639,2.2853024652,1.9425070954,0.5310167558
0.00639,0.00639,2.2853024652,1.9425070954,0.7415319537
0.00639,0.00639,2.2853024652,1.9425070954,1.0355033665
0.00639,0.00639,2.2853024652,1.9425070954,1.4460162057
0.00639,0.00639,2.2853024652,1.9425070954,2.0192719162
0.00639,0.00639,2.2853024652,1.9425070954,2.8197879494
0.00639,0.00639,2.2853024652,1.9425070954,3.9376589236
0.00639,0.00639,2.2853024652,1.9425070954,5.498696383
0.00639,0.00639,2.2853024652,1.9425070954,7.6785883437
0.00639,0.00639,2.2853024652,1.9425070954,10.7226722201
0.00639,0.00639,2.2853024652,1.9425070954,14.9735464897
0.00639,0.00639,2.2853024652,1.9425070954,20.9096286705
0.00639,0.00639,2.2853024652,1.9425070954,29.1989991443
0.00639,0.00639,2.2853024652,1.9425070954,40.7745907144
0.00639,0.00639,2.2853024652,1.9425070954,56.9391861586
0.00639,0.00639,2.2853024652,1.9425070954,79.5120407981
0.00639,0.00639,2.2853024652,1.9425070954,111.0336318168
0.00639,0.00639,2.2853024652,1.9425070954,155.0515779833
0.00639,0.00639,2.2853024652,1.9425070954,216.5199088036
0.00639,0.00639,2.2853024652,1.9425070954,302.3566191205
0.00639,0.00639,2.2853024652,1.9425070954,422.2222595195
0.00639,0.00639,2.2853024652,1.9425070954,589.6071895242
0.00639,0.00639,2.2853024652,1.9425070954,823.3498592289
0.00639,0.00639,2.2853024652,1.9425070954,1149.7569953977
0.00639,0.00639,2.2853024652,1.9425070954,1605.5643098112
0.00639,0.00639,2.2853024652,1.9425070954,2242.0709447806
0.00639,0.00639,2.2853024652,1.9425070954,3130.912969796
0.00639,0.00639,2.2853024652,1.9425070954,4372.1257113904
0.00639,0.00639,2.2853024652,1.9425070954,6105.4022965853
0.00639,0.00639,2.2853024652,2.0567722187,0.1
0.00639,0.00639,2.2853024652,2.0567722187,0.1396437957
0.00639,0.00639,2.2853024652,2.0567722187,0.1950038968
0.00639,0.00639,2.2853024652,2.0567722187,0.2723108433
0.00639,0.00639,2.2853024652,2.0567722187,0.3802651977
0.00639,0.00639,2.2853024652,2.0567722187,0.5310167558
0.00639,0.00639,2.2853024652,2.0567722187,0.7415319537
0.00639,0.00639,2.2853024652,2.0567722187,1.0355033665
0.00639,0.00639,2.2853024652,2.0567722187,1.4460162057
0.00639,0.00639,2.2853024652,2.0567722187,2.0192719162
0.00639,0.00639,2.2853024652,2.0567722187,2.8197879494
0.00639,0.00639,2.2853024652,2.0567722187,3.9376589236
0.00639,0.00639,2.2853024652,2.0567722187,5.498696383
0.00639,0.00639,2.2853024652,2.0567722187,7.6785883437
0.00639,0.00639,2.2853024652,2.0567722187,10.7226722201
0.00639,0.00639,2.2853024652,2.0567722187,14.9735464897
0.00639,0.00639,2.2853024652,2.0567722187,20.9096286705
0.00639,0.00639,2.2853024652,2.0567722187,29.1989991443
0.00639,0.00639,2.2853024652,2.0567722187,40.7745907144
0.00639,0.00639,2.2853024652,2.0567722187,56.9391861586
0.00639,0.00639,2.2853024652,2.0567722187,79.5120407981
0.00639,0.00639,2.2853024652,2.0567722187,111.0336318168
0.00639,0.00639,2.2853024652,2.0567722187,155.0515779833
0.00639,0.00639,2.2853024652,2.0567722187,216.5199088036
0.00639,0.00639,2.2853024652,2.0567722187,302.3566191205
0.00639,0.00639,2.2853024652,2.0567722187,422.2222595195
0.00639,0.00639,2.2853024652,2.0567722187,589.6071895242
0.00639,0.00639,2.2853024652,2.0567722187,823.3498592289
0.00639,0.00639,2.2853024652,2.0567722187,1149.7569953977
0.00639,0.00639,2.2853024652,2.0567722187,1605.5643098112
0.00639,0.00639,2.2853024652,2.0567722187,2242.0709447806
0.00639,0.00639,2.2853024652,2.0567722187,3130.912969796
0.00639,0.00639,2.2853024652,2.0567722187,4372.1257113904
0.00639,0.00639,2.2853024652,2.0567722187,6105.4022965853
0.00639,0.00639,2.2853024652,2.1710373419,0.1
0.00639,0.00639,2.2853024652,2.1710373419,0.1396437957
0.00639,0.00639,2.2853024652,2.1710373419,0.1950038968
0.00639,0.00639,2.2853024652,2.1710373419,0.2723108433
0.00639,0.00639,2.2853024652,2.1710373419,0.3802651977
0.00639,0.00639,2.2853024652,2.1710373419,0.5310167558
0.00639,0.00639,2.2853024652,2.1710373419,0.7415319537
0.00639,0.00639,2.2853024652,2.1710373419,1.0355033665
0.00639,0.00639,2.2853024652,2.1710373419,1.4460162057
0.00639,0.00639,2.2853024652,2.1710373419,2.0192719162
0.00639,0.00639,2.2853024652,2.1710373419,2.8197879494
0.00639,0.00639,2.2853024652,2.1710373419,3.9376589236
0.00639,0.00639,2.2853024652,2.1710373419,5.498696383
0.00639,0.00639,2.2853024652,2.1710373419,7.6785883437
0.00639,0.00639,2.2853024652,2.1710373419,10.7226722201
0.00639,0.00639,2.2853024652,2.1710373419,14.9735464897
0.00639,0.00639,2.2853024652,2.1710373419,20.9096286705
0.00639,0.00639,2.2853024652,2.1710373419,29.1989991443
0.00639,0.00639,2.2853024652,2.1710373419,40.7745907144
0.00639,0.00639,2.2853024652,2.1710373419,56.9391861586
0.00639,0.00639,2.2853024652,2.1710373419,79.5120407981
0.00639,0.00639,2.2853024652,2.1710373419,111.0336318168
0.00639,0.00639,2.2853024652,2.1710373419,155.0515779833
0.00639,0.00639,2.2853024652,2.1710373419,216.5199088036
0.00639,0.00639,2.2853024652,2.1710373419,302.3566191205
0.00639,0.00639,2.2853024652,2.1710373419,422.2222595195
0.00639,0.00639,2.2853024652,2.1710373419,589.6071895242
0.00639,0.00639,2.2853024652,2.1710373419,823.3498592289
0.00639,0.00639,2.2853024652,2.1710373419,1149.7569953977
0.00639,0.00639,2.2853024652,2.1710373419,1605.5643098112
0.00639,0.00639,2.2853024652,2.1710373419,2242.0709447806
0.00639,0.00639,2.2853024652,2.1710373419,3130.912969796
0.00639,0.00639,2.2853024652,2.1710373419,4372.1257113904
0.00639,0.00639,2.2853024652,2.1710373419,6105.4022965853
0.00639,0.00639,2.2853024652,2.2624494406,0.1
0.00639,0.00639,2.2853024652,2.2624494406,0.1396437957
0.00639,0.00639,2.2853024652,2.2624494406,0.1950038968
0.00639,0.00639,2.2853024652,2.2624494406,0.2723108433
0.00639,0.00639,2.2853024652,2.2624494406,0.3802651977
0.00639,0.00639,2.2853024652,2.2624494406,0.5310167558
0.00639,0.00639,2.2853024652,2.2624494406,0.7415319537
0.00639,0.00639,2.2853024652,2.2624494406,1.0355033665
0.00639,0.00639,2.2853024652,2.2624494406,1.4460162057
0.00639,0.00639,2.2853024652,2.2624494406,2.0192719162
0.00639,0.00639,2.2853024652,2.2624494406,2.8197879494
0.00639,0.00639,2.2853024652,2.2624494406,3.9376589236
0.00639,0.00639,2.2853024652,2.2624494406,5.498696383
0.00639,0.00639,2.2853024652,2.2624494406,7.6785883437
0.00639,0.00639,2.2853024652,2.2624494406,10.7226722201
0.00639,0.00639,2.2853024652,2.2624494406,14.9735464897
0.00639,0.00639,2.2853024652,2.2624494406,20.9096286705
0.00639,0.00639,2.2853024652,2.2624494406,29.1989991443
0.00639,0.00639,2.2853024652,2.2624494406,40.7745907144
0.00639,0.00639,2.2853024652,2.2624494406,56.9391861586
0.00639,0.00639,2.2853024652,2.2624494406,79.5120407981
0.00639,0.00639,2.2853024652,2.2624494406,111.0336318168
0.00639,0.00639,2.2853024652,2.2624494406,155.0515779833
0.00639,0.00639,2.2853024652,2.2624494406,216.5199088036
0.00639,0.00639,2.2853024652,2.2624494406,302.3566191205
0.00639,0.00639,2.2853024652,2.2624494406,422.2222595195
0.00639,0.00639,2.2853024652,2.2624494406,589.6071895242
0.00639,0.00639,2.2853024652,2.2624494406,823.3498592289
0.00639,0.00639,2.2853024652,2.2624494406,1149.7569953977
0.00639,0.00639,2.2853024652,2.2624494406,1605.5643098112
0.00639,0.00639,2.2853024652,2.2624494406,2242.0709447806
0.00639,0.00639,2.2853024652,2.2624494406,3130.912969796
0.00639,0.00639,2.2853024652,2.2624494406,4372.1257113904
0.00639,0.00639,2.2853024652,2.2624494406,6105.4022965853
0.00639,0.00639,2.5456800277,0.1272840014,0.1
0.00639,0.00639,2.5456800277,0.1272840014,0.1396437957
0.00639,0.00639,2.5456800277,0.1272840014,0.1950038968
0.00639,0.00639,2.5456800277,0.1272840014,0.2723108433
0.00639,0.00639,2.5456800277,0.1272840014,0.3802651977
0.00639,0.00639,2.5456800277,0.1272840014,0.5310167558
0.00639,0.00639,2.5456800277,0.1272840014,0.7415319537
0.00639,0.00639,2.5456800277,0.1272840014,1.0355033665
0.00639,0.00639,2.5456800277,0.1272840014,1.4460162057
0.00639,0.00639,2.5456800277,0.1272840014,2.0192719162
0.00639,0.00639,2.5456800277,0.1272840014,2.8197879494
0.00639,0.00639,2.5456800277,0.1272840014,3.9376589236
0.00639,0.00639,2.5456800277,0.1272840014,5.498696383
0.00639,0.00639,2.5456800277,0.1272840014,7.6785883437
0.00639,0.00639,2.5456800277,0.1272840014,10.7226722201
0.00639,0.00639,2.5456800277,0.1272840014,14.9735464897
0.00639,0.00639,2.5456800277,0.1272840014,20.9096286705
0.00639,0.00639,2.5456800277,0.1272840014,29.1989991443
0.00639,0.00639,2.5456800277,0.1272840014,40.7745907144
0.00639,0.00639,2.5456800277,0.1272840014,56.9391861586
0.00639,0.00639,2.5456800277,0.1272840014,79.5120407981
0.00639,0.00639,2.5456800277,0.1272840014,111.0336318168
0.00639,0.00639,2.5456800277,0.1272840014,155.0515779833
0.00639,0.00639,2.5456800277,0.1272840014,216.5199088036
0.00639,0.00639,2.5456800277,0.1272840014,302.3566191205
0.00639,0.00639,2.5456800277,0.1272840014,422.2222595195
0.00639,0.00639,2.5456800277,0.1272840014,589.6071895242
0.00639,0.00639,2.5456800277,0.1272840014,823.3498592289
0.00639,0.00639,2.5456800277,0.1272840014,1149.7569953977
0.00639,0.00639,2.5456800277,0.1272840014,1605.5643098112
0.00639,0.00639,2.5456800277,0.1272840014,2242.0709447806
0.00639,0.00639,2.5456800277,0.1272840014,3130.912969796
0.00639,0.00639,2.5456800277,0.1272840014,4372.1257113904
0.00639,0.00639,2.5456800277,0.1272840014,6105.4022965853
0.00639,0.00639,2.5456800277,0.2545680028,0.1
0.00639,0.00639,2.5456800277,0.2545680028,0.1396437957
0.00639,0.00639,2.5456800277,0.2545680028,0.1950038968
0.00639,0.00639,2.5456800277,0.2545680028,0.2723108433
0.00639,0.00639,2.5456800277,0.2545680028,0.3802651977
0.00639,0.00639,2.5456800277,0.2545680028,0.5310167558
0.00639,0.00639,2.5456800277,0.2545680028,0.7415319537
0.00639,0.00639,2.5456800277,0.2545680028,1.0355033665
0.00639,0.00639,2.5456800277,0.2545680028,1.4460162057
0.00639,0.00639,2.5456800277,0.2545680028,2.0192719162
0.00639,0.00639,2.5456800277,0.2545680028,2.8197879494
0.00639,0.00639,2.5456800277,0.2545680028,3.9376589236
0.00639,0.00639,2.5456800277,0.2545680028,5.498696383
0.00639,0.00639,2.5456800277,0.2545680028,7.6785883437
0.00639,0.00639,2.5456800277,0.2545680028,10.7226722201
0.00639,0.00639,2.5456800277,0.2545680028,14.9735464897
0.00639,0.00639,2.5456800277,0.2545680028,20.9096286705
0.00639,0.00639,2.5456800277,0.2545680028,29.1989991443
0.00639,0.00639,2.5456800277,0.2545680028,40.7745907144
0.00639,0.00639,2.5456800277,0.2545680028,56.9391861586
0.00639,0.00639,2.5456800277,0.2545680028,79.5120407981
0.00639,0.00639,2.5456800277,0.2545680028,111.0336318168
0.00639,0.00639,2.5456800277,0.2545680028,155.0515779833
0.00639,0.00639,2.5456800277,0.2545680028,216.5199088036
0.00639,0.00639,2.5456800277,0.2545680028,302.3566191205
0.00639,0.00639,2.5456800277,0.2545680028,422.2222595195
0.00639,0.00639,2.5456800277,0.2545680028,589.6071895242
0.00639,0.00639,2.5456800277,0.2545680028,823.3498592289
0.00639,0.00639,2.5456800277,0.2545680028,1149.7569953977
0.00639,0.00639,2.5456800277,0.2545680028,1605.5643098112
0.00639,0.00639,2.5456800277,0.2545680028,2242.0709447806
0.00639,0.00639,2.5456800277,0.2545680028,3130.912969796
0.00639,0.00639,2.5456800277,0.2545680028,4372.1257113904
0.00639,0.00639,2.5456800277,0.2545680028,6105.4022965853
0.00639,0.00639,2.5456800277,0.3818520042,0.1
0.00639,0.00639,2.5456800277,0.3818520042,0.1396437957
0.00639,0.00639,2.5456800277,0.3818520042,0.1950038968
0.00639,0.00639,2.5456800277,0.3818520042,0.2723108433
0.00639,0.00639,2.5456800277,0.3818520042,0.3802651977
0.00639,0.00639,2.5456800277,0.3818520042,0.5310167558
0.00639,0.00639,2.5456800277,0.3818520042,0.7415319537
0.00639,0.00639,2.5456800277,0.3818520042,1.0355033665
0.00639,0.00639,2.5456800277,0.3818520042,1.4460162057
0.00639,0.00639,2.5456800277,0.3818520042,2.0192719162
0.00639,0.00639,2.5456800277,0.3818520042,2.8197879494
0.00639,0.00639,2.5456800277,0.3818520042,3.9376589236
0.00639,0.00639,2.5456800277,0.3818520042,5.498696383
0.00639,0.00639,2.5456800277,0.3818520042,7.6785883437
0.00639,0.00639,2.5456800277,0.3818520042,10.7226722201
0.00639,0.00639,2.5456800277,0.3818520042,14.9735464897
0.00639,0.00639,2.5456800277,0.3818520042,20.9096286705
0.00639,0.00639,2.5456800277,0.3818520042,29.1989991443
0.00639,0.00639,2.5456800277,0.3818520042,40.7745907144
0.00639,0.00639,2.5456800277,0.3818520042,56.9391861586
0.00639,0.00639,2.5456800277,0.3818520042,79.5120407981
0.00639,0.00639,2.5456800277,0.3818520042,111.0336318168
0.00639,0.00639,2.5456800277,0.3818520042,155.0515779833
0.00639,0.00639,2.5456800277,0.3818520042,216.5199088036
0.00639,0.00639,2.5456800277,0.3818520042,302.3566191205
0.00639,0.00639,2.5456800277,0.3818520042,422.2222595195
0.00639,0.00639,2.5456800277,0.3818520042,589.6071895242
0.00639,0.00639,2.5456800277,0.3818520042,823.3498592289
0.00639,0.00639,2.5456800277,0.3818520042,1149.7569953977
0.00639,0.00639,2.5456800277,0.3818520042,1605.5643098112
0.00639,0.00639,2.5456800277,0.3818520042,2242.0709447806
0.00639,0.00639,2.5456800277,0.3818520042,3130.912969796
0.00639,0.00639,2.5456800277,0.3818520042,4372.1257113904
0.00639,0.00639,2.5456800277,0.3818520042,6105.4022965853
0.00639,0.00639,2.5456800277,0.5091360055,0.1
0.00639,0.00639,2.5456800277,0.5091360055,0.1396437957
0.00639,0.00639,2.5456800277,0.5091360055,0.1950038968
0.00639,0.00639,2.5456800277,0.5091360055,0.2723108433
0.00639,0.00639,2.5456800277,0.5091360055,0.3802651977
0.00639,0.00639,2.5456800277,0.5091360055,0.5310167558
0.00639,0.00639,2.5456800277,0.5091360055,0.7415319537
0.00639,0.00639,2.5456800277,0.5091360055,1.0355033665
0.00639,0.00639,2.5456800277,0.5091360055,1.4460162057
0.00639,0.00639,2.5456800277,0.5091360055,2.0192719162
0.00639,0.00639,2.5456800277,0.5091360055,2.8197879494
0.00639,0.00639,2.5456800277,0.5091360055,3.9376589236
0.00639,0.00639,2.5456800277,0.5091360055,5.498696383
0.00639,0.00639,2.5456800277,0.5091360055,7.6785883437
0.00639,0.00639,2.5456800277,0.5091360055,10.7226722201
0.00639,0.00639,2.5456800277,0.5091360055,14.9735464897
0.00639,0.00639,2.5456800277,0.5091360055,20.9096286705
0.00639,0.00639,2.5456800277,0.5091360055,29.1989991443
0.00639,0.00639,2.5456800277,0.5091360055,40.7745907144
0.00639,0.00639,2.5456800277,0.5091360055,56.9391861586
0.00639,0.00639,2.5456800277,0.5091360055,79.5120407981
0.00639,0.00639,2.5456800277,0.5091360055,111.0336318168
0.00639,0.00639,2.5456800277,0.5091360055,155.0515779833
0.00639,0.00639,2.5456800277,0.5091360055,216.5199088036
0.00639,0.00639,2.5456800277,0.5091360055,302.3566191205
0.00639,0.00639,2.5456800277,0.5091360055,422.2222595195
0.00639,0.00639,2.5456800277,0.5091360055,589.6071895242
0.00639,0.00639,2.5456800277,0.5091360055,823.3498592289
0.00639,0.00639,2.5456800277,0.5091360055,1149.7569953977
0.00639,0.00639,2.5456800277,0.5091360055,1605.5643098112
0.00639,0.00639,2.5456800277,0.5091360055,2242.0709447806
0.00639,0.00639,2.5456800277,0.5091360055,3130.912969796
0.00639,0.00639,2.5456800277,0.5091360055,4372.1257113904
0.00639,0.00639,2.5456800277,0.5091360055,6105.4022965853
0.00639,0.00639,2.5456800277,0.6364200069,0.1
0.00639,0.00639,2.5456800277,0.6364200069,0.1396437957
0.00639,0.00639,2.5456800277,0.6364200069,0.1950038968
0.00639,0.00639,2.5456800277,0.6364200069,0.2723108433
0.00639,0.00639,2.5456800277,0.6364200069,0.3802651977
0.00639,0.00639,2.5456800277,0.6364200069,0.5310167558
0.00639,0.00639,2.5456800277,0.6364200069,0.7415319537
0.00639,0.00639,2.5456800277,0.6364200069,1.0355033665
0.00639,0.00639,2.5456800277,0.6364200069,1.4460162057
0.00639,0.00639,2.5456800277,0.6364200069,2.0192719162
0.00639,0.00639,2.5456800277,0.6364200069,2.8197879494
0.00639,0.00639,2.5456800277,0.6364200069,3.9376589236
0.00639,0.00639,2.5456800277,0.6364200069,5.498696383
0.00639,0.00639,2.5456800277,0.6364200069,7.6785883437
0.00639,0.00639,2.5456800277,0.6364200069,10.7226722201
0.00639,0.00639,2.5456800277,0.6364200069,14.9735464897
0.00639,0.00639,2.5456800277,0.6364200069,20.9096286705
0.00639,0.00639,2.5456800277,0.6364200069,29.1989991443
0.00639,0.00639,2.5456800277,0.6364200069,40.7745907144
0.00639,0.00639,2.5456800277,0.6364200069,56.9391861586
0.00639,0.00639,2.5456800277,0.6364200069,79.5120407981
0.00639,0.00639,2.5456800277,0.6364200069,111.0336318168
0.00639,0.00639,2.5456800277,0.6364200069,155.0515779833
0.00639,0.00639,2.5456800277,0.6364200069,216.5199088036
0.00639,0.00639,2.5456800277,0.6364200069,302.3566191205
0.00639,0.00639,2.5456800277,0.6364200069,422.2222595195
0.00639,0.00639,2.5456800277,0.6364200069,589.6071895242
0.00639,0.00639,2.5456800277,0.6364200069,823.3498592289
0.00639,0.00639,2.5456800277,0.6364200069,1149.7569953977
0.00639,0.00639,2.5456800277,0.6364200069,1605.5643098112
0.00639,0.00639,2.5456800277,0.6364200069,2242.0709447806
0.00639,0.00639,2.5456800277,0.6364200069,3130.912969796
0.00639,0.00639,2.5456800277,0.6364200069,4372.1257113904
0.00639,0.00639,2.5456800277,0.6364200069,6105.4022965853
0.00639,0.00639,2.5456800277,0.7637040083,0.1
0.00639,0.00639,2.5456800277,0.7637040083,0.1396437957
0.00639,0.00639,2.5456800277,0.7637040083,0.1950038968
0.00639,0.00639,2.5456800277,0.7637040083,0.2723108433
0.00639,0.00639,2.5456800277,0.7637040083,0.3802651977
0.00639,0.00639,2.5456800277,0.7637040083,0.5310167558
0.00639,0.00639,2.5456800277,0.7637040083,0.7415319537
0.00639,0.00639,2.5456800277,0.7637040083,1.0355033665
0.00639,0.00639,2.5456800277,0.7637040083,1.4460162057
0.00639,0.00639,2.5456800277,0.7637040083,2.0192719162
0.00639,0.00639,2.5456800277,0.7637040083,2.8197879494
0.00639,0.00639,2.5456800277,0.7637040083,3.9376589236
0.00639,0.00639,2.5456800277,0.7637040083,5.498696383
0.00639,0.00639,2.5456800277,0.7637040083,7.6785883437
0.00639,0.00639,2.5456800277,0.7637040083,10.7226722201
0.00639,0.00639,2.5456800277,0.7637040083,14.9735464897
0.00639,0.00639,2.5456800277,0.7637040083,20.9096286705
0.00639,0.00639,2.5456800277,0.7637040083,29.1989991443
0.00639,0.00639,2.5456800277,0.7637040083,40.7745907144
0.00639,0.00639,2.5456800277,0.7637040083,56.9391861586
0.00639,0.00639,2.5456800277,0.7637040083,79.5120407981
0.00639,0.00639,2.5456800277,0.7637040083,111.0336318168
0.00639,0.00639,2.5456800277,0.7637040083,155.0515779833
0.00639,0.00639,2.5456800277,0.7637040083,216.5199088036
0.00639,0.00639,2.5456800277,0.7637040083,302.3566191205
0.00639,0.00639,2.5456800277,0.7637040083,422.2222595195
0.00639,0.00639,2.5456800277,0.7637040083,589.6071895242
0.00639,0.00639,2.5456800277,0.7637040083,823.3498592289
0.00639,0.00639,2.5456800277,0.7637040083,1149.7569953977
0.00639,0.00639,2.5456800277,0.7637040083,1605.5643098112
0.00639,0.00639,2.5456800277,0.7637040083,2242.0709447806
0.00639,0.00639,2.5456800277,0.7637040083,3130.912969796
0.00639,0.00639,2.5456800277,0.7637040083,4372.1257113904
0.00639,0.00639,2.5456800277,0.7637040083,6105.4022965853
0.00639,0.00639,2.5456800277,0.8909880097,0.1
0.00639,0.00639,2.5456800277,0.8909880097,0.1396437957
0.00639,0.00639,2.5456800277,0.8909880097,0.1950038968
0.00639,0.00639,2.5456800277,0.8909880097,0.2723108433
0.00639,0.00639,2.5456800277,0.8909880097,0.3802651977
0.00639,0.00639,2.5456800277,0.8909880097,0.5310167558
0.00639,0.00639,2.5456800277,0.8909880097,0.7415319537
0.00639,0.00639,2.5456800277,0.8909880097,1.0355033665
0.00639,0.00639,2.5456800277,0.8909880097,1.4460162057
0.00639,0.00639,2.5456800277,0.8909880097,2.0192719162
0.00639,0.00639,2.5456800277,0.8909880097,2.8197879494
0.00639,0.00639,2.5456800277,0.8909880097,3.9376589236
0.00639,0.00639,2.5456800277,0.8909880097,5.498696383
0.00639,0.00639,2.5456800277,0.8909880097,7.6785883437
0.00639,0.00639,2.5456800277,0.8909880097,10.7226722201
0.00639,0.00639,2.5456800277,0.8909880097,14.9735464897
0.00639,0.00639,2.5456800277,0.8909880097,20.9096286705
0.00639,0.00639,2.5456800277,0.8909880097,29.1989991443
0.00639,0.00639,2.5456800277,0.8909880097,40.7745907144
0.00639,0.00639,2.5456800277,0.8909880097,56.9391861586
0.00639,0.00639,2.5456800277,0.8909880097,79.5120407981
0.00639,0.00639,2.5456800277,0.8909880097,111.0336318168
0.00639,0.00639,2.5456800277,0.8909880097,155.0515779833
0.00639,0.00639,2.5456800277,0.8909880097,216.5199088036
0.00639,0.00639,2.5456800277,0.8909880097,302.3566191205
0.00639,0.00639,2.5456800277,0.8909880097,422.2222595195
0.00639,0.00639,2.5456800277,0.8909880097,589.6071895242
0.00639,0.00639,2.5456800277,0.8909880097,823.3498592289
0.00639,0.00639,2.5456800277,0.8909880097,1149.7569953977
0.00639,0.00639,2.5456800277,0.8909880097,1605.5643098112
0.00639,0.00639,2.5456800277,0.8909880097,2242.0709447806
0.00639,0.00639,2.5456800277,0.8909880097,3130.912969796
0.00639,0.00639,2.5456800277,0.8909880097,4372.1257113904
0.00639,0.00639,2.5456800277,0.8909880097,6105.4022965853
0.00639,0.00639,2.5456800277,1.0182720111,0.1
0.00639,0.00639,2.5456800277,1.0182720111,0.1396437957
0.00639,0.00639,2.5456800277,1.0182720111,0.1950038968
0.00639,0.00639,2.5456800277,1.0182720111,0.2723108433
0.00639,0.00639,2.5456800277,1.0182720111,0.3802651977
0.00639,0.00639,2.5456800277,1.0182720111,0.5310167558
0.00639,0.00639,2.5456800277,1.0182720111,0.7415319537
0.00639,0.00639,2.5456800277,1.0182720111,1.0355033665
0.00639,0.00639,2.5456800277,1.0182720111,1.4460162057
0.00639,0.00639,2.5456800277,1.0182720111,2.0192719162
0.00639,0.00639,2.5456800277,1.0182720111,2.8197879494
0.00639,0.00639,2.5456800277,1.0182720111,3.9376589236
0.00639,0.00639,2.5456800277,1.0182720111,5.498696383
0.00639,0.00639,2.5456800277,1.0182720111,7.6785883437
0.00639,0.00639,2.5456800277,1.0182720111,10.7226722201
0.00639,0.00639,2.5456800277,1.0182720111,14.9735464897
0.00639,0.00639,2.5456800277,1.0182720111,20.9096286705
0.00639,0.00639,2.5456800277,1.0182720111,29.1989991443
0.00639,0.00639,2.5456800277,1.0182720111,40.7745907144
0.00639,0.00639,2.5456800277,1.0182720111,56.9391861586
0.00639,0.00639,2.5456800277,1.0182720111,79.5120407981
0.00639,0.00639,2.5456800277,1.0182720111,111.0336318168
0.00639,0.00639,2.5456800277,1.0182720111,155.0515779833
0.00639,0.00639,2.5456800277,1.0182720111,216.5199088036
0.00639,0.00639,2.5456800277,1.0182720111,302.3566191205
0.00639,0.00639,2.5456800277,1.0182720111,422.2222595195
0.00639,0.00639,2.5456800277,1.0182720111,589.6071895242
0.00639,0.00639,2.5456800277,1.0182720111,823.3498592289
0.00639,0.00639,2.5456800277,1.0182720111,1149.7569953977
0.00639,0.00639,2.5456800277,1.0182720111,1605.5643098112
0.00639,0.00639,2.5456800277,1.0182720111,2242.0709447806
0.00639,0.00639,2.5456800277,1.0182720111,3130.912969796
0.00639,0.00639,2.5456800277,1.0182720111,4372.1257113904
0.00639,0.00639,2.5456800277,1.0182720111,6105.4022965853
0.00639,0.00639,2.5456800277,1.1455560125,0.1
0.00639,0.00639,2.5456800277,1.1455560125,0.1396437957
0.00639,0.00639,2.5456800277,1.1455560125,0.1950038968
0.00639,0.00639,2.5456800277,1.1455560125,0.2723108433
0.00639,0.00639,2.5456800277,1.1455560125,0.3802651977
0.00639,0.00639,2.5456800277,1.1455560125,0.5310167558
0.00639,0.00639,2.5456800277,1.1455560125,0.7415319537
0.00639,0.00639,2.5456800277,1.1455560125,1.0355033665
0.00639,0.00639,2.5456800277,1.1455560125,1.4460162057
0.00639,0.00639,2.5456800277,1.1455560125,2.0192719162
0.00639,0.00639,2.5456800277,1.1455560125,2.8197879494
0.00639,0.00639,2.5456800277,1.1455560125,3.9376589236
0.00639,0.00639,2.5456800277,1.1455560125,5.498696383
0.00639,0.00639,2.5456800277,1.1455560125,7.6785883437
0.00639,0.00639,2.5456800277,1.1455560125,10.7226722201
0.00639,0.00639,2.5456800277,1.1455560125,14.9735464897
0.00639,0.00639,2.5456800277,1.1455560125,20.9096286705
0.00639,0.00639,2.5456800277,1.1455560125,29.1989991443
0.00639,0.00639,2.5456800277,1.1455560125,40.7745907144
0.00639,0.00639,2.5456800277,1.1455560125,56.9391861586
0.00639,0.00639,2.5456800277,1.1455560125,79.5120407981
0.00639,0.00639,2.5456800277,1.1455560125,111.0336318168
0.00639,0.00639,2.5456800277,1.1455560125,155.0515779833
0.00639,0.00639,2.5456800277,1.1455560125,216.5199088036
0.00639,0.00639,2.5456800277,1.1455560125,302.3566191205
0.00639,0.00639,2.5456800277,1.1455560125,422.2222595195
0.00639,0.00639,2.5456800277,1.1455560125,589.6071895242
0.00639,0.00639,2.5456800277,1.1455560125,823.3498592289
0.00639,0.00639,2.5456800277,1.1455560125,1149.7569953977
0.00639,0.00639,2.5456800277,1.1455560125,1605.5643098112
0.00639,0.00639,2.5456800277,1.1455560125,2242.0709447806
0.00639,0.00639,2.5456800277,1.1455560125,3130.912969796
0.00639,0.00639,2.5456800277,1.1455560125,4372.1257113904
0.00639,0.00639,2.5456800277,1.1455560125,6105.4022965853
0.00639,0.00639,2.5456800277,1.2728400139,0.1
0.00639,0.00639,2.5456800277,1.2728400139,0.1396437957
0.00639,0.00639,2.5456800277,1.2728400139,0.1950038968
0.00639,0.00639,2.5456800277,1.2728400139,0.2723108433
0.00639,0.00639,2.5456800277,1.2728400139,0.3802651977
0.00639,0.00639,2.5456800277,1.2728400139,0.5310167558
0.00639,0.00639,2.5456800277,1.2728400139,0.7415319537
0.00639,0.00639,2.5456800277,1.2728400139,1.0355033665
0.00639,0.00639,2.5456800277,1.2728400139,1.4460162057
0.00639,0.00639,2.5456800277,1.2728400139,2.0192719162
0.00639,0.00639,2.5456800277,1.2728400139,2.8197879494
0.00639,0.00639,2.5456800277,1.2728400139,3.9376589236
0.00639,0.00639,2.5456800277,1.2728400139,5.498696383
0.00639,0.00639,2.5456800277,1.2728400139,7.6785883437
0.00639,0.00639,2.5456800277,1.2728400139,10.7226722201
0.00639,0.00639,2.5456800277,1.2728400139,14.9735464897
0.00639,0.00639,2.5456800277,1.2728400139,20.9096286705
0.00639,0.00639,2.5456800277,1.2728400139,29.1989991443
0.00639,0.00639,2.5456800277,1.2728400139,40.7745907144
0.00639,0.00639,2.5456800277,1.2728400139,56.9391861586
0.00639,0.00639,2.5456800277,1.2728400139,79.5120407981
0.00639,0.00639,2.5456800277,1.2728400139,111.0336318168
0.00639,0.00639,2.5456800277,1.2728400139,155.0515779833
0.00639,0.00639,2.5456800277,1.2728400139,216.5199088036
0.00639,0.00639,2.5456800277,1.2728400139,302.3566191205
0.00639,0.00639,2.5456800277,1.2728400139,422.2222595195
0.00639,0.00639,2.5456800277,1.2728400139,589.6071895242
0.00639,0.00639,2.5456800277,1.2728400139,823.3498592289
0.00639,0.00639,2.5456800277,1.2728400139,1149.7569953977
0.00639,0.00639,2.5456800277,1.2728400139,1605.5643098112
0.00639,0.00639,2.5456800277,1.2728400139,2242.0709447806
0.00639,0.00639,2.5456800277,1.2728400139,3130.912969796
0.00639,0.00639,2.5456800277,1.2728400139,4372.1257113904
0.00639,0.00639,2.5456800277,1.2728400139,6105.4022965853
0.00639,0.00639,2.5456800277,1.4001240152,0.1
0.00639,0.00639,2.5456800277,1.4001240152,0.1396437957
0.00639,0.00639,2.5456800277,1.4001240152,0.1950038968
0.00639,0.00639,2.5456800277,1.4001240152,0.2723108433
0.00639,0.00639,2.5456800277,1.4001240152,0.3802651977
0.00639,0.00639,2.5456800277,1.4001240152,0.5310167558
0.00639,0.00639,2.5456800277,1.4001240152,0.7415319537
0.00639,0.00639,2.5456800277,1.4001240152,1.0355033665
0.00639,0.00639,2.5456800277,1.4001240152,1.4460162057
0.00639,0.00639,2.5456800277,1.4001240152,2.0192719162
0.00639,0.00639,2.5456800277,1.4001240152,2.8197879494
0.00639,0.00639,2.5456800277,1.4001240152,3.9376589236
0.00639,0.00639,2.5456800277,1.4001240152,5.498696383
0.00639,0.00639,2.5456800277,1.4001240152,7.6785883437
0.00639,0.00639,2.5456800277,1.4001240152,10.7226722201
0.00639,0.00639,2.5456800277,1.4001240152,14.9735464897
0.00639,0.00639,2.5456800277,1.4001240152,20.9096286705
0.00639,0.00639,2.5456800277,1.4001240152,29.1989991443
0.00639,0.00639,2.5456800277,1.4001240152,40.7745907144
0.00639,0.00639,2.5456800277,1.4001240152,56.9391861586
0.00639,0.00639,2.5456800277,1.4001240152,79.5120407981
0.00639,0.00639,2.5456800277,1.4001240152,111.0336318168
0.00639,0.00639,2.5456800277,1.4001240152,155.0515779833
0.00639,0.00639,2.5456800277,1.4001240152,216.5199088036
0.00639,0.00639,2.5456800277,1.4001240152,302.3566191205
0.00639,0.00639,2.5456800277,1.4001240152,422.2222595195
0.00639,0.00639,2.5456800277,1.4001240152,589.6071895242
0.00639,0.00639,2.5456800277,1.4001240152,823.3498592289
0.00639,0.00639,2.5456800277,1.4001240152,1149.7569953977
0.00639,0.00639,2.5456800277,1.4001240152,1605.5643098112
0.00639,0.00639,2.5456800277,1.4001240152,2242.0709447806
0.00639,0.00639,2.5456800277,1.4001240152,3130.912969796
0.00639,0.00639,2.5456800277,1.4001240152,4372.1257113904
0.00639,0.00639,2.5456800277,1.4001240152,6105.4022965853
0.00639,0.00639,2.5456800277,1.5274080166,0.1
0.00639,0.00639,2.5456800277,1.5274080166,0.1396437957
0.00639,0.00639,2.5456800277,1.5274080166,0.1950038968
0.00639,0.00639,2.5456800277,1.5274080166,0.2723108433
0.00639,0.00639,2.5456800277,1.5274080166,0.3802651977
0.00639,0.00639,2.5456800277,1.5274080166,0.5310167558
0.00639,0.00639,2.5456800277,1.5274080166,0.7415319537
0.00639,0.00639,2.5456800277,1.5274080166,1.0355033665
0.00639,0.00639,2.5456800277,1.5274080166,1.4460162057
0.00639,0.00639,2.5456800277,1.5274080166,2.0192719162
0.00639,0.00639,2.5456800277,1.5274080166,2.8197879494
0.00639,0.00639,2.5456800277,1.5274080166,3.9376589236
0.00639,0.00639,2.5456800277,1.5274080166,5.498696383
0.00639,0.00639,2.5456800277,1.5274080166,7.6785883437
0.00639,0.00639,2.5456800277,1.5274080166,10.7226722201
0.00639,0.00639,2.5456800277,1.5274080166,14.9735464897
0.00639,0.00639,2.5456800277,1.5274080166,20.9096286705
0.00639,0.00639,2.5456800277,1.5274080166,29.1989991443
0.00639,0.00639,2.5456800277,1.5274080166,40.7745907144
0.00639,0.00639,2.5456800277,1.5274080166,56.9391861586
0.00639,0.00639,2.5456800277,1.5274080166,79.5120407981
0.00639,0.00639,2.5456800277,1.5274080166,111.0336318168
0.00639,0.00639,2.5456800277,1.5274080166,155.0515779833
0.00639,0.00639,2.5456800277,1.5274080166,216.5199088036
0.00639,0.00639,2.5456800277,1.5274080166,302.3566191205
0.00639,0.00639,2.5456800277,1.5274080166,422.2222595195
0.00639,0.00639,2.5456800277,1.5274080166,589.6071895242
0.00639,0.00639,2.5456800277,1.5274080166,823.3498592289
0.00639,0.00639,2.5456800277,1.5274080166,1149.7569953977
0.00639,0.00639,2.5456800277,1.5274080166,1605.5643098112
0.00639,0.00639,2.5456800277,1.5274080166,2242.0709447806
0.00639,0.00639,2.5456800277,1.5274080166,3130.912969796
0.00639,0.00639,2.5456800277,1.5274080166,4372.1257113904
0.00639,0.00639,2.5456800277,1.5274080166,6105.4022965853
0.00639,0.00639,2.5456800277,1.654692018,0.1
0.00639,0.00639,2.5456800277,1.654692018,0.1396437957
0.00639,0.00639,2.5456800277,1.654692018,0.1950038968
0.00639,0.00639,2.5456800277,1.654692018,0.2723108433
0.00639,0.00639,2.5456800277,1.654692018,0.3802651977
0.00639,0.00639,2.5456800277,1.654692018,0.5310167558
0.00639,0.00639,2.5456800277,1.654692018,0.7415319537
0.00639,0.00639,2.5456800277,1.654692018,1.0355033665
0.00639,0.00639,2.5456800277,1.654692018,1.4460162057
0.00639,0.00639,2.5456800277,1.654692018,2.0192719162
0.00639,0.00639,2.5456800277,1.654692018,2.8197879494
0.00639,0.00639,2.5456800277,1.654692018,3.9376589236
0.00639,0.00639,2.5456800277,1.654692018,5.498696383
0.00639,0.00639,2.5456800277,1.654692018,7.6785883437
0.00639,0.00639,2.5456800277,1.654692018,10.7226722201
0.00639,0.00639,2.5456800277,1.654692018,14.9735464897
0.00639,0.00639,2.5456800277,1.654692018,20.9096286705
0.00639,0.00639,2.5456800277,1.654692018,29.1989991443
0.00639,0.00639,2.5456800277,1.654692018,40.7745907144
0.00639,0.00639,2.5456800277,1.654692018,56.9391861586
0.00639,0.00639,2.5456800277,1.654692018,79.5120407981
0.00639,0.00639,2.5456800277,1.654692018,111.0336318168
0.00639,0.00639,2.5456800277,1.654692018,155.0515779833
0.00639,0.00639,2.5456800277,1.654692018,216.5199088036
0.00639,0.00639,2.5456800277,1.654692018,302.3566191205
0.00639,0.00639,2.5456800277,1.654692018,422.2222595195
0.00639,0.00639,2.5456800277,1.654692018,589.6071895242
0.00639,0.00639,2.5456800277,1.654692018,823.3498592289
0.00639,0.00639,2.5456800277,1.654692018,1149.7569953977
0.00639,0.00639,2.5456800277,1.654692018,1605.5643098112
0.00639,0.00639,2.5456800277,1.654692018,2242.0709447806
0.00639,0.00639,2.5456800277,1.654692018,3130.912969796
0.00639,0.00639,2.5456800277,1.654692018,4372.1257113904
0.00639,0.00639,2.5456800277,1.654692018,6105.4022965853
0.00639,0.00639,2.5456800277,1.7819760194,0.1
0.00639,0.00639,2.5456800277,1.7819760194,0.1396437957
0.00639,0.00639,2.5456800277,1.7819760194,0.1950038968
0.00639,0.00639,2.5456800277,1.7819760194,0.2723108433
0.00639,0.00639,2.5456800277,1.7819760194,0.3802651977
0.00639,0.00639,2.5456800277,1.7819760194,0.5310167558
0.00639,0.00639,2.5456800277,1.7819760194,0.7415319537
0.00639,0.00639,2.5456800277,1.7819760194,1.0355033665
0.00639,0.00639,2.5456800277,1.7819760194,1.4460162057
0.00639,0.00639,2.5456800277,1.7819760194,2.0192719162
0.00639,0.00639,2.5456800277,1.7819760194,2.8197879494
0.00639,0.00639,2.5456800277,1.7819760194,3.9376589236
0.00639,0.00639,2.5456800277,1.7819760194,5.498696383
0.00639,0.00639,2.5456800277,1.7819760194,7.6785883437
0.00639,0.00639,2.5456800277,1.7819760194,10.7226722201
0.00639,0.00639,2.5456800277,1.7819760194,14.9735464897
0.00639,0.00639,2.5456800277,1.7819760194,20.9096286705
0.00639,0.00639,2.5456800277,1.7819760194,29.1989991443
0.00639,0.00639,2.5456800277,1.7819760194,40.7745907144
0.00639,0.00639,2.5456800277,1.7819760194,56.9391861586
0.00639,0.00639,2.5456800277,1.7819760194,79.5120407981
0.00639,0.00639,2.5456800277,1.7819760194,111.0336318168
0.00639,0.00639,2.5456800277,1.7819760194,155.0515779833
0.00639,0.00639,2.5456800277,1.7819760194,216.5199088036
0.00639,0.00639,2.5456800277,1.7819760194,302.3566191205
0.00639,0.00639,2.5456800277,1.7819760194,422.2222595195
0.00639,0.00639,2.5456800277,1.7819760194,589.6071895242
0.00639,0.00639,2.5456800277,1.7819760194,823.3498592289
0.00639,0.00639,2.5456800277,1.7819760194,1149.7569953977
0.00639,0.00639,2.5456800277,1.7819760194,1605.5643098112
0.00639,0.00639,2.5456800277,1.7819760194,2242.0709447806
0.00639,0.00639,2.5456800277,1.7819760194,3130.912969796
0.00639,0.00639,2.5456800277,1.7819760194,4372.1257113904
0.00639,0.00639,2.5456800277,1.7819760194,6105.4022965853
0.00639,0.00639,2.5456800277,1.9092600208,0.1
0.00639,0.00639,2.5456800277,1.9092600208,0.1396437957
0.00639,0.00639,2.5456800277,1.9092600208,0.1950038968
0.00639,0.00639,2.5456800277,1.9092600208,0.2723108433
0.00639,0.00639,2.5456800277,1.9092600208,0.3802651977
0.00639,0.00639,2.5456800277,1.9092600208,0.5310167558
0.00639,0.00639,2.5456800277,1.9092600208,0.7415319537
0.00639,0.00639,2.5456800277,1.9092600208,1.0355033665
0.00639,0.00639,2.5456800277,1.9092600208,1.4460162057
0.00639,0.00639,2.5456800277,1.9092600208,2.0192719162
0.00639,0.00639,2.5456800277,1.9092600208,2.8197879494
0.00639,0.00639,2.5456800277,1.9092600208,3.9376589236
0.00639,0.00639,2.5456800277,1.9092600208,5.498696383
0.00639,0.00639,2.5456800277,1.9092600208,7.6785883437
0.00639,0.00639,2.5456800277,1.9092600208,10.7226722201
0.00639,0.00639,2.5456800277,1.9092600208,14.9735464897
0.00639,0.00639,2.5456800277,1.9092600208,20.9096286705
0.00639,0.00639,2.5456800277,1.9092600208,29.1989991443
0.00639,0.00639,2.5456800277,1.9092600208,40.7745907144
0.00639,0.00639,2.5456800277,1.9092600208,56.9391861586
0.00639,0.00639,2.5456800277,1.9092600208,79.5120407981
0.00639,0.00639,2.5456800277,1.9092600208,111.0336318168
0.00639,0.00639,2.5456800277,1.9092600208,155.0515779833
0.00639,0.00639,2.5456800277,1.9092600208,216.5199088036
0.00639,0.00639,2.5456800277,1.9092600208,302.3566191205
0.00639,0.00639,2.5456800277,1.9092600208,422.2222595195
0.00639,0.00639,2.5456800277,1.9092600208,589.6071895242
0.00639,0.00639,2.5456800277,1.9092600208,823.3498592289
0.00639,0.00639,2.5456800277,1.9092600208,1149.7569953977
0.00639,0.00639,2.5456800277,1.9092600208,1605.5643098112
0.00639,0.00639,2.5456800277,1.9092600208,2242.0709447806
0.00639,0.00639,2.5456800277,1.9092600208,3130.912969796
0.00639,0.00639,2.5456800277,1.9092600208,4372.1257113904
0.00639,0.00639,2.5456800277,1.9092600208,6105.4022965853
0.00639,0.00639,2.5456800277,2.0365440222,0.1
0.00639,0.00639,2.5456800277,2.0365440222,0.1396437957
0.00639,0.00639,2.5456800277,2.0365440222,0.1950038968
0.00639,0.00639,2.5456800277,2.0365440222,0.2723108433
0.00639,0.00639,2.5456800277,2.0365440222,0.3802651977
0.00639,0.00639,2.5456800277,2.0365440222,0.5310167558
0.00639,0.00639,2.5456800277,2.0365440222,0.7415319537
0.00639,0.00639,2.5456800277,2.0365440222,1.0355033665
0.00639,0.00639,2.5456800277,2.0365440222,1.4460162057
0.00639,0.00639,2.5456800277,2.0365440222,2.0192719162
0.00639,0.00639,2.5456800277,2.0365440222,2.8197879494
0.00639,0.00639,2.5456800277,2.0365440222,3.9376589236
0.00639,0.00639,2.5456800277,2.0365440222,5.498696383
0.00639,0.00639,2.5456800277,2.0365440222,7.6785883437
0.00639,0.00639,2.5456800277,2.0365440222,10.7226722201
0.00639,0.00639,2.5456800277,2.0365440222,14.9735464897
0.00639,0.00639,2.5456800277,2.0365440222,20.9096286705
0.00639,0.00639,2.5456800277,2.0365440222,29.1989991443
0.00639,0.00639,2.5456800277,2.0365440222,40.7745907144
0.00639,0.00639,2.5456800277,2.0365440222,56.9391861586
0.00639,0.00639,2.5456800277,2.0365440222,79.5120407981
0.00639,0.00639,2.5456800277,2.0365440222,111.0336318168
0.00639,0.00639,2.5456800277,2.0365440222,155.0515779833
0.00639,0.00639,2.5456800277,2.0365440222,216.5199088036
0.00639,0.00639,2.5456800277,2.0365440222,302.3566191205
0.00639,0.00639,2.5456800277,2.0365440222,422.2222595195
0.00639,0.00639,2.5456800277,2.0365440222,589.6071895242
0.00639,0.00639,2.5456800277,2.0365440222,823.3498592289
0.00639,0.00639,2.5456800277,2.0365440222,1149.7569953977
0.00639,0.00639,2.5456800277,2.0365440222,1605.5643098112
0.00639,0.00639,2.5456800277,2.0365440222,2242.0709447806
0.00639,0.00639,2.5456800277,2.0365440222,3130.912969796
0.00639,0.00639,2.5456800277,2.0365440222,4372.1257113904
0.00639,0.00639,2.5456800277,2.0365440222,6105.4022965853
0.00639,0.00639,2.5456800277,2.1638280236,0.1
0.00639,0.00639,2.5456800277,2.1638280236,0.1396437957
0.00639,0.00639,2.5456800277,2.1638280236,0.1950038968
0.00639,0.00639,2.5456800277,2.1638280236,0.2723108433
0.00639,0.00639,2.5456800277,2.1638280236,0.3802651977
0.00639,0.00639,2.5456800277,2.1638280236,0.5310167558
0.00639,0.00639,2.5456800277,2.1638280236,0.7415319537
0.00639,0.00639,2.5456800277,2.1638280236,1.0355033665
0.00639,0.00639,2.5456800277,2.1638280236,1.4460162057
0.00639,0.00639,2.5456800277,2.1638280236,2.0192719162
0.00639,0.00639,2.5456800277,2.1638280236,2.8197879494
0.00639,0.00639,2.5456800277,2.1638280236,3.9376589236
0.00639,0.00639,2.5456800277,2.1638280236,5.498696383
0.00639,0.00639,2.5456800277,2.1638280236,7.6785883437
0.00639,0.00639,2.5456800277,2.1638280236,10.7226722201
0.00639,0.00639,2.5456800277,2.1638280236,14.9735464897
0.00639,0.00639,2.5456800277,2.1638280236,20.9096286705
0.00639,0.00639,2.5456800277,2.1638280236,29.1989991443
0.00639,0.00639,2.5456800277,2.1638280236,40.7745907144
0.00639,0.00639,2.5456800277,2.1638280236,56.9391861586
0.00639,0.00639,2.5456800277,2.1638280236,79.5120407981
0.00639,0.00639,2.5456800277,2.1638280236,111.0336318168
0.00639,0.00639,2.5456800277,2.1638280236,155.0515779833
0.00639,0.00639,2.5456800277,2.1638280236,216.5199088036
0.00639,0.00639,2.5456800277,2.1638280236,302.3566191205
0.00639,0.00639,2.5456800277,2.1638280236,422.2222595195
0.00639,0.00639,2.5456800277,2.1638280236,589.6071895242
0.00639,0.00639,2.5456800277,2.1638280236,823.3498592289
0.00639,0.00639,2.5456800277,2.1638280236,1149.7569953977
0.00639,0.00639,2.5456800277,2.1638280236,1605.5643098112
0.00639,0.00639,2.5456800277,2.1638280236,2242.0709447806
0.00639,0.00639,2.5456800277,2.1638280236,3130.912969796
0.00639,0.00639,2.5456800277,2.1638280236,4372.1257113904
0.00639,0.00639,2.5456800277,2.1638280236,6105.4022965853
0.00639,0.00639,2.5456800277,2.2911120249,0.1
0.00639,0.00639,2.5456800277,2.2911120249,0.1396437957
0.00639,0.00639,2.5456800277,2.2911120249,0.1950038968
0.00639,0.00639,2.5456800277,2.2911120249,0.2723108433
0.00639,0.00639,2.5456800277,2.2911120249,0.3802651977
0.00639,0.00639,2.5456800277,2.2911120249,0.5310167558
0.00639,0.00639,2.5456800277,2.2911120249,0.7415319537
0.00639,0.00639,2.5456800277,2.2911120249,1.0355033665
0.00639,0.00639,2.5456800277,2.2911120249,1.4460162057
0.00639,0.00639,2.5456800277,2.2911120249,2.0192719162
0.00639,0.00639,2.5456800277,2.2911120249,2.8197879494
0.00639,0.00639,2.5456800277,2.2911120249,3.9376589236
0.00639,0.00639,2.5456800277,2.2911120249,5.498696383
0.00639,0.00639,2.5456800277,2.2911120249,7.6785883437
0.00639,0.00639,2.5456800277,2.2911120249,10.7226722201
0.00639,0.00639,2.5456800277,2.2911120249,14.9735464897
0.00639,0.00639,2.5456800277,2.2911120249,20.9096286705
0.00639,0.00639,2.5456800277,2.2911120249,29.1989991443
0.00639,0.00639,2.5456800277,2.2911120249,40.7745907144
0.00639,0.00639,2.5456800277,2.2911120249,56.9391861586
0.00639,0.00639,2.5456800277,2.2911120249,79.5120407981
0.00639,0.00639,2.5456800277,2.2911120249,111.0336318168
0.00639,0.00639,2.5456800277,2.2911120249,155.0515779833
0.00639,0.00639,2.5456800277,2.2911120249,216.5199088036
0.00639,0.00639,2.5456800277,2.2911120249,302.3566191205
0.00639,0.00639,2.5456800277,2.2911120249,422.2222595195
0.00639,0.00639,2.5456800277,2.2911120249,589.6071895242
0.00639,0.00639,2.5456800277,2.2911120249,823.3498592289
0.00639,0.00639,2.5456800277,2.2911120249,1149.7569953977
0.00639,0.00639,2.5456800277,2.2911120249,1605.5643098112
0.00639,0.00639,2.5456800277,2.2911120249,2242.0709447806
0.00639,0.00639,2.5456800277,2.2911120249,3130.912969796
0.00639,0.00639,2.5456800277,2.2911120249,4372.1257113904
0.00639,0.00639,2.5456800277,2.2911120249,6105.4022965853
0.00639,0.00639,2.5456800277,2.4183960263,0.1
0.00639,0.00639,2.5456800277,2.4183960263,0.1396437957
0.00639,0.00639,2.5456800277,2.4183960263,0.1950038968
0.00639,0.00639,2.5456800277,2.4183960263,0.2723108433
0.00639,0.00639,2.5456800277,2.4183960263,0.3802651977
0.00639,0.00639,2.5456800277,2.4183960263,0.5310167558
0.00639,0.00639,2.5456800277,2.4183960263,0.7415319537
0.00639,0.00639,2.5456800277,2.4183960263,1.0355033665
0.00639,0.00639,2.5456800277,2.4183960263,1.4460162057
0.00639,0.00639,2.5456800277,2.4183960263,2.0192719162
0.00639,0.00639,2.5456800277,2.4183960263,2.8197879494
0.00639,0.00639,2.5456800277,2.4183960263,3.9376589236
0.00639,0.00639,2.5456800277,2.4183960263,5.498696383
0.00639,0.00639,2.5456800277,2.4183960263,7.6785883437
0.00639,0.00639,2.5456800277,2.4183960263,10.7226722201
0.00639,0.00639,2.5456800277,2.4183960263,14.9735464897
0.00639,0.00639,2.5456800277,2.4183960263,20.9096286705
0.00639,0.00639,2.5456800277,2.4183960263,29.1989991443
0.00639,0.00639,2.5456800277,2.4183960263,40.7745907144
0.00639,0.00639,2.5456800277,2.4183960263,56.9391861586
0.00639,0.00639,2.5456800277,2.4183960263,79.5120407981
0.00639,0.00639,2.5456800277,2.4183960263,111.0336318168
0.00639,0.00639,2.5456800277,2.4183960263,155.0515779833
0.00639,0.00639,2.5456800277,2.4183960263,216.5199088036
0.00639,0.00639,2.5456800277,2.4183960263,302.3566191205
0.00639,0.00639,2.5456800277,2.4183960263,422.2222595195
0.00639,0.00639,2.5456800277,2.4183960263,589.6071895242
0.00639,0.00639,2.5456800277,2.4183960263,823.3498592289
0.00639,0.00639,2.5456800277,2.4183960263,1149.7569953977
0.00639,0.00639,2.5456800277,2.4183960263,1605.5643098112
0.00639,0.00639,2.5456800277,2.4183960263,2242.0709447806
0.00639,0.00639,2.5456800277,2.4183960263,3130.912969796
0.00639,0.00639,2.5456800277,2.4183960263,4372.1257113904
0.00639,0.00639,2.5456800277,2.4183960263,6105.4022965853
0.00639,0.00639,2.5456800277,2.5202232274,0.1
0.00639,0.00639,2.5456800277,2.5202232274,0.1396437957
0.00639,0.00639,2.5456800277,2.5202232274,0.1950038968
0.00639,0.00639,2.5456800277,2.5202232274,0.2723108433
0.00639,0.00639,2.5456800277,2.5202232274,0.3802651977
0.00639,0.00639,2.5456800277,2.5202232274,0.5310167558
0.00639,0.00639,2.5456800277,2.5202232274,0.7415319537
0.00639,0.00639,2.5456800277,2.5202232274,1.0355033665
0.00639,0.00639,2.5456800277,2.5202232274,1.4460162057
0.00639,0.00639,2.5456800277,2.5202232274,2.0192719162
0.00639,0.00639,2.5456800277,2.5202232274,2.8197879494
0.00639,0.00639,2.5456800277,2.5202232274,3.9376589236
0.00639,0.00639,2.5456800277,2.5202232274,5.498696383
0.00639,0.00639,2.5456800277,2.5202232274,7.6785883437
0.00639,0.00639,2.5456800277,2.5202232274,10.7226722201
0.00639,0.00639,2.5456800277,2.5202232274,14.9735464897
0.00639,0.00639,2.5456800277,2.5202232274,20.9096286705
0.00639,0.00639,2.5456800277,2.5202232274,29.1989991443
0.00639,0.00639,2.5456800277,2.5202232274,40.7745907144
0.00639,0.00639,2.5456800277,2.5202232274,56.9391861586
0.00639,0.00639,2.5456800277,2.5202232274,79.5120407981
0.00639,0.00639,2.5456800277,2.5202232274,111.0336318168
0.00639,0.00639,2.5456800277,2.5202232274,155.0515779833
0.00639,0.00639,2.5456800277,2.5202232274,216.5199088036
0.00639,0.00639,2.5456800277,2.5202232274,302.3566191205
0.00639,0.00639,2.5456800277,2.5202232274,422.2222595195
0.00639,0.00639,2.5456800277,2.5202232274,589.6071895242
0.00639,0.00639,2.5456800277,2.5202232274,823.3498592289
0.00639,0.00639,2.5456800277,2.5202232274,1149.7569953977
0.00639,0.00639,2.5456800277,2.5202232274,1605.5643098112
0.00639,0.00639,2.5456800277,2.5202232274,2242.0709447806
0.00639,0.00639,2.5456800277,2.5202232274,3130.912969796
0.00639,0.00639,2.5456800277,2.5202232274,4372.1257113904
0.00639,0.00639,2.5456800277,2.5202232274,6105.4022965853
0.00639,0.00639,2.8357238931,0.1417861947,0.1
0.00639,0.00639,2.8357238931,0.1417861947,0.1396437957
0.00639,0.00639,2.8357238931,0.1417861947,0.1950038968
0.00639,0.00639,2.8357238931,0.1417861947,0.2723108433
0.00639,0.00639,2.8357238931,0.1417861947,0.3802651977
0.00639,0.00639,2.8357238931,0.1417861947,0.5310167558
0.00639,0.00639,2.8357238931,0.1417861947,0.7415319537
0.00639,0.00639,2.8357238931,0.1417861947,1.0355033665
0.00639,0.00639,2.8357238931,0.1417861947,1.4460162057
0.00639,0.00639,2.8357238931,0.1417861947,2.0192719162
0.00639,0.00639,2.8357238931,0.1417861947,2.8197879494
0.00639,0.00639,2.8357238931,0.1417861947,3.9376589236
0.00639,0.00639,2.8357238931,0.1417861947,5.498696383
0.00639,0.00639,2.8357238931,0.1417861947,7.6785883437
0.00639,0.00639,2.8357238931,0.1417861947,10.7226722201
0.00639,0.00639,2.8357238931,0.1417861947,14.9735464897
0.00639,0.00639,2.8357238931,0.1417861947,20.9096286705
0.00639,0.00639,2.8357238931,0.1417861947,29.1989991443
0.00639,0.00639,2.8357238931,0.1417861947,40.7745907144
0.00639,0.00639,2.8357238931,0.1417861947,56.9391861586
0.00639,0.00639,2.8357238931,0.1417861947,79.5120407981
0.00639,0.00639,2.8357238931,0.1417861947,111.0336318168
0.00639,0.00639,2.8357238931,0.1417861947,155.0515779833
0.00639,0.00639,2.8357238931,0.1417861947,216.5199088036
0.00639,0.00639,2.8357238931,0.1417861947,302.3566191205
0.00639,0.00639,2.8357238931,0.1417861947,422.2222595195
0.00639,0.00639,2.8357238931,0.1417861947,589.6071895242
0.00639,0.00639,2.8357238931,0.1417861947,823.3498592289
0.00639,0.00639,2.8357238931,0.1417861947,1149.7569953977
0.00639,0.00639,2.8357238931,0.1417861947,1605.5643098112
0.00639,0.00639,2.8357238931,0.1417861947,2242.0709447806
0.00639,0.00639,2.8357238931,0.1417861947,3130.912969796
0.00639,0.00639,2.8357238931,0.1417861947,4372.1257113904
0.00639,0.00639,2.8357238931,0.1417861947,6105.4022965853
0.00639,0.00639,2.8357238931,0.2835723893,0.1
0.00639,0.00639,2.8357238931,0.2835723893,0.1396437957
0.00639,0.00639,2.8357238931,0.2835723893,0.1950038968
0.00639,0.00639,2.8357238931,0.2835723893,0.2723108433
0.00639,0.00639,2.8357238931,0.2835723893,0.3802651977
0.00639,0.00639,2.8357238931,0.2835723893,0.5310167558
0.00639,0.00639,2.8357238931,0.2835723893,0.7415319537
0.00639,0.00639,2.8357238931,0.2835723893,1.0355033665
0.00639,0.00639,2.8357238931,0.2835723893,1.4460162057
0.00639,0.00639,2.8357238931,0.2835723893,2.0192719162
0.00639,0.00639,2.8357238931,0.2835723893,2.8197879494
0.00639,0.00639,2.8357238931,0.2835723893,3.9376589236
0.00639,0.00639,2.8357238931,0.2835723893,5.498696383
0.00639,0.00639,2.8357238931,0.2835723893,7.6785883437
0.00639,0.00639,2.8357238931,0.2835723893,10.7226722201
0.00639,0.00639,2.8357238931,0.2835723893,14.9735464897
0.00639,0.00639,2.8357238931,0.2835723893,20.9096286705
0.00639,0.00639,2.8357238931,0.2835723893,29.1989991443
0.00639,0.00639,2.8357238931,0.2835723893,40.7745907144
0.00639,0.00639,2.8357238931,0.2835723893,56.9391861586
0.00639,0.00639,2.8357238931,0.2835723893,79.5120407981
0.00639,0.00639,2.8357238931,0.2835723893,111.0336318168
0.00639,0.00639,2.8357238931,0.2835723893,155.0515779833
0.00639,0.00639,2.8357238931,0.2835723893,216.5199088036
0.00639,0.00639,2.8357238931,0.2835723893,302.3566191205
0.00639,0.00639,2.8357238931,0.2835723893,422.2222595195
0.00639,0.00639,2.8357238931,0.2835723893,589.6071895242
0.00639,0.00639,2.8357238931,0.2835723893,823.3498592289
0.00639,0.00639,2.8357238931,0.2835723893,1149.7569953977
0.00639,0.00639,2.8357238931,0.2835723893,1605.5643098112
0.00639,0.00639,2.8357238931,0.2835723893,2242.0709447806
0.00639,0.00639,2.8357238931,0.2835723893,3130.912969796
0.00639,0.00639,2.8357238931,0.2835723893,4372.1257113904
0.00639,0.00639,2.8357238931,0.2835723893,6105.4022965853
0.00639,0.00639,2.8357238931,0.425358584,0.1
0.00639,0.00639,2.8357238931,0.425358584,0.1396437957
0.00639,0.00639,2.8357238931,0.425358584,0.1950038968
0.00639,0.00639,2.8357238931,0.425358584,0.2723108433
0.00639,0.00639,2.8357238931,0.425358584,0.3802651977
0.00639,0.00639,2.8357238931,0.425358584,0.5310167558
0.00639,0.00639,2.8357238931,0.425358584,0.7415319537
0.00639,0.00639,2.8357238931,0.425358584,1.0355033665
0.00639,0.00639,2.8357238931,0.425358584,1.4460162057
0.00639,0.00639,2.8357238931,0.425358584,2.0192719162
0.00639,0.00639,2.8357238931,0.425358584,2.8197879494
0.00639,0.00639,2.8357238931,0.425358584,3.9376589236
0.00639,0.00639,2.8357238931,0.425358584,5.498696383
0.00639,0.00639,2.8357238931,0.425358584,7.6785883437
0.00639,0.00639,2.8357238931,0.425358584,10.7226722201
0.00639,0.00639,2.8357238931,0.425358584,14.9735464897
0.00639,0.00639,2.8357238931,0.425358584,20.9096286705
0.00639,0.00639,2.8357238931,0.425358584,29.1989991443
0.00639,0.00639,2.8357238931,0.425358584,40.7745907144
0.00639,0.00639,2.8357238931,0.425358584,56.9391861586
0.00639,0.00639,2.8357238931,0.425358584,79.5120407981
0.00639,0.00639,2.8357238931,0.425358584,111.0336318168
0.00639,0.00639,2.8357238931,0.425358584,155.0515779833
0.00639,0.00639,2.8357238931,0.425358584,216.5199088036
0.00639,0.00639,2.8357238931,0.425358584,302.3566191205
0.00639,0.00639,2.8357238931,0.425358584,422.2222595195
0.00639,0.00639,2.8357238931,0.425358584,589.6071895242
0.00639,0.00639,2.8357238931,0.425358584,823.3498592289
0.00639,0.00639,2.8357238931,0.425358584,1149.7569953977
0.00639,0.00639,2.8357238931,0.425358584,1605.5643098112
0.00639,0.00639,2.8357238931,0.425358584,2242.0709447806
0.00639,0.00639,2.8357238931,0.425358584,3130.912969796
0.00639,0.00639,2.8357238931,0.425358584,4372.1257113904
0.00639,0.00639,2.8357238931,0.425358584,6105.4022965853
0.00639,0.00639,2.8357238931,0.5671447786,0.1
0.00639,0.00639,2.8357238931,0.5671447786,0.1396437957
0.00639,0.00639,2.8357238931,0.5671447786,0.1950038968
0.00639,0.00639,2.8357238931,0.5671447786,0.2723108433
0.00639,0.00639,2.8357238931,0.5671447786,0.3802651977
0.00639,0.00639,2.8357238931,0.5671447786,0.5310167558
0.00639,0.00639,2.8357238931,0.5671447786,0.7415319537
0.00639,0.00639,2.8357238931,0.5671447786,1.0355033665
0.00639,0.00639,2.8357238931,0.5671447786,1.4460162057
0.00639,0.00639,2.8357238931,0.5671447786,2.0192719162
0.00639,0.00639,2.8357238931,0.5671447786,2.8197879494
0.00639,0.00639,2.8357238931,0.5671447786,3.9376589236
0.00639,0.00639,2.8357238931,0.5671447786,5.498696383
0.00639,0.00639,2.8357238931,0.5671447786,7.6785883437
0.00639,0.00639,2.8357238931,0.5671447786,10.7226722201
0.00639,0.00639,2.8357238931,0.5671447786,14.9735464897
0.00639,0.00639,2.8357238931,0.5671447786,20.9096286705
0.00639,0.00639,2.8357238931,0.5671447786,29.1989991443
0.00639,0.00639,2.8357238931,0.5671447786,40.7745907144
0.00639,0.00639,2.8357238931,0.5671447786,56.9391861586
0.00639,0.00639,2.8357238931,0.5671447786,79.5120407981
0.00639,0.00639,2.8357238931,0.5671447786,111.0336318168
0.00639,0.00639,2.8357238931,0.5671447786,155.0515779833
0.00639,0.00639,2.8357238931,0.5671447786,216.5199088036
0.00639,0.00639,2.8357238931,0.5671447786,302.3566191205
0.00639,0.00639,2.8357238931,0.5671447786,422.2222595195
0.00639,0.00639,2.8357238931,0.5671447786,589.6071895242
0.00639,0.00639,2.8357238931,0.5671447786,823.3498592289
0.00639,0.00639,2.8357238931,0.5671447786,1149.7569953977
0.00639,0.00639,2.8357238931,0.5671447786,1605.5643098112
0.00639,0.00639,2.8357238931,0.5671447786,2242.0709447806
0.00639,0.00639,2.8357238931,0.5671447786,3130.912969796
0.00639,0.00639,2.8357238931,0.5671447786,4372.1257113904
0.00639,0.00639,2.8357238931,0.5671447786,6105.4022965853
0.00639,0.00639,2.8357238931,0.7089309733,0.1
0.00639,0.00639,2.8357238931,0.7089309733,0.1396437957
0.00639,0.00639,2.8357238931,0.7089309733,0.1950038968
0.00639,0.00639,2.8357238931,0.7089309733,0.2723108433
0.00639,0.00639,2.8357238931,0.7089309733,0.3802651977
0.00639,0.00639,2.8357238931,0.7089309733,0.5310167558
0.00639,0.00639,2.8357238931,0.7089309733,0.7415319537
0.00639,0.00639,2.8357238931,0.7089309733,1.0355033665
0.00639,0.00639,2.8357238931,0.7089309733,1.4460162057
0.00639,0.00639,2.8357238931,0.7089309733,2.0192719162
0.00639,0.00639,2.8357238931,0.7089309733,2.8197879494
0.00639,0.00639,2.8357238931,0.7089309733,3.9376589236
0.00639,0.00639,2.8357238931,0.7089309733,5.498696383
0.00639,0.00639,2.8357238931,0.7089309733,7.6785883437
0.00639,0.00639,2.8357238931,0.7089309733,10.7226722201
0.00639,0.00639,2.8357238931,0.7089309733,14.9735464897
0.00639,0.00639,2.8357238931,0.7089309733,20.9096286705
0.00639,0.00639,2.8357238931,0.7089309733,29.1989991443
0.00639,0.00639,2.8357238931,0.7089309733,40.7745907144
0.00639,0.00639,2.8357238931,0.7089309733,56.9391861586
0.00639,0.00639,2.8357238931,0.7089309733,79.5120407981
0.00639,0.00639,2.8357238931,0.7089309733,111.0336318168
0.00639,0.00639,2.8357238931,0.7089309733,155.0515779833
0.00639,0.00639,2.8357238931,0.7089309733,216.5199088036
0.00639,0.00639,2.8357238931,0.7089309733,302.3566191205
0.00639,0.00639,2.8357238931,0.7089309733,422.2222595195
0.00639,0.00639,2.8357238931,0.7089309733,589.6071895242
0.00639,0.00639,2.8357238931,0.7089309733,823.3498592289
0.00639,0.00639,2.8357238931,0.7089309733,1149.7569953977
0.00639,0.00639,2.8357238931,0.7089309733,1605.5643098112
0.00639,0.00639,2.8357238931,0.7089309733,2242.0709447806
0.00639,0.00639,2.8357238931,0.7089309733,3130.912969796
0.00639,0.00639,2.8357238931,0.7089309733,4372.1257113904
0.00639,0.00639,2.8357238931,0.7089309733,6105.4022965853
0.00639,0.00639,2.8357238931,0.8507171679,0.1
0.00639,0.00639,2.8357238931,0.8507171679,0.1396437957
0.00639,0.00639,2.8357238931,0.8507171679,0.1950038968
0.00639,0.00639,2.8357238931,0.8507171679,0.2723108433
0.00639,0.00639,2.8357238931,0.8507171679,0.3802651977
0.00639,0.00639,2.8357238931,0.8507171679,0.5310167558
0.00639,0.00639,2.8357238931,0.8507171679,0.7415319537
0.00639,0.00639,2.8357238931,0.8507171679,1.0355033665
0.00639,0.00639,2.8357238931,0.8507171679,1.4460162057
0.00639,0.00639,2.8357238931,0.8507171679,2.0192719162
0.00639,0.00639,2.8357238931,0.8507171679,2.8197879494
0.00639,0.00639,2.8357238931,0.8507171679,3.9376589236
0.00639,0.00639,2.8357238931,0.8507171679,5.498696383
0.00639,0.00639,2.8357238931,0.8507171679,7.6785883437
0.00639,0.00639,2.8357238931,0.8507171679,10.7226722201
0.00639,0.00639,2.8357238931,0.8507171679,14.9735464897
0.00639,0.00639,2.8357238931,0.8507171679,20.9096286705
0.00639,0.00639,2.8357238931,0.8507171679,29.1989991443
0.00639,0.00639,2.8357238931,0.8507171679,40.7745907144
0.00639,0.00639,2.8357238931,0.8507171679,56.9391861586
0.00639,0.00639,2.8357238931,0.8507171679,79.5120407981
0.00639,0.00639,2.8357238931,0.8507171679,111.0336318168
0.00639,0.00639,2.8357238931,0.8507171679,155.0515779833
0.00639,0.00639,2.8357238931,0.8507171679,216.5199088036
0.00639,0.00639,2.8357238931,0.8507171679,302.3566191205
0.00639,0.00639,2.8357238931,0.8507171679,422.2222595195
0.00639,0.00639,2.8357238931,0.8507171679,589.6071895242
0.00639,0.00639,2.8357238931,0.8507171679,823.3498592289
0.00639,0.00639,2.8357238931,0.8507171679,1149.7569953977
0.00639,0.00639,2.8357238931,0.8507171679,1605.5643098112
0.00639,0.00639,2.8357238931,0.8507171679,2242.0709447806
0.00639,0.00639,2.8357238931,0.8507171679,3130.912969796
0.00639,0.00639,2.8357238931,0.8507171679,4372.1257113904
0.00639,0.00639,2.8357238931,0.8507171679,6105.4022965853
0.00639,0.00639,2.8357238931,0.9925033626,0.1
0.00639,0.00639,2.8357238931,0.9925033626,0.1396437957
0.00639,0.00639,2.8357238931,0.9925033626,0.1950038968
0.00639,0.00639,2.8357238931,0.9925033626,0.2723108433
0.00639,0.00639,2.8357238931,0.9925033626,0.3802651977
0.00639,0.00639,2.8357238931,0.9925033626,0.5310167558
0.00639,0.00639,2.8357238931,0.9925033626,0.7415319537
0.00639,0.00639,2.8357238931,0.9925033626,1.0355033665
0.00639,0.00639,2.8357238931,0.9925033626,1.4460162057
0.00639,0.00639,2.8357238931,0.9925033626,2.0192719162
0.00639,0.00639,2.8357238931,0.9925033626,2.8197879494
0.00639,0.00639,2.8357238931,0.9925033626,3.9376589236
0.00639,0.00639,2.8357238931,0.9925033626,5.498696383
0.00639,0.00639,2.8357238931,0.9925033626,7.6785883437
0.00639,0.00639,2.8357238931,0.9925033626,10.7226722201
0.00639,0.00639,2.8357238931,0.9925033626,14.9735464897
0.00639,0.00639,2.8357238931,0.9925033626,20.9096286705
0.00639,0.00639,2.8357238931,0.9925033626,29.1989991443
0.00639,0.00639,2.8357238931,0.9925033626,40.7745907144
0.00639,0.00639,2.8357238931,0.9925033626,56.9391861586
0.00639,0.00639,2.8357238931,0.9925033626,79.5120407981
0.00639,0.00639,2.8357238931,0.9925033626,111.0336318168
0.00639,0.00639,2.8357238931,0.9925033626,155.0515779833
0.00639,0.00639,2.8357238931,0.9925033626,216.5199088036
0.00639,0.00639,2.8357238931,0.9925033626,302.3566191205
0.00639,0.00639,2.8357238931,0.9925033626,422.2222595195
0.00639,0.00639,2.8357238931,0.9925033626,589.6071895242
0.00639,0.00639,2.8357238931,0.9925033626,823.3498592289
0.00639,0.00639,2.8357238931,0.9925033626,1149.7569953977
0.00639,0.00639,2.8357238931,0.9925033626,1605.5643098112
0.00639,0.00639,2.8357238931,0.9925033626,2242.0709447806
0.00639,0.00639,2.8357238931,0.9925033626,3130.912969796
0.00639,0.00639,2.8357238931,0.9925033626,4372.1257113904
0.00639,0.00639,2.8357238931,0.9925033626,6105.4022965853
0.00639,0.00639,2.8357238931,1.1342895572,0.1
0.00639,0.00639,2.8357238931,1.1342895572,0.1396437957
0.00639,0.00639,2.8357238931,1.1342895572,0.1950038968
0.00639,0.00639,2.8357238931,1.1342895572,0.2723108433
0.00639,0.00639,2.8357238931,1.1342895572,0.3802651977
0.00639,0.00639,2.8357238931,1.1342895572,0.5310167558
0.00639,0.00639,2.8357238931,1.1342895572,0.7415319537
0.00639,0.00639,2.8357238931,1.1342895572,1.0355033665
0.00639,0.00639,2.8357238931,1.1342895572,1.4460162057
0.00639,0.00639,2.8357238931,1.1342895572,2.0192719162
0.00639,0.00639,2.8357238931,1.1342895572,2.8197879494
0.00639,0.00639,2.8357238931,1.1342895572,3.9376589236
0.00639,0.00639,2.8357238931,1.1342895572,5.498696383
0.00639,0.00639,2.8357238931,1.1342895572,7.6785883437
0.00639,0.00639,2.8357238931,1.1342895572,10.7226722201
0.00639,0.00639,2.8357238931,1.1342895572,14.9735464897
0.00639,0.00639,2.8357238931,1.1342895572,20.9096286705
0.00639,0.00639,2.8357238931,1.1342895572,29.1989991443
0.00639,0.00639,2.8357238931,1.1342895572,40.7745907144
0.00639,0.00639,2.8357238931,1.1342895572,56.9391861586
0.00639,0.00639,2.8357238931,1.1342895572,79.5120407981
0.00639,0.00639,2.8357238931,1.1342895572,111.0336318168
0.00639,0.00639,2.8357238931,1.1342895572,155.0515779833
0.00639,0.00639,2.8357238931,1.1342895572,216.5199088036
0.00639,0.00639,2.8357238931,1.1342895572,302.3566191205
0.00639,0.00639,2.8357238931,1.1342895572,422.2222595195
0.00639,0.00639,2.8357238931,1.1342895572,589.6071895242
0.00639,0.00639,2.8357238931,1.1342895572,823.3498592289
0.00639,0.00639,2.8357238931,1.1342895572,1149.7569953977
0.00639,0.00639,2.8357238931,1.1342895572,1605.5643098112
0.00639,0.00639,2.8357238931,1.1342895572,2242.0709447806
0.00639,0.00639,2.8357238931,1.1342895572,3130.912969796
0.00639,0.00639,2.8357238931,1.1342895572,4372.1257113904
0.00639,0.00639,2.8357238931,1.1342895572,6105.4022965853
0.00639,0.00639,2.8357238931,1.2760757519,0.1
0.00639,0.00639,2.8357238931,1.2760757519,0.1396437957
0.00639,0.00639,2.8357238931,1.2760757519,0.1950038968
0.00639,0.00639,2.8357238931,1.2760757519,0.2723108433
0.00639,0.00639,2.8357238931,1.2760757519,0.3802651977
0.00639,0.00639,2.8357238931,1.2760757519,0.5310167558
0.00639,0.00639,2.8357238931,1.2760757519,0.7415319537
0.00639,0.00639,2.8357238931,1.2760757519,1.0355033665
0.00639,0.00639,2.8357238931,1.2760757519,1.4460162057
0.00639,0.00639,2.8357238931,1.2760757519,2.0192719162
0.00639,0.00639,2.8357238931,1.2760757519,2.8197879494
0.00639,0.00639,2.8357238931,1.2760757519,3.9376589236
0.00639,0.00639,2.8357238931,1.2760757519,5.498696383
0.00639,0.00639,2.8357238931,1.2760757519,7.6785883437
0.00639,0.00639,2.8357238931,1.2760757519,10.7226722201
0.00639,0.00639,2.8357238931,1.2760757519,14.9735464897
0.00639,0.00639,2.8357238931,1.2760757519,20.9096286705
0.00639,0.00639,2.8357238931,1.2760757519,29.1989991443
0.00639,0.00639,2.8357238931,1.2760757519,40.7745907144
0.00639,0.00639,2.8357238931,1.2760757519,56.9391861586
0.00639,0.00639,2.8357238931,1.2760757519,79.5120407981
0.00639,0.00639,2.8357238931,1.2760757519,111.0336318168
0.00639,0.00639,2.8357238931,1.2760757519,155.0515779833
0.00639,0.00639,2.8357238931,1.2760757519,216.5199088036
0.00639,0.00639,2.8357238931,1.2760757519,302.3566191205
0.00639,0.00639,2.8357238931,1.2760757519,422.2222595195
0.00639,0.00639,2.8357238931,1.2760757519,589.6071895242
0.00639,0.00639,2.8357238931,1.2760757519,823.3498592289
0.00639,0.00639,2.8357238931,1.2760757519,1149.7569953977
0.00639,0.00639,2.8357238931,1.2760757519,1605.5643098112
0.00639,0.00639,2.8357238931,1.2760757519,2242.0709447806
0.00639,0.00639,2.8357238931,1.2760757519,3130.912969796
0.00639,0.00639,2.8357238931,1.2760757519,4372.1257113904
0.00639,0.00639,2.8357238931,1.2760757519,6105.4022965853
0.00639,0.00639,2.8357238931,1.4178619465,0.1
0.00639,0.00639,2.8357238931,1.4178619465,0.1396437957
0.00639,0.00639,2.8357238931,1.4178619465,0.1950038968
0.00639,0.00639,2.8357238931,1.4178619465,0.2723108433
0.00639,0.00639,2.8357238931,1.4178619465,0.3802651977
0.00639,0.00639,2.8357238931,1.4178619465,0.5310167558
0.00639,0.00639,2.8357238931,1.4178619465,0.7415319537
0.00639,0.00639,2.8357238931,1.4178619465,1.0355033665
0.00639,0.00639,2.8357238931,1.4178619465,1.4460162057
0.00639,0.00639,2.8357238931,1.4178619465,2.0192719162
0.00639,0.00639,2.8357238931,1.4178619465,2.8197879494
0.00639,0.00639,2.8357238931,1.4178619465,3.9376589236
0.00639,0.00639,2.8357238931,1.4178619465,5.498696383
0.00639,0.00639,2.8357238931,1.4178619465,7.6785883437
0.00639,0.00639,2.8357238931,1.4178619465,10.7226722201
0.00639,0.00639,2.8357238931,1.4178619465,14.9735464897
0.00639,0.00639,2.8357238931,1.4178619465,20.9096286705
0.00639,0.00639,2.8357238931,1.4178619465,29.1989991443
0.00639,0.00639,2.8357238931,1.4178619465,40.7745907144
0.00639,0.00639,2.8357238931,1.4178619465,56.9391861586
0.00639,0.00639,2.8357238931,1.4178619465,79.5120407981
0.00639,0.00639,2.8357238931,1.4178619465,111.0336318168
0.00639,0.00639,2.8357238931,1.4178619465,155.0515779833
0.00639,0.00639,2.8357238931,1.4178619465,216.5199088036
0.00639,0.00639,2.8357238931,1.4178619465,302.3566191205
0.00639,0.00639,2.8357238931,1.4178619465,422.2222595195
0.00639,0.00639,2.8357238931,1.4178619465,589.6071895242
0.00639,0.00639,2.8357238931,1.4178619465,823.3498592289
0.00639,0.00639,2.8357238931,1.4178619465,1149.7569953977
0.00639,0.00639,2.8357238931,1.4178619465,1605.5643098112
0.00639,0.00639,2.8357238931,1.4178619465,2242.0709447806
0.00639,0.00639,2.8357238931,1.4178619465,3130.912969796
0.00639,0.00639,2.8357238931,1.4178619465,4372.1257113904
0.00639,0.00639,2.8357238931,1.4178619465,6105.4022965853
0.00639,0.00639,2.8357238931,1.5596481412,0.1
0.00639,0.00639,2.8357238931,1.5596481412,0.1396437957
0.00639,0.00639,2.8357238931,1.5596481412,0.1950038968
0.00639,0.00639,2.8357238931,1.5596481412,0.2723108433
0.00639,0.00639,2.8357238931,1.5596481412,0.3802651977
0.00639,0.00639,2.8357238931,1.5596481412,0.5310167558
0.00639,0.00639,2.8357238931,1.5596481412,0.7415319537
0.00639,0.00639,2.8357238931,1.5596481412,1.0355033665
0.00639,0.00639,2.8357238931,1.5596481412,1.4460162057
0.00639,0.00639,2.8357238931,1.5596481412,2.0192719162
0.00639,0.00639,2.8357238931,1.5596481412,2.8197879494
0.00639,0.00639,2.8357238931,1.5596481412,3.9376589236
0.00639,0.00639,2.8357238931,1.5596481412,5.498696383
0.00639,0.00639,2.8357238931,1.5596481412,7.6785883437
0.00639,0.00639,2.8357238931,1.5596481412,10.7226722201
0.00639,0.00639,2.8357238931,1.5596481412,14.9735464897
0.00639,0.00639,2.8357238931,1.5596481412,20.9096286705
0.00639,0.00639,2.8357238931,1.5596481412,29.1989991443
0.00639,0.00639,2.8357238931,1.5596481412,40.7745907144
0.00639,0.00639,2.8357238931,1.5596481412,56.9391861586
0.00639,0.00639,2.8357238931,1.5596481412,79.5120407981
0.00639,0.00639,2.8357238931,1.5596481412,111.0336318168
0.00639,0.00639,2.8357238931,1.5596481412,155.0515779833
0.00639,0.00639,2.8357238931,1.5596481412,216.5199088036
0.00639,0.00639,2.8357238931,1.5596481412,302.3566191205
0.00639,0.00639,2.8357238931,1.5596481412,422.2222595195
0.00639,0.00639,2.8357238931,1.5596481412,589.6071895242
0.00639,0.00639,2.8357238931,1.5596481412,823.3498592289
0.00639,0.00639,2.8357238931,1.5596481412,1149.7569953977
0.00639,0.00639,2.8357238931,1.5596481412,1605.5643098112
0.00639,0.00639,2.8357238931,1.5596481412,2242.0709447806
0.00639,0.00639,2.8357238931,1.5596481412,3130.912969796
0.00639,0.00639,2.8357238931,1.5596481412,4372.1257113904
0.00639,0.00639,2.8357238931,1.5596481412,6105.4022965853
0.00639,0.00639,2.8357238931,1.7014343359,0.1
0.00639,0.00639,2.8357238931,1.7014343359,0.1396437957
0.00639,0.00639,2.8357238931,1.7014343359,0.1950038968
0.00639,0.00639,2.8357238931,1.7014343359,0.2723108433
0.00639,0.00639,2.8357238931,1.7014343359,0.3802651977
0.00639,0.00639,2.8357238931,1.7014343359,0.5310167558
0.00639,0.00639,2.8357238931,1.7014343359,0.7415319537
0.00639,0.00639,2.8357238931,1.7014343359,1.0355033665
0.00639,0.00639,2.8357238931,1.7014343359,1.4460162057
0.00639,0.00639,2.8357238931,1.7014343359,2.0192719162
0.00639,0.00639,2.8357238931,1.7014343359,2.8197879494
0.00639,0.00639,2.8357238931,1.7014343359,3.9376589236
0.00639,0.00639,2.8357238931,1.7014343359,5.498696383
0.00639,0.00639,2.8357238931,1.7014343359,7.6785883437
0.00639,0.00639,2.8357238931,1.7014343359,10.7226722201
0.00639,0.00639,2.8357238931,1.7014343359,14.9735464897
0.00639,0.00639,2.8357238931,1.7014343359,20.9096286705
0.00639,0.00639,2.8357238931,1.7014343359,29.1989991443
0.00639,0.00639,2.8357238931,1.7014343359,40.7745907144
0.00639,0.00639,2.8357238931,1.7014343359,56.9391861586
0.00639,0.00639,2.8357238931,1.7014343359,79.5120407981
0.00639,0.00639,2.8357238931,1.7014343359,111.0336318168
0.00639,0.00639,2.8357238931,1.7014343359,155.0515779833
0.00639,0.00639,2.8357238931,1.7014343359,216.5199088036
0.00639,0.00639,2.8357238931,1.7014343359,302.3566191205
0.00639,0.00639,2.8357238931,1.7014343359,422.2222595195
0.00639,0.00639,2.8357238931,1.7014343359,589.6071895242
0.00639,0.00639,2.8357238931,1.7014343359,823.3498592289
0.00639,0.00639,2.8357238931,1.7014343359,1149.7569953977
0.00639,0.00639,2.8357238931,1.7014343359,1605.5643098112
0.00639,0.00639,2.8357238931,1.7014343359,2242.0709447806
0.00639,0.00639,2.8357238931,1.7014343359,3130.912969796
0.00639,0.00639,2.8357238931,1.7014343359,4372.1257113904
0.00639,0.00639,2.8357238931,1.7014343359,6105.4022965853
0.00639,0.00639,2.8357238931,1.8432205305,0.1
0.00639,0.00639,2.8357238931,1.8432205305,0.1396437957
0.00639,0.00639,2.8357238931,1.8432205305,0.1950038968
0.00639,0.00639,2.8357238931,1.8432205305,0.2723108433
0.00639,0.00639,2.8357238931,1.8432205305,0.3802651977
0.00639,0.00639,2.8357238931,1.8432205305,0.5310167558
0.00639,0.00639,2.8357238931,1.8432205305,0.7415319537
0.00639,0.00639,2.8357238931,1.8432205305,1.0355033665
0.00639,0.00639,2.8357238931,1.8432205305,1.4460162057
0.00639,0.00639,2.8357238931,1.8432205305,2.0192719162
0.00639,0.00639,2.8357238931,1.8432205305,2.8197879494
0.00639,0.00639,2.8357238931,1.8432205305,3.9376589236
0.00639,0.00639,2.8357238931,1.8432205305,5.498696383
0.00639,0.00639,2.8357238931,1.8432205305,7.6785883437
0.00639,0.00639,2.8357238931,1.8432205305,10.7226722201
0.00639,0.00639,2.8357238931,1.8432205305,14.9735464897
0.00639,0.00639,2.8357238931,1.8432205305,20.9096286705
0.00639,0.00639,2.8357238931,1.8432205305,29.1989991443
0.00639,0.00639,2.8357238931,1.8432205305,40.7745907144
0.00639,0.00639,2.8357238931,1.8432205305,56.9391861586
0.00639,0.00639,2.8357238931,1.8432205305,79.5120407981
0.00639,0.00639,2.8357238931,1.8432205305,111.0336318168
0.00639,0.00639,2.8357238931,1.8432205305,155.0515779833
0.00639,0.00639,2.8357238931,1.8432205305,216.5199088036
0.00639,0.00639,2.8357238931,1.8432205305,302.3566191205
0.00639,0.00639,2.8357238931,1.8432205305,422.2222595195
0.00639,0.00639,2.8357238931,1.8432205305,589.6071895242
0.00639,0.00639,2.8357238931,1.8432205305,823.3498592289
0.00639,0.00639,2.8357238931,1.8432205305,1149.7569953977
0.00639,0.00639,2.8357238931,1.8432205305,1605.5643098112
0.00639,0.00639,2.8357238931,1.8432205305,2242.0709447806
0.00639,0.00639,2.8357238931,1.8432205305,3130.912969796
0.00639,0.00639,2.8357238931,1.8432205305,4372.1257113904
0.00639,0.00639,2.8357238931,1.8432205305,6105.4022965853
0.00639,0.00639,2.8357238931,1.9850067252,0.1
0.00639,0.00639,2.8357238931,1.9850067252,0.1396437957
0.00639,0.00639,2.8357238931,1.9850067252,0.1950038968
0.00639,0.00639,2.8357238931,1.9850067252,0.2723108433
0.00639,0.00639,2.8357238931,1.9850067252,0.3802651977
0.00639,0.00639,2.8357238931,1.9850067252,0.5310167558
0.00639,0.00639,2.8357238931,1.9850067252,0.7415319537
0.00639,0.00639,2.8357238931,1.9850067252,1.0355033665
0.00639,0.00639,2.8357238931,1.9850067252,1.4460162057
0.00639,0.00639,2.8357238931,1.9850067252,2.0192719162
0.00639,0.00639,2.8357238931,1.9850067252,2.8197879494
0.00639,0.00639,2.8357238931,1.9850067252,3.9376589236
0.00639,0.00639,2.8357238931,1.9850067252,5.498696383
0.00639,0.00639,2.8357238931,1.9850067252,7.6785883437
0.00639,0.00639,2.8357238931,1.9850067252,10.7226722201
0.00639,0.00639,2.8357238931,1.9850067252,14.9735464897
0.00639,0.00639,2.8357238931,1.9850067252,20.9096286705
0.00639,0.00639,2.8357238931,1.9850067252,29.1989991443
0.00639,0.00639,2.8357238931,1.9850067252,40.7745907144
0.00639,0.00639,2.8357238931,1.9850067252,56.9391861586
0.00639,0.00639,2.8357238931,1.9850067252,79.5120407981
0.00639,0.00639,2.8357238931,1.9850067252,111.0336318168
0.00639,0.00639,2.8357238931,1.9850067252,155.0515779833
0.00639,0.00639,2.8357238931,1.9850067252,216.5199088036
0.00639,0.00639,2.8357238931,1.9850067252,302.3566191205
0.00639,0.00639,2.8357238931,1.9850067252,422.2222595195
0.00639,0.00639,2.8357238931,1.9850067252,589.6071895242
0.00639,0.00639,2.8357238931,1.9850067252,823.3498592289
0.00639,0.00639,2.8357238931,1.9850067252,1149.7569953977
0.00639,0.00639,2.8357238931,1.9850067252,1605.5643098112
0.00639,0.00639,2.8357238931,1.9850067252,2242.0709447806
0.00639,0.00639,2.8357238931,1.9850067252,3130.912969796
0.00639,0.00639,2.8357238931,1.9850067252,4372.1257113904
0.00639,0.00639,2.8357238931,1.9850067252,6105.4022965853
0.00639,0.00639,2.8357238931,2.1267929198,0.1
0.00639,0.00639,2.8357238931,2.1267929198,0.1396437957
0.00639,0.00639,2.8357238931,2.1267929198,0.1950038968
0.00639,0.00639,2.8357238931,2.1267929198,0.2723108433
0.00639,0.00639,2.8357238931,2.1267929198,0.3802651977
0.00639,0.00639,2.8357238931,2.1267929198,0.5310167558
0.00639,0.00639,2.8357238931,2.1267929198,0.7415319537
0.00639,0.00639,2.8357238931,2.1267929198,1.0355033665
0.00639,0.00639,2.8357238931,2.1267929198,1.4460162057
0.00639,0.00639,2.8357238931,2.1267929198,2.0192719162
0.00639,0.00639,2.8357238931,2.1267929198,2.8197879494
0.00639,0.00639,2.8357238931,2.1267929198,3.9376589236
0.00639,0.00639,2.8357238931,2.1267929198,5.498696383
0.00639,0.00639,2.8357238931,2.1267929198,7.6785883437
0.00639,0.00639,2.8357238931,2.1267929198,10.7226722201
0.00639,0.00639,2.8357238931,2.1267929198,14.9735464897
0.00639,0.00639,2.8357238931,2.1267929198,20.9096286705
0.00639,0.00639,2.8357238931,2.1267929198,29.1989991443
0.00639,0.00639,2.8357238931,2.1267929198,40.7745907144
0.00639,0.00639,2.8357238931,2.1267929198,56.9391861586
0.00639,0.00639,2.8357238931,2.1267929198,79.5120407981
0.00639,0.00639,2.8357238931,2.1267929198,111.0336318168
0.00639,0.00639,2.8357238931,2.1267929198,155.0515779833
0.00639,0.00639,2.8357238931,2.1267929198,216.5199088036
0.00639,0.00639,2.8357238931,2.1267929198,302.3566191205
0.00639,0.00639,2.8357238931,2.1267929198,422.2222595195
0.00639,0.00639,2.8357238931,2.1267929198,589.6071895242
0.00639,0.00639,2.8357238931,2.1267929198,823.3498592289
0.00639,0.00639,2.8357238931,2.1267929198,1149.7569953977
0.00639,0.00639,2.8357238931,2.1267929198,1605.5643098112
0.00639,0.00639,2.8357238931,2.1267929198,2242.0709447806
0.00639,0.00639,2.8357238931,2.1267929198,3130.912969796
0.00639,0.00639,2.8357238931,2.1267929198,4372.1257113904
0.00639,0.00639,2.8357238931,2.1267929198,6105.4022965853
0.00639,0.00639,2.8357238931,2.2685791145,0.1
0.00639,0.00639,2.8357238931,2.2685791145,0.1396437957
0.00639,0.00639,2.8357238931,2.2685791145,0.1950038968
0.00639,0.00639,2.8357238931,2.2685791145,0.2723108433
0.00639,0.00639,2.8357238931,2.2685791145,0.3802651977
0.00639,0.00639,2.8357238931,2.2685791145,0.5310167558
0.00639,0.00639,2.8357238931,2.2685791145,0.7415319537
0.00639,0.00639,2.8357238931,2.2685791145,1.0355033665
0.00639,0.00639,2.8357238931,2.2685791145,1.4460162057
0.00639,0.00639,2.8357238931,2.2685791145,2.0192719162
0.00639,0.00639,2.8357238931,2.2685791145,2.8197879494
0.00639,0.00639,2.8357238931,2.2685791145,3.9376589236
0.00639,0.00639,2.8357238931,2.2685791145,5.498696383
0.00639,0.00639,2.8357238931,2.2685791145,7.6785883437
0.00639,0.00639,2.8357238931,2.2685791145,10.7226722201
0.00639,0.00639,2.8357238931,2.2685791145,14.9735464897
0.00639,0.00639,2.8357238931,2.2685791145,20.9096286705
0.00639,0.00639,2.8357238931,2.2685791145,29.1989991443
0.00639,0.00639,2.8357238931,2.2685791145,40.7745907144
0.00639,0.00639,2.8357238931,2.2685791145,56.9391861586
0.00639,0.00639,2.8357238931,2.2685791145,79.5120407981
0.00639,0.00639,2.8357238931,2.2685791145,111.0336318168
0.00639,0.00639,2.8357238931,2.2685791145,155.0515779833
0.00639,0.00639,2.8357238931,2.2685791145,216.5199088036
0.00639,0.00639,2.8357238931,2.2685791145,302.3566191205
0.00639,0.00639,2.8357238931,2.2685791145,422.2222595195
0.00639,0.00639,2.8357238931,2.2685791145,589.6071895242
0.00639,0.00639,2.8357238931,2.2685791145,823.3498592289
0.00639,0.00639,2.8357238931,2.2685791145,1149.7569953977
0.00639,0.00639,2.8357238931,2.2685791145,1605.5643098112
0.00639,0.00639,2.8357238931,2.2685791145,2242.0709447806
0.00639,0.00639,2.8357238931,2.2685791145,3130.912969796
0.00639,0.00639,2.8357238931,2.2685791145,4372.1257113904
0.00639,0.00639,2.8357238931,2.2685791145,6105.4022965853
0.00639,0.00639,2.8357238931,2.4103653091,0.1
0.00639,0.00639,2.8357238931,2.4103653091,0.1396437957
0.00639,0.00639,2.8357238931,2.4103653091,0.1950038968
0.00639,0.00639,2.8357238931,2.4103653091,0.2723108433
0.00639,0.00639,2.8357238931,2.4103653091,0.3802651977
0.00639,0.00639,2.8357238931,2.4103653091,0.5310167558
0.00639,0.00639,2.8357238931,2.4103653091,0.7415319537
0.00639,0.00639,2.8357238931,2.4103653091,1.0355033665
0.00639,0.00639,2.8357238931,2.4103653091,1.4460162057
0.00639,0.00639,2.8357238931,2.4103653091,2.0192719162
0.00639,0.00639,2.8357238931,2.4103653091,2.8197879494
0.00639,0.00639,2.8357238931,2.4103653091,3.9376589236
0.00639,0.00639,2.8357238931,2.4103653091,5.498696383
0.00639,0.00639,2.8357238931,2.4103653091,7.6785883437
0.00639,0.00639,2.8357238931,2.4103653091,10.7226722201
0.00639,0.00639,2.8357238931,2.4103653091,14.9735464897
0.00639,0.00639,2.8357238931,2.4103653091,20.9096286705
0.00639,0.00639,2.8357238931,2.4103653091,29.1989991443
0.00639,0.00639,2.8357238931,2.4103653091,40.7745907144
0.00639,0.00639,2.8357238931,2.4103653091,56.9391861586
0.00639,0.00639,2.8357238931,2.4103653091,79.5120407981
0.00639,0.00639,2.8357238931,2.4103653091,111.0336318168
0.00639,0.00639,2.8357238931,2.4103653091,155.0515779833
0.00639,0.00639,2.8357238931,2.4103653091,216.5199088036
0.00639,0.00639,2.8357238931,2.4103653091,302.3566191205
0.00639,0.00639,2.8357238931,2.4103653091,422.2222595195
0.00639,0.00639,2.8357238931,2.4103653091,589.6071895242
0.00639,0.00639,2.8357238931,2.4103653091,823.3498592289
0.00639,0.00639,2.8357238931,2.4103653091,1149.7569953977
0.00639,0.00639,2.8357238931,2.4103653091,1605.5643098112
0.00639,0.00639,2.8357238931,2.4103653091,2242.0709447806
0.00639,0.00639,2.8357238931,2.4103653091,3130.912969796
0.00639,0.00639,2.8357238931,2.4103653091,4372.1257113904
0.00639,0.00639,2.8357238931,2.4103653091,6105.4022965853
0.00639,0.00639,2.8357238931,2.5521515038,0.1
0.00639,0.00639,2.8357238931,2.5521515038,0.1396437957
0.00639,0.00639,2.8357238931,2.5521515038,0.1950038968
0.00639,0.00639,2.8357238931,2.5521515038,0.2723108433
0.00639,0.00639,2.8357238931,2.5521515038,0.3802651977
0.00639,0.00639,2.8357238931,2.5521515038,0.5310167558
0.00639,0.00639,2.8357238931,2.5521515038,0.7415319537
0.00639,0.00639,2.8357238931,2.5521515038,1.0355033665
0.00639,0.00639,2.8357238931,2.5521515038,1.4460162057
0.00639,0.00639,2.8357238931,2.5521515038,2.0192719162
0.00639,0.00639,2.8357238931,2.5521515038,2.8197879494
0.00639,0.00639,2.8357238931,2.5521515038,3.9376589236
0.00639,0.00639,2.8357238931,2.5521515038,5.498696383
0.00639,0.00639,2.8357238931,2.5521515038,7.6785883437
0.00639,0.00639,2.8357238931,2.5521515038,10.7226722201
0.00639,0.00639,2.8357238931,2.5521515038,14.9735464897
0.00639,0.00639,2.8357238931,2.5521515038,20.9096286705
0.00639,0.00639,2.8357238931,2.5521515038,29.1989991443
0.00639,0.00639,2.8357238931,2.5521515038,40.7745907144
0.00639,0.00639,2.8357238931,2.5521515038,56.9391861586
0.00639,0.00639,2.8357238931,2.5521515038,79.5120407981
0.00639,0.00639,2.8357238931,2.5521515038,111.0336318168
0.00639,0.00639,2.8357238931,2.5521515038,155.0515779833
0.00639,0.00639,2.8357238931,2.5521515038,216.5199088036
0.00639,0.00639,2.8357238931,2.5521515038,302.3566191205
0.00639,0.00639,2.8357238931,2.5521515038,422.2222595195
0.00639,0.00639,2.8357238931,2.5521515038,589.6071895242
0.00639,0.00639,2.8357238931,2.5521515038,823.3498592289
0.00639,0.00639,2.8357238931,2.5521515038,1149.7569953977
0.00639,0.00639,2.8357238931,2.5521515038,1605.5643098112
0.00639,0.00639,2.8357238931,2.5521515038,2242.0709447806
0.00639,0.00639,2.8357238931,2.5521515038,3130.912969796
0.00639,0.00639,2.8357238931,2.5521515038,4372.1257113904
0.00639,0.00639,2.8357238931,2.5521515038,6105.4022965853
0.00639,0.00639,2.8357238931,2.6939376984,0.1
0.00639,0.00639,2.8357238931,2.6939376984,0.1396437957
0.00639,0.00639,2.8357238931,2.6939376984,0.1950038968
0.00639,0.00639,2.8357238931,2.6939376984,0.2723108433
0.00639,0.00639,2.8357238931,2.6939376984,0.3802651977
0.00639,0.00639,2.8357238931,2.6939376984,0.5310167558
0.00639,0.00639,2.8357238931,2.6939376984,0.7415319537
0.00639,0.00639,2.8357238931,2.6939376984,1.0355033665
0.00639,0.00639,2.8357238931,2.6939376984,1.4460162057
0.00639,0.00639,2.8357238931,2.6939376984,2.0192719162
0.00639,0.00639,2.8357238931,2.6939376984,2.8197879494
0.00639,0.00639,2.8357238931,2.6939376984,3.9376589236
0.00639,0.00639,2.8357238931,2.6939376984,5.498696383
0.00639,0.00639,2.8357238931,2.6939376984,7.6785883437
0.00639,0.00639,2.8357238931,2.6939376984,10.7226722201
0.00639,0.00639,2.8357238931,2.6939376984,14.9735464897
0.00639,0.00639,2.8357238931,2.6939376984,20.9096286705
0.00639,0.00639,2.8357238931,2.6939376984,29.1989991443
0.00639,0.00639,2.8357238931,2.6939376984,40.7745907144
0.00639,0.00639,2.8357238931,2.6939376984,56.9391861586
0.00639,0.00639,2.8357238931,2.6939376984,79.5120407981
0.00639,0.00639,2.8357238931,2.6939376984,111.0336318168
0.00639,0.00639,2.8357238931,2.6939376984,155.0515779833
0.00639,0.00639,2.8357238931,2.6939376984,216.5199088036
0.00639,0.00639,2.8357238931,2.6939376984,302.3566191205
0.00639,0.00639,2.8357238931,2.6939376984,422.2222595195
0.00639,0.00639,2.8357238931,2.6939376984,589.6071895242
0.00639,0.00639,2.8357238931,2.6939376984,823.3498592289
0.00639,0.00639,2.8357238931,2.6939376984,1149.7569953977
0.00639,0.00639,2.8357238931,2.6939376984,1605.5643098112
0.00639,0.00639,2.8357238931,2.6939376984,2242.0709447806
0.00639,0.00639,2.8357238931,2.6939376984,3130.912969796
0.00639,0.00639,2.8357238931,2.6939376984,4372.1257113904
0.00639,0.00639,2.8357238931,2.6939376984,6105.4022965853
0.00639,0.00639,2.8357238931,2.8073666542,0.1
0.00639,0.00639,2.8357238931,2.8073666542,0.1396437957
0.00639,0.00639,2.8357238931,2.8073666542,0.1950038968
0.00639,0.00639,2.8357238931,2.8073666542,0.2723108433
0.00639,0.00639,2.8357238931,2.8073666542,0.3802651977
0.00639,0.00639,2.8357238931,2.8073666542,0.5310167558
0.00639,0.00639,2.8357238931,2.8073666542,0.7415319537
0.00639,0.00639,2.8357238931,2.8073666542,1.0355033665
0.00639,0.00639,2.8357238931,2.8073666542,1.4460162057
0.00639,0.00639,2.8357238931,2.8073666542,2.0192719162
0.00639,0.00639,2.8357238931,2.8073666542,2.8197879494
0.00639,0.00639,2.8357238931,2.8073666542,3.9376589236
0.00639,0.00639,2.8357238931,2.8073666542,5.498696383
0.00639,0.00639,2.8357238931,2.8073666542,7.6785883437
0.00639,0.00639,2.8357238931,2.8073666542,10.7226722201
0.00639,0.00639,2.8357238931,2.8073666542,14.9735464897
0.00639,0.00639,2.8357238931,2.8073666542,20.9096286705
0.00639,0.00639,2.8357238931,2.8073666542,29.1989991443
0.00639,0.00639,2.8357238931,2.8073666542,40.7745907144
0.00639,0.00639,2.8357238931,2.8073666542,56.9391861586
0.00639,0.00639,2.8357238931,2.8073666542,79.5120407981
0.00639,0.00639,2.8357238931,2.8073666542,111.0336318168
0.00639,0.00639,2.8357238931,2.8073666542,155.0515779833
0.00639,0.00639,2.8357238931,2.8073666542,216.5199088036
0.00639,0.00639,2.8357238931,2.8073666542,302.3566191205
0.00639,0.00639,2.8357238931,2.8073666542,422.2222595195
0.00639,0.00639,2.8357238931,2.8073666542,589.6071895242
0.00639,0.00639,2.8357238931,2.8073666542,823.3498592289
0.00639,0.00639,2.8357238931,2.8073666542,1149.7569953977
0.00639,0.00639,2.8357238931,2.8073666542,1605.5643098112
0.00639,0.00639,2.8357238931,2.8073666542,2242.0709447806
0.00639,0.00639,2.8357238931,2.8073666542,3130.912969796
0.00639,0.00639,2.8357238931,2.8073666542,4372.1257113904
0.00639,0.00639,2.8357238931,2.8073666542,6105.4022965853
0.00639,0.00639,3.1588141126,0.1579407056,0.1
0.00639,0.00639,3.1588141126,0.1579407056,0.1396437957
0.00639,0.00639,3.1588141126,0.1579407056,0.1950038968
0.00639,0.00639,3.1588141126,0.1579407056,0.2723108433
0.00639,0.00639,3.1588141126,0.1579407056,0.3802651977
0.00639,0.00639,3.1588141126,0.1579407056,0.5310167558
0.00639,0.00639,3.1588141126,0.1579407056,0.7415319537
0.00639,0.00639,3.1588141126,0.1579407056,1.0355033665
0.00639,0.00639,3.1588141126,0.1579407056,1.4460162057
0.00639,0.00639,3.1588141126,0.1579407056,2.0192719162
0.00639,0.00639,3.1588141126,0.1579407056,2.8197879494
0.00639,0.00639,3.1588141126,0.1579407056,3.9376589236
0.00639,0.00639,3.1588141126,0.1579407056,5.498696383
0.00639,0.00639,3.1588141126,0.1579407056,7.6785883437
0.00639,0.00639,3.1588141126,0.1579407056,10.7226722201
0.00639,0.00639,3.1588141126,0.1579407056,14.9735464897
0.00639,0.00639,3.1588141126,0.1579407056,20.9096286705
0.00639,0.00639,3.1588141126,0.1579407056,29.1989991443
0.00639,0.00639,3.1588141126,0.1579407056,40.7745907144
0.00639,0.00639,3.1588141126,0.1579407056,56.9391861586
0.00639,0.00639,3.1588141126,0.1579407056,79.5120407981
0.00639,0.00639,3.1588141126,0.1579407056,111.0336318168
0.00639,0.00639,3.1588141126,0.1579407056,155.0515779833
0.00639,0.00639,3.1588141126,0.1579407056,216.5199088036
0.00639,0.00639,3.1588141126,0.1579407056,302.3566191205
0.00639,0.00639,3.1588141126,0.1579407056,422.2222595195
0.00639,0.00639,3.1588141126,0.1579407056,589.6071895242
0.00639,0.00639,3.1588141126,0.1579407056,823.3498592289
0.00639,0.00639,3.1588141126,0.1579407056,1149.7569953977
0.00639,0.00639,3.1588141126,0.1579407056,1605.5643098112
0.00639,0.00639,3.1588141126,0.1579407056,2242.0709447806
0.00639,0.00639,3.1588141126,0.1579407056,3130.912969796
0.00639,0.00639,3.1588141126,0.1579407056,4372.1257113904
0.00639,0.00639,3.1588141126,0.1579407056,6105.4022965853
0.00639,0.00639,3.1588141126,0.3158814113,0.1
0.00639,0.00639,3.1588141126,0.3158814113,0.1396437957
0.00639,0.00639,3.1588141126,0.3158814113,0.1950038968
0.00639,0.00639,3.1588141126,0.3158814113,0.2723108433
0.00639,0.00639,3.1588141126,0.3158814113,0.3802651977
0.00639,0.00639,3.1588141126,0.3158814113,0.5310167558
0.00639,0.00639,3.1588141126,0.3158814113,0.7415319537
0.00639,0.00639,3.1588141126,0.3158814113,1.0355033665
0.00639,0.00639,3.1588141126,0.3158814113,1.4460162057
0.00639,0.00639,3.1588141126,0.3158814113,2.0192719162
0.00639,0.00639,3.1588141126,0.3158814113,2.8197879494
0.00639,0.00639,3.1588141126,0.3158814113,3.9376589236
0.00639,0.00639,3.1588141126,0.3158814113,5.498696383
0.00639,0.00639,3.1588141126,0.3158814113,7.6785883437
0.00639,0.00639,3.1588141126,0.3158814113,10.7226722201
0.00639,0.00639,3.1588141126,0.3158814113,14.9735464897
0.00639,0.00639,3.1588141126,0.3158814113,20.9096286705
0.00639,0.00639,3.1588141126,0.3158814113,29.1989991443
0.00639,0.00639,3.1588141126,0.3158814113,40.7745907144
0.00639,0.00639,3.1588141126,0.3158814113,56.9391861586
0.00639,0.00639,3.1588141126,0.3158814113,79.5120407981
0.00639,0.00639,3.1588141126,0.3158814113,111.0336318168
0.00639,0.00639,3.1588141126,0.3158814113,155.0515779833
0.00639,0.00639,3.1588141126,0.3158814113,216.5199088036
0.00639,0.00639,3.1588141126,0.3158814113,302.3566191205
0.00639,0.00639,3.1588141126,0.3158814113,422.2222595195
0.00639,0.00639,3.1588141126,0.3158814113,589.6071895242
0.00639,0.00639,3.1588141126,0.3158814113,823.3498592289
0.00639,0.00639,3.1588141126,0.3158814113,1149.7569953977
0.00639,0.00639,3.1588141126,0.3158814113,1605.5643098112
0.00639,0.00639,3.1588141126,0.3158814113,2242.0709447806
0.00639,0.00639,3.1588141126,0.3158814113,3130.912969796
0.00639,0.00639,3.1588141126,0.3158814113,4372.1257113904
0.00639,0.00639,3.1588141126,0.3158814113,6105.4022965853
0.00639,0.00639,3.1588141126,0.4738221169,0.1
0.00639,0.00639,3.1588141126,0.4738221169,0.1396437957
0.00639,0.00639,3.1588141126,0.4738221169,0.1950038968
0.00639,0.00639,3.1588141126,0.4738221169,0.2723108433
0.00639,0.00639,3.1588141126,0.4738221169,0.3802651977
0.00639,0.00639,3.1588141126,0.4738221169,0.5310167558
0.00639,0.00639,3.1588141126,0.4738221169,0.7415319537
0.00639,0.00639,3.1588141126,0.4738221169,1.0355033665
0.00639,0.00639,3.1588141126,0.4738221169,1.4460162057
0.00639,0.00639,3.1588141126,0.4738221169,2.0192719162
0.00639,0.00639,3.1588141126,0.4738221169,2.8197879494
0.00639,0.00639,3.1588141126,0.4738221169,3.9376589236
0.00639,0.00639,3.1588141126,0.4738221169,5.498696383
0.00639,0.00639,3.1588141126,0.4738221169,7.6785883437
0.00639,0.00639,3.1588141126,0.4738221169,10.7226722201
0.00639,0.00639,3.1588141126,0.4738221169,14.9735464897
0.00639,0.00639,3.1588141126,0.4738221169,20.9096286705
0.00639,0.00639,3.1588141126,0.4738221169,29.1989991443
0.00639,0.00639,3.1588141126,0.4738221169,40.7745907144
0.00639,0.00639,3.1588141126,0.4738221169,56.9391861586
0.00639,0.00639,3.1588141126,0.4738221169,79.5120407981
0.00639,0.00639,3.1588141126,0.4738221169,111.0336318168
0.00639,0.00639,3.1588141126,0.4738221169,155.0515779833
0.00639,0.00639,3.1588141126,0.4738221169,216.5199088036
0.00639,0.00639,3.1588141126,0.4738221169,302.3566191205
0.00639,0.00639,3.1588141126,0.4738221169,422.2222595195
0.00639,0.00639,3.1588141126,0.4738221169,589.6071895242
0.00639,0.00639,3.1588141126,0.4738221169,823.3498592289
0.00639,0.00639,3.1588141126,0.4738221169,1149.7569953977
0.00639,0.00639,3.1588141126,0.4738221169,1605.5643098112
0.00639,0.00639,3.1588141126,0.4738221169,2242.0709447806
0.00639,0.00639,3.1588141126,0.4738221169,3130.912969796
0.00639,0.00639,3.1588141126,0.4738221169,4372.1257113904
0.00639,0.00639,3.1588141126,0.4738221169,6105.4022965853
0.00639,0.00639,3.1588141126,0.6317628225,0.1
0.00639,0.00639,3.1588141126,0.6317628225,0.1396437957
0.00639,0.00639,3.1588141126,0.6317628225,0.1950038968
0.00639,0.00639,3.1588141126,0.6317628225,0.2723108433
0.00639,0.00639,3.1588141126,0.6317628225,0.3802651977
0.00639,0.00639,3.1588141126,0.6317628225,0.5310167558
0.00639,0.00639,3.1588141126,0.6317628225,0.7415319537
0.00639,0.00639,3.1588141126,0.6317628225,1.0355033665
0.00639,0.00639,3.1588141126,0.6317628225,1.4460162057
0.00639,0.00639,3.1588141126,0.6317628225,2.0192719162
0.00639,0.00639,3.1588141126,0.6317628225,2.8197879494
0.00639,0.00639,3.1588141126,0.6317628225,3.9376589236
0.00639,0.00639,3.1588141126,0.6317628225,5.498696383
0.00639,0.00639,3.1588141126,0.6317628225,7.6785883437
0.00639,0.00639,3.1588141126,0.6317628225,10.7226722201
0.00639,0.00639,3.1588141126,0.6317628225,14.9735464897
0.00639,0.00639,3.1588141126,0.6317628225,20.9096286705
0.00639,0.00639,3.1588141126,0.6317628225,29.1989991443
0.00639,0.00639,3.1588141126,0.6317628225,40.7745907144
0.00639,0.00639,3.1588141126,0.6317628225,56.9391861586
0.00639,0.00639,3.1588141126,0.6317628225,79.5120407981
0.00639,0.00639,3.1588141126,0.6317628225,111.0336318168
0.00639,0.00639,3.1588141126,0.6317628225,155.0515779833
0.00639,0.00639,3.1588141126,0.6317628225,216.5199088036
0.00639,0.00639,3.1588141126,0.6317628225,302.3566191205
0.00639,0.00639,3.1588141126,0.6317628225,422.2222595195
0.00639,0.00639,3.1588141126,0.6317628225,589.6071895242
0.00639,0.00639,3.1588141126,0.6317628225,823.3498592289
0.00639,0.00639,3.1588141126,0.6317628225,1149.7569953977
0.00639,0.00639,3.1588141126,0.6317628225,1605.5643098112
0.00639,0.00639,3.1588141126,0.6317628225,2242.0709447806
0.00639,0.00639,3.1588141126,0.6317628225,3130.912969796
0.00639,0.00639,3.1588141126,0.6317628225,4372.1257113904
0.00639,0.00639,3.1588141126,0.6317628225,6105.4022965853
0.00639,0.00639,3.1588141126,0.7897035282,0.1
0.00639,0.00639,3.1588141126,0.7897035282,0.1396437957
0.00639,0.00639,3.1588141126,0.7897035282,0.1950038968
0.00639,0.00639,3.1588141126,0.7897035282,0.2723108433
0.00639,0.00639,3.1588141126,0.7897035282,0.3802651977
0.00639,0.00639,3.1588141126,0.7897035282,0.5310167558
0.00639,0.00639,3.1588141126,0.7897035282,0.7415319537
0.00639,0.00639,3.1588141126,0.7897035282,1.0355033665
0.00639,0.00639,3.1588141126,0.7897035282,1.4460162057
0.00639,0.00639,3.1588141126,0.7897035282,2.0192719162
0.00639,0.00639,3.1588141126,0.7897035282,2.8197879494
0.00639,0.00639,3.1588141126,0.7897035282,3.9376589236
0.00639,0.00639,3.1588141126,0.7897035282,5.498696383
0.00639,0.00639,3.1588141126,0.7897035282,7.6785883437
0.00639,0.00639,3.1588141126,0.7897035282,10.7226722201
0.00639,0.00639,3.1588141126,0.7897035282,14.9735464897
0.00639,0.00639,3.1588141126,0.7897035282,20.9096286705
0.00639,0.00639,3.1588141126,0.7897035282,29.1989991443
0.00639,0.00639,3.1588141126,0.7897035282,40.7745907144
0.00639,0.00639,3.1588141126,0.7897035282,56.9391861586
0.00639,0.00639,3.1588141126,0.7897035282,79.5120407981
0.00639,0.00639,3.1588141126,0.7897035282,111.0336318168
0.00639,0.00639,3.1588141126,0.7897035282,155.0515779833
0.00639,0.00639,3.1588141126,0.7897035282,216.5199088036
0.00639,0.00639,3.1588141126,0.7897035282,302.3566191205
0.00639,0.00639,3.1588141126,0.7897035282,422.2222595195
0.00639,0.00639,3.1588141126,0.7897035282,589.6071895242
0.00639,0.00639,3.1588141126,0.7897035282,823.3498592289
0.00639,0.00639,3.1588141126,0.7897035282,1149.7569953977
0.00639,0.00639,3.1588141126,0.7897035282,1605.5643098112
0.00639,0.00639,3.1588141126,0.7897035282,2242.0709447806
0.00639,0.00639,3.1588141126,0.7897035282,3130.912969796
0.00639,0.00639,3.1588141126,0.7897035282,4372.1257113904
0.00639,0.00639,3.1588141126,0.7897035282,6105.4022965853
0.00639,0.00639,3.1588141126,0.9476442338,0.1
0.00639,0.00639,3.1588141126,0.9476442338,0.1396437957
0.00639,0.00639,3.1588141126,0.9476442338,0.1950038968
0.00639,0.00639,3.1588141126,0.9476442338,0.2723108433
0.00639,0.00639,3.1588141126,0.9476442338,0.3802651977
0.00639,0.00639,3.1588141126,0.9476442338,0.5310167558
0.00639,0.00639,3.1588141126,0.9476442338,0.7415319537
0.00639,0.00639,3.1588141126,0.9476442338,1.0355033665
0.00639,0.00639,3.1588141126,0.9476442338,1.4460162057
0.00639,0.00639,3.1588141126,0.9476442338,2.0192719162
0.00639,0.00639,3.1588141126,0.9476442338,2.8197879494
0.00639,0.00639,3.1588141126,0.9476442338,3.9376589236
0.00639,0.00639,3.1588141126,0.9476442338,5.498696383
0.00639,0.00639,3.1588141126,0.9476442338,7.6785883437
0.00639,0.00639,3.1588141126,0.9476442338,10.7226722201
0.00639,0.00639,3.1588141126,0.9476442338,14.9735464897
0.00639,0.00639,3.1588141126,0.9476442338,20.9096286705
0.00639,0.00639,3.1588141126,0.9476442338,29.1989991443
0.00639,0.00639,3.1588141126,0.9476442338,40.7745907144
0.00639,0.00639,3.1588141126,0.9476442338,56.9391861586
0.00639,0.00639,3.1588141126,0.9476442338,79.5120407981
0.00639,0.00639,3.1588141126,0.9476442338,111.0336318168
0.00639,0.00639,3.1588141126,0.9476442338,155.0515779833
0.00639,0.00639,3.1588141126,0.9476442338,216.5199088036
0.00639,0.00639,3.1588141126,0.9476442338,302.3566191205
0.00639,0.00639,3.1588141126,0.9476442338,422.2222595195
0.00639,0.00639,3.1588141126,0.9476442338,589.6071895242
0.00639,0.00639,3.1588141126,0.9476442338,823.3498592289
0.00639,0.00639,3.1588141126,0.9476442338,1149.7569953977
0.00639,0.00639,3.1588141126,0.9476442338,1605.5643098112
0.00639,0.00639,3.1588141126,0.9476442338,2242.0709447806
0.00639,0.00639,3.1588141126,0.9476442338,3130.912969796
0.00639,0.00639,3.1588141126,0.9476442338,4372.1257113904
0.00639,0.00639,3.1588141126,0.9476442338,6105.4022965853
0.00639,0.00639,3.1588141126,1.1055849394,0.1
0.00639,0.00639,3.1588141126,1.1055849394,0.1396437957
0.00639,0.00639,3.1588141126,1.1055849394,0.1950038968
0.00639,0.00639,3.1588141126,1.1055849394,0.2723108433
0.00639,0.00639,3.1588141126,1.1055849394,0.3802651977
0.00639,0.00639,3.1588141126,1.1055849394,0.5310167558
0.00639,0.00639,3.1588141126,1.1055849394,0.7415319537
0.00639,0.00639,3.1588141126,1.1055849394,1.0355033665
0.00639,0.00639,3.1588141126,1.1055849394,1.4460162057
0.00639,0.00639,3.1588141126,1.1055849394,2.0192719162
0.00639,0.00639,3.1588141126,1.1055849394,2.8197879494
0.00639,0.00639,3.1588141126,1.1055849394,3.9376589236
0.00639,0.00639,3.1588141126,1.1055849394,5.498696383
0.00639,0.00639,3.1588141126,1.1055849394,7.6785883437
0.00639,0.00639,3.1588141126,1.1055849394,10.7226722201
0.00639,0.00639,3.1588141126,1.1055849394,14.9735464897
0.00639,0.00639,3.1588141126,1.1055849394,20.9096286705
0.00639,0.00639,3.1588141126,1.1055849394,29.1989991443
0.00639,0.00639,3.1588141126,1.1055849394,40.7745907144
0.00639,0.00639,3.1588141126,1.1055849394,56.9391861586
0.00639,0.00639,3.1588141126,1.1055849394,79.5120407981
0.00639,0.00639,3.1588141126,1.1055849394,111.0336318168
0.00639,0.00639,3.1588141126,1.1055849394,155.0515779833
0.00639,0.00639,3.1588141126,1.1055849394,216.5199088036
0.00639,0.00639,3.1588141126,1.1055849394,302.3566191205
0.00639,0.00639,3.1588141126,1.1055849394,422.2222595195
0.00639,0.00639,3.1588141126,1.1055849394,589.6071895242
0.00639,0.00639,3.1588141126,1.1055849394,823.3498592289
0.00639,0.00639,3.1588141126,1.1055849394,1149.7569953977
0.00639,0.00639,3.1588141126,1.1055849394,1605.5643098112
0.00639,0.00639,3.1588141126,1.1055849394,2242.0709447806
0.00639,0.00639,3.1588141126,1.1055849394,3130.912969796
0.00639,0.00639,3.1588141126,1.1055849394,4372.1257113904
0.00639,0.00639,3.1588141126,1.1055849394,6105.4022965853
0.00639,0.00639,3.1588141126,1.2635256451,0.1
0.00639,0.00639,3.1588141126,1.2635256451,0.1396437957
0.00639,0.00639,3.1588141126,1.2635256451,0.1950038968
0.00639,0.00639,3.1588141126,1.2635256451,0.2723108433
0.00639,0.00639,3.1588141126,1.2635256451,0.3802651977
0.00639,0.00639,3.1588141126,1.2635256451,0.5310167558
0.00639,0.00639,3.1588141126,1.2635256451,0.7415319537
0.00639,0.00639,3.1588141126,1.2635256451,1.0355033665
0.00639,0.00639,3.1588141126,1.2635256451,1.4460162057
0.00639,0.00639,3.1588141126,1.2635256451,2.0192719162
0.00639,0.00639,3.1588141126,1.2635256451,2.8197879494
0.00639,0.00639,3.1588141126,1.2635256451,3.9376589236
0.00639,0.00639,3.1588141126,1.2635256451,5.498696383
0.00639,0.00639,3.1588141126,1.2635256451,7.6785883437
0.00639,0.00639,3.1588141126,1.2635256451,10.7226722201
0.00639,0.00639,3.1588141126,1.2635256451,14.9735464897
0.00639,0.00639,3.1588141126,1.2635256451,20.9096286705
0.00639,0.00639,3.1588141126,1.2635256451,29.1989991443
0.00639,0.00639,3.1588141126,1.2635256451,40.7745907144
0.00639,0.00639,3.1588141126,1.2635256451,56.9391861586
0.00639,0.00639,3.1588141126,1.2635256451,79.5120407981
0.00639,0.00639,3.1588141126,1.2635256451,111.0336318168
0.00639,0.00639,3.1588141126,1.2635256451,155.0515779833
0.00639,0.00639,3.1588141126,1.2635256451,216.5199088036
0.00639,0.00639,3.1588141126,1.2635256451,302.3566191205
0.00639,0.00639,3.1588141126,1.2635256451,422.2222595195
0.00639,0.00639,3.1588141126,1.2635256451,589.6071895242
0.00639,0.00639,3.1588141126,1.2635256451,823.3498592289
0.00639,0.00639,3.1588141126,1.2635256451,1149.7569953977
0.00639,0.00639,3.1588141126,1.2635256451,1605.5643098112
0.00639,0.00639,3.1588141126,1.2635256451,2242.0709447806
0.00639,0.00639,3.1588141126,1.2635256451,3130.912969796
0.00639,0.00639,3.1588141126,1.2635256451,4372.1257113904
0.00639,0.00639,3.1588141126,1.2635256451,6105.4022965853
0.00639,0.00639,3.1588141126,1.4214663507,0.1
0.00639,0.00639,3.1588141126,1.4214663507,0.1396437957
0.00639,0.00639,3.1588141126,1.4214663507,0.1950038968
0.00639,0.00639,3.1588141126,1.4214663507,0.2723108433
0.00639,0.00639,3.1588141126,1.4214663507,0.3802651977
0.00639,0.00639,3.1588141126,1.4214663507,0.5310167558
0.00639,0.00639,3.1588141126,1.4214663507,0.7415319537
0.00639,0.00639,3.1588141126,1.4214663507,1.0355033665
0.00639,0.00639,3.1588141126,1.4214663507,1.4460162057
0.00639,0.00639,3.1588141126,1.4214663507,2.0192719162
0.00639,0.00639,3.1588141126,1.4214663507,2.8197879494
0.00639,0.00639,3.1588141126,1.4214663507,3.9376589236
0.00639,0.00639,3.1588141126,1.4214663507,5.498696383
0.00639,0.00639,3.1588141126,1.4214663507,7.6785883437
0.00639,0.00639,3.1588141126,1.4214663507,10.7226722201
0.00639,0.00639,3.1588141126,1.4214663507,14.9735464897
0.00639,0.00639,3.1588141126,1.4214663507,20.9096286705
0.00639,0.00639,3.1588141126,1.4214663507,29.1989991443
0.00639,0.00639,3.1588141126,1.4214663507,40.7745907144
0.00639,0.00639,3.1588141126,1.4214663507,56.9391861586
0.00639,0.00639,3.1588141126,1.4214663507,79.5120407981
0.00639,0.00639,3.1588141126,1.4214663507,111.0336318168
0.00639,0.00639,3.1588141126,1.4214663507,155.0515779833
0.00639,0.00639,3.1588141126,1.4214663507,216.5199088036
0.00639,0.00639,3.1588141126,1.4214663507,302.3566191205
0.00639,0.00639,3.1588141126,1.4214663507,422.2222595195
0.00639,0.00639,3.1588141126,1.4214663507,589.6071895242
0.00639,0.00639,3.1588141126,1.4214663507,823.3498592289
0.00639,0.00639,3.1588141126,1.4214663507,1149.7569953977
0.00639,0.00639,3.1588141126,1.4214663507,1605.5643098112
0.00639,0.00639,3.1588141126,1.4214663507,2242.0709447806
0.00639,0.00639,3.1588141126,1.4214663507,3130.912969796
0.00639,0.00639,3.1588141126,1.4214663507,4372.1257113904
0.00639,0.00639,3.1588141126,1.4214663507,6105.4022965853
0.00639,0.00639,3.1588141126,1.5794070563,0.1
0.00639,0.00639,3.1588141126,1.5794070563,0.1396437957
0.00639,0.00639,3.1588141126,1.5794070563,0.1950038968
0.00639,0.00639,3.1588141126,1.5794070563,0.2723108433
0.00639,0.00639,3.1588141126,1.5794070563,0.3802651977
0.00639,0.00639,3.1588141126,1.5794070563,0.5310167558
0.00639,0.00639,3.1588141126,1.5794070563,0.7415319537
0.00639,0.00639,3.1588141126,1.5794070563,1.0355033665
0.00639,0.00639,3.1588141126,1.5794070563,1.4460162057
0.00639,0.00639,3.1588141126,1.5794070563,2.0192719162
0.00639,0.00639,3.1588141126,1.5794070563,2.8197879494
0.00639,0.00639,3.1588141126,1.5794070563,3.9376589236
0.00639,0.00639,3.1588141126,1.5794070563,5.498696383
0.00639,0.00639,3.1588141126,1.5794070563,7.6785883437
0.00639,0.00639,3.1588141126,1.5794070563,10.7226722201
0.00639,0.00639,3.1588141126,1.5794070563,14.9735464897
0.00639,0.00639,3.1588141126,1.5794070563,20.9096286705
0.00639,0.00639,3.1588141126,1.5794070563,29.1989991443
0.00639,0.00639,3.1588141126,1.5794070563,40.7745907144
0.00639,0.00639,3.1588141126,1.5794070563,56.9391861586
0.00639,0.00639,3.1588141126,1.5794070563,79.5120407981
0.00639,0.00639,3.1588141126,1.5794070563,111.0336318168
0.00639,0.00639,3.1588141126,1.5794070563,155.0515779833
0.00639,0.00639,3.1588141126,1.5794070563,216.5199088036
0.00639,0.00639,3.1588141126,1.5794070563,302.3566191205
0.00639,0.00639,3.1588141126,1.5794070563,422.2222595195
0.00639,0.00639,3.1588141126,1.5794070563,589.6071895242
0.00639,0.00639,3.1588141126,1.5794070563,823.3498592289
0.00639,0.00639,3.1588141126,1.5794070563,1149.7569953977
0.00639,0.00639,3.1588141126,1.5794070563,1605.5643098112
0.00639,0.00639,3.1588141126,1.5794070563,2242.0709447806
0.00639,0.00639,3.1588141126,1.5794070563,3130.912969796
0.00639,0.00639,3.1588141126,1.5794070563,4372.1257113904
0.00639,0.00639,3.1588141126,1.5794070563,6105.4022965853
0.00639,0.00639,3.1588141126,1.737347762,0.1
0.00639,0.00639,3.1588141126,1.737347762,0.1396437957
0.00639,0.00639,3.1588141126,1.737347762,0.1950038968
0.00639,0.00639,3.1588141126,1.737347762,0.2723108433
0.00639,0.00639,3.1588141126,1.737347762,0.3802651977
0.00639,0.00639,3.1588141126,1.737347762,0.5310167558
0.00639,0.00639,3.1588141126,1.737347762,0.7415319537
0.00639,0.00639,3.1588141126,1.737347762,1.0355033665
0.00639,0.00639,3.1588141126,1.737347762,1.4460162057
0.00639,0.00639,3.1588141126,1.737347762,2.0192719162
0.00639,0.00639,3.1588141126,1.737347762,2.8197879494
0.00639,0.00639,3.1588141126,1.737347762,3.9376589236
0.00639,0.00639,3.1588141126,1.737347762,5.498696383
0.00639,0.00639,3.1588141126,1.737347762,7.6785883437
0.00639,0.00639,3.1588141126,1.737347762,10.7226722201
0.00639,0.00639,3.1588141126,1.737347762,14.9735464897
0.00639,0.00639,3.1588141126,1.737347762,20.9096286705
0.00639,0.00639,3.1588141126,1.737347762,29.1989991443
0.00639,0.00639,3.1588141126,1.737347762,40.7745907144
0.00639,0.00639,3.1588141126,1.737347762,56.9391861586
0.00639,0.00639,3.1588141126,1.737347762,79.5120407981
0.00639,0.00639,3.1588141126,1.737347762,111.0336318168
0.00639,0.00639,3.1588141126,1.737347762,155.0515779833
0.00639,0.00639,3.1588141126,1.737347762,216.5199088036
0.00639,0.00639,3.1588141126,1.737347762,302.3566191205
0.00639,0.00639,3.1588141126,1.737347762,422.2222595195
0.00639,0.00639,3.1588141126,1.737347762,589.6071895242
0.00639,0.00639,3.1588141126,1.737347762,823.3498592289
0.00639,0.00639,3.1588141126,1.737347762,1149.7569953977
0.00639,0.00639,3.1588141126,1.737347762,1605.5643098112
0.00639,0.00639,3.1588141126,1.737347762,2242.0709447806
0.00639,0.00639,3.1588141126,1.737347762,3130.912969796
0.00639,0.00639,3.1588141126,1.737347762,4372.1257113904
0.00639,0.00639,3.1588141126,1.737347762,6105.4022965853
0.00639,0.00639,3.1588141126,1.8952884676,0.1
