initial_z,Zbase,m1,m2,initial_period_in_days
0.000142,0.000142,3.1588141126,0.9476442338,7.6785883437
0.000142,0.000142,3.1588141126,0.9476442338,10.7226722201
0.000142,0.000142,3.1588141126,0.9476442338,14.9735464897
0.000142,0.000142,3.1588141126,0.9476442338,20.9096286705
0.000142,0.000142,3.1588141126,0.9476442338,29.1989991443
0.000142,0.000142,3.1588141126,0.9476442338,40.7745907144
0.000142,0.000142,3.1588141126,0.9476442338,56.9391861586
0.000142,0.000142,3.1588141126,0.9476442338,79.5120407981
0.000142,0.000142,3.1588141126,0.9476442338,111.0336318168
0.000142,0.000142,3.1588141126,0.9476442338,155.0515779833
0.000142,0.000142,3.1588141126,0.9476442338,216.5199088036
0.000142,0.000142,3.1588141126,0.9476442338,302.3566191205
0.000142,0.000142,3.1588141126,0.9476442338,422.2222595195
0.000142,0.000142,3.1588141126,0.9476442338,589.6071895242
0.000142,0.000142,3.1588141126,0.9476442338,823.3498592289
0.000142,0.000142,3.1588141126,0.9476442338,1149.7569953977
0.000142,0.000142,3.1588141126,0.9476442338,1605.5643098112
0.000142,0.000142,3.1588141126,0.9476442338,2242.0709447806
0.000142,0.000142,3.1588141126,0.9476442338,3130.912969796
0.000142,0.000142,3.1588141126,0.9476442338,4372.1257113904
0.000142,0.000142,3.1588141126,0.9476442338,6105.4022965853
0.000142,0.000142,3.1588141126,1.1055849394,0.1
0.000142,0.000142,3.1588141126,1.1055849394,0.1396437957
0.000142,0.000142,3.1588141126,1.1055849394,0.1950038968
0.000142,0.000142,3.1588141126,1.1055849394,0.2723108433
0.000142,0.000142,3.1588141126,1.1055849394,0.3802651977
0.000142,0.000142,3.1588141126,1.1055849394,0.5310167558
0.000142,0.000142,3.1588141126,1.1055849394,0.7415319537
0.000142,0.000142,3.1588141126,1.1055849394,1.0355033665
0.000142,0.000142,3.1588141126,1.1055849394,1.4460162057
0.000142,0.000142,3.1588141126,1.1055849394,2.0192719162
0.000142,0.000142,3.1588141126,1.1055849394,2.8197879494
0.000142,0.000142,3.1588141126,1.1055849394,3.9376589236
0.000142,0.000142,3.1588141126,1.1055849394,5.498696383
0.000142,0.000142,3.1588141126,1.1055849394,7.6785883437
0.000142,0.000142,3.1588141126,1.1055849394,10.7226722201
0.000142,0.000142,3.1588141126,1.1055849394,14.9735464897
0.000142,0.000142,3.1588141126,1.1055849394,20.9096286705
0.000142,0.000142,3.1588141126,1.1055849394,29.1989991443
0.000142,0.000142,3.1588141126,1.1055849394,40.7745907144
0.000142,0.000142,3.1588141126,1.1055849394,56.9391861586
0.000142,0.000142,3.1588141126,1.1055849394,79.5120407981
0.000142,0.000142,3.1588141126,1.1055849394,111.0336318168
0.000142,0.000142,3.1588141126,1.1055849394,155.0515779833
0.000142,0.000142,3.1588141126,1.1055849394,216.5199088036
0.000142,0.000142,3.1588141126,1.1055849394,302.3566191205
0.000142,0.000142,3.1588141126,1.1055849394,422.2222595195
0.000142,0.000142,3.1588141126,1.1055849394,589.6071895242
0.000142,0.000142,3.1588141126,1.1055849394,823.3498592289
0.000142,0.000142,3.1588141126,1.1055849394,1149.7569953977
0.000142,0.000142,3.1588141126,1.1055849394,1605.5643098112
0.000142,0.000142,3.1588141126,1.1055849394,2242.0709447806
0.000142,0.000142,3.1588141126,1.1055849394,3130.912969796
0.000142,0.000142,3.1588141126,1.1055849394,4372.1257113904
0.000142,0.000142,3.1588141126,1.1055849394,6105.4022965853
0.000142,0.000142,3.1588141126,1.2635256451,0.1
0.000142,0.000142,3.1588141126,1.2635256451,0.1396437957
0.000142,0.000142,3.1588141126,1.2635256451,0.1950038968
0.000142,0.000142,3.1588141126,1.2635256451,0.2723108433
0.000142,0.000142,3.1588141126,1.2635256451,0.3802651977
0.000142,0.000142,3.1588141126,1.2635256451,0.5310167558
0.000142,0.000142,3.1588141126,1.2635256451,0.7415319537
0.000142,0.000142,3.1588141126,1.2635256451,1.0355033665
0.000142,0.000142,3.1588141126,1.2635256451,1.4460162057
0.000142,0.000142,3.1588141126,1.2635256451,2.0192719162
0.000142,0.000142,3.1588141126,1.2635256451,2.8197879494
0.000142,0.000142,3.1588141126,1.2635256451,3.9376589236
0.000142,0.000142,3.1588141126,1.2635256451,5.498696383
0.000142,0.000142,3.1588141126,1.2635256451,7.6785883437
0.000142,0.000142,3.1588141126,1.2635256451,10.7226722201
0.000142,0.000142,3.1588141126,1.2635256451,14.9735464897
0.000142,0.000142,3.1588141126,1.2635256451,20.9096286705
0.000142,0.000142,3.1588141126,1.2635256451,29.1989991443
0.000142,0.000142,3.1588141126,1.2635256451,40.7745907144
0.000142,0.000142,3.1588141126,1.2635256451,56.9391861586
0.000142,0.000142,3.1588141126,1.2635256451,79.5120407981
0.000142,0.000142,3.1588141126,1.2635256451,111.0336318168
0.000142,0.000142,3.1588141126,1.2635256451,155.0515779833
0.000142,0.000142,3.1588141126,1.2635256451,216.5199088036
0.000142,0.000142,3.1588141126,1.2635256451,302.3566191205
0.000142,0.000142,3.1588141126,1.2635256451,422.2222595195
0.000142,0.000142,3.1588141126,1.2635256451,589.6071895242
0.000142,0.000142,3.1588141126,1.2635256451,823.3498592289
0.000142,0.000142,3.1588141126,1.2635256451,1149.7569953977
0.000142,0.000142,3.1588141126,1.2635256451,1605.5643098112
0.000142,0.000142,3.1588141126,1.2635256451,2242.0709447806
0.000142,0.000142,3.1588141126,1.2635256451,3130.912969796
0.000142,0.000142,3.1588141126,1.2635256451,4372.1257113904
0.000142,0.000142,3.1588141126,1.2635256451,6105.4022965853
0.000142,0.000142,3.1588141126,1.4214663507,0.1
0.000142,0.000142,3.1588141126,1.4214663507,0.1396437957
0.000142,0.000142,3.1588141126,1.4214663507,0.1950038968
0.000142,0.000142,3.1588141126,1.4214663507,0.2723108433
0.000142,0.000142,3.1588141126,1.4214663507,0.3802651977
0.000142,0.000142,3.1588141126,1.4214663507,0.5310167558
0.000142,0.000142,3.1588141126,1.4214663507,0.7415319537
0.000142,0.000142,3.1588141126,1.4214663507,1.0355033665
0.000142,0.000142,3.1588141126,1.4214663507,1.4460162057
0.000142,0.000142,3.1588141126,1.4214663507,2.0192719162
0.000142,0.000142,3.1588141126,1.4214663507,2.8197879494
0.000142,0.000142,3.1588141126,1.4214663507,3.9376589236
0.000142,0.000142,3.1588141126,1.4214663507,5.498696383
0.000142,0.000142,3.1588141126,1.4214663507,7.6785883437
0.000142,0.000142,3.1588141126,1.4214663507,10.7226722201
0.000142,0.000142,3.1588141126,1.4214663507,14.9735464897
0.000142,0.000142,3.1588141126,1.4214663507,20.9096286705
0.000142,0.000142,3.1588141126,1.4214663507,29.1989991443
0.000142,0.000142,3.1588141126,1.4214663507,40.7745907144
0.000142,0.000142,3.1588141126,1.4214663507,56.9391861586
0.000142,0.000142,3.1588141126,1.4214663507,79.5120407981
0.000142,0.000142,3.1588141126,1.4214663507,111.0336318168
0.000142,0.000142,3.1588141126,1.4214663507,155.0515779833
0.000142,0.000142,3.1588141126,1.4214663507,216.5199088036
0.000142,0.000142,3.1588141126,1.4214663507,302.3566191205
0.000142,0.000142,3.1588141126,1.4214663507,422.2222595195
0.000142,0.000142,3.1588141126,1.4214663507,589.6071895242
0.000142,0.000142,3.1588141126,1.4214663507,823.3498592289
0.000142,0.000142,3.1588141126,1.4214663507,1149.7569953977
0.000142,0.000142,3.1588141126,1.4214663507,1605.5643098112
0.000142,0.000142,3.1588141126,1.4214663507,2242.0709447806
0.000142,0.000142,3.1588141126,1.4214663507,3130.912969796
0.000142,0.000142,3.1588141126,1.4214663507,4372.1257113904
0.000142,0.000142,3.1588141126,1.4214663507,6105.4022965853
0.000142,0.000142,3.1588141126,1.5794070563,0.1
0.000142,0.000142,3.1588141126,1.5794070563,0.1396437957
0.000142,0.000142,3.1588141126,1.5794070563,0.1950038968
0.000142,0.000142,3.1588141126,1.5794070563,0.2723108433
0.000142,0.000142,3.1588141126,1.5794070563,0.3802651977
0.000142,0.000142,3.1588141126,1.5794070563,0.5310167558
0.000142,0.000142,3.1588141126,1.5794070563,0.7415319537
0.000142,0.000142,3.1588141126,1.5794070563,1.0355033665
0.000142,0.000142,3.1588141126,1.5794070563,1.4460162057
0.000142,0.000142,3.1588141126,1.5794070563,2.0192719162
0.000142,0.000142,3.1588141126,1.5794070563,2.8197879494
0.000142,0.000142,3.1588141126,1.5794070563,3.9376589236
0.000142,0.000142,3.1588141126,1.5794070563,5.498696383
0.000142,0.000142,3.1588141126,1.5794070563,7.6785883437
0.000142,0.000142,3.1588141126,1.5794070563,10.7226722201
0.000142,0.000142,3.1588141126,1.5794070563,14.9735464897
0.000142,0.000142,3.1588141126,1.5794070563,20.9096286705
0.000142,0.000142,3.1588141126,1.5794070563,29.1989991443
0.000142,0.000142,3.1588141126,1.5794070563,40.7745907144
0.000142,0.000142,3.1588141126,1.5794070563,56.9391861586
0.000142,0.000142,3.1588141126,1.5794070563,79.5120407981
0.000142,0.000142,3.1588141126,1.5794070563,111.0336318168
0.000142,0.000142,3.1588141126,1.5794070563,155.0515779833
0.000142,0.000142,3.1588141126,1.5794070563,216.5199088036
0.000142,0.000142,3.1588141126,1.5794070563,302.3566191205
0.000142,0.000142,3.1588141126,1.5794070563,422.2222595195
0.000142,0.000142,3.1588141126,1.5794070563,589.6071895242
0.000142,0.000142,3.1588141126,1.5794070563,823.3498592289
0.000142,0.000142,3.1588141126,1.5794070563,1149.7569953977
0.000142,0.000142,3.1588141126,1.5794070563,1605.5643098112
0.000142,0.000142,3.1588141126,1.5794070563,2242.0709447806
0.000142,0.000142,3.1588141126,1.5794070563,3130.912969796
0.000142,0.000142,3.1588141126,1.5794070563,4372.1257113904
0.000142,0.000142,3.1588141126,1.5794070563,6105.4022965853
0.000142,0.000142,3.1588141126,1.737347762,0.1
0.000142,0.000142,3.1588141126,1.737347762,0.1396437957
0.000142,0.000142,3.1588141126,1.737347762,0.1950038968
0.000142,0.000142,3.1588141126,1.737347762,0.2723108433
0.000142,0.000142,3.1588141126,1.737347762,0.3802651977
0.000142,0.000142,3.1588141126,1.737347762,0.5310167558
0.000142,0.000142,3.1588141126,1.737347762,0.7415319537
0.000142,0.000142,3.1588141126,1.737347762,1.0355033665
0.000142,0.000142,3.1588141126,1.737347762,1.4460162057
0.000142,0.000142,3.1588141126,1.737347762,2.0192719162
0.000142,0.000142,3.1588141126,1.737347762,2.8197879494
0.000142,0.000142,3.1588141126,1.737347762,3.9376589236
0.000142,0.000142,3.1588141126,1.737347762,5.498696383
0.000142,0.000142,3.1588141126,1.737347762,7.6785883437
0.000142,0.000142,3.1588141126,1.737347762,10.7226722201
0.000142,0.000142,3.1588141126,1.737347762,14.9735464897
0.000142,0.000142,3.1588141126,1.737347762,20.9096286705
0.000142,0.000142,3.1588141126,1.737347762,29.1989991443
0.000142,0.000142,3.1588141126,1.737347762,40.7745907144
0.000142,0.000142,3.1588141126,1.737347762,56.9391861586
0.000142,0.000142,3.1588141126,1.737347762,79.5120407981
0.000142,0.000142,3.1588141126,1.737347762,111.0336318168
0.000142,0.000142,3.1588141126,1.737347762,155.0515779833
0.000142,0.000142,3.1588141126,1.737347762,216.5199088036
0.000142,0.000142,3.1588141126,1.737347762,302.3566191205
0.000142,0.000142,3.1588141126,1.737347762,422.2222595195
0.000142,0.000142,3.1588141126,1.737347762,589.6071895242
0.000142,0.000142,3.1588141126,1.737347762,823.3498592289
0.000142,0.000142,3.1588141126,1.737347762,1149.7569953977
0.000142,0.000142,3.1588141126,1.737347762,1605.5643098112
0.000142,0.000142,3.1588141126,1.737347762,2242.0709447806
0.000142,0.000142,3.1588141126,1.737347762,3130.912969796
0.000142,0.000142,3.1588141126,1.737347762,4372.1257113904
0.000142,0.000142,3.1588141126,1.737347762,6105.4022965853
0.000142,0.000142,3.1588141126,1.8952884676,0.1
0.000142,0.000142,3.1588141126,1.8952884676,0.1396437957
0.000142,0.000142,3.1588141126,1.8952884676,0.1950038968
0.000142,0.000142,3.1588141126,1.8952884676,0.2723108433
0.000142,0.000142,3.1588141126,1.8952884676,0.3802651977
0.000142,0.000142,3.1588141126,1.8952884676,0.5310167558
0.000142,0.000142,3.1588141126,1.8952884676,0.7415319537
0.000142,0.000142,3.1588141126,1.8952884676,1.0355033665
0.000142,0.000142,3.1588141126,1.8952884676,1.4460162057
0.000142,0.000142,3.1588141126,1.8952884676,2.0192719162
0.000142,0.000142,3.1588141126,1.8952884676,2.8197879494
0.000142,0.000142,3.1588141126,1.8952884676,3.9376589236
0.000142,0.000142,3.1588141126,1.8952884676,5.498696383
0.000142,0.000142,3.1588141126,1.8952884676,7.6785883437
0.000142,0.000142,3.1588141126,1.8952884676,10.7226722201
0.000142,0.000142,3.1588141126,1.8952884676,14.9735464897
0.000142,0.000142,3.1588141126,1.8952884676,20.9096286705
0.000142,0.000142,3.1588141126,1.8952884676,29.1989991443
0.000142,0.000142,3.1588141126,1.8952884676,40.7745907144
0.000142,0.000142,3.1588141126,1.8952884676,56.9391861586
0.000142,0.000142,3.1588141126,1.8952884676,79.5120407981
0.000142,0.000142,3.1588141126,1.8952884676,111.0336318168
0.000142,0.000142,3.1588141126,1.8952884676,155.0515779833
0.000142,0.000142,3.1588141126,1.8952884676,216.5199088036
0.000142,0.000142,3.1588141126,1.8952884676,302.3566191205
0.000142,0.000142,3.1588141126,1.8952884676,422.2222595195
0.000142,0.000142,3.1588141126,1.8952884676,589.6071895242
0.000142,0.000142,3.1588141126,1.8952884676,823.3498592289
0.000142,0.000142,3.1588141126,1.8952884676,1149.7569953977
0.000142,0.000142,3.1588141126,1.8952884676,1605.5643098112
0.000142,0.000142,3.1588141126,1.8952884676,2242.0709447806
0.000142,0.000142,3.1588141126,1.8952884676,3130.912969796
0.000142,0.000142,3.1588141126,1.8952884676,4372.1257113904
0.000142,0.000142,3.1588141126,1.8952884676,6105.4022965853
0.000142,0.000142,3.1588141126,2.0532291732,0.1
0.000142,0.000142,3.1588141126,2.0532291732,0.1396437957
0.000142,0.000142,3.1588141126,2.0532291732,0.1950038968
0.000142,0.000142,3.1588141126,2.0532291732,0.2723108433
0.000142,0.000142,3.1588141126,2.0532291732,0.3802651977
0.000142,0.000142,3.1588141126,2.0532291732,0.5310167558
0.000142,0.000142,3.1588141126,2.0532291732,0.7415319537
0.000142,0.000142,3.1588141126,2.0532291732,1.0355033665
0.000142,0.000142,3.1588141126,2.0532291732,1.4460162057
0.000142,0.000142,3.1588141126,2.0532291732,2.0192719162
0.000142,0.000142,3.1588141126,2.0532291732,2.8197879494
0.000142,0.000142,3.1588141126,2.0532291732,3.9376589236
0.000142,0.000142,3.1588141126,2.0532291732,5.498696383
0.000142,0.000142,3.1588141126,2.0532291732,7.6785883437
0.000142,0.000142,3.1588141126,2.0532291732,10.7226722201
0.000142,0.000142,3.1588141126,2.0532291732,14.9735464897
0.000142,0.000142,3.1588141126,2.0532291732,20.9096286705
0.000142,0.000142,3.1588141126,2.0532291732,29.1989991443
0.000142,0.000142,3.1588141126,2.0532291732,40.7745907144
0.000142,0.000142,3.1588141126,2.0532291732,56.9391861586
0.000142,0.000142,3.1588141126,2.0532291732,79.5120407981
0.000142,0.000142,3.1588141126,2.0532291732,111.0336318168
0.000142,0.000142,3.1588141126,2.0532291732,155.0515779833
0.000142,0.000142,3.1588141126,2.0532291732,216.5199088036
0.000142,0.000142,3.1588141126,2.0532291732,302.3566191205
0.000142,0.000142,3.1588141126,2.0532291732,422.2222595195
0.000142,0.000142,3.1588141126,2.0532291732,589.6071895242
0.000142,0.000142,3.1588141126,2.0532291732,823.3498592289
0.000142,0.000142,3.1588141126,2.0532291732,1149.7569953977
0.000142,0.000142,3.1588141126,2.0532291732,1605.5643098112
0.000142,0.000142,3.1588141126,2.0532291732,2242.0709447806
0.000142,0.000142,3.1588141126,2.0532291732,3130.912969796
0.000142,0.000142,3.1588141126,2.0532291732,4372.1257113904
0.000142,0.000142,3.1588141126,2.0532291732,6105.4022965853
0.000142,0.000142,3.1588141126,2.2111698789,0.1
0.000142,0.000142,3.1588141126,2.2111698789,0.1396437957
0.000142,0.000142,3.1588141126,2.2111698789,0.1950038968
0.000142,0.000142,3.1588141126,2.2111698789,0.2723108433
0.000142,0.000142,3.1588141126,2.2111698789,0.3802651977
0.000142,0.000142,3.1588141126,2.2111698789,0.5310167558
0.000142,0.000142,3.1588141126,2.2111698789,0.7415319537
0.000142,0.000142,3.1588141126,2.2111698789,1.0355033665
0.000142,0.000142,3.1588141126,2.2111698789,1.4460162057
0.000142,0.000142,3.1588141126,2.2111698789,2.0192719162
0.000142,0.000142,3.1588141126,2.2111698789,2.8197879494
0.000142,0.000142,3.1588141126,2.2111698789,3.9376589236
0.000142,0.000142,3.1588141126,2.2111698789,5.498696383
0.000142,0.000142,3.1588141126,2.2111698789,7.6785883437
0.000142,0.000142,3.1588141126,2.2111698789,10.7226722201
0.000142,0.000142,3.1588141126,2.2111698789,14.9735464897
0.000142,0.000142,3.1588141126,2.2111698789,20.9096286705
0.000142,0.000142,3.1588141126,2.2111698789,29.1989991443
0.000142,0.000142,3.1588141126,2.2111698789,40.7745907144
0.000142,0.000142,3.1588141126,2.2111698789,56.9391861586
0.000142,0.000142,3.1588141126,2.2111698789,79.5120407981
0.000142,0.000142,3.1588141126,2.2111698789,111.0336318168
0.000142,0.000142,3.1588141126,2.2111698789,155.0515779833
0.000142,0.000142,3.1588141126,2.2111698789,216.5199088036
0.000142,0.000142,3.1588141126,2.2111698789,302.3566191205
0.000142,0.000142,3.1588141126,2.2111698789,422.2222595195
0.000142,0.000142,3.1588141126,2.2111698789,589.6071895242
0.000142,0.000142,3.1588141126,2.2111698789,823.3498592289
0.000142,0.000142,3.1588141126,2.2111698789,1149.7569953977
0.000142,0.000142,3.1588141126,2.2111698789,1605.5643098112
0.000142,0.000142,3.1588141126,2.2111698789,2242.0709447806
0.000142,0.000142,3.1588141126,2.2111698789,3130.912969796
0.000142,0.000142,3.1588141126,2.2111698789,4372.1257113904
0.000142,0.000142,3.1588141126,2.2111698789,6105.4022965853
0.000142,0.000142,3.1588141126,2.3691105845,0.1
0.000142,0.000142,3.1588141126,2.3691105845,0.1396437957
0.000142,0.000142,3.1588141126,2.3691105845,0.1950038968
0.000142,0.000142,3.1588141126,2.3691105845,0.2723108433
0.000142,0.000142,3.1588141126,2.3691105845,0.3802651977
0.000142,0.000142,3.1588141126,2.3691105845,0.5310167558
0.000142,0.000142,3.1588141126,2.3691105845,0.7415319537
0.000142,0.000142,3.1588141126,2.3691105845,1.0355033665
0.000142,0.000142,3.1588141126,2.3691105845,1.4460162057
0.000142,0.000142,3.1588141126,2.3691105845,2.0192719162
0.000142,0.000142,3.1588141126,2.3691105845,2.8197879494
0.000142,0.000142,3.1588141126,2.3691105845,3.9376589236
0.000142,0.000142,3.1588141126,2.3691105845,5.498696383
0.000142,0.000142,3.1588141126,2.3691105845,7.6785883437
0.000142,0.000142,3.1588141126,2.3691105845,10.7226722201
0.000142,0.000142,3.1588141126,2.3691105845,14.9735464897
0.000142,0.000142,3.1588141126,2.3691105845,20.9096286705
0.000142,0.000142,3.1588141126,2.3691105845,29.1989991443
0.000142,0.000142,3.1588141126,2.3691105845,40.7745907144
0.000142,0.000142,3.1588141126,2.3691105845,56.9391861586
0.000142,0.000142,3.1588141126,2.3691105845,79.5120407981
0.000142,0.000142,3.1588141126,2.3691105845,111.0336318168
0.000142,0.000142,3.1588141126,2.3691105845,155.0515779833
0.000142,0.000142,3.1588141126,2.3691105845,216.5199088036
0.000142,0.000142,3.1588141126,2.3691105845,302.3566191205
0.000142,0.000142,3.1588141126,2.3691105845,422.2222595195
0.000142,0.000142,3.1588141126,2.3691105845,589.6071895242
0.000142,0.000142,3.1588141126,2.3691105845,823.3498592289
0.000142,0.000142,3.1588141126,2.3691105845,1149.7569953977
0.000142,0.000142,3.1588141126,2.3691105845,1605.5643098112
0.000142,0.000142,3.1588141126,2.3691105845,2242.0709447806
0.000142,0.000142,3.1588141126,2.3691105845,3130.912969796
0.000142,0.000142,3.1588141126,2.3691105845,4372.1257113904
0.000142,0.000142,3.1588141126,2.3691105845,6105.4022965853
0.000142,0.000142,3.1588141126,2.5270512901,0.1
0.000142,0.000142,3.1588141126,2.5270512901,0.1396437957
0.000142,0.000142,3.1588141126,2.5270512901,0.1950038968
0.000142,0.000142,3.1588141126,2.5270512901,0.2723108433
0.000142,0.000142,3.1588141126,2.5270512901,0.3802651977
0.000142,0.000142,3.1588141126,2.5270512901,0.5310167558
0.000142,0.000142,3.1588141126,2.5270512901,0.7415319537
0.000142,0.000142,3.1588141126,2.5270512901,1.0355033665
0.000142,0.000142,3.1588141126,2.5270512901,1.4460162057
0.000142,0.000142,3.1588141126,2.5270512901,2.0192719162
0.000142,0.000142,3.1588141126,2.5270512901,2.8197879494
0.000142,0.000142,3.1588141126,2.5270512901,3.9376589236
0.000142,0.000142,3.1588141126,2.5270512901,5.498696383
0.000142,0.000142,3.1588141126,2.5270512901,7.6785883437
0.000142,0.000142,3.1588141126,2.5270512901,10.7226722201
0.000142,0.000142,3.1588141126,2.5270512901,14.9735464897
0.000142,0.000142,3.1588141126,2.5270512901,20.9096286705
0.000142,0.000142,3.1588141126,2.5270512901,29.1989991443
0.000142,0.000142,3.1588141126,2.5270512901,40.7745907144
0.000142,0.000142,3.1588141126,2.5270512901,56.9391861586
0.000142,0.000142,3.1588141126,2.5270512901,79.5120407981
0.000142,0.000142,3.1588141126,2.5270512901,111.0336318168
0.000142,0.000142,3.1588141126,2.5270512901,155.0515779833
0.000142,0.000142,3.1588141126,2.5270512901,216.5199088036
0.000142,0.000142,3.1588141126,2.5270512901,302.3566191205
0.000142,0.000142,3.1588141126,2.5270512901,422.2222595195
0.000142,0.000142,3.1588141126,2.5270512901,589.6071895242
0.000142,0.000142,3.1588141126,2.5270512901,823.3498592289
0.000142,0.000142,3.1588141126,2.5270512901,1149.7569953977
0.000142,0.000142,3.1588141126,2.5270512901,1605.5643098112
0.000142,0.000142,3.1588141126,2.5270512901,2242.0709447806
0.000142,0.000142,3.1588141126,2.5270512901,3130.912969796
0.000142,0.000142,3.1588141126,2.5270512901,4372.1257113904
0.000142,0.000142,3.1588141126,2.5270512901,6105.4022965853
0.000142,0.000142,3.1588141126,2.6849919957,0.1
0.000142,0.000142,3.1588141126,2.6849919957,0.1396437957
0.000142,0.000142,3.1588141126,2.6849919957,0.1950038968
0.000142,0.000142,3.1588141126,2.6849919957,0.2723108433
0.000142,0.000142,3.1588141126,2.6849919957,0.3802651977
0.000142,0.000142,3.1588141126,2.6849919957,0.5310167558
0.000142,0.000142,3.1588141126,2.6849919957,0.7415319537
0.000142,0.000142,3.1588141126,2.6849919957,1.0355033665
0.000142,0.000142,3.1588141126,2.6849919957,1.4460162057
0.000142,0.000142,3.1588141126,2.6849919957,2.0192719162
0.000142,0.000142,3.1588141126,2.6849919957,2.8197879494
0.000142,0.000142,3.1588141126,2.6849919957,3.9376589236
0.000142,0.000142,3.1588141126,2.6849919957,5.498696383
0.000142,0.000142,3.1588141126,2.6849919957,7.6785883437
0.000142,0.000142,3.1588141126,2.6849919957,10.7226722201
0.000142,0.000142,3.1588141126,2.6849919957,14.9735464897
0.000142,0.000142,3.1588141126,2.6849919957,20.9096286705
0.000142,0.000142,3.1588141126,2.6849919957,29.1989991443
0.000142,0.000142,3.1588141126,2.6849919957,40.7745907144
0.000142,0.000142,3.1588141126,2.6849919957,56.9391861586
0.000142,0.000142,3.1588141126,2.6849919957,79.5120407981
0.000142,0.000142,3.1588141126,2.6849919957,111.0336318168
0.000142,0.000142,3.1588141126,2.6849919957,155.0515779833
0.000142,0.000142,3.1588141126,2.6849919957,216.5199088036
0.000142,0.000142,3.1588141126,2.6849919957,302.3566191205
0.000142,0.000142,3.1588141126,2.6849919957,422.2222595195
0.000142,0.000142,3.1588141126,2.6849919957,589.6071895242
0.000142,0.000142,3.1588141126,2.6849919957,823.3498592289
0.000142,0.000142,3.1588141126,2.6849919957,1149.7569953977
0.000142,0.000142,3.1588141126,2.6849919957,1605.5643098112
0.000142,0.000142,3.1588141126,2.6849919957,2242.0709447806
0.000142,0.000142,3.1588141126,2.6849919957,3130.912969796
0.000142,0.000142,3.1588141126,2.6849919957,4372.1257113904
0.000142,0.000142,3.1588141126,2.6849919957,6105.4022965853
0.000142,0.000142,3.1588141126,2.8429327014,0.1
0.000142,0.000142,3.1588141126,2.8429327014,0.1396437957
0.000142,0.000142,3.1588141126,2.8429327014,0.1950038968
0.000142,0.000142,3.1588141126,2.8429327014,0.2723108433
0.000142,0.000142,3.1588141126,2.8429327014,0.3802651977
0.000142,0.000142,3.1588141126,2.8429327014,0.5310167558
0.000142,0.000142,3.1588141126,2.8429327014,0.7415319537
0.000142,0.000142,3.1588141126,2.8429327014,1.0355033665
0.000142,0.000142,3.1588141126,2.8429327014,1.4460162057
0.000142,0.000142,3.1588141126,2.8429327014,2.0192719162
0.000142,0.000142,3.1588141126,2.8429327014,2.8197879494
0.000142,0.000142,3.1588141126,2.8429327014,3.9376589236
0.000142,0.000142,3.1588141126,2.8429327014,5.498696383
0.000142,0.000142,3.1588141126,2.8429327014,7.6785883437
0.000142,0.000142,3.1588141126,2.8429327014,10.7226722201
0.000142,0.000142,3.1588141126,2.8429327014,14.9735464897
0.000142,0.000142,3.1588141126,2.8429327014,20.9096286705
0.000142,0.000142,3.1588141126,2.8429327014,29.1989991443
0.000142,0.000142,3.1588141126,2.8429327014,40.7745907144
0.000142,0.000142,3.1588141126,2.8429327014,56.9391861586
0.000142,0.000142,3.1588141126,2.8429327014,79.5120407981
0.000142,0.000142,3.1588141126,2.8429327014,111.0336318168
0.000142,0.000142,3.1588141126,2.8429327014,155.0515779833
0.000142,0.000142,3.1588141126,2.8429327014,216.5199088036
0.000142,0.000142,3.1588141126,2.8429327014,302.3566191205
0.000142,0.000142,3.1588141126,2.8429327014,422.2222595195
0.000142,0.000142,3.1588141126,2.8429327014,589.6071895242
0.000142,0.000142,3.1588141126,2.8429327014,823.3498592289
0.000142,0.000142,3.1588141126,2.8429327014,1149.7569953977
0.000142,0.000142,3.1588141126,2.8429327014,1605.5643098112
0.000142,0.000142,3.1588141126,2.8429327014,2242.0709447806
0.000142,0.000142,3.1588141126,2.8429327014,3130.912969796
0.000142,0.000142,3.1588141126,2.8429327014,4372.1257113904
0.000142,0.000142,3.1588141126,2.8429327014,6105.4022965853
0.000142,0.000142,3.1588141126,3.000873407,0.1
0.000142,0.000142,3.1588141126,3.000873407,0.1396437957
0.000142,0.000142,3.1588141126,3.000873407,0.1950038968
0.000142,0.000142,3.1588141126,3.000873407,0.2723108433
0.000142,0.000142,3.1588141126,3.000873407,0.3802651977
0.000142,0.000142,3.1588141126,3.000873407,0.5310167558
0.000142,0.000142,3.1588141126,3.000873407,0.7415319537
0.000142,0.000142,3.1588141126,3.000873407,1.0355033665
0.000142,0.000142,3.1588141126,3.000873407,1.4460162057
0.000142,0.000142,3.1588141126,3.000873407,2.0192719162
0.000142,0.000142,3.1588141126,3.000873407,2.8197879494
0.000142,0.000142,3.1588141126,3.000873407,3.9376589236
0.000142,0.000142,3.1588141126,3.000873407,5.498696383
0.000142,0.000142,3.1588141126,3.000873407,7.6785883437
0.000142,0.000142,3.1588141126,3.000873407,10.7226722201
0.000142,0.000142,3.1588141126,3.000873407,14.9735464897
0.000142,0.000142,3.1588141126,3.000873407,20.9096286705
0.000142,0.000142,3.1588141126,3.000873407,29.1989991443
0.000142,0.000142,3.1588141126,3.000873407,40.7745907144
0.000142,0.000142,3.1588141126,3.000873407,56.9391861586
0.000142,0.000142,3.1588141126,3.000873407,79.5120407981
0.000142,0.000142,3.1588141126,3.000873407,111.0336318168
0.000142,0.000142,3.1588141126,3.000873407,155.0515779833
0.000142,0.000142,3.1588141126,3.000873407,216.5199088036
0.000142,0.000142,3.1588141126,3.000873407,302.3566191205
0.000142,0.000142,3.1588141126,3.000873407,422.2222595195
0.000142,0.000142,3.1588141126,3.000873407,589.6071895242
0.000142,0.000142,3.1588141126,3.000873407,823.3498592289
0.000142,0.000142,3.1588141126,3.000873407,1149.7569953977
0.000142,0.000142,3.1588141126,3.000873407,1605.5643098112
0.000142,0.000142,3.1588141126,3.000873407,2242.0709447806
0.000142,0.000142,3.1588141126,3.000873407,3130.912969796
0.000142,0.000142,3.1588141126,3.000873407,4372.1257113904
0.000142,0.000142,3.1588141126,3.000873407,6105.4022965853
0.000142,0.000142,3.1588141126,3.1272259715,0.1
0.000142,0.000142,3.1588141126,3.1272259715,0.1396437957
0.000142,0.000142,3.1588141126,3.1272259715,0.1950038968
0.000142,0.000142,3.1588141126,3.1272259715,0.2723108433
0.000142,0.000142,3.1588141126,3.1272259715,0.3802651977
0.000142,0.000142,3.1588141126,3.1272259715,0.5310167558
0.000142,0.000142,3.1588141126,3.1272259715,0.7415319537
0.000142,0.000142,3.1588141126,3.1272259715,1.0355033665
0.000142,0.000142,3.1588141126,3.1272259715,1.4460162057
0.000142,0.000142,3.1588141126,3.1272259715,2.0192719162
0.000142,0.000142,3.1588141126,3.1272259715,2.8197879494
0.000142,0.000142,3.1588141126,3.1272259715,3.9376589236
0.000142,0.000142,3.1588141126,3.1272259715,5.498696383
0.000142,0.000142,3.1588141126,3.1272259715,7.6785883437
0.000142,0.000142,3.1588141126,3.1272259715,10.7226722201
0.000142,0.000142,3.1588141126,3.1272259715,14.9735464897
0.000142,0.000142,3.1588141126,3.1272259715,20.9096286705
0.000142,0.000142,3.1588141126,3.1272259715,29.1989991443
0.000142,0.000142,3.1588141126,3.1272259715,40.7745907144
0.000142,0.000142,3.1588141126,3.1272259715,56.9391861586
0.000142,0.000142,3.1588141126,3.1272259715,79.5120407981
0.000142,0.000142,3.1588141126,3.1272259715,111.0336318168
0.000142,0.000142,3.1588141126,3.1272259715,155.0515779833
0.000142,0.000142,3.1588141126,3.1272259715,216.5199088036
0.000142,0.000142,3.1588141126,3.1272259715,302.3566191205
0.000142,0.000142,3.1588141126,3.1272259715,422.2222595195
0.000142,0.000142,3.1588141126,3.1272259715,589.6071895242
0.000142,0.000142,3.1588141126,3.1272259715,823.3498592289
0.000142,0.000142,3.1588141126,3.1272259715,1149.7569953977
0.000142,0.000142,3.1588141126,3.1272259715,1605.5643098112
0.000142,0.000142,3.1588141126,3.1272259715,2242.0709447806
0.000142,0.000142,3.1588141126,3.1272259715,3130.912969796
0.000142,0.000142,3.1588141126,3.1272259715,4372.1257113904
0.000142,0.000142,3.1588141126,3.1272259715,6105.4022965853
0.000142,0.000142,3.5187158463,0.1759357923,0.1
0.000142,0.000142,3.5187158463,0.1759357923,0.1396437957
0.000142,0.000142,3.5187158463,0.1759357923,0.1950038968
0.000142,0.000142,3.5187158463,0.1759357923,0.2723108433
0.000142,0.000142,3.5187158463,0.1759357923,0.3802651977
0.000142,0.000142,3.5187158463,0.1759357923,0.5310167558
0.000142,0.000142,3.5187158463,0.1759357923,0.7415319537
0.000142,0.000142,3.5187158463,0.1759357923,1.0355033665
0.000142,0.000142,3.5187158463,0.1759357923,1.4460162057
0.000142,0.000142,3.5187158463,0.1759357923,2.0192719162
0.000142,0.000142,3.5187158463,0.1759357923,2.8197879494
0.000142,0.000142,3.5187158463,0.1759357923,3.9376589236
0.000142,0.000142,3.5187158463,0.1759357923,5.498696383
0.000142,0.000142,3.5187158463,0.1759357923,7.6785883437
0.000142,0.000142,3.5187158463,0.1759357923,10.7226722201
0.000142,0.000142,3.5187158463,0.1759357923,14.9735464897
0.000142,0.000142,3.5187158463,0.1759357923,20.9096286705
0.000142,0.000142,3.5187158463,0.1759357923,29.1989991443
0.000142,0.000142,3.5187158463,0.1759357923,40.7745907144
0.000142,0.000142,3.5187158463,0.1759357923,56.9391861586
0.000142,0.000142,3.5187158463,0.1759357923,79.5120407981
0.000142,0.000142,3.5187158463,0.1759357923,111.0336318168
0.000142,0.000142,3.5187158463,0.1759357923,155.0515779833
0.000142,0.000142,3.5187158463,0.1759357923,216.5199088036
0.000142,0.000142,3.5187158463,0.1759357923,302.3566191205
0.000142,0.000142,3.5187158463,0.1759357923,422.2222595195
0.000142,0.000142,3.5187158463,0.1759357923,589.6071895242
0.000142,0.000142,3.5187158463,0.1759357923,823.3498592289
0.000142,0.000142,3.5187158463,0.1759357923,1149.7569953977
0.000142,0.000142,3.5187158463,0.1759357923,1605.5643098112
0.000142,0.000142,3.5187158463,0.1759357923,2242.0709447806
0.000142,0.000142,3.5187158463,0.1759357923,3130.912969796
0.000142,0.000142,3.5187158463,0.1759357923,4372.1257113904
0.000142,0.000142,3.5187158463,0.1759357923,6105.4022965853
0.000142,0.000142,3.5187158463,0.3518715846,0.1
0.000142,0.000142,3.5187158463,0.3518715846,0.1396437957
0.000142,0.000142,3.5187158463,0.3518715846,0.1950038968
0.000142,0.000142,3.5187158463,0.3518715846,0.2723108433
0.000142,0.000142,3.5187158463,0.3518715846,0.3802651977
0.000142,0.000142,3.5187158463,0.3518715846,0.5310167558
0.000142,0.000142,3.5187158463,0.3518715846,0.7415319537
0.000142,0.000142,3.5187158463,0.3518715846,1.0355033665
0.000142,0.000142,3.5187158463,0.3518715846,1.4460162057
0.000142,0.000142,3.5187158463,0.3518715846,2.0192719162
0.000142,0.000142,3.5187158463,0.3518715846,2.8197879494
0.000142,0.000142,3.5187158463,0.3518715846,3.9376589236
0.000142,0.000142,3.5187158463,0.3518715846,5.498696383
0.000142,0.000142,3.5187158463,0.3518715846,7.6785883437
0.000142,0.000142,3.5187158463,0.3518715846,10.7226722201
0.000142,0.000142,3.5187158463,0.3518715846,14.9735464897
0.000142,0.000142,3.5187158463,0.3518715846,20.9096286705
0.000142,0.000142,3.5187158463,0.3518715846,29.1989991443
0.000142,0.000142,3.5187158463,0.3518715846,40.7745907144
0.000142,0.000142,3.5187158463,0.3518715846,56.9391861586
0.000142,0.000142,3.5187158463,0.3518715846,79.5120407981
0.000142,0.000142,3.5187158463,0.3518715846,111.0336318168
0.000142,0.000142,3.5187158463,0.3518715846,155.0515779833
0.000142,0.000142,3.5187158463,0.3518715846,216.5199088036
0.000142,0.000142,3.5187158463,0.3518715846,302.3566191205
0.000142,0.000142,3.5187158463,0.3518715846,422.2222595195
0.000142,0.000142,3.5187158463,0.3518715846,589.6071895242
0.000142,0.000142,3.5187158463,0.3518715846,823.3498592289
0.000142,0.000142,3.5187158463,0.3518715846,1149.7569953977
0.000142,0.000142,3.5187158463,0.3518715846,1605.5643098112
0.000142,0.000142,3.5187158463,0.3518715846,2242.0709447806
0.000142,0.000142,3.5187158463,0.3518715846,3130.912969796
0.000142,0.000142,3.5187158463,0.3518715846,4372.1257113904
0.000142,0.000142,3.5187158463,0.3518715846,6105.4022965853
0.000142,0.000142,3.5187158463,0.5278073769,0.1
0.000142,0.000142,3.5187158463,0.5278073769,0.1396437957
0.000142,0.000142,3.5187158463,0.5278073769,0.1950038968
0.000142,0.000142,3.5187158463,0.5278073769,0.2723108433
0.000142,0.000142,3.5187158463,0.5278073769,0.3802651977
0.000142,0.000142,3.5187158463,0.5278073769,0.5310167558
0.000142,0.000142,3.5187158463,0.5278073769,0.7415319537
0.000142,0.000142,3.5187158463,0.5278073769,1.0355033665
0.000142,0.000142,3.5187158463,0.5278073769,1.4460162057
0.000142,0.000142,3.5187158463,0.5278073769,2.0192719162
0.000142,0.000142,3.5187158463,0.5278073769,2.8197879494
0.000142,0.000142,3.5187158463,0.5278073769,3.9376589236
0.000142,0.000142,3.5187158463,0.5278073769,5.498696383
0.000142,0.000142,3.5187158463,0.5278073769,7.6785883437
0.000142,0.000142,3.5187158463,0.5278073769,10.7226722201
0.000142,0.000142,3.5187158463,0.5278073769,14.9735464897
0.000142,0.000142,3.5187158463,0.5278073769,20.9096286705
0.000142,0.000142,3.5187158463,0.5278073769,29.1989991443
0.000142,0.000142,3.5187158463,0.5278073769,40.7745907144
0.000142,0.000142,3.5187158463,0.5278073769,56.9391861586
0.000142,0.000142,3.5187158463,0.5278073769,79.5120407981
0.000142,0.000142,3.5187158463,0.5278073769,111.0336318168
0.000142,0.000142,3.5187158463,0.5278073769,155.0515779833
0.000142,0.000142,3.5187158463,0.5278073769,216.5199088036
0.000142,0.000142,3.5187158463,0.5278073769,302.3566191205
0.000142,0.000142,3.5187158463,0.5278073769,422.2222595195
0.000142,0.000142,3.5187158463,0.5278073769,589.6071895242
0.000142,0.000142,3.5187158463,0.5278073769,823.3498592289
0.000142,0.000142,3.5187158463,0.5278073769,1149.7569953977
0.000142,0.000142,3.5187158463,0.5278073769,1605.5643098112
0.000142,0.000142,3.5187158463,0.5278073769,2242.0709447806
0.000142,0.000142,3.5187158463,0.5278073769,3130.912969796
0.000142,0.000142,3.5187158463,0.5278073769,4372.1257113904
0.000142,0.000142,3.5187158463,0.5278073769,6105.4022965853
0.000142,0.000142,3.5187158463,0.7037431693,0.1
0.000142,0.000142,3.5187158463,0.7037431693,0.1396437957
0.000142,0.000142,3.5187158463,0.7037431693,0.1950038968
0.000142,0.000142,3.5187158463,0.7037431693,0.2723108433
0.000142,0.000142,3.5187158463,0.7037431693,0.3802651977
0.000142,0.000142,3.5187158463,0.7037431693,0.5310167558
0.000142,0.000142,3.5187158463,0.7037431693,0.7415319537
0.000142,0.000142,3.5187158463,0.7037431693,1.0355033665
0.000142,0.000142,3.5187158463,0.7037431693,1.4460162057
0.000142,0.000142,3.5187158463,0.7037431693,2.0192719162
0.000142,0.000142,3.5187158463,0.7037431693,2.8197879494
0.000142,0.000142,3.5187158463,0.7037431693,3.9376589236
0.000142,0.000142,3.5187158463,0.7037431693,5.498696383
0.000142,0.000142,3.5187158463,0.7037431693,7.6785883437
0.000142,0.000142,3.5187158463,0.7037431693,10.7226722201
0.000142,0.000142,3.5187158463,0.7037431693,14.9735464897
0.000142,0.000142,3.5187158463,0.7037431693,20.9096286705
0.000142,0.000142,3.5187158463,0.7037431693,29.1989991443
0.000142,0.000142,3.5187158463,0.7037431693,40.7745907144
0.000142,0.000142,3.5187158463,0.7037431693,56.9391861586
0.000142,0.000142,3.5187158463,0.7037431693,79.5120407981
0.000142,0.000142,3.5187158463,0.7037431693,111.0336318168
0.000142,0.000142,3.5187158463,0.7037431693,155.0515779833
0.000142,0.000142,3.5187158463,0.7037431693,216.5199088036
0.000142,0.000142,3.5187158463,0.7037431693,302.3566191205
0.000142,0.000142,3.5187158463,0.7037431693,422.2222595195
0.000142,0.000142,3.5187158463,0.7037431693,589.6071895242
0.000142,0.000142,3.5187158463,0.7037431693,823.3498592289
0.000142,0.000142,3.5187158463,0.7037431693,1149.7569953977
0.000142,0.000142,3.5187158463,0.7037431693,1605.5643098112
0.000142,0.000142,3.5187158463,0.7037431693,2242.0709447806
0.000142,0.000142,3.5187158463,0.7037431693,3130.912969796
0.000142,0.000142,3.5187158463,0.7037431693,4372.1257113904
0.000142,0.000142,3.5187158463,0.7037431693,6105.4022965853
0.000142,0.000142,3.5187158463,0.8796789616,0.1
0.000142,0.000142,3.5187158463,0.8796789616,0.1396437957
0.000142,0.000142,3.5187158463,0.8796789616,0.1950038968
0.000142,0.000142,3.5187158463,0.8796789616,0.2723108433
0.000142,0.000142,3.5187158463,0.8796789616,0.3802651977
0.000142,0.000142,3.5187158463,0.8796789616,0.5310167558
0.000142,0.000142,3.5187158463,0.8796789616,0.7415319537
0.000142,0.000142,3.5187158463,0.8796789616,1.0355033665
0.000142,0.000142,3.5187158463,0.8796789616,1.4460162057
0.000142,0.000142,3.5187158463,0.8796789616,2.0192719162
0.000142,0.000142,3.5187158463,0.8796789616,2.8197879494
0.000142,0.000142,3.5187158463,0.8796789616,3.9376589236
0.000142,0.000142,3.5187158463,0.8796789616,5.498696383
0.000142,0.000142,3.5187158463,0.8796789616,7.6785883437
0.000142,0.000142,3.5187158463,0.8796789616,10.7226722201
0.000142,0.000142,3.5187158463,0.8796789616,14.9735464897
0.000142,0.000142,3.5187158463,0.8796789616,20.9096286705
0.000142,0.000142,3.5187158463,0.8796789616,29.1989991443
0.000142,0.000142,3.5187158463,0.8796789616,40.7745907144
0.000142,0.000142,3.5187158463,0.8796789616,56.9391861586
0.000142,0.000142,3.5187158463,0.8796789616,79.5120407981
0.000142,0.000142,3.5187158463,0.8796789616,111.0336318168
0.000142,0.000142,3.5187158463,0.8796789616,155.0515779833
0.000142,0.000142,3.5187158463,0.8796789616,216.5199088036
0.000142,0.000142,3.5187158463,0.8796789616,302.3566191205
0.000142,0.000142,3.5187158463,0.8796789616,422.2222595195
0.000142,0.000142,3.5187158463,0.8796789616,589.6071895242
0.000142,0.000142,3.5187158463,0.8796789616,823.3498592289
0.000142,0.000142,3.5187158463,0.8796789616,1149.7569953977
0.000142,0.000142,3.5187158463,0.8796789616,1605.5643098112
0.000142,0.000142,3.5187158463,0.8796789616,2242.0709447806
0.000142,0.000142,3.5187158463,0.8796789616,3130.912969796
0.000142,0.000142,3.5187158463,0.8796789616,4372.1257113904
0.000142,0.000142,3.5187158463,0.8796789616,6105.4022965853
0.000142,0.000142,3.5187158463,1.0556147539,0.1
0.000142,0.000142,3.5187158463,1.0556147539,0.1396437957
0.000142,0.000142,3.5187158463,1.0556147539,0.1950038968
0.000142,0.000142,3.5187158463,1.0556147539,0.2723108433
0.000142,0.000142,3.5187158463,1.0556147539,0.3802651977
0.000142,0.000142,3.5187158463,1.0556147539,0.5310167558
0.000142,0.000142,3.5187158463,1.0556147539,0.7415319537
0.000142,0.000142,3.5187158463,1.0556147539,1.0355033665
0.000142,0.000142,3.5187158463,1.0556147539,1.4460162057
0.000142,0.000142,3.5187158463,1.0556147539,2.0192719162
0.000142,0.000142,3.5187158463,1.0556147539,2.8197879494
0.000142,0.000142,3.5187158463,1.0556147539,3.9376589236
0.000142,0.000142,3.5187158463,1.0556147539,5.498696383
0.000142,0.000142,3.5187158463,1.0556147539,7.6785883437
0.000142,0.000142,3.5187158463,1.0556147539,10.7226722201
0.000142,0.000142,3.5187158463,1.0556147539,14.9735464897
0.000142,0.000142,3.5187158463,1.0556147539,20.9096286705
0.000142,0.000142,3.5187158463,1.0556147539,29.1989991443
0.000142,0.000142,3.5187158463,1.0556147539,40.7745907144
0.000142,0.000142,3.5187158463,1.0556147539,56.9391861586
0.000142,0.000142,3.5187158463,1.0556147539,79.5120407981
0.000142,0.000142,3.5187158463,1.0556147539,111.0336318168
0.000142,0.000142,3.5187158463,1.0556147539,155.0515779833
0.000142,0.000142,3.5187158463,1.0556147539,216.5199088036
0.000142,0.000142,3.5187158463,1.0556147539,302.3566191205
0.000142,0.000142,3.5187158463,1.0556147539,422.2222595195
0.000142,0.000142,3.5187158463,1.0556147539,589.6071895242
0.000142,0.000142,3.5187158463,1.0556147539,823.3498592289
0.000142,0.000142,3.5187158463,1.0556147539,1149.7569953977
0.000142,0.000142,3.5187158463,1.0556147539,1605.5643098112
0.000142,0.000142,3.5187158463,1.0556147539,2242.0709447806
0.000142,0.000142,3.5187158463,1.0556147539,3130.912969796
0.000142,0.000142,3.5187158463,1.0556147539,4372.1257113904
0.000142,0.000142,3.5187158463,1.0556147539,6105.4022965853
0.000142,0.000142,3.5187158463,1.2315505462,0.1
0.000142,0.000142,3.5187158463,1.2315505462,0.1396437957
0.000142,0.000142,3.5187158463,1.2315505462,0.1950038968
0.000142,0.000142,3.5187158463,1.2315505462,0.2723108433
0.000142,0.000142,3.5187158463,1.2315505462,0.3802651977
0.000142,0.000142,3.5187158463,1.2315505462,0.5310167558
0.000142,0.000142,3.5187158463,1.2315505462,0.7415319537
0.000142,0.000142,3.5187158463,1.2315505462,1.0355033665
0.000142,0.000142,3.5187158463,1.2315505462,1.4460162057
0.000142,0.000142,3.5187158463,1.2315505462,2.0192719162
0.000142,0.000142,3.5187158463,1.2315505462,2.8197879494
0.000142,0.000142,3.5187158463,1.2315505462,3.9376589236
0.000142,0.000142,3.5187158463,1.2315505462,5.498696383
0.000142,0.000142,3.5187158463,1.2315505462,7.6785883437
0.000142,0.000142,3.5187158463,1.2315505462,10.7226722201
0.000142,0.000142,3.5187158463,1.2315505462,14.9735464897
0.000142,0.000142,3.5187158463,1.2315505462,20.9096286705
0.000142,0.000142,3.5187158463,1.2315505462,29.1989991443
0.000142,0.000142,3.5187158463,1.2315505462,40.7745907144
0.000142,0.000142,3.5187158463,1.2315505462,56.9391861586
0.000142,0.000142,3.5187158463,1.2315505462,79.5120407981
0.000142,0.000142,3.5187158463,1.2315505462,111.0336318168
0.000142,0.000142,3.5187158463,1.2315505462,155.0515779833
0.000142,0.000142,3.5187158463,1.2315505462,216.5199088036
0.000142,0.000142,3.5187158463,1.2315505462,302.3566191205
0.000142,0.000142,3.5187158463,1.2315505462,422.2222595195
0.000142,0.000142,3.5187158463,1.2315505462,589.6071895242
0.000142,0.000142,3.5187158463,1.2315505462,823.3498592289
0.000142,0.000142,3.5187158463,1.2315505462,1149.7569953977
0.000142,0.000142,3.5187158463,1.2315505462,1605.5643098112
0.000142,0.000142,3.5187158463,1.2315505462,2242.0709447806
0.000142,0.000142,3.5187158463,1.2315505462,3130.912969796
0.000142,0.000142,3.5187158463,1.2315505462,4372.1257113904
0.000142,0.000142,3.5187158463,1.2315505462,6105.4022965853
0.000142,0.000142,3.5187158463,1.4074863385,0.1
0.000142,0.000142,3.5187158463,1.4074863385,0.1396437957
0.000142,0.000142,3.5187158463,1.4074863385,0.1950038968
0.000142,0.000142,3.5187158463,1.4074863385,0.2723108433
0.000142,0.000142,3.5187158463,1.4074863385,0.3802651977
0.000142,0.000142,3.5187158463,1.4074863385,0.5310167558
0.000142,0.000142,3.5187158463,1.4074863385,0.7415319537
0.000142,0.000142,3.5187158463,1.4074863385,1.0355033665
0.000142,0.000142,3.5187158463,1.4074863385,1.4460162057
0.000142,0.000142,3.5187158463,1.4074863385,2.0192719162
0.000142,0.000142,3.5187158463,1.4074863385,2.8197879494
0.000142,0.000142,3.5187158463,1.4074863385,3.9376589236
0.000142,0.000142,3.5187158463,1.4074863385,5.498696383
0.000142,0.000142,3.5187158463,1.4074863385,7.6785883437
0.000142,0.000142,3.5187158463,1.4074863385,10.7226722201
0.000142,0.000142,3.5187158463,1.4074863385,14.9735464897
0.000142,0.000142,3.5187158463,1.4074863385,20.9096286705
0.000142,0.000142,3.5187158463,1.4074863385,29.1989991443
0.000142,0.000142,3.5187158463,1.4074863385,40.7745907144
0.000142,0.000142,3.5187158463,1.4074863385,56.9391861586
0.000142,0.000142,3.5187158463,1.4074863385,79.5120407981
0.000142,0.000142,3.5187158463,1.4074863385,111.0336318168
0.000142,0.000142,3.5187158463,1.4074863385,155.0515779833
0.000142,0.000142,3.5187158463,1.4074863385,216.5199088036
0.000142,0.000142,3.5187158463,1.4074863385,302.3566191205
0.000142,0.000142,3.5187158463,1.4074863385,422.2222595195
0.000142,0.000142,3.5187158463,1.4074863385,589.6071895242
0.000142,0.000142,3.5187158463,1.4074863385,823.3498592289
0.000142,0.000142,3.5187158463,1.4074863385,1149.7569953977
0.000142,0.000142,3.5187158463,1.4074863385,1605.5643098112
0.000142,0.000142,3.5187158463,1.4074863385,2242.0709447806
0.000142,0.000142,3.5187158463,1.4074863385,3130.912969796
0.000142,0.000142,3.5187158463,1.4074863385,4372.1257113904
0.000142,0.000142,3.5187158463,1.4074863385,6105.4022965853
0.000142,0.000142,3.5187158463,1.5834221308,0.1
0.000142,0.000142,3.5187158463,1.5834221308,0.1396437957
0.000142,0.000142,3.5187158463,1.5834221308,0.1950038968
0.000142,0.000142,3.5187158463,1.5834221308,0.2723108433
0.000142,0.000142,3.5187158463,1.5834221308,0.3802651977
0.000142,0.000142,3.5187158463,1.5834221308,0.5310167558
0.000142,0.000142,3.5187158463,1.5834221308,0.7415319537
0.000142,0.000142,3.5187158463,1.5834221308,1.0355033665
0.000142,0.000142,3.5187158463,1.5834221308,1.4460162057
0.000142,0.000142,3.5187158463,1.5834221308,2.0192719162
0.000142,0.000142,3.5187158463,1.5834221308,2.8197879494
0.000142,0.000142,3.5187158463,1.5834221308,3.9376589236
0.000142,0.000142,3.5187158463,1.5834221308,5.498696383
0.000142,0.000142,3.5187158463,1.5834221308,7.6785883437
0.000142,0.000142,3.5187158463,1.5834221308,10.7226722201
0.000142,0.000142,3.5187158463,1.5834221308,14.9735464897
0.000142,0.000142,3.5187158463,1.5834221308,20.9096286705
0.000142,0.000142,3.5187158463,1.5834221308,29.1989991443
0.000142,0.000142,3.5187158463,1.5834221308,40.7745907144
0.000142,0.000142,3.5187158463,1.5834221308,56.9391861586
0.000142,0.000142,3.5187158463,1.5834221308,79.5120407981
0.000142,0.000142,3.5187158463,1.5834221308,111.0336318168
0.000142,0.000142,3.5187158463,1.5834221308,155.0515779833
0.000142,0.000142,3.5187158463,1.5834221308,216.5199088036
0.000142,0.000142,3.5187158463,1.5834221308,302.3566191205
0.000142,0.000142,3.5187158463,1.5834221308,422.2222595195
0.000142,0.000142,3.5187158463,1.5834221308,589.6071895242
0.000142,0.000142,3.5187158463,1.5834221308,823.3498592289
0.000142,0.000142,3.5187158463,1.5834221308,1149.7569953977
0.000142,0.000142,3.5187158463,1.5834221308,1605.5643098112
0.000142,0.000142,3.5187158463,1.5834221308,2242.0709447806
0.000142,0.000142,3.5187158463,1.5834221308,3130.912969796
0.000142,0.000142,3.5187158463,1.5834221308,4372.1257113904
0.000142,0.000142,3.5187158463,1.5834221308,6105.4022965853
0.000142,0.000142,3.5187158463,1.7593579231,0.1
0.000142,0.000142,3.5187158463,1.7593579231,0.1396437957
0.000142,0.000142,3.5187158463,1.7593579231,0.1950038968
0.000142,0.000142,3.5187158463,1.7593579231,0.2723108433
0.000142,0.000142,3.5187158463,1.7593579231,0.3802651977
0.000142,0.000142,3.5187158463,1.7593579231,0.5310167558
0.000142,0.000142,3.5187158463,1.7593579231,0.7415319537
0.000142,0.000142,3.5187158463,1.7593579231,1.0355033665
0.000142,0.000142,3.5187158463,1.7593579231,1.4460162057
0.000142,0.000142,3.5187158463,1.7593579231,2.0192719162
0.000142,0.000142,3.5187158463,1.7593579231,2.8197879494
0.000142,0.000142,3.5187158463,1.7593579231,3.9376589236
0.000142,0.000142,3.5187158463,1.7593579231,5.498696383
0.000142,0.000142,3.5187158463,1.7593579231,7.6785883437
0.000142,0.000142,3.5187158463,1.7593579231,10.7226722201
0.000142,0.000142,3.5187158463,1.7593579231,14.9735464897
0.000142,0.000142,3.5187158463,1.7593579231,20.9096286705
0.000142,0.000142,3.5187158463,1.7593579231,29.1989991443
0.000142,0.000142,3.5187158463,1.7593579231,40.7745907144
0.000142,0.000142,3.5187158463,1.7593579231,56.9391861586
0.000142,0.000142,3.5187158463,1.7593579231,79.5120407981
0.000142,0.000142,3.5187158463,1.7593579231,111.0336318168
0.000142,0.000142,3.5187158463,1.7593579231,155.0515779833
0.000142,0.000142,3.5187158463,1.7593579231,216.5199088036
0.000142,0.000142,3.5187158463,1.7593579231,302.3566191205
0.000142,0.000142,3.5187158463,1.7593579231,422.2222595195
0.000142,0.000142,3.5187158463,1.7593579231,589.6071895242
0.000142,0.000142,3.5187158463,1.7593579231,823.3498592289
0.000142,0.000142,3.5187158463,1.7593579231,1149.7569953977
0.000142,0.000142,3.5187158463,1.7593579231,1605.5643098112
0.000142,0.000142,3.5187158463,1.7593579231,2242.0709447806
0.000142,0.000142,3.5187158463,1.7593579231,3130.912969796
0.000142,0.000142,3.5187158463,1.7593579231,4372.1257113904
0.000142,0.000142,3.5187158463,1.7593579231,6105.4022965853
0.000142,0.000142,3.5187158463,1.9352937154,0.1
0.000142,0.000142,3.5187158463,1.9352937154,0.1396437957
0.000142,0.000142,3.5187158463,1.9352937154,0.1950038968
0.000142,0.000142,3.5187158463,1.9352937154,0.2723108433
0.000142,0.000142,3.5187158463,1.9352937154,0.3802651977
0.000142,0.000142,3.5187158463,1.9352937154,0.5310167558
0.000142,0.000142,3.5187158463,1.9352937154,0.7415319537
0.000142,0.000142,3.5187158463,1.9352937154,1.0355033665
0.000142,0.000142,3.5187158463,1.9352937154,1.4460162057
0.000142,0.000142,3.5187158463,1.9352937154,2.0192719162
0.000142,0.000142,3.5187158463,1.9352937154,2.8197879494
0.000142,0.000142,3.5187158463,1.9352937154,3.9376589236
0.000142,0.000142,3.5187158463,1.9352937154,5.498696383
0.000142,0.000142,3.5187158463,1.9352937154,7.6785883437
0.000142,0.000142,3.5187158463,1.9352937154,10.7226722201
0.000142,0.000142,3.5187158463,1.9352937154,14.9735464897
0.000142,0.000142,3.5187158463,1.9352937154,20.9096286705
0.000142,0.000142,3.5187158463,1.9352937154,29.1989991443
0.000142,0.000142,3.5187158463,1.9352937154,40.7745907144
0.000142,0.000142,3.5187158463,1.9352937154,56.9391861586
0.000142,0.000142,3.5187158463,1.9352937154,79.5120407981
0.000142,0.000142,3.5187158463,1.9352937154,111.0336318168
0.000142,0.000142,3.5187158463,1.9352937154,155.0515779833
0.000142,0.000142,3.5187158463,1.9352937154,216.5199088036
0.000142,0.000142,3.5187158463,1.9352937154,302.3566191205
0.000142,0.000142,3.5187158463,1.9352937154,422.2222595195
0.000142,0.000142,3.5187158463,1.9352937154,589.6071895242
0.000142,0.000142,3.5187158463,1.9352937154,823.3498592289
0.000142,0.000142,3.5187158463,1.9352937154,1149.7569953977
0.000142,0.000142,3.5187158463,1.9352937154,1605.5643098112
0.000142,0.000142,3.5187158463,1.9352937154,2242.0709447806
0.000142,0.000142,3.5187158463,1.9352937154,3130.912969796
0.000142,0.000142,3.5187158463,1.9352937154,4372.1257113904
0.000142,0.000142,3.5187158463,1.9352937154,6105.4022965853
0.000142,0.000142,3.5187158463,2.1112295078,0.1
0.000142,0.000142,3.5187158463,2.1112295078,0.1396437957
0.000142,0.000142,3.5187158463,2.1112295078,0.1950038968
0.000142,0.000142,3.5187158463,2.1112295078,0.2723108433
0.000142,0.000142,3.5187158463,2.1112295078,0.3802651977
0.000142,0.000142,3.5187158463,2.1112295078,0.5310167558
0.000142,0.000142,3.5187158463,2.1112295078,0.7415319537
0.000142,0.000142,3.5187158463,2.1112295078,1.0355033665
0.000142,0.000142,3.5187158463,2.1112295078,1.4460162057
0.000142,0.000142,3.5187158463,2.1112295078,2.0192719162
0.000142,0.000142,3.5187158463,2.1112295078,2.8197879494
0.000142,0.000142,3.5187158463,2.1112295078,3.9376589236
0.000142,0.000142,3.5187158463,2.1112295078,5.498696383
0.000142,0.000142,3.5187158463,2.1112295078,7.6785883437
0.000142,0.000142,3.5187158463,2.1112295078,10.7226722201
0.000142,0.000142,3.5187158463,2.1112295078,14.9735464897
0.000142,0.000142,3.5187158463,2.1112295078,20.9096286705
0.000142,0.000142,3.5187158463,2.1112295078,29.1989991443
0.000142,0.000142,3.5187158463,2.1112295078,40.7745907144
0.000142,0.000142,3.5187158463,2.1112295078,56.9391861586
0.000142,0.000142,3.5187158463,2.1112295078,79.5120407981
0.000142,0.000142,3.5187158463,2.1112295078,111.0336318168
0.000142,0.000142,3.5187158463,2.1112295078,155.0515779833
0.000142,0.000142,3.5187158463,2.1112295078,216.5199088036
0.000142,0.000142,3.5187158463,2.1112295078,302.3566191205
0.000142,0.000142,3.5187158463,2.1112295078,422.2222595195
0.000142,0.000142,3.5187158463,2.1112295078,589.6071895242
0.000142,0.000142,3.5187158463,2.1112295078,823.3498592289
0.000142,0.000142,3.5187158463,2.1112295078,1149.7569953977
0.000142,0.000142,3.5187158463,2.1112295078,1605.5643098112
0.000142,0.000142,3.5187158463,2.1112295078,2242.0709447806
0.000142,0.000142,3.5187158463,2.1112295078,3130.912969796
0.000142,0.000142,3.5187158463,2.1112295078,4372.1257113904
0.000142,0.000142,3.5187158463,2.1112295078,6105.4022965853
0.000142,0.000142,3.5187158463,2.2871653001,0.1
0.000142,0.000142,3.5187158463,2.2871653001,0.1396437957
0.000142,0.000142,3.5187158463,2.2871653001,0.1950038968
0.000142,0.000142,3.5187158463,2.2871653001,0.2723108433
0.000142,0.000142,3.5187158463,2.2871653001,0.3802651977
0.000142,0.000142,3.5187158463,2.2871653001,0.5310167558
0.000142,0.000142,3.5187158463,2.2871653001,0.7415319537
0.000142,0.000142,3.5187158463,2.2871653001,1.0355033665
0.000142,0.000142,3.5187158463,2.2871653001,1.4460162057
0.000142,0.000142,3.5187158463,2.2871653001,2.0192719162
0.000142,0.000142,3.5187158463,2.2871653001,2.8197879494
0.000142,0.000142,3.5187158463,2.2871653001,3.9376589236
0.000142,0.000142,3.5187158463,2.2871653001,5.498696383
0.000142,0.000142,3.5187158463,2.2871653001,7.6785883437
0.000142,0.000142,3.5187158463,2.2871653001,10.7226722201
0.000142,0.000142,3.5187158463,2.2871653001,14.9735464897
0.000142,0.000142,3.5187158463,2.2871653001,20.9096286705
0.000142,0.000142,3.5187158463,2.2871653001,29.1989991443
0.000142,0.000142,3.5187158463,2.2871653001,40.7745907144
0.000142,0.000142,3.5187158463,2.2871653001,56.9391861586
0.000142,0.000142,3.5187158463,2.2871653001,79.5120407981
0.000142,0.000142,3.5187158463,2.2871653001,111.0336318168
0.000142,0.000142,3.5187158463,2.2871653001,155.0515779833
0.000142,0.000142,3.5187158463,2.2871653001,216.5199088036
0.000142,0.000142,3.5187158463,2.2871653001,302.3566191205
0.000142,0.000142,3.5187158463,2.2871653001,422.2222595195
0.000142,0.000142,3.5187158463,2.2871653001,589.6071895242
0.000142,0.000142,3.5187158463,2.2871653001,823.3498592289
0.000142,0.000142,3.5187158463,2.2871653001,1149.7569953977
0.000142,0.000142,3.5187158463,2.2871653001,1605.5643098112
0.000142,0.000142,3.5187158463,2.2871653001,2242.0709447806
0.000142,0.000142,3.5187158463,2.2871653001,3130.912969796
0.000142,0.000142,3.5187158463,2.2871653001,4372.1257113904
0.000142,0.000142,3.5187158463,2.2871653001,6105.4022965853
0.000142,0.000142,3.5187158463,2.4631010924,0.1
0.000142,0.000142,3.5187158463,2.4631010924,0.1396437957
0.000142,0.000142,3.5187158463,2.4631010924,0.1950038968
0.000142,0.000142,3.5187158463,2.4631010924,0.2723108433
0.000142,0.000142,3.5187158463,2.4631010924,0.3802651977
0.000142,0.000142,3.5187158463,2.4631010924,0.5310167558
0.000142,0.000142,3.5187158463,2.4631010924,0.7415319537
0.000142,0.000142,3.5187158463,2.4631010924,1.0355033665
0.000142,0.000142,3.5187158463,2.4631010924,1.4460162057
0.000142,0.000142,3.5187158463,2.4631010924,2.0192719162
0.000142,0.000142,3.5187158463,2.4631010924,2.8197879494
0.000142,0.000142,3.5187158463,2.4631010924,3.9376589236
0.000142,0.000142,3.5187158463,2.4631010924,5.498696383
0.000142,0.000142,3.5187158463,2.4631010924,7.6785883437
0.000142,0.000142,3.5187158463,2.4631010924,10.7226722201
0.000142,0.000142,3.5187158463,2.4631010924,14.9735464897
0.000142,0.000142,3.5187158463,2.4631010924,20.9096286705
0.000142,0.000142,3.5187158463,2.4631010924,29.1989991443
0.000142,0.000142,3.5187158463,2.4631010924,40.7745907144
0.000142,0.000142,3.5187158463,2.4631010924,56.9391861586
0.000142,0.000142,3.5187158463,2.4631010924,79.5120407981
0.000142,0.000142,3.5187158463,2.4631010924,111.0336318168
0.000142,0.000142,3.5187158463,2.4631010924,155.0515779833
0.000142,0.000142,3.5187158463,2.4631010924,216.5199088036
0.000142,0.000142,3.5187158463,2.4631010924,302.3566191205
0.000142,0.000142,3.5187158463,2.4631010924,422.2222595195
0.000142,0.000142,3.5187158463,2.4631010924,589.6071895242
0.000142,0.000142,3.5187158463,2.4631010924,823.3498592289
0.000142,0.000142,3.5187158463,2.4631010924,1149.7569953977
0.000142,0.000142,3.5187158463,2.4631010924,1605.5643098112
0.000142,0.000142,3.5187158463,2.4631010924,2242.0709447806
0.000142,0.000142,3.5187158463,2.4631010924,3130.912969796
0.000142,0.000142,3.5187158463,2.4631010924,4372.1257113904
0.000142,0.000142,3.5187158463,2.4631010924,6105.4022965853
0.000142,0.000142,3.5187158463,2.6390368847,0.1
0.000142,0.000142,3.5187158463,2.6390368847,0.1396437957
0.000142,0.000142,3.5187158463,2.6390368847,0.1950038968
0.000142,0.000142,3.5187158463,2.6390368847,0.2723108433
0.000142,0.000142,3.5187158463,2.6390368847,0.3802651977
0.000142,0.000142,3.5187158463,2.6390368847,0.5310167558
0.000142,0.000142,3.5187158463,2.6390368847,0.7415319537
0.000142,0.000142,3.5187158463,2.6390368847,1.0355033665
0.000142,0.000142,3.5187158463,2.6390368847,1.4460162057
0.000142,0.000142,3.5187158463,2.6390368847,2.0192719162
0.000142,0.000142,3.5187158463,2.6390368847,2.8197879494
0.000142,0.000142,3.5187158463,2.6390368847,3.9376589236
0.000142,0.000142,3.5187158463,2.6390368847,5.498696383
0.000142,0.000142,3.5187158463,2.6390368847,7.6785883437
0.000142,0.000142,3.5187158463,2.6390368847,10.7226722201
0.000142,0.000142,3.5187158463,2.6390368847,14.9735464897
0.000142,0.000142,3.5187158463,2.6390368847,20.9096286705
0.000142,0.000142,3.5187158463,2.6390368847,29.1989991443
0.000142,0.000142,3.5187158463,2.6390368847,40.7745907144
0.000142,0.000142,3.5187158463,2.6390368847,56.9391861586
0.000142,0.000142,3.5187158463,2.6390368847,79.5120407981
0.000142,0.000142,3.5187158463,2.6390368847,111.0336318168
0.000142,0.000142,3.5187158463,2.6390368847,155.0515779833
0.000142,0.000142,3.5187158463,2.6390368847,216.5199088036
0.000142,0.000142,3.5187158463,2.6390368847,302.3566191205
0.000142,0.000142,3.5187158463,2.6390368847,422.2222595195
0.000142,0.000142,3.5187158463,2.6390368847,589.6071895242
0.000142,0.000142,3.5187158463,2.6390368847,823.3498592289
0.000142,0.000142,3.5187158463,2.6390368847,1149.7569953977
0.000142,0.000142,3.5187158463,2.6390368847,1605.5643098112
0.000142,0.000142,3.5187158463,2.6390368847,2242.0709447806
0.000142,0.000142,3.5187158463,2.6390368847,3130.912969796
0.000142,0.000142,3.5187158463,2.6390368847,4372.1257113904
0.000142,0.000142,3.5187158463,2.6390368847,6105.4022965853
0.000142,0.000142,3.5187158463,2.814972677,0.1
0.000142,0.000142,3.5187158463,2.814972677,0.1396437957
0.000142,0.000142,3.5187158463,2.814972677,0.1950038968
0.000142,0.000142,3.5187158463,2.814972677,0.2723108433
0.000142,0.000142,3.5187158463,2.814972677,0.3802651977
0.000142,0.000142,3.5187158463,2.814972677,0.5310167558
0.000142,0.000142,3.5187158463,2.814972677,0.7415319537
0.000142,0.000142,3.5187158463,2.814972677,1.0355033665
0.000142,0.000142,3.5187158463,2.814972677,1.4460162057
0.000142,0.000142,3.5187158463,2.814972677,2.0192719162
0.000142,0.000142,3.5187158463,2.814972677,2.8197879494
0.000142,0.000142,3.5187158463,2.814972677,3.9376589236
0.000142,0.000142,3.5187158463,2.814972677,5.498696383
0.000142,0.000142,3.5187158463,2.814972677,7.6785883437
0.000142,0.000142,3.5187158463,2.814972677,10.7226722201
0.000142,0.000142,3.5187158463,2.814972677,14.9735464897
0.000142,0.000142,3.5187158463,2.814972677,20.9096286705
0.000142,0.000142,3.5187158463,2.814972677,29.1989991443
0.000142,0.000142,3.5187158463,2.814972677,40.7745907144
0.000142,0.000142,3.5187158463,2.814972677,56.9391861586
0.000142,0.000142,3.5187158463,2.814972677,79.5120407981
0.000142,0.000142,3.5187158463,2.814972677,111.0336318168
0.000142,0.000142,3.5187158463,2.814972677,155.0515779833
0.000142,0.000142,3.5187158463,2.814972677,216.5199088036
0.000142,0.000142,3.5187158463,2.814972677,302.3566191205
0.000142,0.000142,3.5187158463,2.814972677,422.2222595195
0.000142,0.000142,3.5187158463,2.814972677,589.6071895242
0.000142,0.000142,3.5187158463,2.814972677,823.3498592289
0.000142,0.000142,3.5187158463,2.814972677,1149.7569953977
0.000142,0.000142,3.5187158463,2.814972677,1605.5643098112
0.000142,0.000142,3.5187158463,2.814972677,2242.0709447806
0.000142,0.000142,3.5187158463,2.814972677,3130.912969796
0.000142,0.000142,3.5187158463,2.814972677,4372.1257113904
0.000142,0.000142,3.5187158463,2.814972677,6105.4022965853
0.000142,0.000142,3.5187158463,2.9909084693,0.1
0.000142,0.000142,3.5187158463,2.9909084693,0.1396437957
0.000142,0.000142,3.5187158463,2.9909084693,0.1950038968
0.000142,0.000142,3.5187158463,2.9909084693,0.2723108433
0.000142,0.000142,3.5187158463,2.9909084693,0.3802651977
0.000142,0.000142,3.5187158463,2.9909084693,0.5310167558
0.000142,0.000142,3.5187158463,2.9909084693,0.7415319537
0.000142,0.000142,3.5187158463,2.9909084693,1.0355033665
0.000142,0.000142,3.5187158463,2.9909084693,1.4460162057
0.000142,0.000142,3.5187158463,2.9909084693,2.0192719162
0.000142,0.000142,3.5187158463,2.9909084693,2.8197879494
0.000142,0.000142,3.5187158463,2.9909084693,3.9376589236
0.000142,0.000142,3.5187158463,2.9909084693,5.498696383
0.000142,0.000142,3.5187158463,2.9909084693,7.6785883437
0.000142,0.000142,3.5187158463,2.9909084693,10.7226722201
0.000142,0.000142,3.5187158463,2.9909084693,14.9735464897
0.000142,0.000142,3.5187158463,2.9909084693,20.9096286705
0.000142,0.000142,3.5187158463,2.9909084693,29.1989991443
0.000142,0.000142,3.5187158463,2.9909084693,40.7745907144
0.000142,0.000142,3.5187158463,2.9909084693,56.9391861586
0.000142,0.000142,3.5187158463,2.9909084693,79.5120407981
0.000142,0.000142,3.5187158463,2.9909084693,111.0336318168
0.000142,0.000142,3.5187158463,2.9909084693,155.0515779833
0.000142,0.000142,3.5187158463,2.9909084693,216.5199088036
0.000142,0.000142,3.5187158463,2.9909084693,302.3566191205
0.000142,0.000142,3.5187158463,2.9909084693,422.2222595195
0.000142,0.000142,3.5187158463,2.9909084693,589.6071895242
0.000142,0.000142,3.5187158463,2.9909084693,823.3498592289
0.000142,0.000142,3.5187158463,2.9909084693,1149.7569953977
0.000142,0.000142,3.5187158463,2.9909084693,1605.5643098112
0.000142,0.000142,3.5187158463,2.9909084693,2242.0709447806
0.000142,0.000142,3.5187158463,2.9909084693,3130.912969796
0.000142,0.000142,3.5187158463,2.9909084693,4372.1257113904
0.000142,0.000142,3.5187158463,2.9909084693,6105.4022965853
0.000142,0.000142,3.5187158463,3.1668442616,0.1
0.000142,0.000142,3.5187158463,3.1668442616,0.1396437957
0.000142,0.000142,3.5187158463,3.1668442616,0.1950038968
0.000142,0.000142,3.5187158463,3.1668442616,0.2723108433
0.000142,0.000142,3.5187158463,3.1668442616,0.3802651977
0.000142,0.000142,3.5187158463,3.1668442616,0.5310167558
0.000142,0.000142,3.5187158463,3.1668442616,0.7415319537
0.000142,0.000142,3.5187158463,3.1668442616,1.0355033665
0.000142,0.000142,3.5187158463,3.1668442616,1.4460162057
0.000142,0.000142,3.5187158463,3.1668442616,2.0192719162
0.000142,0.000142,3.5187158463,3.1668442616,2.8197879494
0.000142,0.000142,3.5187158463,3.1668442616,3.9376589236
0.000142,0.000142,3.5187158463,3.1668442616,5.498696383
0.000142,0.000142,3.5187158463,3.1668442616,7.6785883437
0.000142,0.000142,3.5187158463,3.1668442616,10.7226722201
0.000142,0.000142,3.5187158463,3.1668442616,14.9735464897
0.000142,0.000142,3.5187158463,3.1668442616,20.9096286705
0.000142,0.000142,3.5187158463,3.1668442616,29.1989991443
0.000142,0.000142,3.5187158463,3.1668442616,40.7745907144
0.000142,0.000142,3.5187158463,3.1668442616,56.9391861586
0.000142,0.000142,3.5187158463,3.1668442616,79.5120407981
0.000142,0.000142,3.5187158463,3.1668442616,111.0336318168
0.000142,0.000142,3.5187158463,3.1668442616,155.0515779833
0.000142,0.000142,3.5187158463,3.1668442616,216.5199088036
0.000142,0.000142,3.5187158463,3.1668442616,302.3566191205
0.000142,0.000142,3.5187158463,3.1668442616,422.2222595195
0.000142,0.000142,3.5187158463,3.1668442616,589.6071895242
0.000142,0.000142,3.5187158463,3.1668442616,823.3498592289
0.000142,0.000142,3.5187158463,3.1668442616,1149.7569953977
0.000142,0.000142,3.5187158463,3.1668442616,1605.5643098112
0.000142,0.000142,3.5187158463,3.1668442616,2242.0709447806
0.000142,0.000142,3.5187158463,3.1668442616,3130.912969796
0.000142,0.000142,3.5187158463,3.1668442616,4372.1257113904
0.000142,0.000142,3.5187158463,3.1668442616,6105.4022965853
0.000142,0.000142,3.5187158463,3.342780054,0.1
0.000142,0.000142,3.5187158463,3.342780054,0.1396437957
0.000142,0.000142,3.5187158463,3.342780054,0.1950038968
0.000142,0.000142,3.5187158463,3.342780054,0.2723108433
0.000142,0.000142,3.5187158463,3.342780054,0.3802651977
0.000142,0.000142,3.5187158463,3.342780054,0.5310167558
0.000142,0.000142,3.5187158463,3.342780054,0.7415319537
0.000142,0.000142,3.5187158463,3.342780054,1.0355033665
0.000142,0.000142,3.5187158463,3.342780054,1.4460162057
0.000142,0.000142,3.5187158463,3.342780054,2.0192719162
0.000142,0.000142,3.5187158463,3.342780054,2.8197879494
0.000142,0.000142,3.5187158463,3.342780054,3.9376589236
0.000142,0.000142,3.5187158463,3.342780054,5.498696383
0.000142,0.000142,3.5187158463,3.342780054,7.6785883437
0.000142,0.000142,3.5187158463,3.342780054,10.7226722201
0.000142,0.000142,3.5187158463,3.342780054,14.9735464897
0.000142,0.000142,3.5187158463,3.342780054,20.9096286705
0.000142,0.000142,3.5187158463,3.342780054,29.1989991443
0.000142,0.000142,3.5187158463,3.342780054,40.7745907144
0.000142,0.000142,3.5187158463,3.342780054,56.9391861586
0.000142,0.000142,3.5187158463,3.342780054,79.5120407981
0.000142,0.000142,3.5187158463,3.342780054,111.0336318168
0.000142,0.000142,3.5187158463,3.342780054,155.0515779833
0.000142,0.000142,3.5187158463,3.342780054,216.5199088036
0.000142,0.000142,3.5187158463,3.342780054,302.3566191205
0.000142,0.000142,3.5187158463,3.342780054,422.2222595195
0.000142,0.000142,3.5187158463,3.342780054,589.6071895242
0.000142,0.000142,3.5187158463,3.342780054,823.3498592289
0.000142,0.000142,3.5187158463,3.342780054,1149.7569953977
0.000142,0.000142,3.5187158463,3.342780054,1605.5643098112
0.000142,0.000142,3.5187158463,3.342780054,2242.0709447806
0.000142,0.000142,3.5187158463,3.342780054,3130.912969796
0.000142,0.000142,3.5187158463,3.342780054,4372.1257113904
0.000142,0.000142,3.5187158463,3.342780054,6105.4022965853
0.000142,0.000142,3.5187158463,3.4835286878,0.1
0.000142,0.000142,3.5187158463,3.4835286878,0.1396437957
0.000142,0.000142,3.5187158463,3.4835286878,0.1950038968
0.000142,0.000142,3.5187158463,3.4835286878,0.2723108433
0.000142,0.000142,3.5187158463,3.4835286878,0.3802651977
0.000142,0.000142,3.5187158463,3.4835286878,0.5310167558
0.000142,0.000142,3.5187158463,3.4835286878,0.7415319537
0.000142,0.000142,3.5187158463,3.4835286878,1.0355033665
0.000142,0.000142,3.5187158463,3.4835286878,1.4460162057
0.000142,0.000142,3.5187158463,3.4835286878,2.0192719162
0.000142,0.000142,3.5187158463,3.4835286878,2.8197879494
0.000142,0.000142,3.5187158463,3.4835286878,3.9376589236
0.000142,0.000142,3.5187158463,3.4835286878,5.498696383
0.000142,0.000142,3.5187158463,3.4835286878,7.6785883437
0.000142,0.000142,3.5187158463,3.4835286878,10.7226722201
0.000142,0.000142,3.5187158463,3.4835286878,14.9735464897
0.000142,0.000142,3.5187158463,3.4835286878,20.9096286705
0.000142,0.000142,3.5187158463,3.4835286878,29.1989991443
0.000142,0.000142,3.5187158463,3.4835286878,40.7745907144
0.000142,0.000142,3.5187158463,3.4835286878,56.9391861586
0.000142,0.000142,3.5187158463,3.4835286878,79.5120407981
0.000142,0.000142,3.5187158463,3.4835286878,111.0336318168
0.000142,0.000142,3.5187158463,3.4835286878,155.0515779833
0.000142,0.000142,3.5187158463,3.4835286878,216.5199088036
0.000142,0.000142,3.5187158463,3.4835286878,302.3566191205
0.000142,0.000142,3.5187158463,3.4835286878,422.2222595195
0.000142,0.000142,3.5187158463,3.4835286878,589.6071895242
0.000142,0.000142,3.5187158463,3.4835286878,823.3498592289
0.000142,0.000142,3.5187158463,3.4835286878,1149.7569953977
0.000142,0.000142,3.5187158463,3.4835286878,1605.5643098112
0.000142,0.000142,3.5187158463,3.4835286878,2242.0709447806
0.000142,0.000142,3.5187158463,3.4835286878,3130.912969796
0.000142,0.000142,3.5187158463,3.4835286878,4372.1257113904
0.000142,0.000142,3.5187158463,3.4835286878,6105.4022965853
0.000142,0.000142,3.91962324,0.195981162,0.1
0.000142,0.000142,3.91962324,0.195981162,0.1396437957
0.000142,0.000142,3.91962324,0.195981162,0.1950038968
0.000142,0.000142,3.91962324,0.195981162,0.2723108433
0.000142,0.000142,3.91962324,0.195981162,0.3802651977
0.000142,0.000142,3.91962324,0.195981162,0.5310167558
0.000142,0.000142,3.91962324,0.195981162,0.7415319537
0.000142,0.000142,3.91962324,0.195981162,1.0355033665
0.000142,0.000142,3.91962324,0.195981162,1.4460162057
0.000142,0.000142,3.91962324,0.195981162,2.0192719162
0.000142,0.000142,3.91962324,0.195981162,2.8197879494
0.000142,0.000142,3.91962324,0.195981162,3.9376589236
0.000142,0.000142,3.91962324,0.195981162,5.498696383
0.000142,0.000142,3.91962324,0.195981162,7.6785883437
0.000142,0.000142,3.91962324,0.195981162,10.7226722201
0.000142,0.000142,3.91962324,0.195981162,14.9735464897
0.000142,0.000142,3.91962324,0.195981162,20.9096286705
0.000142,0.000142,3.91962324,0.195981162,29.1989991443
0.000142,0.000142,3.91962324,0.195981162,40.7745907144
0.000142,0.000142,3.91962324,0.195981162,56.9391861586
0.000142,0.000142,3.91962324,0.195981162,79.5120407981
0.000142,0.000142,3.91962324,0.195981162,111.0336318168
0.000142,0.000142,3.91962324,0.195981162,155.0515779833
0.000142,0.000142,3.91962324,0.195981162,216.5199088036
0.000142,0.000142,3.91962324,0.195981162,302.3566191205
0.000142,0.000142,3.91962324,0.195981162,422.2222595195
0.000142,0.000142,3.91962324,0.195981162,589.6071895242
0.000142,0.000142,3.91962324,0.195981162,823.3498592289
0.000142,0.000142,3.91962324,0.195981162,1149.7569953977
0.000142,0.000142,3.91962324,0.195981162,1605.5643098112
0.000142,0.000142,3.91962324,0.195981162,2242.0709447806
0.000142,0.000142,3.91962324,0.195981162,3130.912969796
0.000142,0.000142,3.91962324,0.195981162,4372.1257113904
0.000142,0.000142,3.91962324,0.195981162,6105.4022965853
0.000142,0.000142,3.91962324,0.391962324,0.1
0.000142,0.000142,3.91962324,0.391962324,0.1396437957
0.000142,0.000142,3.91962324,0.391962324,0.1950038968
0.000142,0.000142,3.91962324,0.391962324,0.2723108433
0.000142,0.000142,3.91962324,0.391962324,0.3802651977
0.000142,0.000142,3.91962324,0.391962324,0.5310167558
0.000142,0.000142,3.91962324,0.391962324,0.7415319537
0.000142,0.000142,3.91962324,0.391962324,1.0355033665
0.000142,0.000142,3.91962324,0.391962324,1.4460162057
0.000142,0.000142,3.91962324,0.391962324,2.0192719162
0.000142,0.000142,3.91962324,0.391962324,2.8197879494
0.000142,0.000142,3.91962324,0.391962324,3.9376589236
0.000142,0.000142,3.91962324,0.391962324,5.498696383
0.000142,0.000142,3.91962324,0.391962324,7.6785883437
0.000142,0.000142,3.91962324,0.391962324,10.7226722201
0.000142,0.000142,3.91962324,0.391962324,14.9735464897
0.000142,0.000142,3.91962324,0.391962324,20.9096286705
0.000142,0.000142,3.91962324,0.391962324,29.1989991443
0.000142,0.000142,3.91962324,0.391962324,40.7745907144
0.000142,0.000142,3.91962324,0.391962324,56.9391861586
0.000142,0.000142,3.91962324,0.391962324,79.5120407981
0.000142,0.000142,3.91962324,0.391962324,111.0336318168
0.000142,0.000142,3.91962324,0.391962324,155.0515779833
0.000142,0.000142,3.91962324,0.391962324,216.5199088036
0.000142,0.000142,3.91962324,0.391962324,302.3566191205
0.000142,0.000142,3.91962324,0.391962324,422.2222595195
0.000142,0.000142,3.91962324,0.391962324,589.6071895242
0.000142,0.000142,3.91962324,0.391962324,823.3498592289
0.000142,0.000142,3.91962324,0.391962324,1149.7569953977
0.000142,0.000142,3.91962324,0.391962324,1605.5643098112
0.000142,0.000142,3.91962324,0.391962324,2242.0709447806
0.000142,0.000142,3.91962324,0.391962324,3130.912969796
0.000142,0.000142,3.91962324,0.391962324,4372.1257113904
0.000142,0.000142,3.91962324,0.391962324,6105.4022965853
0.000142,0.000142,3.91962324,0.587943486,0.1
0.000142,0.000142,3.91962324,0.587943486,0.1396437957
0.000142,0.000142,3.91962324,0.587943486,0.1950038968
0.000142,0.000142,3.91962324,0.587943486,0.2723108433
0.000142,0.000142,3.91962324,0.587943486,0.3802651977
0.000142,0.000142,3.91962324,0.587943486,0.5310167558
0.000142,0.000142,3.91962324,0.587943486,0.7415319537
0.000142,0.000142,3.91962324,0.587943486,1.0355033665
0.000142,0.000142,3.91962324,0.587943486,1.4460162057
0.000142,0.000142,3.91962324,0.587943486,2.0192719162
0.000142,0.000142,3.91962324,0.587943486,2.8197879494
0.000142,0.000142,3.91962324,0.587943486,3.9376589236
0.000142,0.000142,3.91962324,0.587943486,5.498696383
0.000142,0.000142,3.91962324,0.587943486,7.6785883437
0.000142,0.000142,3.91962324,0.587943486,10.7226722201
0.000142,0.000142,3.91962324,0.587943486,14.9735464897
0.000142,0.000142,3.91962324,0.587943486,20.9096286705
0.000142,0.000142,3.91962324,0.587943486,29.1989991443
0.000142,0.000142,3.91962324,0.587943486,40.7745907144
0.000142,0.000142,3.91962324,0.587943486,56.9391861586
0.000142,0.000142,3.91962324,0.587943486,79.5120407981
0.000142,0.000142,3.91962324,0.587943486,111.0336318168
0.000142,0.000142,3.91962324,0.587943486,155.0515779833
0.000142,0.000142,3.91962324,0.587943486,216.5199088036
0.000142,0.000142,3.91962324,0.587943486,302.3566191205
0.000142,0.000142,3.91962324,0.587943486,422.2222595195
0.000142,0.000142,3.91962324,0.587943486,589.6071895242
0.000142,0.000142,3.91962324,0.587943486,823.3498592289
0.000142,0.000142,3.91962324,0.587943486,1149.7569953977
0.000142,0.000142,3.91962324,0.587943486,1605.5643098112
0.000142,0.000142,3.91962324,0.587943486,2242.0709447806
0.000142,0.000142,3.91962324,0.587943486,3130.912969796
0.000142,0.000142,3.91962324,0.587943486,4372.1257113904
0.000142,0.000142,3.91962324,0.587943486,6105.4022965853
0.000142,0.000142,3.91962324,0.783924648,0.1
0.000142,0.000142,3.91962324,0.783924648,0.1396437957
0.000142,0.000142,3.91962324,0.783924648,0.1950038968
0.000142,0.000142,3.91962324,0.783924648,0.2723108433
0.000142,0.000142,3.91962324,0.783924648,0.3802651977
0.000142,0.000142,3.91962324,0.783924648,0.5310167558
0.000142,0.000142,3.91962324,0.783924648,0.7415319537
0.000142,0.000142,3.91962324,0.783924648,1.0355033665
0.000142,0.000142,3.91962324,0.783924648,1.4460162057
0.000142,0.000142,3.91962324,0.783924648,2.0192719162
0.000142,0.000142,3.91962324,0.783924648,2.8197879494
0.000142,0.000142,3.91962324,0.783924648,3.9376589236
0.000142,0.000142,3.91962324,0.783924648,5.498696383
0.000142,0.000142,3.91962324,0.783924648,7.6785883437
0.000142,0.000142,3.91962324,0.783924648,10.7226722201
0.000142,0.000142,3.91962324,0.783924648,14.9735464897
0.000142,0.000142,3.91962324,0.783924648,20.9096286705
0.000142,0.000142,3.91962324,0.783924648,29.1989991443
0.000142,0.000142,3.91962324,0.783924648,40.7745907144
0.000142,0.000142,3.91962324,0.783924648,56.9391861586
0.000142,0.000142,3.91962324,0.783924648,79.5120407981
0.000142,0.000142,3.91962324,0.783924648,111.0336318168
0.000142,0.000142,3.91962324,0.783924648,155.0515779833
0.000142,0.000142,3.91962324,0.783924648,216.5199088036
0.000142,0.000142,3.91962324,0.783924648,302.3566191205
0.000142,0.000142,3.91962324,0.783924648,422.2222595195
0.000142,0.000142,3.91962324,0.783924648,589.6071895242
0.000142,0.000142,3.91962324,0.783924648,823.3498592289
0.000142,0.000142,3.91962324,0.783924648,1149.7569953977
0.000142,0.000142,3.91962324,0.783924648,1605.5643098112
0.000142,0.000142,3.91962324,0.783924648,2242.0709447806
0.000142,0.000142,3.91962324,0.783924648,3130.912969796
0.000142,0.000142,3.91962324,0.783924648,4372.1257113904
0.000142,0.000142,3.91962324,0.783924648,6105.4022965853
0.000142,0.000142,3.91962324,0.97990581,0.1
0.000142,0.000142,3.91962324,0.97990581,0.1396437957
0.000142,0.000142,3.91962324,0.97990581,0.1950038968
0.000142,0.000142,3.91962324,0.97990581,0.2723108433
0.000142,0.000142,3.91962324,0.97990581,0.3802651977
0.000142,0.000142,3.91962324,0.97990581,0.5310167558
0.000142,0.000142,3.91962324,0.97990581,0.7415319537
0.000142,0.000142,3.91962324,0.97990581,1.0355033665
0.000142,0.000142,3.91962324,0.97990581,1.4460162057
0.000142,0.000142,3.91962324,0.97990581,2.0192719162
0.000142,0.000142,3.91962324,0.97990581,2.8197879494
0.000142,0.000142,3.91962324,0.97990581,3.9376589236
0.000142,0.000142,3.91962324,0.97990581,5.498696383
0.000142,0.000142,3.91962324,0.97990581,7.6785883437
0.000142,0.000142,3.91962324,0.97990581,10.7226722201
0.000142,0.000142,3.91962324,0.97990581,14.9735464897
0.000142,0.000142,3.91962324,0.97990581,20.9096286705
0.000142,0.000142,3.91962324,0.97990581,29.1989991443
0.000142,0.000142,3.91962324,0.97990581,40.7745907144
0.000142,0.000142,3.91962324,0.97990581,56.9391861586
0.000142,0.000142,3.91962324,0.97990581,79.5120407981
0.000142,0.000142,3.91962324,0.97990581,111.0336318168
0.000142,0.000142,3.91962324,0.97990581,155.0515779833
0.000142,0.000142,3.91962324,0.97990581,216.5199088036
0.000142,0.000142,3.91962324,0.97990581,302.3566191205
0.000142,0.000142,3.91962324,0.97990581,422.2222595195
0.000142,0.000142,3.91962324,0.97990581,589.6071895242
0.000142,0.000142,3.91962324,0.97990581,823.3498592289
0.000142,0.000142,3.91962324,0.97990581,1149.7569953977
0.000142,0.000142,3.91962324,0.97990581,1605.5643098112
0.000142,0.000142,3.91962324,0.97990581,2242.0709447806
0.000142,0.000142,3.91962324,0.97990581,3130.912969796
0.000142,0.000142,3.91962324,0.97990581,4372.1257113904
0.000142,0.000142,3.91962324,0.97990581,6105.4022965853
0.000142,0.000142,3.91962324,1.175886972,0.1
0.000142,0.000142,3.91962324,1.175886972,0.1396437957
0.000142,0.000142,3.91962324,1.175886972,0.1950038968
0.000142,0.000142,3.91962324,1.175886972,0.2723108433
0.000142,0.000142,3.91962324,1.175886972,0.3802651977
0.000142,0.000142,3.91962324,1.175886972,0.5310167558
0.000142,0.000142,3.91962324,1.175886972,0.7415319537
0.000142,0.000142,3.91962324,1.175886972,1.0355033665
0.000142,0.000142,3.91962324,1.175886972,1.4460162057
0.000142,0.000142,3.91962324,1.175886972,2.0192719162
0.000142,0.000142,3.91962324,1.175886972,2.8197879494
0.000142,0.000142,3.91962324,1.175886972,3.9376589236
0.000142,0.000142,3.91962324,1.175886972,5.498696383
0.000142,0.000142,3.91962324,1.175886972,7.6785883437
0.000142,0.000142,3.91962324,1.175886972,10.7226722201
0.000142,0.000142,3.91962324,1.175886972,14.9735464897
0.000142,0.000142,3.91962324,1.175886972,20.9096286705
0.000142,0.000142,3.91962324,1.175886972,29.1989991443
0.000142,0.000142,3.91962324,1.175886972,40.7745907144
0.000142,0.000142,3.91962324,1.175886972,56.9391861586
0.000142,0.000142,3.91962324,1.175886972,79.5120407981
0.000142,0.000142,3.91962324,1.175886972,111.0336318168
0.000142,0.000142,3.91962324,1.175886972,155.0515779833
0.000142,0.000142,3.91962324,1.175886972,216.5199088036
0.000142,0.000142,3.91962324,1.175886972,302.3566191205
0.000142,0.000142,3.91962324,1.175886972,422.2222595195
0.000142,0.000142,3.91962324,1.175886972,589.6071895242
0.000142,0.000142,3.91962324,1.175886972,823.3498592289
0.000142,0.000142,3.91962324,1.175886972,1149.7569953977
0.000142,0.000142,3.91962324,1.175886972,1605.5643098112
0.000142,0.000142,3.91962324,1.175886972,2242.0709447806
0.000142,0.000142,3.91962324,1.175886972,3130.912969796
0.000142,0.000142,3.91962324,1.175886972,4372.1257113904
0.000142,0.000142,3.91962324,1.175886972,6105.4022965853
0.000142,0.000142,3.91962324,1.371868134,0.1
0.000142,0.000142,3.91962324,1.371868134,0.1396437957
0.000142,0.000142,3.91962324,1.371868134,0.1950038968
0.000142,0.000142,3.91962324,1.371868134,0.2723108433
0.000142,0.000142,3.91962324,1.371868134,0.3802651977
0.000142,0.000142,3.91962324,1.371868134,0.5310167558
0.000142,0.000142,3.91962324,1.371868134,0.7415319537
0.000142,0.000142,3.91962324,1.371868134,1.0355033665
0.000142,0.000142,3.91962324,1.371868134,1.4460162057
0.000142,0.000142,3.91962324,1.371868134,2.0192719162
0.000142,0.000142,3.91962324,1.371868134,2.8197879494
0.000142,0.000142,3.91962324,1.371868134,3.9376589236
0.000142,0.000142,3.91962324,1.371868134,5.498696383
0.000142,0.000142,3.91962324,1.371868134,7.6785883437
0.000142,0.000142,3.91962324,1.371868134,10.7226722201
0.000142,0.000142,3.91962324,1.371868134,14.9735464897
0.000142,0.000142,3.91962324,1.371868134,20.9096286705
0.000142,0.000142,3.91962324,1.371868134,29.1989991443
0.000142,0.000142,3.91962324,1.371868134,40.7745907144
0.000142,0.000142,3.91962324,1.371868134,56.9391861586
0.000142,0.000142,3.91962324,1.371868134,79.5120407981
0.000142,0.000142,3.91962324,1.371868134,111.0336318168
0.000142,0.000142,3.91962324,1.371868134,155.0515779833
0.000142,0.000142,3.91962324,1.371868134,216.5199088036
0.000142,0.000142,3.91962324,1.371868134,302.3566191205
0.000142,0.000142,3.91962324,1.371868134,422.2222595195
0.000142,0.000142,3.91962324,1.371868134,589.6071895242
0.000142,0.000142,3.91962324,1.371868134,823.3498592289
0.000142,0.000142,3.91962324,1.371868134,1149.7569953977
0.000142,0.000142,3.91962324,1.371868134,1605.5643098112
0.000142,0.000142,3.91962324,1.371868134,2242.0709447806
0.000142,0.000142,3.91962324,1.371868134,3130.912969796
0.000142,0.000142,3.91962324,1.371868134,4372.1257113904
0.000142,0.000142,3.91962324,1.371868134,6105.4022965853
0.000142,0.000142,3.91962324,1.567849296,0.1
0.000142,0.000142,3.91962324,1.567849296,0.1396437957
0.000142,0.000142,3.91962324,1.567849296,0.1950038968
0.000142,0.000142,3.91962324,1.567849296,0.2723108433
0.000142,0.000142,3.91962324,1.567849296,0.3802651977
0.000142,0.000142,3.91962324,1.567849296,0.5310167558
0.000142,0.000142,3.91962324,1.567849296,0.7415319537
0.000142,0.000142,3.91962324,1.567849296,1.0355033665
0.000142,0.000142,3.91962324,1.567849296,1.4460162057
0.000142,0.000142,3.91962324,1.567849296,2.0192719162
0.000142,0.000142,3.91962324,1.567849296,2.8197879494
0.000142,0.000142,3.91962324,1.567849296,3.9376589236
0.000142,0.000142,3.91962324,1.567849296,5.498696383
0.000142,0.000142,3.91962324,1.567849296,7.6785883437
0.000142,0.000142,3.91962324,1.567849296,10.7226722201
0.000142,0.000142,3.91962324,1.567849296,14.9735464897
0.000142,0.000142,3.91962324,1.567849296,20.9096286705
0.000142,0.000142,3.91962324,1.567849296,29.1989991443
0.000142,0.000142,3.91962324,1.567849296,40.7745907144
0.000142,0.000142,3.91962324,1.567849296,56.9391861586
0.000142,0.000142,3.91962324,1.567849296,79.5120407981
0.000142,0.000142,3.91962324,1.567849296,111.0336318168
0.000142,0.000142,3.91962324,1.567849296,155.0515779833
0.000142,0.000142,3.91962324,1.567849296,216.5199088036
0.000142,0.000142,3.91962324,1.567849296,302.3566191205
0.000142,0.000142,3.91962324,1.567849296,422.2222595195
0.000142,0.000142,3.91962324,1.567849296,589.6071895242
0.000142,0.000142,3.91962324,1.567849296,823.3498592289
0.000142,0.000142,3.91962324,1.567849296,1149.7569953977
0.000142,0.000142,3.91962324,1.567849296,1605.5643098112
0.000142,0.000142,3.91962324,1.567849296,2242.0709447806
0.000142,0.000142,3.91962324,1.567849296,3130.912969796
0.000142,0.000142,3.91962324,1.567849296,4372.1257113904
0.000142,0.000142,3.91962324,1.567849296,6105.4022965853
0.000142,0.000142,3.91962324,1.763830458,0.1
0.000142,0.000142,3.91962324,1.763830458,0.1396437957
0.000142,0.000142,3.91962324,1.763830458,0.1950038968
0.000142,0.000142,3.91962324,1.763830458,0.2723108433
0.000142,0.000142,3.91962324,1.763830458,0.3802651977
0.000142,0.000142,3.91962324,1.763830458,0.5310167558
0.000142,0.000142,3.91962324,1.763830458,0.7415319537
0.000142,0.000142,3.91962324,1.763830458,1.0355033665
0.000142,0.000142,3.91962324,1.763830458,1.4460162057
0.000142,0.000142,3.91962324,1.763830458,2.0192719162
0.000142,0.000142,3.91962324,1.763830458,2.8197879494
0.000142,0.000142,3.91962324,1.763830458,3.9376589236
0.000142,0.000142,3.91962324,1.763830458,5.498696383
0.000142,0.000142,3.91962324,1.763830458,7.6785883437
0.000142,0.000142,3.91962324,1.763830458,10.7226722201
0.000142,0.000142,3.91962324,1.763830458,14.9735464897
0.000142,0.000142,3.91962324,1.763830458,20.9096286705
0.000142,0.000142,3.91962324,1.763830458,29.1989991443
0.000142,0.000142,3.91962324,1.763830458,40.7745907144
0.000142,0.000142,3.91962324,1.763830458,56.9391861586
0.000142,0.000142,3.91962324,1.763830458,79.5120407981
0.000142,0.000142,3.91962324,1.763830458,111.0336318168
0.000142,0.000142,3.91962324,1.763830458,155.0515779833
0.000142,0.000142,3.91962324,1.763830458,216.5199088036
0.000142,0.000142,3.91962324,1.763830458,302.3566191205
0.000142,0.000142,3.91962324,1.763830458,422.2222595195
0.000142,0.000142,3.91962324,1.763830458,589.6071895242
0.000142,0.000142,3.91962324,1.763830458,823.3498592289
0.000142,0.000142,3.91962324,1.763830458,1149.7569953977
0.000142,0.000142,3.91962324,1.763830458,1605.5643098112
0.000142,0.000142,3.91962324,1.763830458,2242.0709447806
0.000142,0.000142,3.91962324,1.763830458,3130.912969796
0.000142,0.000142,3.91962324,1.763830458,4372.1257113904
0.000142,0.000142,3.91962324,1.763830458,6105.4022965853
0.000142,0.000142,3.91962324,1.95981162,0.1
0.000142,0.000142,3.91962324,1.95981162,0.1396437957
0.000142,0.000142,3.91962324,1.95981162,0.1950038968
0.000142,0.000142,3.91962324,1.95981162,0.2723108433
0.000142,0.000142,3.91962324,1.95981162,0.3802651977
0.000142,0.000142,3.91962324,1.95981162,0.5310167558
0.000142,0.000142,3.91962324,1.95981162,0.7415319537
0.000142,0.000142,3.91962324,1.95981162,1.0355033665
0.000142,0.000142,3.91962324,1.95981162,1.4460162057
0.000142,0.000142,3.91962324,1.95981162,2.0192719162
0.000142,0.000142,3.91962324,1.95981162,2.8197879494
0.000142,0.000142,3.91962324,1.95981162,3.9376589236
0.000142,0.000142,3.91962324,1.95981162,5.498696383
0.000142,0.000142,3.91962324,1.95981162,7.6785883437
0.000142,0.000142,3.91962324,1.95981162,10.7226722201
0.000142,0.000142,3.91962324,1.95981162,14.9735464897
0.000142,0.000142,3.91962324,1.95981162,20.9096286705
0.000142,0.000142,3.91962324,1.95981162,29.1989991443
0.000142,0.000142,3.91962324,1.95981162,40.7745907144
0.000142,0.000142,3.91962324,1.95981162,56.9391861586
0.000142,0.000142,3.91962324,1.95981162,79.5120407981
0.000142,0.000142,3.91962324,1.95981162,111.0336318168
0.000142,0.000142,3.91962324,1.95981162,155.0515779833
0.000142,0.000142,3.91962324,1.95981162,216.5199088036
0.000142,0.000142,3.91962324,1.95981162,302.3566191205
0.000142,0.000142,3.91962324,1.95981162,422.2222595195
0.000142,0.000142,3.91962324,1.95981162,589.6071895242
0.000142,0.000142,3.91962324,1.95981162,823.3498592289
0.000142,0.000142,3.91962324,1.95981162,1149.7569953977
0.000142,0.000142,3.91962324,1.95981162,1605.5643098112
0.000142,0.000142,3.91962324,1.95981162,2242.0709447806
0.000142,0.000142,3.91962324,1.95981162,3130.912969796
0.000142,0.000142,3.91962324,1.95981162,4372.1257113904
0.000142,0.000142,3.91962324,1.95981162,6105.4022965853
0.000142,0.000142,3.91962324,2.155792782,0.1
0.000142,0.000142,3.91962324,2.155792782,0.1396437957
0.000142,0.000142,3.91962324,2.155792782,0.1950038968
0.000142,0.000142,3.91962324,2.155792782,0.2723108433
0.000142,0.000142,3.91962324,2.155792782,0.3802651977
0.000142,0.000142,3.91962324,2.155792782,0.5310167558
0.000142,0.000142,3.91962324,2.155792782,0.7415319537
0.000142,0.000142,3.91962324,2.155792782,1.0355033665
0.000142,0.000142,3.91962324,2.155792782,1.4460162057
0.000142,0.000142,3.91962324,2.155792782,2.0192719162
0.000142,0.000142,3.91962324,2.155792782,2.8197879494
0.000142,0.000142,3.91962324,2.155792782,3.9376589236
0.000142,0.000142,3.91962324,2.155792782,5.498696383
0.000142,0.000142,3.91962324,2.155792782,7.6785883437
0.000142,0.000142,3.91962324,2.155792782,10.7226722201
0.000142,0.000142,3.91962324,2.155792782,14.9735464897
0.000142,0.000142,3.91962324,2.155792782,20.9096286705
0.000142,0.000142,3.91962324,2.155792782,29.1989991443
0.000142,0.000142,3.91962324,2.155792782,40.7745907144
0.000142,0.000142,3.91962324,2.155792782,56.9391861586
0.000142,0.000142,3.91962324,2.155792782,79.5120407981
0.000142,0.000142,3.91962324,2.155792782,111.0336318168
0.000142,0.000142,3.91962324,2.155792782,155.0515779833
0.000142,0.000142,3.91962324,2.155792782,216.5199088036
0.000142,0.000142,3.91962324,2.155792782,302.3566191205
0.000142,0.000142,3.91962324,2.155792782,422.2222595195
0.000142,0.000142,3.91962324,2.155792782,589.6071895242
0.000142,0.000142,3.91962324,2.155792782,823.3498592289
0.000142,0.000142,3.91962324,2.155792782,1149.7569953977
0.000142,0.000142,3.91962324,2.155792782,1605.5643098112
0.000142,0.000142,3.91962324,2.155792782,2242.0709447806
0.000142,0.000142,3.91962324,2.155792782,3130.912969796
0.000142,0.000142,3.91962324,2.155792782,4372.1257113904
0.000142,0.000142,3.91962324,2.155792782,6105.4022965853
0.000142,0.000142,3.91962324,2.351773944,0.1
0.000142,0.000142,3.91962324,2.351773944,0.1396437957
0.000142,0.000142,3.91962324,2.351773944,0.1950038968
0.000142,0.000142,3.91962324,2.351773944,0.2723108433
0.000142,0.000142,3.91962324,2.351773944,0.3802651977
0.000142,0.000142,3.91962324,2.351773944,0.5310167558
0.000142,0.000142,3.91962324,2.351773944,0.7415319537
0.000142,0.000142,3.91962324,2.351773944,1.0355033665
0.000142,0.000142,3.91962324,2.351773944,1.4460162057
0.000142,0.000142,3.91962324,2.351773944,2.0192719162
0.000142,0.000142,3.91962324,2.351773944,2.8197879494
0.000142,0.000142,3.91962324,2.351773944,3.9376589236
0.000142,0.000142,3.91962324,2.351773944,5.498696383
0.000142,0.000142,3.91962324,2.351773944,7.6785883437
0.000142,0.000142,3.91962324,2.351773944,10.7226722201
0.000142,0.000142,3.91962324,2.351773944,14.9735464897
0.000142,0.000142,3.91962324,2.351773944,20.9096286705
0.000142,0.000142,3.91962324,2.351773944,29.1989991443
0.000142,0.000142,3.91962324,2.351773944,40.7745907144
0.000142,0.000142,3.91962324,2.351773944,56.9391861586
0.000142,0.000142,3.91962324,2.351773944,79.5120407981
0.000142,0.000142,3.91962324,2.351773944,111.0336318168
0.000142,0.000142,3.91962324,2.351773944,155.0515779833
0.000142,0.000142,3.91962324,2.351773944,216.5199088036
0.000142,0.000142,3.91962324,2.351773944,302.3566191205
0.000142,0.000142,3.91962324,2.351773944,422.2222595195
0.000142,0.000142,3.91962324,2.351773944,589.6071895242
0.000142,0.000142,3.91962324,2.351773944,823.3498592289
0.000142,0.000142,3.91962324,2.351773944,1149.7569953977
0.000142,0.000142,3.91962324,2.351773944,1605.5643098112
0.000142,0.000142,3.91962324,2.351773944,2242.0709447806
0.000142,0.000142,3.91962324,2.351773944,3130.912969796
0.000142,0.000142,3.91962324,2.351773944,4372.1257113904
0.000142,0.000142,3.91962324,2.351773944,6105.4022965853
0.000142,0.000142,3.91962324,2.547755106,0.1
0.000142,0.000142,3.91962324,2.547755106,0.1396437957
0.000142,0.000142,3.91962324,2.547755106,0.1950038968
0.000142,0.000142,3.91962324,2.547755106,0.2723108433
0.000142,0.000142,3.91962324,2.547755106,0.3802651977
0.000142,0.000142,3.91962324,2.547755106,0.5310167558
0.000142,0.000142,3.91962324,2.547755106,0.7415319537
0.000142,0.000142,3.91962324,2.547755106,1.0355033665
0.000142,0.000142,3.91962324,2.547755106,1.4460162057
0.000142,0.000142,3.91962324,2.547755106,2.0192719162
0.000142,0.000142,3.91962324,2.547755106,2.8197879494
0.000142,0.000142,3.91962324,2.547755106,3.9376589236
0.000142,0.000142,3.91962324,2.547755106,5.498696383
0.000142,0.000142,3.91962324,2.547755106,7.6785883437
0.000142,0.000142,3.91962324,2.547755106,10.7226722201
0.000142,0.000142,3.91962324,2.547755106,14.9735464897
0.000142,0.000142,3.91962324,2.547755106,20.9096286705
0.000142,0.000142,3.91962324,2.547755106,29.1989991443
0.000142,0.000142,3.91962324,2.547755106,40.7745907144
0.000142,0.000142,3.91962324,2.547755106,56.9391861586
0.000142,0.000142,3.91962324,2.547755106,79.5120407981
0.000142,0.000142,3.91962324,2.547755106,111.0336318168
0.000142,0.000142,3.91962324,2.547755106,155.0515779833
0.000142,0.000142,3.91962324,2.547755106,216.5199088036
0.000142,0.000142,3.91962324,2.547755106,302.3566191205
0.000142,0.000142,3.91962324,2.547755106,422.2222595195
0.000142,0.000142,3.91962324,2.547755106,589.6071895242
0.000142,0.000142,3.91962324,2.547755106,823.3498592289
0.000142,0.000142,3.91962324,2.547755106,1149.7569953977
0.000142,0.000142,3.91962324,2.547755106,1605.5643098112
0.000142,0.000142,3.91962324,2.547755106,2242.0709447806
0.000142,0.000142,3.91962324,2.547755106,3130.912969796
0.000142,0.000142,3.91962324,2.547755106,4372.1257113904
0.000142,0.000142,3.91962324,2.547755106,6105.4022965853
0.000142,0.000142,3.91962324,2.743736268,0.1
0.000142,0.000142,3.91962324,2.743736268,0.1396437957
0.000142,0.000142,3.91962324,2.743736268,0.1950038968
0.000142,0.000142,3.91962324,2.743736268,0.2723108433
0.000142,0.000142,3.91962324,2.743736268,0.3802651977
0.000142,0.000142,3.91962324,2.743736268,0.5310167558
0.000142,0.000142,3.91962324,2.743736268,0.7415319537
0.000142,0.000142,3.91962324,2.743736268,1.0355033665
0.000142,0.000142,3.91962324,2.743736268,1.4460162057
0.000142,0.000142,3.91962324,2.743736268,2.0192719162
0.000142,0.000142,3.91962324,2.743736268,2.8197879494
0.000142,0.000142,3.91962324,2.743736268,3.9376589236
0.000142,0.000142,3.91962324,2.743736268,5.498696383
0.000142,0.000142,3.91962324,2.743736268,7.6785883437
0.000142,0.000142,3.91962324,2.743736268,10.7226722201
0.000142,0.000142,3.91962324,2.743736268,14.9735464897
0.000142,0.000142,3.91962324,2.743736268,20.9096286705
0.000142,0.000142,3.91962324,2.743736268,29.1989991443
0.000142,0.000142,3.91962324,2.743736268,40.7745907144
0.000142,0.000142,3.91962324,2.743736268,56.9391861586
0.000142,0.000142,3.91962324,2.743736268,79.5120407981
0.000142,0.000142,3.91962324,2.743736268,111.0336318168
0.000142,0.000142,3.91962324,2.743736268,155.0515779833
0.000142,0.000142,3.91962324,2.743736268,216.5199088036
0.000142,0.000142,3.91962324,2.743736268,302.3566191205
0.000142,0.000142,3.91962324,2.743736268,422.2222595195
0.000142,0.000142,3.91962324,2.743736268,589.6071895242
0.000142,0.000142,3.91962324,2.743736268,823.3498592289
0.000142,0.000142,3.91962324,2.743736268,1149.7569953977
0.000142,0.000142,3.91962324,2.743736268,1605.5643098112
0.000142,0.000142,3.91962324,2.743736268,2242.0709447806
0.000142,0.000142,3.91962324,2.743736268,3130.912969796
0.000142,0.000142,3.91962324,2.743736268,4372.1257113904
0.000142,0.000142,3.91962324,2.743736268,6105.4022965853
0.000142,0.000142,3.91962324,2.93971743,0.1
0.000142,0.000142,3.91962324,2.93971743,0.1396437957
0.000142,0.000142,3.91962324,2.93971743,0.1950038968
0.000142,0.000142,3.91962324,2.93971743,0.2723108433
0.000142,0.000142,3.91962324,2.93971743,0.3802651977
0.000142,0.000142,3.91962324,2.93971743,0.5310167558
0.000142,0.000142,3.91962324,2.93971743,0.7415319537
0.000142,0.000142,3.91962324,2.93971743,1.0355033665
0.000142,0.000142,3.91962324,2.93971743,1.4460162057
0.000142,0.000142,3.91962324,2.93971743,2.0192719162
0.000142,0.000142,3.91962324,2.93971743,2.8197879494
0.000142,0.000142,3.91962324,2.93971743,3.9376589236
0.000142,0.000142,3.91962324,2.93971743,5.498696383
0.000142,0.000142,3.91962324,2.93971743,7.6785883437
0.000142,0.000142,3.91962324,2.93971743,10.7226722201
0.000142,0.000142,3.91962324,2.93971743,14.9735464897
0.000142,0.000142,3.91962324,2.93971743,20.9096286705
0.000142,0.000142,3.91962324,2.93971743,29.1989991443
0.000142,0.000142,3.91962324,2.93971743,40.7745907144
0.000142,0.000142,3.91962324,2.93971743,56.9391861586
0.000142,0.000142,3.91962324,2.93971743,79.5120407981
0.000142,0.000142,3.91962324,2.93971743,111.0336318168
0.000142,0.000142,3.91962324,2.93971743,155.0515779833
0.000142,0.000142,3.91962324,2.93971743,216.5199088036
0.000142,0.000142,3.91962324,2.93971743,302.3566191205
0.000142,0.000142,3.91962324,2.93971743,422.2222595195
0.000142,0.000142,3.91962324,2.93971743,589.6071895242
0.000142,0.000142,3.91962324,2.93971743,823.3498592289
0.000142,0.000142,3.91962324,2.93971743,1149.7569953977
0.000142,0.000142,3.91962324,2.93971743,1605.5643098112
0.000142,0.000142,3.91962324,2.93971743,2242.0709447806
0.000142,0.000142,3.91962324,2.93971743,3130.912969796
0.000142,0.000142,3.91962324,2.93971743,4372.1257113904
0.000142,0.000142,3.91962324,2.93971743,6105.4022965853
0.000142,0.000142,3.91962324,3.135698592,0.1
0.000142,0.000142,3.91962324,3.135698592,0.1396437957
0.000142,0.000142,3.91962324,3.135698592,0.1950038968
0.000142,0.000142,3.91962324,3.135698592,0.2723108433
0.000142,0.000142,3.91962324,3.135698592,0.3802651977
0.000142,0.000142,3.91962324,3.135698592,0.5310167558
0.000142,0.000142,3.91962324,3.135698592,0.7415319537
0.000142,0.000142,3.91962324,3.135698592,1.0355033665
0.000142,0.000142,3.91962324,3.135698592,1.4460162057
0.000142,0.000142,3.91962324,3.135698592,2.0192719162
0.000142,0.000142,3.91962324,3.135698592,2.8197879494
0.000142,0.000142,3.91962324,3.135698592,3.9376589236
0.000142,0.000142,3.91962324,3.135698592,5.498696383
0.000142,0.000142,3.91962324,3.135698592,7.6785883437
0.000142,0.000142,3.91962324,3.135698592,10.7226722201
0.000142,0.000142,3.91962324,3.135698592,14.9735464897
0.000142,0.000142,3.91962324,3.135698592,20.9096286705
0.000142,0.000142,3.91962324,3.135698592,29.1989991443
0.000142,0.000142,3.91962324,3.135698592,40.7745907144
0.000142,0.000142,3.91962324,3.135698592,56.9391861586
0.000142,0.000142,3.91962324,3.135698592,79.5120407981
0.000142,0.000142,3.91962324,3.135698592,111.0336318168
0.000142,0.000142,3.91962324,3.135698592,155.0515779833
0.000142,0.000142,3.91962324,3.135698592,216.5199088036
0.000142,0.000142,3.91962324,3.135698592,302.3566191205
0.000142,0.000142,3.91962324,3.135698592,422.2222595195
0.000142,0.000142,3.91962324,3.135698592,589.6071895242
0.000142,0.000142,3.91962324,3.135698592,823.3498592289
0.000142,0.000142,3.91962324,3.135698592,1149.7569953977
0.000142,0.000142,3.91962324,3.135698592,1605.5643098112
0.000142,0.000142,3.91962324,3.135698592,2242.0709447806
0.000142,0.000142,3.91962324,3.135698592,3130.912969796
0.000142,0.000142,3.91962324,3.135698592,4372.1257113904
0.000142,0.000142,3.91962324,3.135698592,6105.4022965853
0.000142,0.000142,3.91962324,3.331679754,0.1
0.000142,0.000142,3.91962324,3.331679754,0.1396437957
0.000142,0.000142,3.91962324,3.331679754,0.1950038968
0.000142,0.000142,3.91962324,3.331679754,0.2723108433
0.000142,0.000142,3.91962324,3.331679754,0.3802651977
0.000142,0.000142,3.91962324,3.331679754,0.5310167558
0.000142,0.000142,3.91962324,3.331679754,0.7415319537
0.000142,0.000142,3.91962324,3.331679754,1.0355033665
0.000142,0.000142,3.91962324,3.331679754,1.4460162057
0.000142,0.000142,3.91962324,3.331679754,2.0192719162
0.000142,0.000142,3.91962324,3.331679754,2.8197879494
0.000142,0.000142,3.91962324,3.331679754,3.9376589236
0.000142,0.000142,3.91962324,3.331679754,5.498696383
0.000142,0.000142,3.91962324,3.331679754,7.6785883437
0.000142,0.000142,3.91962324,3.331679754,10.7226722201
0.000142,0.000142,3.91962324,3.331679754,14.9735464897
0.000142,0.000142,3.91962324,3.331679754,20.9096286705
0.000142,0.000142,3.91962324,3.331679754,29.1989991443
0.000142,0.000142,3.91962324,3.331679754,40.7745907144
0.000142,0.000142,3.91962324,3.331679754,56.9391861586
0.000142,0.000142,3.91962324,3.331679754,79.5120407981
0.000142,0.000142,3.91962324,3.331679754,111.0336318168
0.000142,0.000142,3.91962324,3.331679754,155.0515779833
0.000142,0.000142,3.91962324,3.331679754,216.5199088036
0.000142,0.000142,3.91962324,3.331679754,302.3566191205
0.000142,0.000142,3.91962324,3.331679754,422.2222595195
0.000142,0.000142,3.91962324,3.331679754,589.6071895242
0.000142,0.000142,3.91962324,3.331679754,823.3498592289
0.000142,0.000142,3.91962324,3.331679754,1149.7569953977
0.000142,0.000142,3.91962324,3.331679754,1605.5643098112
0.000142,0.000142,3.91962324,3.331679754,2242.0709447806
0.000142,0.000142,3.91962324,3.331679754,3130.912969796
0.000142,0.000142,3.91962324,3.331679754,4372.1257113904
0.000142,0.000142,3.91962324,3.331679754,6105.4022965853
0.000142,0.000142,3.91962324,3.527660916,0.1
0.000142,0.000142,3.91962324,3.527660916,0.1396437957
0.000142,0.000142,3.91962324,3.527660916,0.1950038968
0.000142,0.000142,3.91962324,3.527660916,0.2723108433
0.000142,0.000142,3.91962324,3.527660916,0.3802651977
0.000142,0.000142,3.91962324,3.527660916,0.5310167558
0.000142,0.000142,3.91962324,3.527660916,0.7415319537
0.000142,0.000142,3.91962324,3.527660916,1.0355033665
0.000142,0.000142,3.91962324,3.527660916,1.4460162057
0.000142,0.000142,3.91962324,3.527660916,2.0192719162
0.000142,0.000142,3.91962324,3.527660916,2.8197879494
0.000142,0.000142,3.91962324,3.527660916,3.9376589236
0.000142,0.000142,3.91962324,3.527660916,5.498696383
0.000142,0.000142,3.91962324,3.527660916,7.6785883437
0.000142,0.000142,3.91962324,3.527660916,10.7226722201
0.000142,0.000142,3.91962324,3.527660916,14.9735464897
0.000142,0.000142,3.91962324,3.527660916,20.9096286705
0.000142,0.000142,3.91962324,3.527660916,29.1989991443
0.000142,0.000142,3.91962324,3.527660916,40.7745907144
0.000142,0.000142,3.91962324,3.527660916,56.9391861586
0.000142,0.000142,3.91962324,3.527660916,79.5120407981
0.000142,0.000142,3.91962324,3.527660916,111.0336318168
0.000142,0.000142,3.91962324,3.527660916,155.0515779833
0.000142,0.000142,3.91962324,3.527660916,216.5199088036
0.000142,0.000142,3.91962324,3.527660916,302.3566191205
0.000142,0.000142,3.91962324,3.527660916,422.2222595195
0.000142,0.000142,3.91962324,3.527660916,589.6071895242
0.000142,0.000142,3.91962324,3.527660916,823.3498592289
0.000142,0.000142,3.91962324,3.527660916,1149.7569953977
0.000142,0.000142,3.91962324,3.527660916,1605.5643098112
0.000142,0.000142,3.91962324,3.527660916,2242.0709447806
0.000142,0.000142,3.91962324,3.527660916,3130.912969796
0.000142,0.000142,3.91962324,3.527660916,4372.1257113904
0.000142,0.000142,3.91962324,3.527660916,6105.4022965853
0.000142,0.000142,3.91962324,3.723642078,0.1
0.000142,0.000142,3.91962324,3.723642078,0.1396437957
0.000142,0.000142,3.91962324,3.723642078,0.1950038968
0.000142,0.000142,3.91962324,3.723642078,0.2723108433
0.000142,0.000142,3.91962324,3.723642078,0.3802651977
0.000142,0.000142,3.91962324,3.723642078,0.5310167558
0.000142,0.000142,3.91962324,3.723642078,0.7415319537
0.000142,0.000142,3.91962324,3.723642078,1.0355033665
0.000142,0.000142,3.91962324,3.723642078,1.4460162057
0.000142,0.000142,3.91962324,3.723642078,2.0192719162
0.000142,0.000142,3.91962324,3.723642078,2.8197879494
0.000142,0.000142,3.91962324,3.723642078,3.9376589236
0.000142,0.000142,3.91962324,3.723642078,5.498696383
0.000142,0.000142,3.91962324,3.723642078,7.6785883437
0.000142,0.000142,3.91962324,3.723642078,10.7226722201
0.000142,0.000142,3.91962324,3.723642078,14.9735464897
0.000142,0.000142,3.91962324,3.723642078,20.9096286705
0.000142,0.000142,3.91962324,3.723642078,29.1989991443
0.000142,0.000142,3.91962324,3.723642078,40.7745907144
0.000142,0.000142,3.91962324,3.723642078,56.9391861586
0.000142,0.000142,3.91962324,3.723642078,79.5120407981
0.000142,0.000142,3.91962324,3.723642078,111.0336318168
0.000142,0.000142,3.91962324,3.723642078,155.0515779833
0.000142,0.000142,3.91962324,3.723642078,216.5199088036
0.000142,0.000142,3.91962324,3.723642078,302.3566191205
0.000142,0.000142,3.91962324,3.723642078,422.2222595195
0.000142,0.000142,3.91962324,3.723642078,589.6071895242
0.000142,0.000142,3.91962324,3.723642078,823.3498592289
0.000142,0.000142,3.91962324,3.723642078,1149.7569953977
0.000142,0.000142,3.91962324,3.723642078,1605.5643098112
0.000142,0.000142,3.91962324,3.723642078,2242.0709447806
0.000142,0.000142,3.91962324,3.723642078,3130.912969796
0.000142,0.000142,3.91962324,3.723642078,4372.1257113904
0.000142,0.000142,3.91962324,3.723642078,6105.4022965853
0.000142,0.000142,3.91962324,3.8804270076,0.1
0.000142,0.000142,3.91962324,3.8804270076,0.1396437957
0.000142,0.000142,3.91962324,3.8804270076,0.1950038968
0.000142,0.000142,3.91962324,3.8804270076,0.2723108433
0.000142,0.000142,3.91962324,3.8804270076,0.3802651977
0.000142,0.000142,3.91962324,3.8804270076,0.5310167558
0.000142,0.000142,3.91962324,3.8804270076,0.7415319537
0.000142,0.000142,3.91962324,3.8804270076,1.0355033665
0.000142,0.000142,3.91962324,3.8804270076,1.4460162057
0.000142,0.000142,3.91962324,3.8804270076,2.0192719162
0.000142,0.000142,3.91962324,3.8804270076,2.8197879494
0.000142,0.000142,3.91962324,3.8804270076,3.9376589236
0.000142,0.000142,3.91962324,3.8804270076,5.498696383
0.000142,0.000142,3.91962324,3.8804270076,7.6785883437
0.000142,0.000142,3.91962324,3.8804270076,10.7226722201
0.000142,0.000142,3.91962324,3.8804270076,14.9735464897
0.000142,0.000142,3.91962324,3.8804270076,20.9096286705
0.000142,0.000142,3.91962324,3.8804270076,29.1989991443
0.000142,0.000142,3.91962324,3.8804270076,40.7745907144
0.000142,0.000142,3.91962324,3.8804270076,56.9391861586
0.000142,0.000142,3.91962324,3.8804270076,79.5120407981
0.000142,0.000142,3.91962324,3.8804270076,111.0336318168
0.000142,0.000142,3.91962324,3.8804270076,155.0515779833
0.000142,0.000142,3.91962324,3.8804270076,216.5199088036
0.000142,0.000142,3.91962324,3.8804270076,302.3566191205
0.000142,0.000142,3.91962324,3.8804270076,422.2222595195
0.000142,0.000142,3.91962324,3.8804270076,589.6071895242
0.000142,0.000142,3.91962324,3.8804270076,823.3498592289
0.000142,0.000142,3.91962324,3.8804270076,1149.7569953977
0.000142,0.000142,3.91962324,3.8804270076,1605.5643098112
0.000142,0.000142,3.91962324,3.8804270076,2242.0709447806
0.000142,0.000142,3.91962324,3.8804270076,3130.912969796
0.000142,0.000142,3.91962324,3.8804270076,4372.1257113904
0.000142,0.000142,3.91962324,3.8804270076,6105.4022965853
