initial_z,Zbase,m1,m2,initial_period_in_days
0.000142,0.000142,0.8653714112,0.1298057117,0.2723108433
0.000142,0.000142,0.8653714112,0.1298057117,0.3802651977
0.000142,0.000142,0.8653714112,0.1298057117,0.5310167558
0.000142,0.000142,0.8653714112,0.1298057117,0.7415319537
0.000142,0.000142,0.8653714112,0.1298057117,1.0355033665
0.000142,0.000142,0.8653714112,0.1298057117,1.4460162057
0.000142,0.000142,0.8653714112,0.1298057117,2.0192719162
0.000142,0.000142,0.8653714112,0.1298057117,2.8197879494
0.000142,0.000142,0.8653714112,0.1298057117,3.9376589236
0.000142,0.000142,0.8653714112,0.1298057117,5.498696383
0.000142,0.000142,0.8653714112,0.1298057117,7.6785883437
0.000142,0.000142,0.8653714112,0.1298057117,10.7226722201
0.000142,0.000142,0.8653714112,0.1298057117,14.9735464897
0.000142,0.000142,0.8653714112,0.1298057117,20.9096286705
0.000142,0.000142,0.8653714112,0.1298057117,29.1989991443
0.000142,0.000142,0.8653714112,0.1298057117,40.7745907144
0.000142,0.000142,0.8653714112,0.1298057117,56.9391861586
0.000142,0.000142,0.8653714112,0.1298057117,79.5120407981
0.000142,0.000142,0.8653714112,0.1298057117,111.0336318168
0.000142,0.000142,0.8653714112,0.1298057117,155.0515779833
0.000142,0.000142,0.8653714112,0.1298057117,216.5199088036
0.000142,0.000142,0.8653714112,0.1298057117,302.3566191205
0.000142,0.000142,0.8653714112,0.1298057117,422.2222595195
0.000142,0.000142,0.8653714112,0.1298057117,589.6071895242
0.000142,0.000142,0.8653714112,0.1298057117,823.3498592289
0.000142,0.000142,0.8653714112,0.1298057117,1149.7569953977
0.000142,0.000142,0.8653714112,0.1298057117,1605.5643098112
0.000142,0.000142,0.8653714112,0.1298057117,2242.0709447806
0.000142,0.000142,0.8653714112,0.1298057117,3130.912969796
0.000142,0.000142,0.8653714112,0.1298057117,4372.1257113904
0.000142,0.000142,0.8653714112,0.1298057117,6105.4022965853
0.000142,0.000142,0.8653714112,0.1730742822,0.1
0.000142,0.000142,0.8653714112,0.1730742822,0.1396437957
0.000142,0.000142,0.8653714112,0.1730742822,0.1950038968
0.000142,0.000142,0.8653714112,0.1730742822,0.2723108433
0.000142,0.000142,0.8653714112,0.1730742822,0.3802651977
0.000142,0.000142,0.8653714112,0.1730742822,0.5310167558
0.000142,0.000142,0.8653714112,0.1730742822,0.7415319537
0.000142,0.000142,0.8653714112,0.1730742822,1.0355033665
0.000142,0.000142,0.8653714112,0.1730742822,1.4460162057
0.000142,0.000142,0.8653714112,0.1730742822,2.0192719162
0.000142,0.000142,0.8653714112,0.1730742822,2.8197879494
0.000142,0.000142,0.8653714112,0.1730742822,3.9376589236
0.000142,0.000142,0.8653714112,0.1730742822,5.498696383
0.000142,0.000142,0.8653714112,0.1730742822,7.6785883437
0.000142,0.000142,0.8653714112,0.1730742822,10.7226722201
0.000142,0.000142,0.8653714112,0.1730742822,14.9735464897
0.000142,0.000142,0.8653714112,0.1730742822,20.9096286705
0.000142,0.000142,0.8653714112,0.1730742822,29.1989991443
0.000142,0.000142,0.8653714112,0.1730742822,40.7745907144
0.000142,0.000142,0.8653714112,0.1730742822,56.9391861586
0.000142,0.000142,0.8653714112,0.1730742822,79.5120407981
0.000142,0.000142,0.8653714112,0.1730742822,111.0336318168
0.000142,0.000142,0.8653714112,0.1730742822,155.0515779833
0.000142,0.000142,0.8653714112,0.1730742822,216.5199088036
0.000142,0.000142,0.8653714112,0.1730742822,302.3566191205
0.000142,0.000142,0.8653714112,0.1730742822,422.2222595195
0.000142,0.000142,0.8653714112,0.1730742822,589.6071895242
0.000142,0.000142,0.8653714112,0.1730742822,823.3498592289
0.000142,0.000142,0.8653714112,0.1730742822,1149.7569953977
0.000142,0.000142,0.8653714112,0.1730742822,1605.5643098112
0.000142,0.000142,0.8653714112,0.1730742822,2242.0709447806
0.000142,0.000142,0.8653714112,0.1730742822,3130.912969796
0.000142,0.000142,0.8653714112,0.1730742822,4372.1257113904
0.000142,0.000142,0.8653714112,0.1730742822,6105.4022965853
0.000142,0.000142,0.8653714112,0.2163428528,0.1
0.000142,0.000142,0.8653714112,0.2163428528,0.1396437957
0.000142,0.000142,0.8653714112,0.2163428528,0.1950038968
0.000142,0.000142,0.8653714112,0.2163428528,0.2723108433
0.000142,0.000142,0.8653714112,0.2163428528,0.3802651977
0.000142,0.000142,0.8653714112,0.2163428528,0.5310167558
0.000142,0.000142,0.8653714112,0.2163428528,0.7415319537
0.000142,0.000142,0.8653714112,0.2163428528,1.0355033665
0.000142,0.000142,0.8653714112,0.2163428528,1.4460162057
0.000142,0.000142,0.8653714112,0.2163428528,2.0192719162
0.000142,0.000142,0.8653714112,0.2163428528,2.8197879494
0.000142,0.000142,0.8653714112,0.2163428528,3.9376589236
0.000142,0.000142,0.8653714112,0.2163428528,5.498696383
0.000142,0.000142,0.8653714112,0.2163428528,7.6785883437
0.000142,0.000142,0.8653714112,0.2163428528,10.7226722201
0.000142,0.000142,0.8653714112,0.2163428528,14.9735464897
0.000142,0.000142,0.8653714112,0.2163428528,20.9096286705
0.000142,0.000142,0.8653714112,0.2163428528,29.1989991443
0.000142,0.000142,0.8653714112,0.2163428528,40.7745907144
0.000142,0.000142,0.8653714112,0.2163428528,56.9391861586
0.000142,0.000142,0.8653714112,0.2163428528,79.5120407981
0.000142,0.000142,0.8653714112,0.2163428528,111.0336318168
0.000142,0.000142,0.8653714112,0.2163428528,155.0515779833
0.000142,0.000142,0.8653714112,0.2163428528,216.5199088036
0.000142,0.000142,0.8653714112,0.2163428528,302.3566191205
0.000142,0.000142,0.8653714112,0.2163428528,422.2222595195
0.000142,0.000142,0.8653714112,0.2163428528,589.6071895242
0.000142,0.000142,0.8653714112,0.2163428528,823.3498592289
0.000142,0.000142,0.8653714112,0.2163428528,1149.7569953977
0.000142,0.000142,0.8653714112,0.2163428528,1605.5643098112
0.000142,0.000142,0.8653714112,0.2163428528,2242.0709447806
0.000142,0.000142,0.8653714112,0.2163428528,3130.912969796
0.000142,0.000142,0.8653714112,0.2163428528,4372.1257113904
0.000142,0.000142,0.8653714112,0.2163428528,6105.4022965853
0.000142,0.000142,0.8653714112,0.2596114233,0.1
0.000142,0.000142,0.8653714112,0.2596114233,0.1396437957
0.000142,0.000142,0.8653714112,0.2596114233,0.1950038968
0.000142,0.000142,0.8653714112,0.2596114233,0.2723108433
0.000142,0.000142,0.8653714112,0.2596114233,0.3802651977
0.000142,0.000142,0.8653714112,0.2596114233,0.5310167558
0.000142,0.000142,0.8653714112,0.2596114233,0.7415319537
0.000142,0.000142,0.8653714112,0.2596114233,1.0355033665
0.000142,0.000142,0.8653714112,0.2596114233,1.4460162057
0.000142,0.000142,0.8653714112,0.2596114233,2.0192719162
0.000142,0.000142,0.8653714112,0.2596114233,2.8197879494
0.000142,0.000142,0.8653714112,0.2596114233,3.9376589236
0.000142,0.000142,0.8653714112,0.2596114233,5.498696383
0.000142,0.000142,0.8653714112,0.2596114233,7.6785883437
0.000142,0.000142,0.8653714112,0.2596114233,10.7226722201
0.000142,0.000142,0.8653714112,0.2596114233,14.9735464897
0.000142,0.000142,0.8653714112,0.2596114233,20.9096286705
0.000142,0.000142,0.8653714112,0.2596114233,29.1989991443
0.000142,0.000142,0.8653714112,0.2596114233,40.7745907144
0.000142,0.000142,0.8653714112,0.2596114233,56.9391861586
0.000142,0.000142,0.8653714112,0.2596114233,79.5120407981
0.000142,0.000142,0.8653714112,0.2596114233,111.0336318168
0.000142,0.000142,0.8653714112,0.2596114233,155.0515779833
0.000142,0.000142,0.8653714112,0.2596114233,216.5199088036
0.000142,0.000142,0.8653714112,0.2596114233,302.3566191205
0.000142,0.000142,0.8653714112,0.2596114233,422.2222595195
0.000142,0.000142,0.8653714112,0.2596114233,589.6071895242
0.000142,0.000142,0.8653714112,0.2596114233,823.3498592289
0.000142,0.000142,0.8653714112,0.2596114233,1149.7569953977
0.000142,0.000142,0.8653714112,0.2596114233,1605.5643098112
0.000142,0.000142,0.8653714112,0.2596114233,2242.0709447806
0.000142,0.000142,0.8653714112,0.2596114233,3130.912969796
0.000142,0.000142,0.8653714112,0.2596114233,4372.1257113904
0.000142,0.000142,0.8653714112,0.2596114233,6105.4022965853
0.000142,0.000142,0.8653714112,0.3028799939,0.1
0.000142,0.000142,0.8653714112,0.3028799939,0.1396437957
0.000142,0.000142,0.8653714112,0.3028799939,0.1950038968
0.000142,0.000142,0.8653714112,0.3028799939,0.2723108433
0.000142,0.000142,0.8653714112,0.3028799939,0.3802651977
0.000142,0.000142,0.8653714112,0.3028799939,0.5310167558
0.000142,0.000142,0.8653714112,0.3028799939,0.7415319537
0.000142,0.000142,0.8653714112,0.3028799939,1.0355033665
0.000142,0.000142,0.8653714112,0.3028799939,1.4460162057
0.000142,0.000142,0.8653714112,0.3028799939,2.0192719162
0.000142,0.000142,0.8653714112,0.3028799939,2.8197879494
0.000142,0.000142,0.8653714112,0.3028799939,3.9376589236
0.000142,0.000142,0.8653714112,0.3028799939,5.498696383
0.000142,0.000142,0.8653714112,0.3028799939,7.6785883437
0.000142,0.000142,0.8653714112,0.3028799939,10.7226722201
0.000142,0.000142,0.8653714112,0.3028799939,14.9735464897
0.000142,0.000142,0.8653714112,0.3028799939,20.9096286705
0.000142,0.000142,0.8653714112,0.3028799939,29.1989991443
0.000142,0.000142,0.8653714112,0.3028799939,40.7745907144
0.000142,0.000142,0.8653714112,0.3028799939,56.9391861586
0.000142,0.000142,0.8653714112,0.3028799939,79.5120407981
0.000142,0.000142,0.8653714112,0.3028799939,111.0336318168
0.000142,0.000142,0.8653714112,0.3028799939,155.0515779833
0.000142,0.000142,0.8653714112,0.3028799939,216.5199088036
0.000142,0.000142,0.8653714112,0.3028799939,302.3566191205
0.000142,0.000142,0.8653714112,0.3028799939,422.2222595195
0.000142,0.000142,0.8653714112,0.3028799939,589.6071895242
0.000142,0.000142,0.8653714112,0.3028799939,823.3498592289
0.000142,0.000142,0.8653714112,0.3028799939,1149.7569953977
0.000142,0.000142,0.8653714112,0.3028799939,1605.5643098112
0.000142,0.000142,0.8653714112,0.3028799939,2242.0709447806
0.000142,0.000142,0.8653714112,0.3028799939,3130.912969796
0.000142,0.000142,0.8653714112,0.3028799939,4372.1257113904
0.000142,0.000142,0.8653714112,0.3028799939,6105.4022965853
0.000142,0.000142,0.8653714112,0.3461485645,0.1
0.000142,0.000142,0.8653714112,0.3461485645,0.1396437957
0.000142,0.000142,0.8653714112,0.3461485645,0.1950038968
0.000142,0.000142,0.8653714112,0.3461485645,0.2723108433
0.000142,0.000142,0.8653714112,0.3461485645,0.3802651977
0.000142,0.000142,0.8653714112,0.3461485645,0.5310167558
0.000142,0.000142,0.8653714112,0.3461485645,0.7415319537
0.000142,0.000142,0.8653714112,0.3461485645,1.0355033665
0.000142,0.000142,0.8653714112,0.3461485645,1.4460162057
0.000142,0.000142,0.8653714112,0.3461485645,2.0192719162
0.000142,0.000142,0.8653714112,0.3461485645,2.8197879494
0.000142,0.000142,0.8653714112,0.3461485645,3.9376589236
0.000142,0.000142,0.8653714112,0.3461485645,5.498696383
0.000142,0.000142,0.8653714112,0.3461485645,7.6785883437
0.000142,0.000142,0.8653714112,0.3461485645,10.7226722201
0.000142,0.000142,0.8653714112,0.3461485645,14.9735464897
0.000142,0.000142,0.8653714112,0.3461485645,20.9096286705
0.000142,0.000142,0.8653714112,0.3461485645,29.1989991443
0.000142,0.000142,0.8653714112,0.3461485645,40.7745907144
0.000142,0.000142,0.8653714112,0.3461485645,56.9391861586
0.000142,0.000142,0.8653714112,0.3461485645,79.5120407981
0.000142,0.000142,0.8653714112,0.3461485645,111.0336318168
0.000142,0.000142,0.8653714112,0.3461485645,155.0515779833
0.000142,0.000142,0.8653714112,0.3461485645,216.5199088036
0.000142,0.000142,0.8653714112,0.3461485645,302.3566191205
0.000142,0.000142,0.8653714112,0.3461485645,422.2222595195
0.000142,0.000142,0.8653714112,0.3461485645,589.6071895242
0.000142,0.000142,0.8653714112,0.3461485645,823.3498592289
0.000142,0.000142,0.8653714112,0.3461485645,1149.7569953977
0.000142,0.000142,0.8653714112,0.3461485645,1605.5643098112
0.000142,0.000142,0.8653714112,0.3461485645,2242.0709447806
0.000142,0.000142,0.8653714112,0.3461485645,3130.912969796
0.000142,0.000142,0.8653714112,0.3461485645,4372.1257113904
0.000142,0.000142,0.8653714112,0.3461485645,6105.4022965853
0.000142,0.000142,0.8653714112,0.389417135,0.1
0.000142,0.000142,0.8653714112,0.389417135,0.1396437957
0.000142,0.000142,0.8653714112,0.389417135,0.1950038968
0.000142,0.000142,0.8653714112,0.389417135,0.2723108433
0.000142,0.000142,0.8653714112,0.389417135,0.3802651977
0.000142,0.000142,0.8653714112,0.389417135,0.5310167558
0.000142,0.000142,0.8653714112,0.389417135,0.7415319537
0.000142,0.000142,0.8653714112,0.389417135,1.0355033665
0.000142,0.000142,0.8653714112,0.389417135,1.4460162057
0.000142,0.000142,0.8653714112,0.389417135,2.0192719162
0.000142,0.000142,0.8653714112,0.389417135,2.8197879494
0.000142,0.000142,0.8653714112,0.389417135,3.9376589236
0.000142,0.000142,0.8653714112,0.389417135,5.498696383
0.000142,0.000142,0.8653714112,0.389417135,7.6785883437
0.000142,0.000142,0.8653714112,0.389417135,10.7226722201
0.000142,0.000142,0.8653714112,0.389417135,14.9735464897
0.000142,0.000142,0.8653714112,0.389417135,20.9096286705
0.000142,0.000142,0.8653714112,0.389417135,29.1989991443
0.000142,0.000142,0.8653714112,0.389417135,40.7745907144
0.000142,0.000142,0.8653714112,0.389417135,56.9391861586
0.000142,0.000142,0.8653714112,0.389417135,79.5120407981
0.000142,0.000142,0.8653714112,0.389417135,111.0336318168
0.000142,0.000142,0.8653714112,0.389417135,155.0515779833
0.000142,0.000142,0.8653714112,0.389417135,216.5199088036
0.000142,0.000142,0.8653714112,0.389417135,302.3566191205
0.000142,0.000142,0.8653714112,0.389417135,422.2222595195
0.000142,0.000142,0.8653714112,0.389417135,589.6071895242
0.000142,0.000142,0.8653714112,0.389417135,823.3498592289
0.000142,0.000142,0.8653714112,0.389417135,1149.7569953977
0.000142,0.000142,0.8653714112,0.389417135,1605.5643098112
0.000142,0.000142,0.8653714112,0.389417135,2242.0709447806
0.000142,0.000142,0.8653714112,0.389417135,3130.912969796
0.000142,0.000142,0.8653714112,0.389417135,4372.1257113904
0.000142,0.000142,0.8653714112,0.389417135,6105.4022965853
0.000142,0.000142,0.8653714112,0.4326857056,0.1
0.000142,0.000142,0.8653714112,0.4326857056,0.1396437957
0.000142,0.000142,0.8653714112,0.4326857056,0.1950038968
0.000142,0.000142,0.8653714112,0.4326857056,0.2723108433
0.000142,0.000142,0.8653714112,0.4326857056,0.3802651977
0.000142,0.000142,0.8653714112,0.4326857056,0.5310167558
0.000142,0.000142,0.8653714112,0.4326857056,0.7415319537
0.000142,0.000142,0.8653714112,0.4326857056,1.0355033665
0.000142,0.000142,0.8653714112,0.4326857056,1.4460162057
0.000142,0.000142,0.8653714112,0.4326857056,2.0192719162
0.000142,0.000142,0.8653714112,0.4326857056,2.8197879494
0.000142,0.000142,0.8653714112,0.4326857056,3.9376589236
0.000142,0.000142,0.8653714112,0.4326857056,5.498696383
0.000142,0.000142,0.8653714112,0.4326857056,7.6785883437
0.000142,0.000142,0.8653714112,0.4326857056,10.7226722201
0.000142,0.000142,0.8653714112,0.4326857056,14.9735464897
0.000142,0.000142,0.8653714112,0.4326857056,20.9096286705
0.000142,0.000142,0.8653714112,0.4326857056,29.1989991443
0.000142,0.000142,0.8653714112,0.4326857056,40.7745907144
0.000142,0.000142,0.8653714112,0.4326857056,56.9391861586
0.000142,0.000142,0.8653714112,0.4326857056,79.5120407981
0.000142,0.000142,0.8653714112,0.4326857056,111.0336318168
0.000142,0.000142,0.8653714112,0.4326857056,155.0515779833
0.000142,0.000142,0.8653714112,0.4326857056,216.5199088036
0.000142,0.000142,0.8653714112,0.4326857056,302.3566191205
0.000142,0.000142,0.8653714112,0.4326857056,422.2222595195
0.000142,0.000142,0.8653714112,0.4326857056,589.6071895242
0.000142,0.000142,0.8653714112,0.4326857056,823.3498592289
0.000142,0.000142,0.8653714112,0.4326857056,1149.7569953977
0.000142,0.000142,0.8653714112,0.4326857056,1605.5643098112
0.000142,0.000142,0.8653714112,0.4326857056,2242.0709447806
0.000142,0.000142,0.8653714112,0.4326857056,3130.912969796
0.000142,0.000142,0.8653714112,0.4326857056,4372.1257113904
0.000142,0.000142,0.8653714112,0.4326857056,6105.4022965853
0.000142,0.000142,0.8653714112,0.4759542761,0.1
0.000142,0.000142,0.8653714112,0.4759542761,0.1396437957
0.000142,0.000142,0.8653714112,0.4759542761,0.1950038968
0.000142,0.000142,0.8653714112,0.4759542761,0.2723108433
0.000142,0.000142,0.8653714112,0.4759542761,0.3802651977
0.000142,0.000142,0.8653714112,0.4759542761,0.5310167558
0.000142,0.000142,0.8653714112,0.4759542761,0.7415319537
0.000142,0.000142,0.8653714112,0.4759542761,1.0355033665
0.000142,0.000142,0.8653714112,0.4759542761,1.4460162057
0.000142,0.000142,0.8653714112,0.4759542761,2.0192719162
0.000142,0.000142,0.8653714112,0.4759542761,2.8197879494
0.000142,0.000142,0.8653714112,0.4759542761,3.9376589236
0.000142,0.000142,0.8653714112,0.4759542761,5.498696383
0.000142,0.000142,0.8653714112,0.4759542761,7.6785883437
0.000142,0.000142,0.8653714112,0.4759542761,10.7226722201
0.000142,0.000142,0.8653714112,0.4759542761,14.9735464897
0.000142,0.000142,0.8653714112,0.4759542761,20.9096286705
0.000142,0.000142,0.8653714112,0.4759542761,29.1989991443
0.000142,0.000142,0.8653714112,0.4759542761,40.7745907144
0.000142,0.000142,0.8653714112,0.4759542761,56.9391861586
0.000142,0.000142,0.8653714112,0.4759542761,79.5120407981
0.000142,0.000142,0.8653714112,0.4759542761,111.0336318168
0.000142,0.000142,0.8653714112,0.4759542761,155.0515779833
0.000142,0.000142,0.8653714112,0.4759542761,216.5199088036
0.000142,0.000142,0.8653714112,0.4759542761,302.3566191205
0.000142,0.000142,0.8653714112,0.4759542761,422.2222595195
0.000142,0.000142,0.8653714112,0.4759542761,589.6071895242
0.000142,0.000142,0.8653714112,0.4759542761,823.3498592289
0.000142,0.000142,0.8653714112,0.4759542761,1149.7569953977
0.000142,0.000142,0.8653714112,0.4759542761,1605.5643098112
0.000142,0.000142,0.8653714112,0.4759542761,2242.0709447806
0.000142,0.000142,0.8653714112,0.4759542761,3130.912969796
0.000142,0.000142,0.8653714112,0.4759542761,4372.1257113904
0.000142,0.000142,0.8653714112,0.4759542761,6105.4022965853
0.000142,0.000142,0.8653714112,0.5192228467,0.1
0.000142,0.000142,0.8653714112,0.5192228467,0.1396437957
0.000142,0.000142,0.8653714112,0.5192228467,0.1950038968
0.000142,0.000142,0.8653714112,0.5192228467,0.2723108433
0.000142,0.000142,0.8653714112,0.5192228467,0.3802651977
0.000142,0.000142,0.8653714112,0.5192228467,0.5310167558
0.000142,0.000142,0.8653714112,0.5192228467,0.7415319537
0.000142,0.000142,0.8653714112,0.5192228467,1.0355033665
0.000142,0.000142,0.8653714112,0.5192228467,1.4460162057
0.000142,0.000142,0.8653714112,0.5192228467,2.0192719162
0.000142,0.000142,0.8653714112,0.5192228467,2.8197879494
0.000142,0.000142,0.8653714112,0.5192228467,3.9376589236
0.000142,0.000142,0.8653714112,0.5192228467,5.498696383
0.000142,0.000142,0.8653714112,0.5192228467,7.6785883437
0.000142,0.000142,0.8653714112,0.5192228467,10.7226722201
0.000142,0.000142,0.8653714112,0.5192228467,14.9735464897
0.000142,0.000142,0.8653714112,0.5192228467,20.9096286705
0.000142,0.000142,0.8653714112,0.5192228467,29.1989991443
0.000142,0.000142,0.8653714112,0.5192228467,40.7745907144
0.000142,0.000142,0.8653714112,0.5192228467,56.9391861586
0.000142,0.000142,0.8653714112,0.5192228467,79.5120407981
0.000142,0.000142,0.8653714112,0.5192228467,111.0336318168
0.000142,0.000142,0.8653714112,0.5192228467,155.0515779833
0.000142,0.000142,0.8653714112,0.5192228467,216.5199088036
0.000142,0.000142,0.8653714112,0.5192228467,302.3566191205
0.000142,0.000142,0.8653714112,0.5192228467,422.2222595195
0.000142,0.000142,0.8653714112,0.5192228467,589.6071895242
0.000142,0.000142,0.8653714112,0.5192228467,823.3498592289
0.000142,0.000142,0.8653714112,0.5192228467,1149.7569953977
0.000142,0.000142,0.8653714112,0.5192228467,1605.5643098112
0.000142,0.000142,0.8653714112,0.5192228467,2242.0709447806
0.000142,0.000142,0.8653714112,0.5192228467,3130.912969796
0.000142,0.000142,0.8653714112,0.5192228467,4372.1257113904
0.000142,0.000142,0.8653714112,0.5192228467,6105.4022965853
0.000142,0.000142,0.8653714112,0.5624914172,0.1
0.000142,0.000142,0.8653714112,0.5624914172,0.1396437957
0.000142,0.000142,0.8653714112,0.5624914172,0.1950038968
0.000142,0.000142,0.8653714112,0.5624914172,0.2723108433
0.000142,0.000142,0.8653714112,0.5624914172,0.3802651977
0.000142,0.000142,0.8653714112,0.5624914172,0.5310167558
0.000142,0.000142,0.8653714112,0.5624914172,0.7415319537
0.000142,0.000142,0.8653714112,0.5624914172,1.0355033665
0.000142,0.000142,0.8653714112,0.5624914172,1.4460162057
0.000142,0.000142,0.8653714112,0.5624914172,2.0192719162
0.000142,0.000142,0.8653714112,0.5624914172,2.8197879494
0.000142,0.000142,0.8653714112,0.5624914172,3.9376589236
0.000142,0.000142,0.8653714112,0.5624914172,5.498696383
0.000142,0.000142,0.8653714112,0.5624914172,7.6785883437
0.000142,0.000142,0.8653714112,0.5624914172,10.7226722201
0.000142,0.000142,0.8653714112,0.5624914172,14.9735464897
0.000142,0.000142,0.8653714112,0.5624914172,20.9096286705
0.000142,0.000142,0.8653714112,0.5624914172,29.1989991443
0.000142,0.000142,0.8653714112,0.5624914172,40.7745907144
0.000142,0.000142,0.8653714112,0.5624914172,56.9391861586
0.000142,0.000142,0.8653714112,0.5624914172,79.5120407981
0.000142,0.000142,0.8653714112,0.5624914172,111.0336318168
0.000142,0.000142,0.8653714112,0.5624914172,155.0515779833
0.000142,0.000142,0.8653714112,0.5624914172,216.5199088036
0.000142,0.000142,0.8653714112,0.5624914172,302.3566191205
0.000142,0.000142,0.8653714112,0.5624914172,422.2222595195
0.000142,0.000142,0.8653714112,0.5624914172,589.6071895242
0.000142,0.000142,0.8653714112,0.5624914172,823.3498592289
0.000142,0.000142,0.8653714112,0.5624914172,1149.7569953977
0.000142,0.000142,0.8653714112,0.5624914172,1605.5643098112
0.000142,0.000142,0.8653714112,0.5624914172,2242.0709447806
0.000142,0.000142,0.8653714112,0.5624914172,3130.912969796
0.000142,0.000142,0.8653714112,0.5624914172,4372.1257113904
0.000142,0.000142,0.8653714112,0.5624914172,6105.4022965853
0.000142,0.000142,0.8653714112,0.6057599878,0.1
0.000142,0.000142,0.8653714112,0.6057599878,0.1396437957
0.000142,0.000142,0.8653714112,0.6057599878,0.1950038968
0.000142,0.000142,0.8653714112,0.6057599878,0.2723108433
0.000142,0.000142,0.8653714112,0.6057599878,0.3802651977
0.000142,0.000142,0.8653714112,0.6057599878,0.5310167558
0.000142,0.000142,0.8653714112,0.6057599878,0.7415319537
0.000142,0.000142,0.8653714112,0.6057599878,1.0355033665
0.000142,0.000142,0.8653714112,0.6057599878,1.4460162057
0.000142,0.000142,0.8653714112,0.6057599878,2.0192719162
0.000142,0.000142,0.8653714112,0.6057599878,2.8197879494
0.000142,0.000142,0.8653714112,0.6057599878,3.9376589236
0.000142,0.000142,0.8653714112,0.6057599878,5.498696383
0.000142,0.000142,0.8653714112,0.6057599878,7.6785883437
0.000142,0.000142,0.8653714112,0.6057599878,10.7226722201
0.000142,0.000142,0.8653714112,0.6057599878,14.9735464897
0.000142,0.000142,0.8653714112,0.6057599878,20.9096286705
0.000142,0.000142,0.8653714112,0.6057599878,29.1989991443
0.000142,0.000142,0.8653714112,0.6057599878,40.7745907144
0.000142,0.000142,0.8653714112,0.6057599878,56.9391861586
0.000142,0.000142,0.8653714112,0.6057599878,79.5120407981
0.000142,0.000142,0.8653714112,0.6057599878,111.0336318168
0.000142,0.000142,0.8653714112,0.6057599878,155.0515779833
0.000142,0.000142,0.8653714112,0.6057599878,216.5199088036
0.000142,0.000142,0.8653714112,0.6057599878,302.3566191205
0.000142,0.000142,0.8653714112,0.6057599878,422.2222595195
0.000142,0.000142,0.8653714112,0.6057599878,589.6071895242
0.000142,0.000142,0.8653714112,0.6057599878,823.3498592289
0.000142,0.000142,0.8653714112,0.6057599878,1149.7569953977
0.000142,0.000142,0.8653714112,0.6057599878,1605.5643098112
0.000142,0.000142,0.8653714112,0.6057599878,2242.0709447806
0.000142,0.000142,0.8653714112,0.6057599878,3130.912969796
0.000142,0.000142,0.8653714112,0.6057599878,4372.1257113904
0.000142,0.000142,0.8653714112,0.6057599878,6105.4022965853
0.000142,0.000142,0.8653714112,0.6490285584,0.1
0.000142,0.000142,0.8653714112,0.6490285584,0.1396437957
0.000142,0.000142,0.8653714112,0.6490285584,0.1950038968
0.000142,0.000142,0.8653714112,0.6490285584,0.2723108433
0.000142,0.000142,0.8653714112,0.6490285584,0.3802651977
0.000142,0.000142,0.8653714112,0.6490285584,0.5310167558
0.000142,0.000142,0.8653714112,0.6490285584,0.7415319537
0.000142,0.000142,0.8653714112,0.6490285584,1.0355033665
0.000142,0.000142,0.8653714112,0.6490285584,1.4460162057
0.000142,0.000142,0.8653714112,0.6490285584,2.0192719162
0.000142,0.000142,0.8653714112,0.6490285584,2.8197879494
0.000142,0.000142,0.8653714112,0.6490285584,3.9376589236
0.000142,0.000142,0.8653714112,0.6490285584,5.498696383
0.000142,0.000142,0.8653714112,0.6490285584,7.6785883437
0.000142,0.000142,0.8653714112,0.6490285584,10.7226722201
0.000142,0.000142,0.8653714112,0.6490285584,14.9735464897
0.000142,0.000142,0.8653714112,0.6490285584,20.9096286705
0.000142,0.000142,0.8653714112,0.6490285584,29.1989991443
0.000142,0.000142,0.8653714112,0.6490285584,40.7745907144
0.000142,0.000142,0.8653714112,0.6490285584,56.9391861586
0.000142,0.000142,0.8653714112,0.6490285584,79.5120407981
0.000142,0.000142,0.8653714112,0.6490285584,111.0336318168
0.000142,0.000142,0.8653714112,0.6490285584,155.0515779833
0.000142,0.000142,0.8653714112,0.6490285584,216.5199088036
0.000142,0.000142,0.8653714112,0.6490285584,302.3566191205
0.000142,0.000142,0.8653714112,0.6490285584,422.2222595195
0.000142,0.000142,0.8653714112,0.6490285584,589.6071895242
0.000142,0.000142,0.8653714112,0.6490285584,823.3498592289
0.000142,0.000142,0.8653714112,0.6490285584,1149.7569953977
0.000142,0.000142,0.8653714112,0.6490285584,1605.5643098112
0.000142,0.000142,0.8653714112,0.6490285584,2242.0709447806
0.000142,0.000142,0.8653714112,0.6490285584,3130.912969796
0.000142,0.000142,0.8653714112,0.6490285584,4372.1257113904
0.000142,0.000142,0.8653714112,0.6490285584,6105.4022965853
0.000142,0.000142,0.8653714112,0.6922971289,0.1
0.000142,0.000142,0.8653714112,0.6922971289,0.1396437957
0.000142,0.000142,0.8653714112,0.6922971289,0.1950038968
0.000142,0.000142,0.8653714112,0.6922971289,0.2723108433
0.000142,0.000142,0.8653714112,0.6922971289,0.3802651977
0.000142,0.000142,0.8653714112,0.6922971289,0.5310167558
0.000142,0.000142,0.8653714112,0.6922971289,0.7415319537
0.000142,0.000142,0.8653714112,0.6922971289,1.0355033665
0.000142,0.000142,0.8653714112,0.6922971289,1.4460162057
0.000142,0.000142,0.8653714112,0.6922971289,2.0192719162
0.000142,0.000142,0.8653714112,0.6922971289,2.8197879494
0.000142,0.000142,0.8653714112,0.6922971289,3.9376589236
0.000142,0.000142,0.8653714112,0.6922971289,5.498696383
0.000142,0.000142,0.8653714112,0.6922971289,7.6785883437
0.000142,0.000142,0.8653714112,0.6922971289,10.7226722201
0.000142,0.000142,0.8653714112,0.6922971289,14.9735464897
0.000142,0.000142,0.8653714112,0.6922971289,20.9096286705
0.000142,0.000142,0.8653714112,0.6922971289,29.1989991443
0.000142,0.000142,0.8653714112,0.6922971289,40.7745907144
0.000142,0.000142,0.8653714112,0.6922971289,56.9391861586
0.000142,0.000142,0.8653714112,0.6922971289,79.5120407981
0.000142,0.000142,0.8653714112,0.6922971289,111.0336318168
0.000142,0.000142,0.8653714112,0.6922971289,155.0515779833
0.000142,0.000142,0.8653714112,0.6922971289,216.5199088036
0.000142,0.000142,0.8653714112,0.6922971289,302.3566191205
0.000142,0.000142,0.8653714112,0.6922971289,422.2222595195
0.000142,0.000142,0.8653714112,0.6922971289,589.6071895242
0.000142,0.000142,0.8653714112,0.6922971289,823.3498592289
0.000142,0.000142,0.8653714112,0.6922971289,1149.7569953977
0.000142,0.000142,0.8653714112,0.6922971289,1605.5643098112
0.000142,0.000142,0.8653714112,0.6922971289,2242.0709447806
0.000142,0.000142,0.8653714112,0.6922971289,3130.912969796
0.000142,0.000142,0.8653714112,0.6922971289,4372.1257113904
0.000142,0.000142,0.8653714112,0.6922971289,6105.4022965853
0.000142,0.000142,0.8653714112,0.7355656995,0.1
0.000142,0.000142,0.8653714112,0.7355656995,0.1396437957
0.000142,0.000142,0.8653714112,0.7355656995,0.1950038968
0.000142,0.000142,0.8653714112,0.7355656995,0.2723108433
0.000142,0.000142,0.8653714112,0.7355656995,0.3802651977
0.000142,0.000142,0.8653714112,0.7355656995,0.5310167558
0.000142,0.000142,0.8653714112,0.7355656995,0.7415319537
0.000142,0.000142,0.8653714112,0.7355656995,1.0355033665
0.000142,0.000142,0.8653714112,0.7355656995,1.4460162057
0.000142,0.000142,0.8653714112,0.7355656995,2.0192719162
0.000142,0.000142,0.8653714112,0.7355656995,2.8197879494
0.000142,0.000142,0.8653714112,0.7355656995,3.9376589236
0.000142,0.000142,0.8653714112,0.7355656995,5.498696383
0.000142,0.000142,0.8653714112,0.7355656995,7.6785883437
0.000142,0.000142,0.8653714112,0.7355656995,10.7226722201
0.000142,0.000142,0.8653714112,0.7355656995,14.9735464897
0.000142,0.000142,0.8653714112,0.7355656995,20.9096286705
0.000142,0.000142,0.8653714112,0.7355656995,29.1989991443
0.000142,0.000142,0.8653714112,0.7355656995,40.7745907144
0.000142,0.000142,0.8653714112,0.7355656995,56.9391861586
0.000142,0.000142,0.8653714112,0.7355656995,79.5120407981
0.000142,0.000142,0.8653714112,0.7355656995,111.0336318168
0.000142,0.000142,0.8653714112,0.7355656995,155.0515779833
0.000142,0.000142,0.8653714112,0.7355656995,216.5199088036
0.000142,0.000142,0.8653714112,0.7355656995,302.3566191205
0.000142,0.000142,0.8653714112,0.7355656995,422.2222595195
0.000142,0.000142,0.8653714112,0.7355656995,589.6071895242
0.000142,0.000142,0.8653714112,0.7355656995,823.3498592289
0.000142,0.000142,0.8653714112,0.7355656995,1149.7569953977
0.000142,0.000142,0.8653714112,0.7355656995,1605.5643098112
0.000142,0.000142,0.8653714112,0.7355656995,2242.0709447806
0.000142,0.000142,0.8653714112,0.7355656995,3130.912969796
0.000142,0.000142,0.8653714112,0.7355656995,4372.1257113904
0.000142,0.000142,0.8653714112,0.7355656995,6105.4022965853
0.000142,0.000142,0.8653714112,0.77883427,0.1
0.000142,0.000142,0.8653714112,0.77883427,0.1396437957
0.000142,0.000142,0.8653714112,0.77883427,0.1950038968
0.000142,0.000142,0.8653714112,0.77883427,0.2723108433
0.000142,0.000142,0.8653714112,0.77883427,0.3802651977
0.000142,0.000142,0.8653714112,0.77883427,0.5310167558
0.000142,0.000142,0.8653714112,0.77883427,0.7415319537
0.000142,0.000142,0.8653714112,0.77883427,1.0355033665
0.000142,0.000142,0.8653714112,0.77883427,1.4460162057
0.000142,0.000142,0.8653714112,0.77883427,2.0192719162
0.000142,0.000142,0.8653714112,0.77883427,2.8197879494
0.000142,0.000142,0.8653714112,0.77883427,3.9376589236
0.000142,0.000142,0.8653714112,0.77883427,5.498696383
0.000142,0.000142,0.8653714112,0.77883427,7.6785883437
0.000142,0.000142,0.8653714112,0.77883427,10.7226722201
0.000142,0.000142,0.8653714112,0.77883427,14.9735464897
0.000142,0.000142,0.8653714112,0.77883427,20.9096286705
0.000142,0.000142,0.8653714112,0.77883427,29.1989991443
0.000142,0.000142,0.8653714112,0.77883427,40.7745907144
0.000142,0.000142,0.8653714112,0.77883427,56.9391861586
0.000142,0.000142,0.8653714112,0.77883427,79.5120407981
0.000142,0.000142,0.8653714112,0.77883427,111.0336318168
0.000142,0.000142,0.8653714112,0.77883427,155.0515779833
0.000142,0.000142,0.8653714112,0.77883427,216.5199088036
0.000142,0.000142,0.8653714112,0.77883427,302.3566191205
0.000142,0.000142,0.8653714112,0.77883427,422.2222595195
0.000142,0.000142,0.8653714112,0.77883427,589.6071895242
0.000142,0.000142,0.8653714112,0.77883427,823.3498592289
0.000142,0.000142,0.8653714112,0.77883427,1149.7569953977
0.000142,0.000142,0.8653714112,0.77883427,1605.5643098112
0.000142,0.000142,0.8653714112,0.77883427,2242.0709447806
0.000142,0.000142,0.8653714112,0.77883427,3130.912969796
0.000142,0.000142,0.8653714112,0.77883427,4372.1257113904
0.000142,0.000142,0.8653714112,0.77883427,6105.4022965853
0.000142,0.000142,0.8653714112,0.8221028406,0.1
0.000142,0.000142,0.8653714112,0.8221028406,0.1396437957
0.000142,0.000142,0.8653714112,0.8221028406,0.1950038968
0.000142,0.000142,0.8653714112,0.8221028406,0.2723108433
0.000142,0.000142,0.8653714112,0.8221028406,0.3802651977
0.000142,0.000142,0.8653714112,0.8221028406,0.5310167558
0.000142,0.000142,0.8653714112,0.8221028406,0.7415319537
0.000142,0.000142,0.8653714112,0.8221028406,1.0355033665
0.000142,0.000142,0.8653714112,0.8221028406,1.4460162057
0.000142,0.000142,0.8653714112,0.8221028406,2.0192719162
0.000142,0.000142,0.8653714112,0.8221028406,2.8197879494
0.000142,0.000142,0.8653714112,0.8221028406,3.9376589236
0.000142,0.000142,0.8653714112,0.8221028406,5.498696383
0.000142,0.000142,0.8653714112,0.8221028406,7.6785883437
0.000142,0.000142,0.8653714112,0.8221028406,10.7226722201
0.000142,0.000142,0.8653714112,0.8221028406,14.9735464897
0.000142,0.000142,0.8653714112,0.8221028406,20.9096286705
0.000142,0.000142,0.8653714112,0.8221028406,29.1989991443
0.000142,0.000142,0.8653714112,0.8221028406,40.7745907144
0.000142,0.000142,0.8653714112,0.8221028406,56.9391861586
0.000142,0.000142,0.8653714112,0.8221028406,79.5120407981
0.000142,0.000142,0.8653714112,0.8221028406,111.0336318168
0.000142,0.000142,0.8653714112,0.8221028406,155.0515779833
0.000142,0.000142,0.8653714112,0.8221028406,216.5199088036
0.000142,0.000142,0.8653714112,0.8221028406,302.3566191205
0.000142,0.000142,0.8653714112,0.8221028406,422.2222595195
0.000142,0.000142,0.8653714112,0.8221028406,589.6071895242
0.000142,0.000142,0.8653714112,0.8221028406,823.3498592289
0.000142,0.000142,0.8653714112,0.8221028406,1149.7569953977
0.000142,0.000142,0.8653714112,0.8221028406,1605.5643098112
0.000142,0.000142,0.8653714112,0.8221028406,2242.0709447806
0.000142,0.000142,0.8653714112,0.8221028406,3130.912969796
0.000142,0.000142,0.8653714112,0.8221028406,4372.1257113904
0.000142,0.000142,0.8653714112,0.8221028406,6105.4022965853
0.000142,0.000142,0.8653714112,0.856717697,0.1
0.000142,0.000142,0.8653714112,0.856717697,0.1396437957
0.000142,0.000142,0.8653714112,0.856717697,0.1950038968
0.000142,0.000142,0.8653714112,0.856717697,0.2723108433
0.000142,0.000142,0.8653714112,0.856717697,0.3802651977
0.000142,0.000142,0.8653714112,0.856717697,0.5310167558
0.000142,0.000142,0.8653714112,0.856717697,0.7415319537
0.000142,0.000142,0.8653714112,0.856717697,1.0355033665
0.000142,0.000142,0.8653714112,0.856717697,1.4460162057
0.000142,0.000142,0.8653714112,0.856717697,2.0192719162
0.000142,0.000142,0.8653714112,0.856717697,2.8197879494
0.000142,0.000142,0.8653714112,0.856717697,3.9376589236
0.000142,0.000142,0.8653714112,0.856717697,5.498696383
0.000142,0.000142,0.8653714112,0.856717697,7.6785883437
0.000142,0.000142,0.8653714112,0.856717697,10.7226722201
0.000142,0.000142,0.8653714112,0.856717697,14.9735464897
0.000142,0.000142,0.8653714112,0.856717697,20.9096286705
0.000142,0.000142,0.8653714112,0.856717697,29.1989991443
0.000142,0.000142,0.8653714112,0.856717697,40.7745907144
0.000142,0.000142,0.8653714112,0.856717697,56.9391861586
0.000142,0.000142,0.8653714112,0.856717697,79.5120407981
0.000142,0.000142,0.8653714112,0.856717697,111.0336318168
0.000142,0.000142,0.8653714112,0.856717697,155.0515779833
0.000142,0.000142,0.8653714112,0.856717697,216.5199088036
0.000142,0.000142,0.8653714112,0.856717697,302.3566191205
0.000142,0.000142,0.8653714112,0.856717697,422.2222595195
0.000142,0.000142,0.8653714112,0.856717697,589.6071895242
0.000142,0.000142,0.8653714112,0.856717697,823.3498592289
0.000142,0.000142,0.8653714112,0.856717697,1149.7569953977
0.000142,0.000142,0.8653714112,0.856717697,1605.5643098112
0.000142,0.000142,0.8653714112,0.856717697,2242.0709447806
0.000142,0.000142,0.8653714112,0.856717697,3130.912969796
0.000142,0.000142,0.8653714112,0.856717697,4372.1257113904
0.000142,0.000142,0.8653714112,0.856717697,6105.4022965853
0.000142,0.000142,0.9639681186,0.1445952178,0.1
0.000142,0.000142,0.9639681186,0.1445952178,0.1396437957
0.000142,0.000142,0.9639681186,0.1445952178,0.1950038968
0.000142,0.000142,0.9639681186,0.1445952178,0.2723108433
0.000142,0.000142,0.9639681186,0.1445952178,0.3802651977
0.000142,0.000142,0.9639681186,0.1445952178,0.5310167558
0.000142,0.000142,0.9639681186,0.1445952178,0.7415319537
0.000142,0.000142,0.9639681186,0.1445952178,1.0355033665
0.000142,0.000142,0.9639681186,0.1445952178,1.4460162057
0.000142,0.000142,0.9639681186,0.1445952178,2.0192719162
0.000142,0.000142,0.9639681186,0.1445952178,2.8197879494
0.000142,0.000142,0.9639681186,0.1445952178,3.9376589236
0.000142,0.000142,0.9639681186,0.1445952178,5.498696383
0.000142,0.000142,0.9639681186,0.1445952178,7.6785883437
0.000142,0.000142,0.9639681186,0.1445952178,10.7226722201
0.000142,0.000142,0.9639681186,0.1445952178,14.9735464897
0.000142,0.000142,0.9639681186,0.1445952178,20.9096286705
0.000142,0.000142,0.9639681186,0.1445952178,29.1989991443
0.000142,0.000142,0.9639681186,0.1445952178,40.7745907144
0.000142,0.000142,0.9639681186,0.1445952178,56.9391861586
0.000142,0.000142,0.9639681186,0.1445952178,79.5120407981
0.000142,0.000142,0.9639681186,0.1445952178,111.0336318168
0.000142,0.000142,0.9639681186,0.1445952178,155.0515779833
0.000142,0.000142,0.9639681186,0.1445952178,216.5199088036
0.000142,0.000142,0.9639681186,0.1445952178,302.3566191205
0.000142,0.000142,0.9639681186,0.1445952178,422.2222595195
0.000142,0.000142,0.9639681186,0.1445952178,589.6071895242
0.000142,0.000142,0.9639681186,0.1445952178,823.3498592289
0.000142,0.000142,0.9639681186,0.1445952178,1149.7569953977
0.000142,0.000142,0.9639681186,0.1445952178,1605.5643098112
0.000142,0.000142,0.9639681186,0.1445952178,2242.0709447806
0.000142,0.000142,0.9639681186,0.1445952178,3130.912969796
0.000142,0.000142,0.9639681186,0.1445952178,4372.1257113904
0.000142,0.000142,0.9639681186,0.1445952178,6105.4022965853
0.000142,0.000142,0.9639681186,0.1927936237,0.1
0.000142,0.000142,0.9639681186,0.1927936237,0.1396437957
0.000142,0.000142,0.9639681186,0.1927936237,0.1950038968
0.000142,0.000142,0.9639681186,0.1927936237,0.2723108433
0.000142,0.000142,0.9639681186,0.1927936237,0.3802651977
0.000142,0.000142,0.9639681186,0.1927936237,0.5310167558
0.000142,0.000142,0.9639681186,0.1927936237,0.7415319537
0.000142,0.000142,0.9639681186,0.1927936237,1.0355033665
0.000142,0.000142,0.9639681186,0.1927936237,1.4460162057
0.000142,0.000142,0.9639681186,0.1927936237,2.0192719162
0.000142,0.000142,0.9639681186,0.1927936237,2.8197879494
0.000142,0.000142,0.9639681186,0.1927936237,3.9376589236
0.000142,0.000142,0.9639681186,0.1927936237,5.498696383
0.000142,0.000142,0.9639681186,0.1927936237,7.6785883437
0.000142,0.000142,0.9639681186,0.1927936237,10.7226722201
0.000142,0.000142,0.9639681186,0.1927936237,14.9735464897
0.000142,0.000142,0.9639681186,0.1927936237,20.9096286705
0.000142,0.000142,0.9639681186,0.1927936237,29.1989991443
0.000142,0.000142,0.9639681186,0.1927936237,40.7745907144
0.000142,0.000142,0.9639681186,0.1927936237,56.9391861586
0.000142,0.000142,0.9639681186,0.1927936237,79.5120407981
0.000142,0.000142,0.9639681186,0.1927936237,111.0336318168
0.000142,0.000142,0.9639681186,0.1927936237,155.0515779833
0.000142,0.000142,0.9639681186,0.1927936237,216.5199088036
0.000142,0.000142,0.9639681186,0.1927936237,302.3566191205
0.000142,0.000142,0.9639681186,0.1927936237,422.2222595195
0.000142,0.000142,0.9639681186,0.1927936237,589.6071895242
0.000142,0.000142,0.9639681186,0.1927936237,823.3498592289
0.000142,0.000142,0.9639681186,0.1927936237,1149.7569953977
0.000142,0.000142,0.9639681186,0.1927936237,1605.5643098112
0.000142,0.000142,0.9639681186,0.1927936237,2242.0709447806
0.000142,0.000142,0.9639681186,0.1927936237,3130.912969796
0.000142,0.000142,0.9639681186,0.1927936237,4372.1257113904
0.000142,0.000142,0.9639681186,0.1927936237,6105.4022965853
0.000142,0.000142,0.9639681186,0.2409920297,0.1
0.000142,0.000142,0.9639681186,0.2409920297,0.1396437957
0.000142,0.000142,0.9639681186,0.2409920297,0.1950038968
0.000142,0.000142,0.9639681186,0.2409920297,0.2723108433
0.000142,0.000142,0.9639681186,0.2409920297,0.3802651977
0.000142,0.000142,0.9639681186,0.2409920297,0.5310167558
0.000142,0.000142,0.9639681186,0.2409920297,0.7415319537
0.000142,0.000142,0.9639681186,0.2409920297,1.0355033665
0.000142,0.000142,0.9639681186,0.2409920297,1.4460162057
0.000142,0.000142,0.9639681186,0.2409920297,2.0192719162
0.000142,0.000142,0.9639681186,0.2409920297,2.8197879494
0.000142,0.000142,0.9639681186,0.2409920297,3.9376589236
0.000142,0.000142,0.9639681186,0.2409920297,5.498696383
0.000142,0.000142,0.9639681186,0.2409920297,7.6785883437
0.000142,0.000142,0.9639681186,0.2409920297,10.7226722201
0.000142,0.000142,0.9639681186,0.2409920297,14.9735464897
0.000142,0.000142,0.9639681186,0.2409920297,20.9096286705
0.000142,0.000142,0.9639681186,0.2409920297,29.1989991443
0.000142,0.000142,0.9639681186,0.2409920297,40.7745907144
0.000142,0.000142,0.9639681186,0.2409920297,56.9391861586
0.000142,0.000142,0.9639681186,0.2409920297,79.5120407981
0.000142,0.000142,0.9639681186,0.2409920297,111.0336318168
0.000142,0.000142,0.9639681186,0.2409920297,155.0515779833
0.000142,0.000142,0.9639681186,0.2409920297,216.5199088036
0.000142,0.000142,0.9639681186,0.2409920297,302.3566191205
0.000142,0.000142,0.9639681186,0.2409920297,422.2222595195
0.000142,0.000142,0.9639681186,0.2409920297,589.6071895242
0.000142,0.000142,0.9639681186,0.2409920297,823.3498592289
0.000142,0.000142,0.9639681186,0.2409920297,1149.7569953977
0.000142,0.000142,0.9639681186,0.2409920297,1605.5643098112
0.000142,0.000142,0.9639681186,0.2409920297,2242.0709447806
0.000142,0.000142,0.9639681186,0.2409920297,3130.912969796
0.000142,0.000142,0.9639681186,0.2409920297,4372.1257113904
0.000142,0.000142,0.9639681186,0.2409920297,6105.4022965853
0.000142,0.000142,0.9639681186,0.2891904356,0.1
0.000142,0.000142,0.9639681186,0.2891904356,0.1396437957
0.000142,0.000142,0.9639681186,0.2891904356,0.1950038968
0.000142,0.000142,0.9639681186,0.2891904356,0.2723108433
0.000142,0.000142,0.9639681186,0.2891904356,0.3802651977
0.000142,0.000142,0.9639681186,0.2891904356,0.5310167558
0.000142,0.000142,0.9639681186,0.2891904356,0.7415319537
0.000142,0.000142,0.9639681186,0.2891904356,1.0355033665
0.000142,0.000142,0.9639681186,0.2891904356,1.4460162057
0.000142,0.000142,0.9639681186,0.2891904356,2.0192719162
0.000142,0.000142,0.9639681186,0.2891904356,2.8197879494
0.000142,0.000142,0.9639681186,0.2891904356,3.9376589236
0.000142,0.000142,0.9639681186,0.2891904356,5.498696383
0.000142,0.000142,0.9639681186,0.2891904356,7.6785883437
0.000142,0.000142,0.9639681186,0.2891904356,10.7226722201
0.000142,0.000142,0.9639681186,0.2891904356,14.9735464897
0.000142,0.000142,0.9639681186,0.2891904356,20.9096286705
0.000142,0.000142,0.9639681186,0.2891904356,29.1989991443
0.000142,0.000142,0.9639681186,0.2891904356,40.7745907144
0.000142,0.000142,0.9639681186,0.2891904356,56.9391861586
0.000142,0.000142,0.9639681186,0.2891904356,79.5120407981
0.000142,0.000142,0.9639681186,0.2891904356,111.0336318168
0.000142,0.000142,0.9639681186,0.2891904356,155.0515779833
0.000142,0.000142,0.9639681186,0.2891904356,216.5199088036
0.000142,0.000142,0.9639681186,0.2891904356,302.3566191205
0.000142,0.000142,0.9639681186,0.2891904356,422.2222595195
0.000142,0.000142,0.9639681186,0.2891904356,589.6071895242
0.000142,0.000142,0.9639681186,0.2891904356,823.3498592289
0.000142,0.000142,0.9639681186,0.2891904356,1149.7569953977
0.000142,0.000142,0.9639681186,0.2891904356,1605.5643098112
0.000142,0.000142,0.9639681186,0.2891904356,2242.0709447806
0.000142,0.000142,0.9639681186,0.2891904356,3130.912969796
0.000142,0.000142,0.9639681186,0.2891904356,4372.1257113904
0.000142,0.000142,0.9639681186,0.2891904356,6105.4022965853
0.000142,0.000142,0.9639681186,0.3373888415,0.1
0.000142,0.000142,0.9639681186,0.3373888415,0.1396437957
0.000142,0.000142,0.9639681186,0.3373888415,0.1950038968
0.000142,0.000142,0.9639681186,0.3373888415,0.2723108433
0.000142,0.000142,0.9639681186,0.3373888415,0.3802651977
0.000142,0.000142,0.9639681186,0.3373888415,0.5310167558
0.000142,0.000142,0.9639681186,0.3373888415,0.7415319537
0.000142,0.000142,0.9639681186,0.3373888415,1.0355033665
0.000142,0.000142,0.9639681186,0.3373888415,1.4460162057
0.000142,0.000142,0.9639681186,0.3373888415,2.0192719162
0.000142,0.000142,0.9639681186,0.3373888415,2.8197879494
0.000142,0.000142,0.9639681186,0.3373888415,3.9376589236
0.000142,0.000142,0.9639681186,0.3373888415,5.498696383
0.000142,0.000142,0.9639681186,0.3373888415,7.6785883437
0.000142,0.000142,0.9639681186,0.3373888415,10.7226722201
0.000142,0.000142,0.9639681186,0.3373888415,14.9735464897
0.000142,0.000142,0.9639681186,0.3373888415,20.9096286705
0.000142,0.000142,0.9639681186,0.3373888415,29.1989991443
0.000142,0.000142,0.9639681186,0.3373888415,40.7745907144
0.000142,0.000142,0.9639681186,0.3373888415,56.9391861586
0.000142,0.000142,0.9639681186,0.3373888415,79.5120407981
0.000142,0.000142,0.9639681186,0.3373888415,111.0336318168
0.000142,0.000142,0.9639681186,0.3373888415,155.0515779833
0.000142,0.000142,0.9639681186,0.3373888415,216.5199088036
0.000142,0.000142,0.9639681186,0.3373888415,302.3566191205
0.000142,0.000142,0.9639681186,0.3373888415,422.2222595195
0.000142,0.000142,0.9639681186,0.3373888415,589.6071895242
0.000142,0.000142,0.9639681186,0.3373888415,823.3498592289
0.000142,0.000142,0.9639681186,0.3373888415,1149.7569953977
0.000142,0.000142,0.9639681186,0.3373888415,1605.5643098112
0.000142,0.000142,0.9639681186,0.3373888415,2242.0709447806
0.000142,0.000142,0.9639681186,0.3373888415,3130.912969796
0.000142,0.000142,0.9639681186,0.3373888415,4372.1257113904
0.000142,0.000142,0.9639681186,0.3373888415,6105.4022965853
0.000142,0.000142,0.9639681186,0.3855872475,0.1
0.000142,0.000142,0.9639681186,0.3855872475,0.1396437957
0.000142,0.000142,0.9639681186,0.3855872475,0.1950038968
0.000142,0.000142,0.9639681186,0.3855872475,0.2723108433
0.000142,0.000142,0.9639681186,0.3855872475,0.3802651977
0.000142,0.000142,0.9639681186,0.3855872475,0.5310167558
0.000142,0.000142,0.9639681186,0.3855872475,0.7415319537
0.000142,0.000142,0.9639681186,0.3855872475,1.0355033665
0.000142,0.000142,0.9639681186,0.3855872475,1.4460162057
0.000142,0.000142,0.9639681186,0.3855872475,2.0192719162
0.000142,0.000142,0.9639681186,0.3855872475,2.8197879494
0.000142,0.000142,0.9639681186,0.3855872475,3.9376589236
0.000142,0.000142,0.9639681186,0.3855872475,5.498696383
0.000142,0.000142,0.9639681186,0.3855872475,7.6785883437
0.000142,0.000142,0.9639681186,0.3855872475,10.7226722201
0.000142,0.000142,0.9639681186,0.3855872475,14.9735464897
0.000142,0.000142,0.9639681186,0.3855872475,20.9096286705
0.000142,0.000142,0.9639681186,0.3855872475,29.1989991443
0.000142,0.000142,0.9639681186,0.3855872475,40.7745907144
0.000142,0.000142,0.9639681186,0.3855872475,56.9391861586
0.000142,0.000142,0.9639681186,0.3855872475,79.5120407981
0.000142,0.000142,0.9639681186,0.3855872475,111.0336318168
0.000142,0.000142,0.9639681186,0.3855872475,155.0515779833
0.000142,0.000142,0.9639681186,0.3855872475,216.5199088036
0.000142,0.000142,0.9639681186,0.3855872475,302.3566191205
0.000142,0.000142,0.9639681186,0.3855872475,422.2222595195
0.000142,0.000142,0.9639681186,0.3855872475,589.6071895242
0.000142,0.000142,0.9639681186,0.3855872475,823.3498592289
0.000142,0.000142,0.9639681186,0.3855872475,1149.7569953977
0.000142,0.000142,0.9639681186,0.3855872475,1605.5643098112
0.000142,0.000142,0.9639681186,0.3855872475,2242.0709447806
0.000142,0.000142,0.9639681186,0.3855872475,3130.912969796
0.000142,0.000142,0.9639681186,0.3855872475,4372.1257113904
0.000142,0.000142,0.9639681186,0.3855872475,6105.4022965853
0.000142,0.000142,0.9639681186,0.4337856534,0.1
0.000142,0.000142,0.9639681186,0.4337856534,0.1396437957
0.000142,0.000142,0.9639681186,0.4337856534,0.1950038968
0.000142,0.000142,0.9639681186,0.4337856534,0.2723108433
0.000142,0.000142,0.9639681186,0.4337856534,0.3802651977
0.000142,0.000142,0.9639681186,0.4337856534,0.5310167558
0.000142,0.000142,0.9639681186,0.4337856534,0.7415319537
0.000142,0.000142,0.9639681186,0.4337856534,1.0355033665
0.000142,0.000142,0.9639681186,0.4337856534,1.4460162057
0.000142,0.000142,0.9639681186,0.4337856534,2.0192719162
0.000142,0.000142,0.9639681186,0.4337856534,2.8197879494
0.000142,0.000142,0.9639681186,0.4337856534,3.9376589236
0.000142,0.000142,0.9639681186,0.4337856534,5.498696383
0.000142,0.000142,0.9639681186,0.4337856534,7.6785883437
0.000142,0.000142,0.9639681186,0.4337856534,10.7226722201
0.000142,0.000142,0.9639681186,0.4337856534,14.9735464897
0.000142,0.000142,0.9639681186,0.4337856534,20.9096286705
0.000142,0.000142,0.9639681186,0.4337856534,29.1989991443
0.000142,0.000142,0.9639681186,0.4337856534,40.7745907144
0.000142,0.000142,0.9639681186,0.4337856534,56.9391861586
0.000142,0.000142,0.9639681186,0.4337856534,79.5120407981
0.000142,0.000142,0.9639681186,0.4337856534,111.0336318168
0.000142,0.000142,0.9639681186,0.4337856534,155.0515779833
0.000142,0.000142,0.9639681186,0.4337856534,216.5199088036
0.000142,0.000142,0.9639681186,0.4337856534,302.3566191205
0.000142,0.000142,0.9639681186,0.4337856534,422.2222595195
0.000142,0.000142,0.9639681186,0.4337856534,589.6071895242
0.000142,0.000142,0.9639681186,0.4337856534,823.3498592289
0.000142,0.000142,0.9639681186,0.4337856534,1149.7569953977
0.000142,0.000142,0.9639681186,0.4337856534,1605.5643098112
0.000142,0.000142,0.9639681186,0.4337856534,2242.0709447806
0.000142,0.000142,0.9639681186,0.4337856534,3130.912969796
0.000142,0.000142,0.9639681186,0.4337856534,4372.1257113904
0.000142,0.000142,0.9639681186,0.4337856534,6105.4022965853
0.000142,0.000142,0.9639681186,0.4819840593,0.1
0.000142,0.000142,0.9639681186,0.4819840593,0.1396437957
0.000142,0.000142,0.9639681186,0.4819840593,0.1950038968
0.000142,0.000142,0.9639681186,0.4819840593,0.2723108433
0.000142,0.000142,0.9639681186,0.4819840593,0.3802651977
0.000142,0.000142,0.9639681186,0.4819840593,0.5310167558
0.000142,0.000142,0.9639681186,0.4819840593,0.7415319537
0.000142,0.000142,0.9639681186,0.4819840593,1.0355033665
0.000142,0.000142,0.9639681186,0.4819840593,1.4460162057
0.000142,0.000142,0.9639681186,0.4819840593,2.0192719162
0.000142,0.000142,0.9639681186,0.4819840593,2.8197879494
0.000142,0.000142,0.9639681186,0.4819840593,3.9376589236
0.000142,0.000142,0.9639681186,0.4819840593,5.498696383
0.000142,0.000142,0.9639681186,0.4819840593,7.6785883437
0.000142,0.000142,0.9639681186,0.4819840593,10.7226722201
0.000142,0.000142,0.9639681186,0.4819840593,14.9735464897
0.000142,0.000142,0.9639681186,0.4819840593,20.9096286705
0.000142,0.000142,0.9639681186,0.4819840593,29.1989991443
0.000142,0.000142,0.9639681186,0.4819840593,40.7745907144
0.000142,0.000142,0.9639681186,0.4819840593,56.9391861586
0.000142,0.000142,0.9639681186,0.4819840593,79.5120407981
0.000142,0.000142,0.9639681186,0.4819840593,111.0336318168
0.000142,0.000142,0.9639681186,0.4819840593,155.0515779833
0.000142,0.000142,0.9639681186,0.4819840593,216.5199088036
0.000142,0.000142,0.9639681186,0.4819840593,302.3566191205
0.000142,0.000142,0.9639681186,0.4819840593,422.2222595195
0.000142,0.000142,0.9639681186,0.4819840593,589.6071895242
0.000142,0.000142,0.9639681186,0.4819840593,823.3498592289
0.000142,0.000142,0.9639681186,0.4819840593,1149.7569953977
0.000142,0.000142,0.9639681186,0.4819840593,1605.5643098112
0.000142,0.000142,0.9639681186,0.4819840593,2242.0709447806
0.000142,0.000142,0.9639681186,0.4819840593,3130.912969796
0.000142,0.000142,0.9639681186,0.4819840593,4372.1257113904
0.000142,0.000142,0.9639681186,0.4819840593,6105.4022965853
0.000142,0.000142,0.9639681186,0.5301824653,0.1
0.000142,0.000142,0.9639681186,0.5301824653,0.1396437957
0.000142,0.000142,0.9639681186,0.5301824653,0.1950038968
0.000142,0.000142,0.9639681186,0.5301824653,0.2723108433
0.000142,0.000142,0.9639681186,0.5301824653,0.3802651977
0.000142,0.000142,0.9639681186,0.5301824653,0.5310167558
0.000142,0.000142,0.9639681186,0.5301824653,0.7415319537
0.000142,0.000142,0.9639681186,0.5301824653,1.0355033665
0.000142,0.000142,0.9639681186,0.5301824653,1.4460162057
0.000142,0.000142,0.9639681186,0.5301824653,2.0192719162
0.000142,0.000142,0.9639681186,0.5301824653,2.8197879494
0.000142,0.000142,0.9639681186,0.5301824653,3.9376589236
0.000142,0.000142,0.9639681186,0.5301824653,5.498696383
0.000142,0.000142,0.9639681186,0.5301824653,7.6785883437
0.000142,0.000142,0.9639681186,0.5301824653,10.7226722201
0.000142,0.000142,0.9639681186,0.5301824653,14.9735464897
0.000142,0.000142,0.9639681186,0.5301824653,20.9096286705
0.000142,0.000142,0.9639681186,0.5301824653,29.1989991443
0.000142,0.000142,0.9639681186,0.5301824653,40.7745907144
0.000142,0.000142,0.9639681186,0.5301824653,56.9391861586
0.000142,0.000142,0.9639681186,0.5301824653,79.5120407981
0.000142,0.000142,0.9639681186,0.5301824653,111.0336318168
0.000142,0.000142,0.9639681186,0.5301824653,155.0515779833
0.000142,0.000142,0.9639681186,0.5301824653,216.5199088036
0.000142,0.000142,0.9639681186,0.5301824653,302.3566191205
0.000142,0.000142,0.9639681186,0.5301824653,422.2222595195
0.000142,0.000142,0.9639681186,0.5301824653,589.6071895242
0.000142,0.000142,0.9639681186,0.5301824653,823.3498592289
0.000142,0.000142,0.9639681186,0.5301824653,1149.7569953977
0.000142,0.000142,0.9639681186,0.5301824653,1605.5643098112
0.000142,0.000142,0.9639681186,0.5301824653,2242.0709447806
0.000142,0.000142,0.9639681186,0.5301824653,3130.912969796
0.000142,0.000142,0.9639681186,0.5301824653,4372.1257113904
0.000142,0.000142,0.9639681186,0.5301824653,6105.4022965853
0.000142,0.000142,0.9639681186,0.5783808712,0.1
0.000142,0.000142,0.9639681186,0.5783808712,0.1396437957
0.000142,0.000142,0.9639681186,0.5783808712,0.1950038968
0.000142,0.000142,0.9639681186,0.5783808712,0.2723108433
0.000142,0.000142,0.9639681186,0.5783808712,0.3802651977
0.000142,0.000142,0.9639681186,0.5783808712,0.5310167558
0.000142,0.000142,0.9639681186,0.5783808712,0.7415319537
0.000142,0.000142,0.9639681186,0.5783808712,1.0355033665
0.000142,0.000142,0.9639681186,0.5783808712,1.4460162057
0.000142,0.000142,0.9639681186,0.5783808712,2.0192719162
0.000142,0.000142,0.9639681186,0.5783808712,2.8197879494
0.000142,0.000142,0.9639681186,0.5783808712,3.9376589236
0.000142,0.000142,0.9639681186,0.5783808712,5.498696383
0.000142,0.000142,0.9639681186,0.5783808712,7.6785883437
0.000142,0.000142,0.9639681186,0.5783808712,10.7226722201
0.000142,0.000142,0.9639681186,0.5783808712,14.9735464897
0.000142,0.000142,0.9639681186,0.5783808712,20.9096286705
0.000142,0.000142,0.9639681186,0.5783808712,29.1989991443
0.000142,0.000142,0.9639681186,0.5783808712,40.7745907144
0.000142,0.000142,0.9639681186,0.5783808712,56.9391861586
0.000142,0.000142,0.9639681186,0.5783808712,79.5120407981
0.000142,0.000142,0.9639681186,0.5783808712,111.0336318168
0.000142,0.000142,0.9639681186,0.5783808712,155.0515779833
0.000142,0.000142,0.9639681186,0.5783808712,216.5199088036
0.000142,0.000142,0.9639681186,0.5783808712,302.3566191205
0.000142,0.000142,0.9639681186,0.5783808712,422.2222595195
0.000142,0.000142,0.9639681186,0.5783808712,589.6071895242
0.000142,0.000142,0.9639681186,0.5783808712,823.3498592289
0.000142,0.000142,0.9639681186,0.5783808712,1149.7569953977
0.000142,0.000142,0.9639681186,0.5783808712,1605.5643098112
0.000142,0.000142,0.9639681186,0.5783808712,2242.0709447806
0.000142,0.000142,0.9639681186,0.5783808712,3130.912969796
0.000142,0.000142,0.9639681186,0.5783808712,4372.1257113904
0.000142,0.000142,0.9639681186,0.5783808712,6105.4022965853
0.000142,0.000142,0.9639681186,0.6265792771,0.1
0.000142,0.000142,0.9639681186,0.6265792771,0.1396437957
0.000142,0.000142,0.9639681186,0.6265792771,0.1950038968
0.000142,0.000142,0.9639681186,0.6265792771,0.2723108433
0.000142,0.000142,0.9639681186,0.6265792771,0.3802651977
0.000142,0.000142,0.9639681186,0.6265792771,0.5310167558
0.000142,0.000142,0.9639681186,0.6265792771,0.7415319537
0.000142,0.000142,0.9639681186,0.6265792771,1.0355033665
0.000142,0.000142,0.9639681186,0.6265792771,1.4460162057
0.000142,0.000142,0.9639681186,0.6265792771,2.0192719162
0.000142,0.000142,0.9639681186,0.6265792771,2.8197879494
0.000142,0.000142,0.9639681186,0.6265792771,3.9376589236
0.000142,0.000142,0.9639681186,0.6265792771,5.498696383
0.000142,0.000142,0.9639681186,0.6265792771,7.6785883437
0.000142,0.000142,0.9639681186,0.6265792771,10.7226722201
0.000142,0.000142,0.9639681186,0.6265792771,14.9735464897
0.000142,0.000142,0.9639681186,0.6265792771,20.9096286705
0.000142,0.000142,0.9639681186,0.6265792771,29.1989991443
0.000142,0.000142,0.9639681186,0.6265792771,40.7745907144
0.000142,0.000142,0.9639681186,0.6265792771,56.9391861586
0.000142,0.000142,0.9639681186,0.6265792771,79.5120407981
0.000142,0.000142,0.9639681186,0.6265792771,111.0336318168
0.000142,0.000142,0.9639681186,0.6265792771,155.0515779833
0.000142,0.000142,0.9639681186,0.6265792771,216.5199088036
0.000142,0.000142,0.9639681186,0.6265792771,302.3566191205
0.000142,0.000142,0.9639681186,0.6265792771,422.2222595195
0.000142,0.000142,0.9639681186,0.6265792771,589.6071895242
0.000142,0.000142,0.9639681186,0.6265792771,823.3498592289
0.000142,0.000142,0.9639681186,0.6265792771,1149.7569953977
0.000142,0.000142,0.9639681186,0.6265792771,1605.5643098112
0.000142,0.000142,0.9639681186,0.6265792771,2242.0709447806
0.000142,0.000142,0.9639681186,0.6265792771,3130.912969796
0.000142,0.000142,0.9639681186,0.6265792771,4372.1257113904
0.000142,0.000142,0.9639681186,0.6265792771,6105.4022965853
0.000142,0.000142,0.9639681186,0.6747776831,0.1
0.000142,0.000142,0.9639681186,0.6747776831,0.1396437957
0.000142,0.000142,0.9639681186,0.6747776831,0.1950038968
0.000142,0.000142,0.9639681186,0.6747776831,0.2723108433
0.000142,0.000142,0.9639681186,0.6747776831,0.3802651977
0.000142,0.000142,0.9639681186,0.6747776831,0.5310167558
0.000142,0.000142,0.9639681186,0.6747776831,0.7415319537
0.000142,0.000142,0.9639681186,0.6747776831,1.0355033665
0.000142,0.000142,0.9639681186,0.6747776831,1.4460162057
0.000142,0.000142,0.9639681186,0.6747776831,2.0192719162
0.000142,0.000142,0.9639681186,0.6747776831,2.8197879494
0.000142,0.000142,0.9639681186,0.6747776831,3.9376589236
0.000142,0.000142,0.9639681186,0.6747776831,5.498696383
0.000142,0.000142,0.9639681186,0.6747776831,7.6785883437
0.000142,0.000142,0.9639681186,0.6747776831,10.7226722201
0.000142,0.000142,0.9639681186,0.6747776831,14.9735464897
0.000142,0.000142,0.9639681186,0.6747776831,20.9096286705
0.000142,0.000142,0.9639681186,0.6747776831,29.1989991443
0.000142,0.000142,0.9639681186,0.6747776831,40.7745907144
0.000142,0.000142,0.9639681186,0.6747776831,56.9391861586
0.000142,0.000142,0.9639681186,0.6747776831,79.5120407981
0.000142,0.000142,0.9639681186,0.6747776831,111.0336318168
0.000142,0.000142,0.9639681186,0.6747776831,155.0515779833
0.000142,0.000142,0.9639681186,0.6747776831,216.5199088036
0.000142,0.000142,0.9639681186,0.6747776831,302.3566191205
0.000142,0.000142,0.9639681186,0.6747776831,422.2222595195
0.000142,0.000142,0.9639681186,0.6747776831,589.6071895242
0.000142,0.000142,0.9639681186,0.6747776831,823.3498592289
0.000142,0.000142,0.9639681186,0.6747776831,1149.7569953977
0.000142,0.000142,0.9639681186,0.6747776831,1605.5643098112
0.000142,0.000142,0.9639681186,0.6747776831,2242.0709447806
0.000142,0.000142,0.9639681186,0.6747776831,3130.912969796
0.000142,0.000142,0.9639681186,0.6747776831,4372.1257113904
0.000142,0.000142,0.9639681186,0.6747776831,6105.4022965853
0.000142,0.000142,0.9639681186,0.722976089,0.1
0.000142,0.000142,0.9639681186,0.722976089,0.1396437957
0.000142,0.000142,0.9639681186,0.722976089,0.1950038968
0.000142,0.000142,0.9639681186,0.722976089,0.2723108433
0.000142,0.000142,0.9639681186,0.722976089,0.3802651977
0.000142,0.000142,0.9639681186,0.722976089,0.5310167558
0.000142,0.000142,0.9639681186,0.722976089,0.7415319537
0.000142,0.000142,0.9639681186,0.722976089,1.0355033665
0.000142,0.000142,0.9639681186,0.722976089,1.4460162057
0.000142,0.000142,0.9639681186,0.722976089,2.0192719162
0.000142,0.000142,0.9639681186,0.722976089,2.8197879494
0.000142,0.000142,0.9639681186,0.722976089,3.9376589236
0.000142,0.000142,0.9639681186,0.722976089,5.498696383
0.000142,0.000142,0.9639681186,0.722976089,7.6785883437
0.000142,0.000142,0.9639681186,0.722976089,10.7226722201
0.000142,0.000142,0.9639681186,0.722976089,14.9735464897
0.000142,0.000142,0.9639681186,0.722976089,20.9096286705
0.000142,0.000142,0.9639681186,0.722976089,29.1989991443
0.000142,0.000142,0.9639681186,0.722976089,40.7745907144
0.000142,0.000142,0.9639681186,0.722976089,56.9391861586
0.000142,0.000142,0.9639681186,0.722976089,79.5120407981
0.000142,0.000142,0.9639681186,0.722976089,111.0336318168
0.000142,0.000142,0.9639681186,0.722976089,155.0515779833
0.000142,0.000142,0.9639681186,0.722976089,216.5199088036
0.000142,0.000142,0.9639681186,0.722976089,302.3566191205
0.000142,0.000142,0.9639681186,0.722976089,422.2222595195
0.000142,0.000142,0.9639681186,0.722976089,589.6071895242
0.000142,0.000142,0.9639681186,0.722976089,823.3498592289
0.000142,0.000142,0.9639681186,0.722976089,1149.7569953977
0.000142,0.000142,0.9639681186,0.722976089,1605.5643098112
0.000142,0.000142,0.9639681186,0.722976089,2242.0709447806
0.000142,0.000142,0.9639681186,0.722976089,3130.912969796
0.000142,0.000142,0.9639681186,0.722976089,4372.1257113904
0.000142,0.000142,0.9639681186,0.722976089,6105.4022965853
0.000142,0.000142,0.9639681186,0.7711744949,0.1
0.000142,0.000142,0.9639681186,0.7711744949,0.1396437957
0.000142,0.000142,0.9639681186,0.7711744949,0.1950038968
0.000142,0.000142,0.9639681186,0.7711744949,0.2723108433
0.000142,0.000142,0.9639681186,0.7711744949,0.3802651977
0.000142,0.000142,0.9639681186,0.7711744949,0.5310167558
0.000142,0.000142,0.9639681186,0.7711744949,0.7415319537
0.000142,0.000142,0.9639681186,0.7711744949,1.0355033665
0.000142,0.000142,0.9639681186,0.7711744949,1.4460162057
0.000142,0.000142,0.9639681186,0.7711744949,2.0192719162
0.000142,0.000142,0.9639681186,0.7711744949,2.8197879494
0.000142,0.000142,0.9639681186,0.7711744949,3.9376589236
0.000142,0.000142,0.9639681186,0.7711744949,5.498696383
0.000142,0.000142,0.9639681186,0.7711744949,7.6785883437
0.000142,0.000142,0.9639681186,0.7711744949,10.7226722201
0.000142,0.000142,0.9639681186,0.7711744949,14.9735464897
0.000142,0.000142,0.9639681186,0.7711744949,20.9096286705
0.000142,0.000142,0.9639681186,0.7711744949,29.1989991443
0.000142,0.000142,0.9639681186,0.7711744949,40.7745907144
0.000142,0.000142,0.9639681186,0.7711744949,56.9391861586
0.000142,0.000142,0.9639681186,0.7711744949,79.5120407981
0.000142,0.000142,0.9639681186,0.7711744949,111.0336318168
0.000142,0.000142,0.9639681186,0.7711744949,155.0515779833
0.000142,0.000142,0.9639681186,0.7711744949,216.5199088036
0.000142,0.000142,0.9639681186,0.7711744949,302.3566191205
0.000142,0.000142,0.9639681186,0.7711744949,422.2222595195
0.000142,0.000142,0.9639681186,0.7711744949,589.6071895242
0.000142,0.000142,0.9639681186,0.7711744949,823.3498592289
0.000142,0.000142,0.9639681186,0.7711744949,1149.7569953977
0.000142,0.000142,0.9639681186,0.7711744949,1605.5643098112
0.000142,0.000142,0.9639681186,0.7711744949,2242.0709447806
0.000142,0.000142,0.9639681186,0.7711744949,3130.912969796
0.000142,0.000142,0.9639681186,0.7711744949,4372.1257113904
0.000142,0.000142,0.9639681186,0.7711744949,6105.4022965853
0.000142,0.000142,0.9639681186,0.8193729009,0.1
0.000142,0.000142,0.9639681186,0.8193729009,0.1396437957
0.000142,0.000142,0.9639681186,0.8193729009,0.1950038968
0.000142,0.000142,0.9639681186,0.8193729009,0.2723108433
0.000142,0.000142,0.9639681186,0.8193729009,0.3802651977
0.000142,0.000142,0.9639681186,0.8193729009,0.5310167558
0.000142,0.000142,0.9639681186,0.8193729009,0.7415319537
0.000142,0.000142,0.9639681186,0.8193729009,1.0355033665
0.000142,0.000142,0.9639681186,0.8193729009,1.4460162057
0.000142,0.000142,0.9639681186,0.8193729009,2.0192719162
0.000142,0.000142,0.9639681186,0.8193729009,2.8197879494
0.000142,0.000142,0.9639681186,0.8193729009,3.9376589236
0.000142,0.000142,0.9639681186,0.8193729009,5.498696383
0.000142,0.000142,0.9639681186,0.8193729009,7.6785883437
0.000142,0.000142,0.9639681186,0.8193729009,10.7226722201
0.000142,0.000142,0.9639681186,0.8193729009,14.9735464897
0.000142,0.000142,0.9639681186,0.8193729009,20.9096286705
0.000142,0.000142,0.9639681186,0.8193729009,29.1989991443
0.000142,0.000142,0.9639681186,0.8193729009,40.7745907144
0.000142,0.000142,0.9639681186,0.8193729009,56.9391861586
0.000142,0.000142,0.9639681186,0.8193729009,79.5120407981
0.000142,0.000142,0.9639681186,0.8193729009,111.0336318168
0.000142,0.000142,0.9639681186,0.8193729009,155.0515779833
0.000142,0.000142,0.9639681186,0.8193729009,216.5199088036
0.000142,0.000142,0.9639681186,0.8193729009,302.3566191205
0.000142,0.000142,0.9639681186,0.8193729009,422.2222595195
0.000142,0.000142,0.9639681186,0.8193729009,589.6071895242
0.000142,0.000142,0.9639681186,0.8193729009,823.3498592289
0.000142,0.000142,0.9639681186,0.8193729009,1149.7569953977
0.000142,0.000142,0.9639681186,0.8193729009,1605.5643098112
0.000142,0.000142,0.9639681186,0.8193729009,2242.0709447806
0.000142,0.000142,0.9639681186,0.8193729009,3130.912969796
0.000142,0.000142,0.9639681186,0.8193729009,4372.1257113904
0.000142,0.000142,0.9639681186,0.8193729009,6105.4022965853
0.000142,0.000142,0.9639681186,0.8675713068,0.1
0.000142,0.000142,0.9639681186,0.8675713068,0.1396437957
0.000142,0.000142,0.9639681186,0.8675713068,0.1950038968
0.000142,0.000142,0.9639681186,0.8675713068,0.2723108433
0.000142,0.000142,0.9639681186,0.8675713068,0.3802651977
0.000142,0.000142,0.9639681186,0.8675713068,0.5310167558
0.000142,0.000142,0.9639681186,0.8675713068,0.7415319537
0.000142,0.000142,0.9639681186,0.8675713068,1.0355033665
0.000142,0.000142,0.9639681186,0.8675713068,1.4460162057
0.000142,0.000142,0.9639681186,0.8675713068,2.0192719162
0.000142,0.000142,0.9639681186,0.8675713068,2.8197879494
0.000142,0.000142,0.9639681186,0.8675713068,3.9376589236
0.000142,0.000142,0.9639681186,0.8675713068,5.498696383
0.000142,0.000142,0.9639681186,0.8675713068,7.6785883437
0.000142,0.000142,0.9639681186,0.8675713068,10.7226722201
0.000142,0.000142,0.9639681186,0.8675713068,14.9735464897
0.000142,0.000142,0.9639681186,0.8675713068,20.9096286705
0.000142,0.000142,0.9639681186,0.8675713068,29.1989991443
0.000142,0.000142,0.9639681186,0.8675713068,40.7745907144
0.000142,0.000142,0.9639681186,0.8675713068,56.9391861586
0.000142,0.000142,0.9639681186,0.8675713068,79.5120407981
0.000142,0.000142,0.9639681186,0.8675713068,111.0336318168
0.000142,0.000142,0.9639681186,0.8675713068,155.0515779833
0.000142,0.000142,0.9639681186,0.8675713068,216.5199088036
0.000142,0.000142,0.9639681186,0.8675713068,302.3566191205
0.000142,0.000142,0.9639681186,0.8675713068,422.2222595195
0.000142,0.000142,0.9639681186,0.8675713068,589.6071895242
0.000142,0.000142,0.9639681186,0.8675713068,823.3498592289
0.000142,0.000142,0.9639681186,0.8675713068,1149.7569953977
0.000142,0.000142,0.9639681186,0.8675713068,1605.5643098112
0.000142,0.000142,0.9639681186,0.8675713068,2242.0709447806
0.000142,0.000142,0.9639681186,0.8675713068,3130.912969796
0.000142,0.000142,0.9639681186,0.8675713068,4372.1257113904
0.000142,0.000142,0.9639681186,0.8675713068,6105.4022965853
0.000142,0.000142,0.9639681186,0.9157697127,0.1
0.000142,0.000142,0.9639681186,0.9157697127,0.1396437957
0.000142,0.000142,0.9639681186,0.9157697127,0.1950038968
0.000142,0.000142,0.9639681186,0.9157697127,0.2723108433
0.000142,0.000142,0.9639681186,0.9157697127,0.3802651977
0.000142,0.000142,0.9639681186,0.9157697127,0.5310167558
0.000142,0.000142,0.9639681186,0.9157697127,0.7415319537
0.000142,0.000142,0.9639681186,0.9157697127,1.0355033665
0.000142,0.000142,0.9639681186,0.9157697127,1.4460162057
0.000142,0.000142,0.9639681186,0.9157697127,2.0192719162
0.000142,0.000142,0.9639681186,0.9157697127,2.8197879494
0.000142,0.000142,0.9639681186,0.9157697127,3.9376589236
0.000142,0.000142,0.9639681186,0.9157697127,5.498696383
0.000142,0.000142,0.9639681186,0.9157697127,7.6785883437
0.000142,0.000142,0.9639681186,0.9157697127,10.7226722201
0.000142,0.000142,0.9639681186,0.9157697127,14.9735464897
0.000142,0.000142,0.9639681186,0.9157697127,20.9096286705
0.000142,0.000142,0.9639681186,0.9157697127,29.1989991443
0.000142,0.000142,0.9639681186,0.9157697127,40.7745907144
0.000142,0.000142,0.9639681186,0.9157697127,56.9391861586
0.000142,0.000142,0.9639681186,0.9157697127,79.5120407981
0.000142,0.000142,0.9639681186,0.9157697127,111.0336318168
0.000142,0.000142,0.9639681186,0.9157697127,155.0515779833
0.000142,0.000142,0.9639681186,0.9157697127,216.5199088036
0.000142,0.000142,0.9639681186,0.9157697127,302.3566191205
0.000142,0.000142,0.9639681186,0.9157697127,422.2222595195
0.000142,0.000142,0.9639681186,0.9157697127,589.6071895242
0.000142,0.000142,0.9639681186,0.9157697127,823.3498592289
0.000142,0.000142,0.9639681186,0.9157697127,1149.7569953977
0.000142,0.000142,0.9639681186,0.9157697127,1605.5643098112
0.000142,0.000142,0.9639681186,0.9157697127,2242.0709447806
0.000142,0.000142,0.9639681186,0.9157697127,3130.912969796
0.000142,0.000142,0.9639681186,0.9157697127,4372.1257113904
0.000142,0.000142,0.9639681186,0.9157697127,6105.4022965853
0.000142,0.000142,0.9639681186,0.9543284375,0.1
0.000142,0.000142,0.9639681186,0.9543284375,0.1396437957
0.000142,0.000142,0.9639681186,0.9543284375,0.1950038968
0.000142,0.000142,0.9639681186,0.9543284375,0.2723108433
0.000142,0.000142,0.9639681186,0.9543284375,0.3802651977
0.000142,0.000142,0.9639681186,0.9543284375,0.5310167558
0.000142,0.000142,0.9639681186,0.9543284375,0.7415319537
0.000142,0.000142,0.9639681186,0.9543284375,1.0355033665
0.000142,0.000142,0.9639681186,0.9543284375,1.4460162057
0.000142,0.000142,0.9639681186,0.9543284375,2.0192719162
0.000142,0.000142,0.9639681186,0.9543284375,2.8197879494
0.000142,0.000142,0.9639681186,0.9543284375,3.9376589236
0.000142,0.000142,0.9639681186,0.9543284375,5.498696383
0.000142,0.000142,0.9639681186,0.9543284375,7.6785883437
0.000142,0.000142,0.9639681186,0.9543284375,10.7226722201
0.000142,0.000142,0.9639681186,0.9543284375,14.9735464897
0.000142,0.000142,0.9639681186,0.9543284375,20.9096286705
0.000142,0.000142,0.9639681186,0.9543284375,29.1989991443
0.000142,0.000142,0.9639681186,0.9543284375,40.7745907144
0.000142,0.000142,0.9639681186,0.9543284375,56.9391861586
0.000142,0.000142,0.9639681186,0.9543284375,79.5120407981
0.000142,0.000142,0.9639681186,0.9543284375,111.0336318168
0.000142,0.000142,0.9639681186,0.9543284375,155.0515779833
0.000142,0.000142,0.9639681186,0.9543284375,216.5199088036
0.000142,0.000142,0.9639681186,0.9543284375,302.3566191205
0.000142,0.000142,0.9639681186,0.9543284375,422.2222595195
0.000142,0.000142,0.9639681186,0.9543284375,589.6071895242
0.000142,0.000142,0.9639681186,0.9543284375,823.3498592289
0.000142,0.000142,0.9639681186,0.9543284375,1149.7569953977
0.000142,0.000142,0.9639681186,0.9543284375,1605.5643098112
0.000142,0.000142,0.9639681186,0.9543284375,2242.0709447806
0.000142,0.000142,0.9639681186,0.9543284375,3130.912969796
0.000142,0.000142,0.9639681186,0.9543284375,4372.1257113904
0.000142,0.000142,0.9639681186,0.9543284375,6105.4022965853
0.000142,0.000142,1.0737985122,0.1073798512,0.1
0.000142,0.000142,1.0737985122,0.1073798512,0.1396437957
0.000142,0.000142,1.0737985122,0.1073798512,0.1950038968
0.000142,0.000142,1.0737985122,0.1073798512,0.2723108433
0.000142,0.000142,1.0737985122,0.1073798512,0.3802651977
0.000142,0.000142,1.0737985122,0.1073798512,0.5310167558
0.000142,0.000142,1.0737985122,0.1073798512,0.7415319537
0.000142,0.000142,1.0737985122,0.1073798512,1.0355033665
0.000142,0.000142,1.0737985122,0.1073798512,1.4460162057
0.000142,0.000142,1.0737985122,0.1073798512,2.0192719162
0.000142,0.000142,1.0737985122,0.1073798512,2.8197879494
0.000142,0.000142,1.0737985122,0.1073798512,3.9376589236
0.000142,0.000142,1.0737985122,0.1073798512,5.498696383
0.000142,0.000142,1.0737985122,0.1073798512,7.6785883437
0.000142,0.000142,1.0737985122,0.1073798512,10.7226722201
0.000142,0.000142,1.0737985122,0.1073798512,14.9735464897
0.000142,0.000142,1.0737985122,0.1073798512,20.9096286705
0.000142,0.000142,1.0737985122,0.1073798512,29.1989991443
0.000142,0.000142,1.0737985122,0.1073798512,40.7745907144
0.000142,0.000142,1.0737985122,0.1073798512,56.9391861586
0.000142,0.000142,1.0737985122,0.1073798512,79.5120407981
0.000142,0.000142,1.0737985122,0.1073798512,111.0336318168
0.000142,0.000142,1.0737985122,0.1073798512,155.0515779833
0.000142,0.000142,1.0737985122,0.1073798512,216.5199088036
0.000142,0.000142,1.0737985122,0.1073798512,302.3566191205
0.000142,0.000142,1.0737985122,0.1073798512,422.2222595195
0.000142,0.000142,1.0737985122,0.1073798512,589.6071895242
0.000142,0.000142,1.0737985122,0.1073798512,823.3498592289
0.000142,0.000142,1.0737985122,0.1073798512,1149.7569953977
0.000142,0.000142,1.0737985122,0.1073798512,1605.5643098112
0.000142,0.000142,1.0737985122,0.1073798512,2242.0709447806
0.000142,0.000142,1.0737985122,0.1073798512,3130.912969796
0.000142,0.000142,1.0737985122,0.1073798512,4372.1257113904
0.000142,0.000142,1.0737985122,0.1073798512,6105.4022965853
0.000142,0.000142,1.0737985122,0.1610697768,0.1
0.000142,0.000142,1.0737985122,0.1610697768,0.1396437957
0.000142,0.000142,1.0737985122,0.1610697768,0.1950038968
0.000142,0.000142,1.0737985122,0.1610697768,0.2723108433
0.000142,0.000142,1.0737985122,0.1610697768,0.3802651977
0.000142,0.000142,1.0737985122,0.1610697768,0.5310167558
0.000142,0.000142,1.0737985122,0.1610697768,0.7415319537
0.000142,0.000142,1.0737985122,0.1610697768,1.0355033665
0.000142,0.000142,1.0737985122,0.1610697768,1.4460162057
0.000142,0.000142,1.0737985122,0.1610697768,2.0192719162
0.000142,0.000142,1.0737985122,0.1610697768,2.8197879494
0.000142,0.000142,1.0737985122,0.1610697768,3.9376589236
0.000142,0.000142,1.0737985122,0.1610697768,5.498696383
0.000142,0.000142,1.0737985122,0.1610697768,7.6785883437
0.000142,0.000142,1.0737985122,0.1610697768,10.7226722201
0.000142,0.000142,1.0737985122,0.1610697768,14.9735464897
0.000142,0.000142,1.0737985122,0.1610697768,20.9096286705
0.000142,0.000142,1.0737985122,0.1610697768,29.1989991443
0.000142,0.000142,1.0737985122,0.1610697768,40.7745907144
0.000142,0.000142,1.0737985122,0.1610697768,56.9391861586
0.000142,0.000142,1.0737985122,0.1610697768,79.5120407981
0.000142,0.000142,1.0737985122,0.1610697768,111.0336318168
0.000142,0.000142,1.0737985122,0.1610697768,155.0515779833
0.000142,0.000142,1.0737985122,0.1610697768,216.5199088036
0.000142,0.000142,1.0737985122,0.1610697768,302.3566191205
0.000142,0.000142,1.0737985122,0.1610697768,422.2222595195
0.000142,0.000142,1.0737985122,0.1610697768,589.6071895242
0.000142,0.000142,1.0737985122,0.1610697768,823.3498592289
0.000142,0.000142,1.0737985122,0.1610697768,1149.7569953977
0.000142,0.000142,1.0737985122,0.1610697768,1605.5643098112
0.000142,0.000142,1.0737985122,0.1610697768,2242.0709447806
0.000142,0.000142,1.0737985122,0.1610697768,3130.912969796
0.000142,0.000142,1.0737985122,0.1610697768,4372.1257113904
0.000142,0.000142,1.0737985122,0.1610697768,6105.4022965853
0.000142,0.000142,1.0737985122,0.2147597024,0.1
0.000142,0.000142,1.0737985122,0.2147597024,0.1396437957
0.000142,0.000142,1.0737985122,0.2147597024,0.1950038968
0.000142,0.000142,1.0737985122,0.2147597024,0.2723108433
0.000142,0.000142,1.0737985122,0.2147597024,0.3802651977
0.000142,0.000142,1.0737985122,0.2147597024,0.5310167558
0.000142,0.000142,1.0737985122,0.2147597024,0.7415319537
0.000142,0.000142,1.0737985122,0.2147597024,1.0355033665
0.000142,0.000142,1.0737985122,0.2147597024,1.4460162057
0.000142,0.000142,1.0737985122,0.2147597024,2.0192719162
0.000142,0.000142,1.0737985122,0.2147597024,2.8197879494
0.000142,0.000142,1.0737985122,0.2147597024,3.9376589236
0.000142,0.000142,1.0737985122,0.2147597024,5.498696383
0.000142,0.000142,1.0737985122,0.2147597024,7.6785883437
0.000142,0.000142,1.0737985122,0.2147597024,10.7226722201
0.000142,0.000142,1.0737985122,0.2147597024,14.9735464897
0.000142,0.000142,1.0737985122,0.2147597024,20.9096286705
0.000142,0.000142,1.0737985122,0.2147597024,29.1989991443
0.000142,0.000142,1.0737985122,0.2147597024,40.7745907144
0.000142,0.000142,1.0737985122,0.2147597024,56.9391861586
0.000142,0.000142,1.0737985122,0.2147597024,79.5120407981
0.000142,0.000142,1.0737985122,0.2147597024,111.0336318168
0.000142,0.000142,1.0737985122,0.2147597024,155.0515779833
0.000142,0.000142,1.0737985122,0.2147597024,216.5199088036
0.000142,0.000142,1.0737985122,0.2147597024,302.3566191205
0.000142,0.000142,1.0737985122,0.2147597024,422.2222595195
0.000142,0.000142,1.0737985122,0.2147597024,589.6071895242
0.000142,0.000142,1.0737985122,0.2147597024,823.3498592289
0.000142,0.000142,1.0737985122,0.2147597024,1149.7569953977
0.000142,0.000142,1.0737985122,0.2147597024,1605.5643098112
0.000142,0.000142,1.0737985122,0.2147597024,2242.0709447806
0.000142,0.000142,1.0737985122,0.2147597024,3130.912969796
0.000142,0.000142,1.0737985122,0.2147597024,4372.1257113904
0.000142,0.000142,1.0737985122,0.2147597024,6105.4022965853
0.000142,0.000142,1.0737985122,0.268449628,0.1
0.000142,0.000142,1.0737985122,0.268449628,0.1396437957
0.000142,0.000142,1.0737985122,0.268449628,0.1950038968
0.000142,0.000142,1.0737985122,0.268449628,0.2723108433
0.000142,0.000142,1.0737985122,0.268449628,0.3802651977
0.000142,0.000142,1.0737985122,0.268449628,0.5310167558
0.000142,0.000142,1.0737985122,0.268449628,0.7415319537
0.000142,0.000142,1.0737985122,0.268449628,1.0355033665
0.000142,0.000142,1.0737985122,0.268449628,1.4460162057
0.000142,0.000142,1.0737985122,0.268449628,2.0192719162
0.000142,0.000142,1.0737985122,0.268449628,2.8197879494
0.000142,0.000142,1.0737985122,0.268449628,3.9376589236
0.000142,0.000142,1.0737985122,0.268449628,5.498696383
0.000142,0.000142,1.0737985122,0.268449628,7.6785883437
0.000142,0.000142,1.0737985122,0.268449628,10.7226722201
0.000142,0.000142,1.0737985122,0.268449628,14.9735464897
0.000142,0.000142,1.0737985122,0.268449628,20.9096286705
0.000142,0.000142,1.0737985122,0.268449628,29.1989991443
0.000142,0.000142,1.0737985122,0.268449628,40.7745907144
0.000142,0.000142,1.0737985122,0.268449628,56.9391861586
0.000142,0.000142,1.0737985122,0.268449628,79.5120407981
0.000142,0.000142,1.0737985122,0.268449628,111.0336318168
0.000142,0.000142,1.0737985122,0.268449628,155.0515779833
0.000142,0.000142,1.0737985122,0.268449628,216.5199088036
0.000142,0.000142,1.0737985122,0.268449628,302.3566191205
0.000142,0.000142,1.0737985122,0.268449628,422.2222595195
0.000142,0.000142,1.0737985122,0.268449628,589.6071895242
0.000142,0.000142,1.0737985122,0.268449628,823.3498592289
0.000142,0.000142,1.0737985122,0.268449628,1149.7569953977
0.000142,0.000142,1.0737985122,0.268449628,1605.5643098112
0.000142,0.000142,1.0737985122,0.268449628,2242.0709447806
0.000142,0.000142,1.0737985122,0.268449628,3130.912969796
0.000142,0.000142,1.0737985122,0.268449628,4372.1257113904
0.000142,0.000142,1.0737985122,0.268449628,6105.4022965853
0.000142,0.000142,1.0737985122,0.3221395537,0.1
0.000142,0.000142,1.0737985122,0.3221395537,0.1396437957
0.000142,0.000142,1.0737985122,0.3221395537,0.1950038968
0.000142,0.000142,1.0737985122,0.3221395537,0.2723108433
0.000142,0.000142,1.0737985122,0.3221395537,0.3802651977
0.000142,0.000142,1.0737985122,0.3221395537,0.5310167558
0.000142,0.000142,1.0737985122,0.3221395537,0.7415319537
0.000142,0.000142,1.0737985122,0.3221395537,1.0355033665
0.000142,0.000142,1.0737985122,0.3221395537,1.4460162057
0.000142,0.000142,1.0737985122,0.3221395537,2.0192719162
0.000142,0.000142,1.0737985122,0.3221395537,2.8197879494
0.000142,0.000142,1.0737985122,0.3221395537,3.9376589236
0.000142,0.000142,1.0737985122,0.3221395537,5.498696383
0.000142,0.000142,1.0737985122,0.3221395537,7.6785883437
0.000142,0.000142,1.0737985122,0.3221395537,10.7226722201
0.000142,0.000142,1.0737985122,0.3221395537,14.9735464897
0.000142,0.000142,1.0737985122,0.3221395537,20.9096286705
0.000142,0.000142,1.0737985122,0.3221395537,29.1989991443
0.000142,0.000142,1.0737985122,0.3221395537,40.7745907144
0.000142,0.000142,1.0737985122,0.3221395537,56.9391861586
0.000142,0.000142,1.0737985122,0.3221395537,79.5120407981
0.000142,0.000142,1.0737985122,0.3221395537,111.0336318168
0.000142,0.000142,1.0737985122,0.3221395537,155.0515779833
0.000142,0.000142,1.0737985122,0.3221395537,216.5199088036
0.000142,0.000142,1.0737985122,0.3221395537,302.3566191205
0.000142,0.000142,1.0737985122,0.3221395537,422.2222595195
0.000142,0.000142,1.0737985122,0.3221395537,589.6071895242
0.000142,0.000142,1.0737985122,0.3221395537,823.3498592289
0.000142,0.000142,1.0737985122,0.3221395537,1149.7569953977
0.000142,0.000142,1.0737985122,0.3221395537,1605.5643098112
0.000142,0.000142,1.0737985122,0.3221395537,2242.0709447806
0.000142,0.000142,1.0737985122,0.3221395537,3130.912969796
0.000142,0.000142,1.0737985122,0.3221395537,4372.1257113904
0.000142,0.000142,1.0737985122,0.3221395537,6105.4022965853
0.000142,0.000142,1.0737985122,0.3758294793,0.1
0.000142,0.000142,1.0737985122,0.3758294793,0.1396437957
0.000142,0.000142,1.0737985122,0.3758294793,0.1950038968
0.000142,0.000142,1.0737985122,0.3758294793,0.2723108433
0.000142,0.000142,1.0737985122,0.3758294793,0.3802651977
0.000142,0.000142,1.0737985122,0.3758294793,0.5310167558
0.000142,0.000142,1.0737985122,0.3758294793,0.7415319537
0.000142,0.000142,1.0737985122,0.3758294793,1.0355033665
0.000142,0.000142,1.0737985122,0.3758294793,1.4460162057
0.000142,0.000142,1.0737985122,0.3758294793,2.0192719162
0.000142,0.000142,1.0737985122,0.3758294793,2.8197879494
0.000142,0.000142,1.0737985122,0.3758294793,3.9376589236
0.000142,0.000142,1.0737985122,0.3758294793,5.498696383
0.000142,0.000142,1.0737985122,0.3758294793,7.6785883437
0.000142,0.000142,1.0737985122,0.3758294793,10.7226722201
0.000142,0.000142,1.0737985122,0.3758294793,14.9735464897
0.000142,0.000142,1.0737985122,0.3758294793,20.9096286705
0.000142,0.000142,1.0737985122,0.3758294793,29.1989991443
0.000142,0.000142,1.0737985122,0.3758294793,40.7745907144
0.000142,0.000142,1.0737985122,0.3758294793,56.9391861586
0.000142,0.000142,1.0737985122,0.3758294793,79.5120407981
0.000142,0.000142,1.0737985122,0.3758294793,111.0336318168
0.000142,0.000142,1.0737985122,0.3758294793,155.0515779833
0.000142,0.000142,1.0737985122,0.3758294793,216.5199088036
0.000142,0.000142,1.0737985122,0.3758294793,302.3566191205
0.000142,0.000142,1.0737985122,0.3758294793,422.2222595195
0.000142,0.000142,1.0737985122,0.3758294793,589.6071895242
0.000142,0.000142,1.0737985122,0.3758294793,823.3498592289
0.000142,0.000142,1.0737985122,0.3758294793,1149.7569953977
0.000142,0.000142,1.0737985122,0.3758294793,1605.5643098112
0.000142,0.000142,1.0737985122,0.3758294793,2242.0709447806
0.000142,0.000142,1.0737985122,0.3758294793,3130.912969796
0.000142,0.000142,1.0737985122,0.3758294793,4372.1257113904
0.000142,0.000142,1.0737985122,0.3758294793,6105.4022965853
0.000142,0.000142,1.0737985122,0.4295194049,0.1
0.000142,0.000142,1.0737985122,0.4295194049,0.1396437957
0.000142,0.000142,1.0737985122,0.4295194049,0.1950038968
0.000142,0.000142,1.0737985122,0.4295194049,0.2723108433
0.000142,0.000142,1.0737985122,0.4295194049,0.3802651977
0.000142,0.000142,1.0737985122,0.4295194049,0.5310167558
0.000142,0.000142,1.0737985122,0.4295194049,0.7415319537
0.000142,0.000142,1.0737985122,0.4295194049,1.0355033665
0.000142,0.000142,1.0737985122,0.4295194049,1.4460162057
0.000142,0.000142,1.0737985122,0.4295194049,2.0192719162
0.000142,0.000142,1.0737985122,0.4295194049,2.8197879494
0.000142,0.000142,1.0737985122,0.4295194049,3.9376589236
0.000142,0.000142,1.0737985122,0.4295194049,5.498696383
0.000142,0.000142,1.0737985122,0.4295194049,7.6785883437
0.000142,0.000142,1.0737985122,0.4295194049,10.7226722201
0.000142,0.000142,1.0737985122,0.4295194049,14.9735464897
0.000142,0.000142,1.0737985122,0.4295194049,20.9096286705
0.000142,0.000142,1.0737985122,0.4295194049,29.1989991443
0.000142,0.000142,1.0737985122,0.4295194049,40.7745907144
0.000142,0.000142,1.0737985122,0.4295194049,56.9391861586
0.000142,0.000142,1.0737985122,0.4295194049,79.5120407981
0.000142,0.000142,1.0737985122,0.4295194049,111.0336318168
0.000142,0.000142,1.0737985122,0.4295194049,155.0515779833
0.000142,0.000142,1.0737985122,0.4295194049,216.5199088036
0.000142,0.000142,1.0737985122,0.4295194049,302.3566191205
0.000142,0.000142,1.0737985122,0.4295194049,422.2222595195
0.000142,0.000142,1.0737985122,0.4295194049,589.6071895242
0.000142,0.000142,1.0737985122,0.4295194049,823.3498592289
0.000142,0.000142,1.0737985122,0.4295194049,1149.7569953977
0.000142,0.000142,1.0737985122,0.4295194049,1605.5643098112
0.000142,0.000142,1.0737985122,0.4295194049,2242.0709447806
0.000142,0.000142,1.0737985122,0.4295194049,3130.912969796
0.000142,0.000142,1.0737985122,0.4295194049,4372.1257113904
0.000142,0.000142,1.0737985122,0.4295194049,6105.4022965853
0.000142,0.000142,1.0737985122,0.4832093305,0.1
0.000142,0.000142,1.0737985122,0.4832093305,0.1396437957
0.000142,0.000142,1.0737985122,0.4832093305,0.1950038968
0.000142,0.000142,1.0737985122,0.4832093305,0.2723108433
0.000142,0.000142,1.0737985122,0.4832093305,0.3802651977
0.000142,0.000142,1.0737985122,0.4832093305,0.5310167558
0.000142,0.000142,1.0737985122,0.4832093305,0.7415319537
0.000142,0.000142,1.0737985122,0.4832093305,1.0355033665
0.000142,0.000142,1.0737985122,0.4832093305,1.4460162057
0.000142,0.000142,1.0737985122,0.4832093305,2.0192719162
0.000142,0.000142,1.0737985122,0.4832093305,2.8197879494
0.000142,0.000142,1.0737985122,0.4832093305,3.9376589236
0.000142,0.000142,1.0737985122,0.4832093305,5.498696383
0.000142,0.000142,1.0737985122,0.4832093305,7.6785883437
0.000142,0.000142,1.0737985122,0.4832093305,10.7226722201
0.000142,0.000142,1.0737985122,0.4832093305,14.9735464897
0.000142,0.000142,1.0737985122,0.4832093305,20.9096286705
0.000142,0.000142,1.0737985122,0.4832093305,29.1989991443
0.000142,0.000142,1.0737985122,0.4832093305,40.7745907144
0.000142,0.000142,1.0737985122,0.4832093305,56.9391861586
0.000142,0.000142,1.0737985122,0.4832093305,79.5120407981
0.000142,0.000142,1.0737985122,0.4832093305,111.0336318168
0.000142,0.000142,1.0737985122,0.4832093305,155.0515779833
0.000142,0.000142,1.0737985122,0.4832093305,216.5199088036
0.000142,0.000142,1.0737985122,0.4832093305,302.3566191205
0.000142,0.000142,1.0737985122,0.4832093305,422.2222595195
0.000142,0.000142,1.0737985122,0.4832093305,589.6071895242
0.000142,0.000142,1.0737985122,0.4832093305,823.3498592289
0.000142,0.000142,1.0737985122,0.4832093305,1149.7569953977
0.000142,0.000142,1.0737985122,0.4832093305,1605.5643098112
0.000142,0.000142,1.0737985122,0.4832093305,2242.0709447806
0.000142,0.000142,1.0737985122,0.4832093305,3130.912969796
0.000142,0.000142,1.0737985122,0.4832093305,4372.1257113904
0.000142,0.000142,1.0737985122,0.4832093305,6105.4022965853
0.000142,0.000142,1.0737985122,0.5368992561,0.1
0.000142,0.000142,1.0737985122,0.5368992561,0.1396437957
0.000142,0.000142,1.0737985122,0.5368992561,0.1950038968
0.000142,0.000142,1.0737985122,0.5368992561,0.2723108433
0.000142,0.000142,1.0737985122,0.5368992561,0.3802651977
0.000142,0.000142,1.0737985122,0.5368992561,0.5310167558
0.000142,0.000142,1.0737985122,0.5368992561,0.7415319537
0.000142,0.000142,1.0737985122,0.5368992561,1.0355033665
0.000142,0.000142,1.0737985122,0.5368992561,1.4460162057
0.000142,0.000142,1.0737985122,0.5368992561,2.0192719162
0.000142,0.000142,1.0737985122,0.5368992561,2.8197879494
0.000142,0.000142,1.0737985122,0.5368992561,3.9376589236
0.000142,0.000142,1.0737985122,0.5368992561,5.498696383
0.000142,0.000142,1.0737985122,0.5368992561,7.6785883437
0.000142,0.000142,1.0737985122,0.5368992561,10.7226722201
0.000142,0.000142,1.0737985122,0.5368992561,14.9735464897
0.000142,0.000142,1.0737985122,0.5368992561,20.9096286705
0.000142,0.000142,1.0737985122,0.5368992561,29.1989991443
0.000142,0.000142,1.0737985122,0.5368992561,40.7745907144
0.000142,0.000142,1.0737985122,0.5368992561,56.9391861586
0.000142,0.000142,1.0737985122,0.5368992561,79.5120407981
0.000142,0.000142,1.0737985122,0.5368992561,111.0336318168
0.000142,0.000142,1.0737985122,0.5368992561,155.0515779833
0.000142,0.000142,1.0737985122,0.5368992561,216.5199088036
0.000142,0.000142,1.0737985122,0.5368992561,302.3566191205
0.000142,0.000142,1.0737985122,0.5368992561,422.2222595195
0.000142,0.000142,1.0737985122,0.5368992561,589.6071895242
0.000142,0.000142,1.0737985122,0.5368992561,823.3498592289
0.000142,0.000142,1.0737985122,0.5368992561,1149.7569953977
0.000142,0.000142,1.0737985122,0.5368992561,1605.5643098112
0.000142,0.000142,1.0737985122,0.5368992561,2242.0709447806
0.000142,0.000142,1.0737985122,0.5368992561,3130.912969796
0.000142,0.000142,1.0737985122,0.5368992561,4372.1257113904
0.000142,0.000142,1.0737985122,0.5368992561,6105.4022965853
0.000142,0.000142,1.0737985122,0.5905891817,0.1
0.000142,0.000142,1.0737985122,0.5905891817,0.1396437957
0.000142,0.000142,1.0737985122,0.5905891817,0.1950038968
0.000142,0.000142,1.0737985122,0.5905891817,0.2723108433
0.000142,0.000142,1.0737985122,0.5905891817,0.3802651977
0.000142,0.000142,1.0737985122,0.5905891817,0.5310167558
0.000142,0.000142,1.0737985122,0.5905891817,0.7415319537
0.000142,0.000142,1.0737985122,0.5905891817,1.0355033665
0.000142,0.000142,1.0737985122,0.5905891817,1.4460162057
0.000142,0.000142,1.0737985122,0.5905891817,2.0192719162
0.000142,0.000142,1.0737985122,0.5905891817,2.8197879494
0.000142,0.000142,1.0737985122,0.5905891817,3.9376589236
0.000142,0.000142,1.0737985122,0.5905891817,5.498696383
0.000142,0.000142,1.0737985122,0.5905891817,7.6785883437
0.000142,0.000142,1.0737985122,0.5905891817,10.7226722201
0.000142,0.000142,1.0737985122,0.5905891817,14.9735464897
0.000142,0.000142,1.0737985122,0.5905891817,20.9096286705
0.000142,0.000142,1.0737985122,0.5905891817,29.1989991443
0.000142,0.000142,1.0737985122,0.5905891817,40.7745907144
0.000142,0.000142,1.0737985122,0.5905891817,56.9391861586
0.000142,0.000142,1.0737985122,0.5905891817,79.5120407981
0.000142,0.000142,1.0737985122,0.5905891817,111.0336318168
0.000142,0.000142,1.0737985122,0.5905891817,155.0515779833
0.000142,0.000142,1.0737985122,0.5905891817,216.5199088036
0.000142,0.000142,1.0737985122,0.5905891817,302.3566191205
0.000142,0.000142,1.0737985122,0.5905891817,422.2222595195
0.000142,0.000142,1.0737985122,0.5905891817,589.6071895242
0.000142,0.000142,1.0737985122,0.5905891817,823.3498592289
0.000142,0.000142,1.0737985122,0.5905891817,1149.7569953977
0.000142,0.000142,1.0737985122,0.5905891817,1605.5643098112
0.000142,0.000142,1.0737985122,0.5905891817,2242.0709447806
0.000142,0.000142,1.0737985122,0.5905891817,3130.912969796
0.000142,0.000142,1.0737985122,0.5905891817,4372.1257113904
0.000142,0.000142,1.0737985122,0.5905891817,6105.4022965853
0.000142,0.000142,1.0737985122,0.6442791073,0.1
0.000142,0.000142,1.0737985122,0.6442791073,0.1396437957
0.000142,0.000142,1.0737985122,0.6442791073,0.1950038968
0.000142,0.000142,1.0737985122,0.6442791073,0.2723108433
0.000142,0.000142,1.0737985122,0.6442791073,0.3802651977
0.000142,0.000142,1.0737985122,0.6442791073,0.5310167558
0.000142,0.000142,1.0737985122,0.6442791073,0.7415319537
0.000142,0.000142,1.0737985122,0.6442791073,1.0355033665
0.000142,0.000142,1.0737985122,0.6442791073,1.4460162057
0.000142,0.000142,1.0737985122,0.6442791073,2.0192719162
0.000142,0.000142,1.0737985122,0.6442791073,2.8197879494
0.000142,0.000142,1.0737985122,0.6442791073,3.9376589236
0.000142,0.000142,1.0737985122,0.6442791073,5.498696383
0.000142,0.000142,1.0737985122,0.6442791073,7.6785883437
0.000142,0.000142,1.0737985122,0.6442791073,10.7226722201
0.000142,0.000142,1.0737985122,0.6442791073,14.9735464897
0.000142,0.000142,1.0737985122,0.6442791073,20.9096286705
0.000142,0.000142,1.0737985122,0.6442791073,29.1989991443
0.000142,0.000142,1.0737985122,0.6442791073,40.7745907144
0.000142,0.000142,1.0737985122,0.6442791073,56.9391861586
0.000142,0.000142,1.0737985122,0.6442791073,79.5120407981
0.000142,0.000142,1.0737985122,0.6442791073,111.0336318168
0.000142,0.000142,1.0737985122,0.6442791073,155.0515779833
0.000142,0.000142,1.0737985122,0.6442791073,216.5199088036
0.000142,0.000142,1.0737985122,0.6442791073,302.3566191205
0.000142,0.000142,1.0737985122,0.6442791073,422.2222595195
0.000142,0.000142,1.0737985122,0.6442791073,589.6071895242
0.000142,0.000142,1.0737985122,0.6442791073,823.3498592289
0.000142,0.000142,1.0737985122,0.6442791073,1149.7569953977
0.000142,0.000142,1.0737985122,0.6442791073,1605.5643098112
0.000142,0.000142,1.0737985122,0.6442791073,2242.0709447806
0.000142,0.000142,1.0737985122,0.6442791073,3130.912969796
0.000142,0.000142,1.0737985122,0.6442791073,4372.1257113904
0.000142,0.000142,1.0737985122,0.6442791073,6105.4022965853
0.000142,0.000142,1.0737985122,0.6979690329,0.1
0.000142,0.000142,1.0737985122,0.6979690329,0.1396437957
0.000142,0.000142,1.0737985122,0.6979690329,0.1950038968
0.000142,0.000142,1.0737985122,0.6979690329,0.2723108433
0.000142,0.000142,1.0737985122,0.6979690329,0.3802651977
0.000142,0.000142,1.0737985122,0.6979690329,0.5310167558
0.000142,0.000142,1.0737985122,0.6979690329,0.7415319537
0.000142,0.000142,1.0737985122,0.6979690329,1.0355033665
0.000142,0.000142,1.0737985122,0.6979690329,1.4460162057
0.000142,0.000142,1.0737985122,0.6979690329,2.0192719162
0.000142,0.000142,1.0737985122,0.6979690329,2.8197879494
0.000142,0.000142,1.0737985122,0.6979690329,3.9376589236
0.000142,0.000142,1.0737985122,0.6979690329,5.498696383
0.000142,0.000142,1.0737985122,0.6979690329,7.6785883437
0.000142,0.000142,1.0737985122,0.6979690329,10.7226722201
0.000142,0.000142,1.0737985122,0.6979690329,14.9735464897
0.000142,0.000142,1.0737985122,0.6979690329,20.9096286705
0.000142,0.000142,1.0737985122,0.6979690329,29.1989991443
0.000142,0.000142,1.0737985122,0.6979690329,40.7745907144
0.000142,0.000142,1.0737985122,0.6979690329,56.9391861586
0.000142,0.000142,1.0737985122,0.6979690329,79.5120407981
0.000142,0.000142,1.0737985122,0.6979690329,111.0336318168
0.000142,0.000142,1.0737985122,0.6979690329,155.0515779833
0.000142,0.000142,1.0737985122,0.6979690329,216.5199088036
0.000142,0.000142,1.0737985122,0.6979690329,302.3566191205
0.000142,0.000142,1.0737985122,0.6979690329,422.2222595195
0.000142,0.000142,1.0737985122,0.6979690329,589.6071895242
0.000142,0.000142,1.0737985122,0.6979690329,823.3498592289
0.000142,0.000142,1.0737985122,0.6979690329,1149.7569953977
0.000142,0.000142,1.0737985122,0.6979690329,1605.5643098112
0.000142,0.000142,1.0737985122,0.6979690329,2242.0709447806
0.000142,0.000142,1.0737985122,0.6979690329,3130.912969796
0.000142,0.000142,1.0737985122,0.6979690329,4372.1257113904
0.000142,0.000142,1.0737985122,0.6979690329,6105.4022965853
0.000142,0.000142,1.0737985122,0.7516589585,0.1
0.000142,0.000142,1.0737985122,0.7516589585,0.1396437957
0.000142,0.000142,1.0737985122,0.7516589585,0.1950038968
0.000142,0.000142,1.0737985122,0.7516589585,0.2723108433
0.000142,0.000142,1.0737985122,0.7516589585,0.3802651977
0.000142,0.000142,1.0737985122,0.7516589585,0.5310167558
0.000142,0.000142,1.0737985122,0.7516589585,0.7415319537
0.000142,0.000142,1.0737985122,0.7516589585,1.0355033665
0.000142,0.000142,1.0737985122,0.7516589585,1.4460162057
0.000142,0.000142,1.0737985122,0.7516589585,2.0192719162
0.000142,0.000142,1.0737985122,0.7516589585,2.8197879494
0.000142,0.000142,1.0737985122,0.7516589585,3.9376589236
0.000142,0.000142,1.0737985122,0.7516589585,5.498696383
0.000142,0.000142,1.0737985122,0.7516589585,7.6785883437
0.000142,0.000142,1.0737985122,0.7516589585,10.7226722201
0.000142,0.000142,1.0737985122,0.7516589585,14.9735464897
0.000142,0.000142,1.0737985122,0.7516589585,20.9096286705
0.000142,0.000142,1.0737985122,0.7516589585,29.1989991443
0.000142,0.000142,1.0737985122,0.7516589585,40.7745907144
0.000142,0.000142,1.0737985122,0.7516589585,56.9391861586
0.000142,0.000142,1.0737985122,0.7516589585,79.5120407981
0.000142,0.000142,1.0737985122,0.7516589585,111.0336318168
0.000142,0.000142,1.0737985122,0.7516589585,155.0515779833
0.000142,0.000142,1.0737985122,0.7516589585,216.5199088036
0.000142,0.000142,1.0737985122,0.7516589585,302.3566191205
0.000142,0.000142,1.0737985122,0.7516589585,422.2222595195
0.000142,0.000142,1.0737985122,0.7516589585,589.6071895242
0.000142,0.000142,1.0737985122,0.7516589585,823.3498592289
0.000142,0.000142,1.0737985122,0.7516589585,1149.7569953977
0.000142,0.000142,1.0737985122,0.7516589585,1605.5643098112
0.000142,0.000142,1.0737985122,0.7516589585,2242.0709447806
0.000142,0.000142,1.0737985122,0.7516589585,3130.912969796
0.000142,0.000142,1.0737985122,0.7516589585,4372.1257113904
0.000142,0.000142,1.0737985122,0.7516589585,6105.4022965853
0.000142,0.000142,1.0737985122,0.8053488841,0.1
0.000142,0.000142,1.0737985122,0.8053488841,0.1396437957
0.000142,0.000142,1.0737985122,0.8053488841,0.1950038968
0.000142,0.000142,1.0737985122,0.8053488841,0.2723108433
0.000142,0.000142,1.0737985122,0.8053488841,0.3802651977
0.000142,0.000142,1.0737985122,0.8053488841,0.5310167558
0.000142,0.000142,1.0737985122,0.8053488841,0.7415319537
0.000142,0.000142,1.0737985122,0.8053488841,1.0355033665
0.000142,0.000142,1.0737985122,0.8053488841,1.4460162057
0.000142,0.000142,1.0737985122,0.8053488841,2.0192719162
0.000142,0.000142,1.0737985122,0.8053488841,2.8197879494
0.000142,0.000142,1.0737985122,0.8053488841,3.9376589236
0.000142,0.000142,1.0737985122,0.8053488841,5.498696383
0.000142,0.000142,1.0737985122,0.8053488841,7.6785883437
0.000142,0.000142,1.0737985122,0.8053488841,10.7226722201
0.000142,0.000142,1.0737985122,0.8053488841,14.9735464897
0.000142,0.000142,1.0737985122,0.8053488841,20.9096286705
0.000142,0.000142,1.0737985122,0.8053488841,29.1989991443
0.000142,0.000142,1.0737985122,0.8053488841,40.7745907144
0.000142,0.000142,1.0737985122,0.8053488841,56.9391861586
0.000142,0.000142,1.0737985122,0.8053488841,79.5120407981
0.000142,0.000142,1.0737985122,0.8053488841,111.0336318168
0.000142,0.000142,1.0737985122,0.8053488841,155.0515779833
0.000142,0.000142,1.0737985122,0.8053488841,216.5199088036
0.000142,0.000142,1.0737985122,0.8053488841,302.3566191205
0.000142,0.000142,1.0737985122,0.8053488841,422.2222595195
0.000142,0.000142,1.0737985122,0.8053488841,589.6071895242
0.000142,0.000142,1.0737985122,0.8053488841,823.3498592289
0.000142,0.000142,1.0737985122,0.8053488841,1149.7569953977
0.000142,0.000142,1.0737985122,0.8053488841,1605.5643098112
0.000142,0.000142,1.0737985122,0.8053488841,2242.0709447806
0.000142,0.000142,1.0737985122,0.8053488841,3130.912969796
0.000142,0.000142,1.0737985122,0.8053488841,4372.1257113904
0.000142,0.000142,1.0737985122,0.8053488841,6105.4022965853
0.000142,0.000142,1.0737985122,0.8590388097,0.1
0.000142,0.000142,1.0737985122,0.8590388097,0.1396437957
0.000142,0.000142,1.0737985122,0.8590388097,0.1950038968
0.000142,0.000142,1.0737985122,0.8590388097,0.2723108433
0.000142,0.000142,1.0737985122,0.8590388097,0.3802651977
0.000142,0.000142,1.0737985122,0.8590388097,0.5310167558
0.000142,0.000142,1.0737985122,0.8590388097,0.7415319537
0.000142,0.000142,1.0737985122,0.8590388097,1.0355033665
0.000142,0.000142,1.0737985122,0.8590388097,1.4460162057
0.000142,0.000142,1.0737985122,0.8590388097,2.0192719162
0.000142,0.000142,1.0737985122,0.8590388097,2.8197879494
0.000142,0.000142,1.0737985122,0.8590388097,3.9376589236
0.000142,0.000142,1.0737985122,0.8590388097,5.498696383
0.000142,0.000142,1.0737985122,0.8590388097,7.6785883437
0.000142,0.000142,1.0737985122,0.8590388097,10.7226722201
0.000142,0.000142,1.0737985122,0.8590388097,14.9735464897
0.000142,0.000142,1.0737985122,0.8590388097,20.9096286705
0.000142,0.000142,1.0737985122,0.8590388097,29.1989991443
0.000142,0.000142,1.0737985122,0.8590388097,40.7745907144
0.000142,0.000142,1.0737985122,0.8590388097,56.9391861586
0.000142,0.000142,1.0737985122,0.8590388097,79.5120407981
0.000142,0.000142,1.0737985122,0.8590388097,111.0336318168
0.000142,0.000142,1.0737985122,0.8590388097,155.0515779833
0.000142,0.000142,1.0737985122,0.8590388097,216.5199088036
0.000142,0.000142,1.0737985122,0.8590388097,302.3566191205
0.000142,0.000142,1.0737985122,0.8590388097,422.2222595195
0.000142,0.000142,1.0737985122,0.8590388097,589.6071895242
0.000142,0.000142,1.0737985122,0.8590388097,823.3498592289
0.000142,0.000142,1.0737985122,0.8590388097,1149.7569953977
0.000142,0.000142,1.0737985122,0.8590388097,1605.5643098112
0.000142,0.000142,1.0737985122,0.8590388097,2242.0709447806
0.000142,0.000142,1.0737985122,0.8590388097,3130.912969796
0.000142,0.000142,1.0737985122,0.8590388097,4372.1257113904
0.000142,0.000142,1.0737985122,0.8590388097,6105.4022965853
0.000142,0.000142,1.0737985122,0.9127287353,0.1
0.000142,0.000142,1.0737985122,0.9127287353,0.1396437957
0.000142,0.000142,1.0737985122,0.9127287353,0.1950038968
0.000142,0.000142,1.0737985122,0.9127287353,0.2723108433
0.000142,0.000142,1.0737985122,0.9127287353,0.3802651977
0.000142,0.000142,1.0737985122,0.9127287353,0.5310167558
0.000142,0.000142,1.0737985122,0.9127287353,0.7415319537
0.000142,0.000142,1.0737985122,0.9127287353,1.0355033665
0.000142,0.000142,1.0737985122,0.9127287353,1.4460162057
0.000142,0.000142,1.0737985122,0.9127287353,2.0192719162
0.000142,0.000142,1.0737985122,0.9127287353,2.8197879494
0.000142,0.000142,1.0737985122,0.9127287353,3.9376589236
0.000142,0.000142,1.0737985122,0.9127287353,5.498696383
0.000142,0.000142,1.0737985122,0.9127287353,7.6785883437
0.000142,0.000142,1.0737985122,0.9127287353,10.7226722201
0.000142,0.000142,1.0737985122,0.9127287353,14.9735464897
0.000142,0.000142,1.0737985122,0.9127287353,20.9096286705
0.000142,0.000142,1.0737985122,0.9127287353,29.1989991443
0.000142,0.000142,1.0737985122,0.9127287353,40.7745907144
0.000142,0.000142,1.0737985122,0.9127287353,56.9391861586
0.000142,0.000142,1.0737985122,0.9127287353,79.5120407981
0.000142,0.000142,1.0737985122,0.9127287353,111.0336318168
0.000142,0.000142,1.0737985122,0.9127287353,155.0515779833
0.000142,0.000142,1.0737985122,0.9127287353,216.5199088036
0.000142,0.000142,1.0737985122,0.9127287353,302.3566191205
0.000142,0.000142,1.0737985122,0.9127287353,422.2222595195
0.000142,0.000142,1.0737985122,0.9127287353,589.6071895242
0.000142,0.000142,1.0737985122,0.9127287353,823.3498592289
0.000142,0.000142,1.0737985122,0.9127287353,1149.7569953977
0.000142,0.000142,1.0737985122,0.9127287353,1605.5643098112
0.000142,0.000142,1.0737985122,0.9127287353,2242.0709447806
0.000142,0.000142,1.0737985122,0.9127287353,3130.912969796
0.000142,0.000142,1.0737985122,0.9127287353,4372.1257113904
0.000142,0.000142,1.0737985122,0.9127287353,6105.4022965853
0.000142,0.000142,1.0737985122,0.966418661,0.1
0.000142,0.000142,1.0737985122,0.966418661,0.1396437957
0.000142,0.000142,1.0737985122,0.966418661,0.1950038968
0.000142,0.000142,1.0737985122,0.966418661,0.2723108433
0.000142,0.000142,1.0737985122,0.966418661,0.3802651977
0.000142,0.000142,1.0737985122,0.966418661,0.5310167558
0.000142,0.000142,1.0737985122,0.966418661,0.7415319537
0.000142,0.000142,1.0737985122,0.966418661,1.0355033665
0.000142,0.000142,1.0737985122,0.966418661,1.4460162057
0.000142,0.000142,1.0737985122,0.966418661,2.0192719162
0.000142,0.000142,1.0737985122,0.966418661,2.8197879494
0.000142,0.000142,1.0737985122,0.966418661,3.9376589236
0.000142,0.000142,1.0737985122,0.966418661,5.498696383
0.000142,0.000142,1.0737985122,0.966418661,7.6785883437
0.000142,0.000142,1.0737985122,0.966418661,10.7226722201
0.000142,0.000142,1.0737985122,0.966418661,14.9735464897
0.000142,0.000142,1.0737985122,0.966418661,20.9096286705
0.000142,0.000142,1.0737985122,0.966418661,29.1989991443
0.000142,0.000142,1.0737985122,0.966418661,40.7745907144
0.000142,0.000142,1.0737985122,0.966418661,56.9391861586
0.000142,0.000142,1.0737985122,0.966418661,79.5120407981
0.000142,0.000142,1.0737985122,0.966418661,111.0336318168
0.000142,0.000142,1.0737985122,0.966418661,155.0515779833
0.000142,0.000142,1.0737985122,0.966418661,216.5199088036
0.000142,0.000142,1.0737985122,0.966418661,302.3566191205
0.000142,0.000142,1.0737985122,0.966418661,422.2222595195
0.000142,0.000142,1.0737985122,0.966418661,589.6071895242
0.000142,0.000142,1.0737985122,0.966418661,823.3498592289
0.000142,0.000142,1.0737985122,0.966418661,1149.7569953977
0.000142,0.000142,1.0737985122,0.966418661,1605.5643098112
0.000142,0.000142,1.0737985122,0.966418661,2242.0709447806
0.000142,0.000142,1.0737985122,0.966418661,3130.912969796
0.000142,0.000142,1.0737985122,0.966418661,4372.1257113904
0.000142,0.000142,1.0737985122,0.966418661,6105.4022965853
0.000142,0.000142,1.0737985122,1.0201085866,0.1
0.000142,0.000142,1.0737985122,1.0201085866,0.1396437957
0.000142,0.000142,1.0737985122,1.0201085866,0.1950038968
0.000142,0.000142,1.0737985122,1.0201085866,0.2723108433
0.000142,0.000142,1.0737985122,1.0201085866,0.3802651977
0.000142,0.000142,1.0737985122,1.0201085866,0.5310167558
0.000142,0.000142,1.0737985122,1.0201085866,0.7415319537
0.000142,0.000142,1.0737985122,1.0201085866,1.0355033665
0.000142,0.000142,1.0737985122,1.0201085866,1.4460162057
0.000142,0.000142,1.0737985122,1.0201085866,2.0192719162
0.000142,0.000142,1.0737985122,1.0201085866,2.8197879494
0.000142,0.000142,1.0737985122,1.0201085866,3.9376589236
0.000142,0.000142,1.0737985122,1.0201085866,5.498696383
0.000142,0.000142,1.0737985122,1.0201085866,7.6785883437
0.000142,0.000142,1.0737985122,1.0201085866,10.7226722201
0.000142,0.000142,1.0737985122,1.0201085866,14.9735464897
0.000142,0.000142,1.0737985122,1.0201085866,20.9096286705
0.000142,0.000142,1.0737985122,1.0201085866,29.1989991443
0.000142,0.000142,1.0737985122,1.0201085866,40.7745907144
0.000142,0.000142,1.0737985122,1.0201085866,56.9391861586
0.000142,0.000142,1.0737985122,1.0201085866,79.5120407981
0.000142,0.000142,1.0737985122,1.0201085866,111.0336318168
0.000142,0.000142,1.0737985122,1.0201085866,155.0515779833
0.000142,0.000142,1.0737985122,1.0201085866,216.5199088036
0.000142,0.000142,1.0737985122,1.0201085866,302.3566191205
0.000142,0.000142,1.0737985122,1.0201085866,422.2222595195
0.000142,0.000142,1.0737985122,1.0201085866,589.6071895242
0.000142,0.000142,1.0737985122,1.0201085866,823.3498592289
0.000142,0.000142,1.0737985122,1.0201085866,1149.7569953977
0.000142,0.000142,1.0737985122,1.0201085866,1605.5643098112
0.000142,0.000142,1.0737985122,1.0201085866,2242.0709447806
0.000142,0.000142,1.0737985122,1.0201085866,3130.912969796
0.000142,0.000142,1.0737985122,1.0201085866,4372.1257113904
0.000142,0.000142,1.0737985122,1.0201085866,6105.4022965853
0.000142,0.000142,1.0737985122,1.0630605271,0.1
0.000142,0.000142,1.0737985122,1.0630605271,0.1396437957
0.000142,0.000142,1.0737985122,1.0630605271,0.1950038968
0.000142,0.000142,1.0737985122,1.0630605271,0.2723108433
0.000142,0.000142,1.0737985122,1.0630605271,0.3802651977
0.000142,0.000142,1.0737985122,1.0630605271,0.5310167558
0.000142,0.000142,1.0737985122,1.0630605271,0.7415319537
0.000142,0.000142,1.0737985122,1.0630605271,1.0355033665
0.000142,0.000142,1.0737985122,1.0630605271,1.4460162057
0.000142,0.000142,1.0737985122,1.0630605271,2.0192719162
0.000142,0.000142,1.0737985122,1.0630605271,2.8197879494
0.000142,0.000142,1.0737985122,1.0630605271,3.9376589236
0.000142,0.000142,1.0737985122,1.0630605271,5.498696383
0.000142,0.000142,1.0737985122,1.0630605271,7.6785883437
0.000142,0.000142,1.0737985122,1.0630605271,10.7226722201
0.000142,0.000142,1.0737985122,1.0630605271,14.9735464897
0.000142,0.000142,1.0737985122,1.0630605271,20.9096286705
0.000142,0.000142,1.0737985122,1.0630605271,29.1989991443
0.000142,0.000142,1.0737985122,1.0630605271,40.7745907144
0.000142,0.000142,1.0737985122,1.0630605271,56.9391861586
0.000142,0.000142,1.0737985122,1.0630605271,79.5120407981
0.000142,0.000142,1.0737985122,1.0630605271,111.0336318168
0.000142,0.000142,1.0737985122,1.0630605271,155.0515779833
0.000142,0.000142,1.0737985122,1.0630605271,216.5199088036
0.000142,0.000142,1.0737985122,1.0630605271,302.3566191205
0.000142,0.000142,1.0737985122,1.0630605271,422.2222595195
0.000142,0.000142,1.0737985122,1.0630605271,589.6071895242
0.000142,0.000142,1.0737985122,1.0630605271,823.3498592289
0.000142,0.000142,1.0737985122,1.0630605271,1149.7569953977
0.000142,0.000142,1.0737985122,1.0630605271,1605.5643098112
0.000142,0.000142,1.0737985122,1.0630605271,2242.0709447806
0.000142,0.000142,1.0737985122,1.0630605271,3130.912969796
0.000142,0.000142,1.0737985122,1.0630605271,4372.1257113904
0.000142,0.000142,1.0737985122,1.0630605271,6105.4022965853
0.000142,0.000142,1.1961425097,0.119614251,0.1
0.000142,0.000142,1.1961425097,0.119614251,0.1396437957
0.000142,0.000142,1.1961425097,0.119614251,0.1950038968
0.000142,0.000142,1.1961425097,0.119614251,0.2723108433
0.000142,0.000142,1.1961425097,0.119614251,0.3802651977
0.000142,0.000142,1.1961425097,0.119614251,0.5310167558
0.000142,0.000142,1.1961425097,0.119614251,0.7415319537
0.000142,0.000142,1.1961425097,0.119614251,1.0355033665
0.000142,0.000142,1.1961425097,0.119614251,1.4460162057
0.000142,0.000142,1.1961425097,0.119614251,2.0192719162
0.000142,0.000142,1.1961425097,0.119614251,2.8197879494
0.000142,0.000142,1.1961425097,0.119614251,3.9376589236
0.000142,0.000142,1.1961425097,0.119614251,5.498696383
0.000142,0.000142,1.1961425097,0.119614251,7.6785883437
0.000142,0.000142,1.1961425097,0.119614251,10.7226722201
0.000142,0.000142,1.1961425097,0.119614251,14.9735464897
0.000142,0.000142,1.1961425097,0.119614251,20.9096286705
0.000142,0.000142,1.1961425097,0.119614251,29.1989991443
0.000142,0.000142,1.1961425097,0.119614251,40.7745907144
0.000142,0.000142,1.1961425097,0.119614251,56.9391861586
0.000142,0.000142,1.1961425097,0.119614251,79.5120407981
0.000142,0.000142,1.1961425097,0.119614251,111.0336318168
0.000142,0.000142,1.1961425097,0.119614251,155.0515779833
0.000142,0.000142,1.1961425097,0.119614251,216.5199088036
0.000142,0.000142,1.1961425097,0.119614251,302.3566191205
0.000142,0.000142,1.1961425097,0.119614251,422.2222595195
0.000142,0.000142,1.1961425097,0.119614251,589.6071895242
0.000142,0.000142,1.1961425097,0.119614251,823.3498592289
0.000142,0.000142,1.1961425097,0.119614251,1149.7569953977
0.000142,0.000142,1.1961425097,0.119614251,1605.5643098112
0.000142,0.000142,1.1961425097,0.119614251,2242.0709447806
0.000142,0.000142,1.1961425097,0.119614251,3130.912969796
0.000142,0.000142,1.1961425097,0.119614251,4372.1257113904
0.000142,0.000142,1.1961425097,0.119614251,6105.4022965853
0.000142,0.000142,1.1961425097,0.1794213765,0.1
0.000142,0.000142,1.1961425097,0.1794213765,0.1396437957
0.000142,0.000142,1.1961425097,0.1794213765,0.1950038968
0.000142,0.000142,1.1961425097,0.1794213765,0.2723108433
0.000142,0.000142,1.1961425097,0.1794213765,0.3802651977
0.000142,0.000142,1.1961425097,0.1794213765,0.5310167558
0.000142,0.000142,1.1961425097,0.1794213765,0.7415319537
0.000142,0.000142,1.1961425097,0.1794213765,1.0355033665
0.000142,0.000142,1.1961425097,0.1794213765,1.4460162057
0.000142,0.000142,1.1961425097,0.1794213765,2.0192719162
0.000142,0.000142,1.1961425097,0.1794213765,2.8197879494
0.000142,0.000142,1.1961425097,0.1794213765,3.9376589236
0.000142,0.000142,1.1961425097,0.1794213765,5.498696383
0.000142,0.000142,1.1961425097,0.1794213765,7.6785883437
0.000142,0.000142,1.1961425097,0.1794213765,10.7226722201
0.000142,0.000142,1.1961425097,0.1794213765,14.9735464897
0.000142,0.000142,1.1961425097,0.1794213765,20.9096286705
0.000142,0.000142,1.1961425097,0.1794213765,29.1989991443
0.000142,0.000142,1.1961425097,0.1794213765,40.7745907144
0.000142,0.000142,1.1961425097,0.1794213765,56.9391861586
0.000142,0.000142,1.1961425097,0.1794213765,79.5120407981
0.000142,0.000142,1.1961425097,0.1794213765,111.0336318168
0.000142,0.000142,1.1961425097,0.1794213765,155.0515779833
0.000142,0.000142,1.1961425097,0.1794213765,216.5199088036
0.000142,0.000142,1.1961425097,0.1794213765,302.3566191205
0.000142,0.000142,1.1961425097,0.1794213765,422.2222595195
0.000142,0.000142,1.1961425097,0.1794213765,589.6071895242
0.000142,0.000142,1.1961425097,0.1794213765,823.3498592289
0.000142,0.000142,1.1961425097,0.1794213765,1149.7569953977
0.000142,0.000142,1.1961425097,0.1794213765,1605.5643098112
0.000142,0.000142,1.1961425097,0.1794213765,2242.0709447806
0.000142,0.000142,1.1961425097,0.1794213765,3130.912969796
0.000142,0.000142,1.1961425097,0.1794213765,4372.1257113904
0.000142,0.000142,1.1961425097,0.1794213765,6105.4022965853
0.000142,0.000142,1.1961425097,0.2392285019,0.1
0.000142,0.000142,1.1961425097,0.2392285019,0.1396437957
0.000142,0.000142,1.1961425097,0.2392285019,0.1950038968
0.000142,0.000142,1.1961425097,0.2392285019,0.2723108433
0.000142,0.000142,1.1961425097,0.2392285019,0.3802651977
0.000142,0.000142,1.1961425097,0.2392285019,0.5310167558
0.000142,0.000142,1.1961425097,0.2392285019,0.7415319537
0.000142,0.000142,1.1961425097,0.2392285019,1.0355033665
0.000142,0.000142,1.1961425097,0.2392285019,1.4460162057
0.000142,0.000142,1.1961425097,0.2392285019,2.0192719162
0.000142,0.000142,1.1961425097,0.2392285019,2.8197879494
0.000142,0.000142,1.1961425097,0.2392285019,3.9376589236
0.000142,0.000142,1.1961425097,0.2392285019,5.498696383
0.000142,0.000142,1.1961425097,0.2392285019,7.6785883437
0.000142,0.000142,1.1961425097,0.2392285019,10.7226722201
0.000142,0.000142,1.1961425097,0.2392285019,14.9735464897
0.000142,0.000142,1.1961425097,0.2392285019,20.9096286705
0.000142,0.000142,1.1961425097,0.2392285019,29.1989991443
0.000142,0.000142,1.1961425097,0.2392285019,40.7745907144
0.000142,0.000142,1.1961425097,0.2392285019,56.9391861586
0.000142,0.000142,1.1961425097,0.2392285019,79.5120407981
0.000142,0.000142,1.1961425097,0.2392285019,111.0336318168
0.000142,0.000142,1.1961425097,0.2392285019,155.0515779833
0.000142,0.000142,1.1961425097,0.2392285019,216.5199088036
0.000142,0.000142,1.1961425097,0.2392285019,302.3566191205
0.000142,0.000142,1.1961425097,0.2392285019,422.2222595195
0.000142,0.000142,1.1961425097,0.2392285019,589.6071895242
0.000142,0.000142,1.1961425097,0.2392285019,823.3498592289
0.000142,0.000142,1.1961425097,0.2392285019,1149.7569953977
0.000142,0.000142,1.1961425097,0.2392285019,1605.5643098112
0.000142,0.000142,1.1961425097,0.2392285019,2242.0709447806
0.000142,0.000142,1.1961425097,0.2392285019,3130.912969796
0.000142,0.000142,1.1961425097,0.2392285019,4372.1257113904
0.000142,0.000142,1.1961425097,0.2392285019,6105.4022965853
0.000142,0.000142,1.1961425097,0.2990356274,0.1
0.000142,0.000142,1.1961425097,0.2990356274,0.1396437957
0.000142,0.000142,1.1961425097,0.2990356274,0.1950038968
0.000142,0.000142,1.1961425097,0.2990356274,0.2723108433
0.000142,0.000142,1.1961425097,0.2990356274,0.3802651977
0.000142,0.000142,1.1961425097,0.2990356274,0.5310167558
0.000142,0.000142,1.1961425097,0.2990356274,0.7415319537
0.000142,0.000142,1.1961425097,0.2990356274,1.0355033665
0.000142,0.000142,1.1961425097,0.2990356274,1.4460162057
0.000142,0.000142,1.1961425097,0.2990356274,2.0192719162
0.000142,0.000142,1.1961425097,0.2990356274,2.8197879494
0.000142,0.000142,1.1961425097,0.2990356274,3.9376589236
0.000142,0.000142,1.1961425097,0.2990356274,5.498696383
0.000142,0.000142,1.1961425097,0.2990356274,7.6785883437
0.000142,0.000142,1.1961425097,0.2990356274,10.7226722201
0.000142,0.000142,1.1961425097,0.2990356274,14.9735464897
0.000142,0.000142,1.1961425097,0.2990356274,20.9096286705
0.000142,0.000142,1.1961425097,0.2990356274,29.1989991443
0.000142,0.000142,1.1961425097,0.2990356274,40.7745907144
0.000142,0.000142,1.1961425097,0.2990356274,56.9391861586
0.000142,0.000142,1.1961425097,0.2990356274,79.5120407981
0.000142,0.000142,1.1961425097,0.2990356274,111.0336318168
0.000142,0.000142,1.1961425097,0.2990356274,155.0515779833
0.000142,0.000142,1.1961425097,0.2990356274,216.5199088036
0.000142,0.000142,1.1961425097,0.2990356274,302.3566191205
0.000142,0.000142,1.1961425097,0.2990356274,422.2222595195
0.000142,0.000142,1.1961425097,0.2990356274,589.6071895242
0.000142,0.000142,1.1961425097,0.2990356274,823.3498592289
0.000142,0.000142,1.1961425097,0.2990356274,1149.7569953977
0.000142,0.000142,1.1961425097,0.2990356274,1605.5643098112
0.000142,0.000142,1.1961425097,0.2990356274,2242.0709447806
0.000142,0.000142,1.1961425097,0.2990356274,3130.912969796
0.000142,0.000142,1.1961425097,0.2990356274,4372.1257113904
0.000142,0.000142,1.1961425097,0.2990356274,6105.4022965853
0.000142,0.000142,1.1961425097,0.3588427529,0.1
0.000142,0.000142,1.1961425097,0.3588427529,0.1396437957
0.000142,0.000142,1.1961425097,0.3588427529,0.1950038968
0.000142,0.000142,1.1961425097,0.3588427529,0.2723108433
0.000142,0.000142,1.1961425097,0.3588427529,0.3802651977
0.000142,0.000142,1.1961425097,0.3588427529,0.5310167558
0.000142,0.000142,1.1961425097,0.3588427529,0.7415319537
0.000142,0.000142,1.1961425097,0.3588427529,1.0355033665
0.000142,0.000142,1.1961425097,0.3588427529,1.4460162057
0.000142,0.000142,1.1961425097,0.3588427529,2.0192719162
0.000142,0.000142,1.1961425097,0.3588427529,2.8197879494
0.000142,0.000142,1.1961425097,0.3588427529,3.9376589236
0.000142,0.000142,1.1961425097,0.3588427529,5.498696383
0.000142,0.000142,1.1961425097,0.3588427529,7.6785883437
0.000142,0.000142,1.1961425097,0.3588427529,10.7226722201
0.000142,0.000142,1.1961425097,0.3588427529,14.9735464897
0.000142,0.000142,1.1961425097,0.3588427529,20.9096286705
0.000142,0.000142,1.1961425097,0.3588427529,29.1989991443
0.000142,0.000142,1.1961425097,0.3588427529,40.7745907144
0.000142,0.000142,1.1961425097,0.3588427529,56.9391861586
0.000142,0.000142,1.1961425097,0.3588427529,79.5120407981
0.000142,0.000142,1.1961425097,0.3588427529,111.0336318168
0.000142,0.000142,1.1961425097,0.3588427529,155.0515779833
0.000142,0.000142,1.1961425097,0.3588427529,216.5199088036
0.000142,0.000142,1.1961425097,0.3588427529,302.3566191205
0.000142,0.000142,1.1961425097,0.3588427529,422.2222595195
0.000142,0.000142,1.1961425097,0.3588427529,589.6071895242
0.000142,0.000142,1.1961425097,0.3588427529,823.3498592289
0.000142,0.000142,1.1961425097,0.3588427529,1149.7569953977
0.000142,0.000142,1.1961425097,0.3588427529,1605.5643098112
0.000142,0.000142,1.1961425097,0.3588427529,2242.0709447806
0.000142,0.000142,1.1961425097,0.3588427529,3130.912969796
0.000142,0.000142,1.1961425097,0.3588427529,4372.1257113904
0.000142,0.000142,1.1961425097,0.3588427529,6105.4022965853
0.000142,0.000142,1.1961425097,0.4186498784,0.1
0.000142,0.000142,1.1961425097,0.4186498784,0.1396437957
0.000142,0.000142,1.1961425097,0.4186498784,0.1950038968
0.000142,0.000142,1.1961425097,0.4186498784,0.2723108433
0.000142,0.000142,1.1961425097,0.4186498784,0.3802651977
0.000142,0.000142,1.1961425097,0.4186498784,0.5310167558
0.000142,0.000142,1.1961425097,0.4186498784,0.7415319537
0.000142,0.000142,1.1961425097,0.4186498784,1.0355033665
0.000142,0.000142,1.1961425097,0.4186498784,1.4460162057
0.000142,0.000142,1.1961425097,0.4186498784,2.0192719162
0.000142,0.000142,1.1961425097,0.4186498784,2.8197879494
0.000142,0.000142,1.1961425097,0.4186498784,3.9376589236
0.000142,0.000142,1.1961425097,0.4186498784,5.498696383
0.000142,0.000142,1.1961425097,0.4186498784,7.6785883437
0.000142,0.000142,1.1961425097,0.4186498784,10.7226722201
0.000142,0.000142,1.1961425097,0.4186498784,14.9735464897
0.000142,0.000142,1.1961425097,0.4186498784,20.9096286705
0.000142,0.000142,1.1961425097,0.4186498784,29.1989991443
0.000142,0.000142,1.1961425097,0.4186498784,40.7745907144
0.000142,0.000142,1.1961425097,0.4186498784,56.9391861586
0.000142,0.000142,1.1961425097,0.4186498784,79.5120407981
0.000142,0.000142,1.1961425097,0.4186498784,111.0336318168
0.000142,0.000142,1.1961425097,0.4186498784,155.0515779833
0.000142,0.000142,1.1961425097,0.4186498784,216.5199088036
0.000142,0.000142,1.1961425097,0.4186498784,302.3566191205
0.000142,0.000142,1.1961425097,0.4186498784,422.2222595195
0.000142,0.000142,1.1961425097,0.4186498784,589.6071895242
0.000142,0.000142,1.1961425097,0.4186498784,823.3498592289
0.000142,0.000142,1.1961425097,0.4186498784,1149.7569953977
0.000142,0.000142,1.1961425097,0.4186498784,1605.5643098112
0.000142,0.000142,1.1961425097,0.4186498784,2242.0709447806
0.000142,0.000142,1.1961425097,0.4186498784,3130.912969796
0.000142,0.000142,1.1961425097,0.4186498784,4372.1257113904
0.000142,0.000142,1.1961425097,0.4186498784,6105.4022965853
0.000142,0.000142,1.1961425097,0.4784570039,0.1
0.000142,0.000142,1.1961425097,0.4784570039,0.1396437957
0.000142,0.000142,1.1961425097,0.4784570039,0.1950038968
0.000142,0.000142,1.1961425097,0.4784570039,0.2723108433
0.000142,0.000142,1.1961425097,0.4784570039,0.3802651977
0.000142,0.000142,1.1961425097,0.4784570039,0.5310167558
0.000142,0.000142,1.1961425097,0.4784570039,0.7415319537
0.000142,0.000142,1.1961425097,0.4784570039,1.0355033665
0.000142,0.000142,1.1961425097,0.4784570039,1.4460162057
0.000142,0.000142,1.1961425097,0.4784570039,2.0192719162
0.000142,0.000142,1.1961425097,0.4784570039,2.8197879494
0.000142,0.000142,1.1961425097,0.4784570039,3.9376589236
0.000142,0.000142,1.1961425097,0.4784570039,5.498696383
0.000142,0.000142,1.1961425097,0.4784570039,7.6785883437
0.000142,0.000142,1.1961425097,0.4784570039,10.7226722201
0.000142,0.000142,1.1961425097,0.4784570039,14.9735464897
0.000142,0.000142,1.1961425097,0.4784570039,20.9096286705
0.000142,0.000142,1.1961425097,0.4784570039,29.1989991443
0.000142,0.000142,1.1961425097,0.4784570039,40.7745907144
0.000142,0.000142,1.1961425097,0.4784570039,56.9391861586
0.000142,0.000142,1.1961425097,0.4784570039,79.5120407981
0.000142,0.000142,1.1961425097,0.4784570039,111.0336318168
0.000142,0.000142,1.1961425097,0.4784570039,155.0515779833
0.000142,0.000142,1.1961425097,0.4784570039,216.5199088036
0.000142,0.000142,1.1961425097,0.4784570039,302.3566191205
0.000142,0.000142,1.1961425097,0.4784570039,422.2222595195
0.000142,0.000142,1.1961425097,0.4784570039,589.6071895242
0.000142,0.000142,1.1961425097,0.4784570039,823.3498592289
0.000142,0.000142,1.1961425097,0.4784570039,1149.7569953977
0.000142,0.000142,1.1961425097,0.4784570039,1605.5643098112
0.000142,0.000142,1.1961425097,0.4784570039,2242.0709447806
0.000142,0.000142,1.1961425097,0.4784570039,3130.912969796
0.000142,0.000142,1.1961425097,0.4784570039,4372.1257113904
0.000142,0.000142,1.1961425097,0.4784570039,6105.4022965853
0.000142,0.000142,1.1961425097,0.5382641294,0.1
0.000142,0.000142,1.1961425097,0.5382641294,0.1396437957
0.000142,0.000142,1.1961425097,0.5382641294,0.1950038968
0.000142,0.000142,1.1961425097,0.5382641294,0.2723108433
0.000142,0.000142,1.1961425097,0.5382641294,0.3802651977
0.000142,0.000142,1.1961425097,0.5382641294,0.5310167558
0.000142,0.000142,1.1961425097,0.5382641294,0.7415319537
0.000142,0.000142,1.1961425097,0.5382641294,1.0355033665
0.000142,0.000142,1.1961425097,0.5382641294,1.4460162057
0.000142,0.000142,1.1961425097,0.5382641294,2.0192719162
0.000142,0.000142,1.1961425097,0.5382641294,2.8197879494
0.000142,0.000142,1.1961425097,0.5382641294,3.9376589236
0.000142,0.000142,1.1961425097,0.5382641294,5.498696383
0.000142,0.000142,1.1961425097,0.5382641294,7.6785883437
0.000142,0.000142,1.1961425097,0.5382641294,10.7226722201
0.000142,0.000142,1.1961425097,0.5382641294,14.9735464897
0.000142,0.000142,1.1961425097,0.5382641294,20.9096286705
0.000142,0.000142,1.1961425097,0.5382641294,29.1989991443
0.000142,0.000142,1.1961425097,0.5382641294,40.7745907144
0.000142,0.000142,1.1961425097,0.5382641294,56.9391861586
0.000142,0.000142,1.1961425097,0.5382641294,79.5120407981
0.000142,0.000142,1.1961425097,0.5382641294,111.0336318168
0.000142,0.000142,1.1961425097,0.5382641294,155.0515779833
0.000142,0.000142,1.1961425097,0.5382641294,216.5199088036
0.000142,0.000142,1.1961425097,0.5382641294,302.3566191205
0.000142,0.000142,1.1961425097,0.5382641294,422.2222595195
0.000142,0.000142,1.1961425097,0.5382641294,589.6071895242
0.000142,0.000142,1.1961425097,0.5382641294,823.3498592289
0.000142,0.000142,1.1961425097,0.5382641294,1149.7569953977
0.000142,0.000142,1.1961425097,0.5382641294,1605.5643098112
0.000142,0.000142,1.1961425097,0.5382641294,2242.0709447806
0.000142,0.000142,1.1961425097,0.5382641294,3130.912969796
0.000142,0.000142,1.1961425097,0.5382641294,4372.1257113904
0.000142,0.000142,1.1961425097,0.5382641294,6105.4022965853
0.000142,0.000142,1.1961425097,0.5980712549,0.1
0.000142,0.000142,1.1961425097,0.5980712549,0.1396437957
0.000142,0.000142,1.1961425097,0.5980712549,0.1950038968
0.000142,0.000142,1.1961425097,0.5980712549,0.2723108433
0.000142,0.000142,1.1961425097,0.5980712549,0.3802651977
0.000142,0.000142,1.1961425097,0.5980712549,0.5310167558
0.000142,0.000142,1.1961425097,0.5980712549,0.7415319537
0.000142,0.000142,1.1961425097,0.5980712549,1.0355033665
0.000142,0.000142,1.1961425097,0.5980712549,1.4460162057
0.000142,0.000142,1.1961425097,0.5980712549,2.0192719162
0.000142,0.000142,1.1961425097,0.5980712549,2.8197879494
0.000142,0.000142,1.1961425097,0.5980712549,3.9376589236
0.000142,0.000142,1.1961425097,0.5980712549,5.498696383
0.000142,0.000142,1.1961425097,0.5980712549,7.6785883437
0.000142,0.000142,1.1961425097,0.5980712549,10.7226722201
0.000142,0.000142,1.1961425097,0.5980712549,14.9735464897
0.000142,0.000142,1.1961425097,0.5980712549,20.9096286705
0.000142,0.000142,1.1961425097,0.5980712549,29.1989991443
0.000142,0.000142,1.1961425097,0.5980712549,40.7745907144
0.000142,0.000142,1.1961425097,0.5980712549,56.9391861586
0.000142,0.000142,1.1961425097,0.5980712549,79.5120407981
0.000142,0.000142,1.1961425097,0.5980712549,111.0336318168
0.000142,0.000142,1.1961425097,0.5980712549,155.0515779833
0.000142,0.000142,1.1961425097,0.5980712549,216.5199088036
0.000142,0.000142,1.1961425097,0.5980712549,302.3566191205
0.000142,0.000142,1.1961425097,0.5980712549,422.2222595195
0.000142,0.000142,1.1961425097,0.5980712549,589.6071895242
0.000142,0.000142,1.1961425097,0.5980712549,823.3498592289
0.000142,0.000142,1.1961425097,0.5980712549,1149.7569953977
0.000142,0.000142,1.1961425097,0.5980712549,1605.5643098112
0.000142,0.000142,1.1961425097,0.5980712549,2242.0709447806
0.000142,0.000142,1.1961425097,0.5980712549,3130.912969796
0.000142,0.000142,1.1961425097,0.5980712549,4372.1257113904
0.000142,0.000142,1.1961425097,0.5980712549,6105.4022965853
0.000142,0.000142,1.1961425097,0.6578783804,0.1
0.000142,0.000142,1.1961425097,0.6578783804,0.1396437957
0.000142,0.000142,1.1961425097,0.6578783804,0.1950038968
0.000142,0.000142,1.1961425097,0.6578783804,0.2723108433
0.000142,0.000142,1.1961425097,0.6578783804,0.3802651977
0.000142,0.000142,1.1961425097,0.6578783804,0.5310167558
0.000142,0.000142,1.1961425097,0.6578783804,0.7415319537
0.000142,0.000142,1.1961425097,0.6578783804,1.0355033665
0.000142,0.000142,1.1961425097,0.6578783804,1.4460162057
0.000142,0.000142,1.1961425097,0.6578783804,2.0192719162
0.000142,0.000142,1.1961425097,0.6578783804,2.8197879494
0.000142,0.000142,1.1961425097,0.6578783804,3.9376589236
0.000142,0.000142,1.1961425097,0.6578783804,5.498696383
0.000142,0.000142,1.1961425097,0.6578783804,7.6785883437
0.000142,0.000142,1.1961425097,0.6578783804,10.7226722201
0.000142,0.000142,1.1961425097,0.6578783804,14.9735464897
0.000142,0.000142,1.1961425097,0.6578783804,20.9096286705
0.000142,0.000142,1.1961425097,0.6578783804,29.1989991443
0.000142,0.000142,1.1961425097,0.6578783804,40.7745907144
0.000142,0.000142,1.1961425097,0.6578783804,56.9391861586
0.000142,0.000142,1.1961425097,0.6578783804,79.5120407981
0.000142,0.000142,1.1961425097,0.6578783804,111.0336318168
0.000142,0.000142,1.1961425097,0.6578783804,155.0515779833
0.000142,0.000142,1.1961425097,0.6578783804,216.5199088036
0.000142,0.000142,1.1961425097,0.6578783804,302.3566191205
0.000142,0.000142,1.1961425097,0.6578783804,422.2222595195
0.000142,0.000142,1.1961425097,0.6578783804,589.6071895242
0.000142,0.000142,1.1961425097,0.6578783804,823.3498592289
0.000142,0.000142,1.1961425097,0.6578783804,1149.7569953977
0.000142,0.000142,1.1961425097,0.6578783804,1605.5643098112
0.000142,0.000142,1.1961425097,0.6578783804,2242.0709447806
0.000142,0.000142,1.1961425097,0.6578783804,3130.912969796
0.000142,0.000142,1.1961425097,0.6578783804,4372.1257113904
0.000142,0.000142,1.1961425097,0.6578783804,6105.4022965853
0.000142,0.000142,1.1961425097,0.7176855058,0.1
0.000142,0.000142,1.1961425097,0.7176855058,0.1396437957
0.000142,0.000142,1.1961425097,0.7176855058,0.1950038968
0.000142,0.000142,1.1961425097,0.7176855058,0.2723108433
0.000142,0.000142,1.1961425097,0.7176855058,0.3802651977
0.000142,0.000142,1.1961425097,0.7176855058,0.5310167558
0.000142,0.000142,1.1961425097,0.7176855058,0.7415319537
0.000142,0.000142,1.1961425097,0.7176855058,1.0355033665
0.000142,0.000142,1.1961425097,0.7176855058,1.4460162057
0.000142,0.000142,1.1961425097,0.7176855058,2.0192719162
0.000142,0.000142,1.1961425097,0.7176855058,2.8197879494
0.000142,0.000142,1.1961425097,0.7176855058,3.9376589236
0.000142,0.000142,1.1961425097,0.7176855058,5.498696383
0.000142,0.000142,1.1961425097,0.7176855058,7.6785883437
0.000142,0.000142,1.1961425097,0.7176855058,10.7226722201
0.000142,0.000142,1.1961425097,0.7176855058,14.9735464897
0.000142,0.000142,1.1961425097,0.7176855058,20.9096286705
0.000142,0.000142,1.1961425097,0.7176855058,29.1989991443
0.000142,0.000142,1.1961425097,0.7176855058,40.7745907144
0.000142,0.000142,1.1961425097,0.7176855058,56.9391861586
0.000142,0.000142,1.1961425097,0.7176855058,79.5120407981
0.000142,0.000142,1.1961425097,0.7176855058,111.0336318168
0.000142,0.000142,1.1961425097,0.7176855058,155.0515779833
0.000142,0.000142,1.1961425097,0.7176855058,216.5199088036
0.000142,0.000142,1.1961425097,0.7176855058,302.3566191205
0.000142,0.000142,1.1961425097,0.7176855058,422.2222595195
0.000142,0.000142,1.1961425097,0.7176855058,589.6071895242
0.000142,0.000142,1.1961425097,0.7176855058,823.3498592289
0.000142,0.000142,1.1961425097,0.7176855058,1149.7569953977
0.000142,0.000142,1.1961425097,0.7176855058,1605.5643098112
0.000142,0.000142,1.1961425097,0.7176855058,2242.0709447806
0.000142,0.000142,1.1961425097,0.7176855058,3130.912969796
0.000142,0.000142,1.1961425097,0.7176855058,4372.1257113904
0.000142,0.000142,1.1961425097,0.7176855058,6105.4022965853
0.000142,0.000142,1.1961425097,0.7774926313,0.1
0.000142,0.000142,1.1961425097,0.7774926313,0.1396437957
0.000142,0.000142,1.1961425097,0.7774926313,0.1950038968
0.000142,0.000142,1.1961425097,0.7774926313,0.2723108433
0.000142,0.000142,1.1961425097,0.7774926313,0.3802651977
0.000142,0.000142,1.1961425097,0.7774926313,0.5310167558
0.000142,0.000142,1.1961425097,0.7774926313,0.7415319537
0.000142,0.000142,1.1961425097,0.7774926313,1.0355033665
0.000142,0.000142,1.1961425097,0.7774926313,1.4460162057
0.000142,0.000142,1.1961425097,0.7774926313,2.0192719162
0.000142,0.000142,1.1961425097,0.7774926313,2.8197879494
0.000142,0.000142,1.1961425097,0.7774926313,3.9376589236
0.000142,0.000142,1.1961425097,0.7774926313,5.498696383
0.000142,0.000142,1.1961425097,0.7774926313,7.6785883437
0.000142,0.000142,1.1961425097,0.7774926313,10.7226722201
0.000142,0.000142,1.1961425097,0.7774926313,14.9735464897
0.000142,0.000142,1.1961425097,0.7774926313,20.9096286705
0.000142,0.000142,1.1961425097,0.7774926313,29.1989991443
0.000142,0.000142,1.1961425097,0.7774926313,40.7745907144
0.000142,0.000142,1.1961425097,0.7774926313,56.9391861586
0.000142,0.000142,1.1961425097,0.7774926313,79.5120407981
0.000142,0.000142,1.1961425097,0.7774926313,111.0336318168
0.000142,0.000142,1.1961425097,0.7774926313,155.0515779833
0.000142,0.000142,1.1961425097,0.7774926313,216.5199088036
0.000142,0.000142,1.1961425097,0.7774926313,302.3566191205
0.000142,0.000142,1.1961425097,0.7774926313,422.2222595195
0.000142,0.000142,1.1961425097,0.7774926313,589.6071895242
0.000142,0.000142,1.1961425097,0.7774926313,823.3498592289
0.000142,0.000142,1.1961425097,0.7774926313,1149.7569953977
0.000142,0.000142,1.1961425097,0.7774926313,1605.5643098112
0.000142,0.000142,1.1961425097,0.7774926313,2242.0709447806
0.000142,0.000142,1.1961425097,0.7774926313,3130.912969796
0.000142,0.000142,1.1961425097,0.7774926313,4372.1257113904
0.000142,0.000142,1.1961425097,0.7774926313,6105.4022965853
0.000142,0.000142,1.1961425097,0.8372997568,0.1
0.000142,0.000142,1.1961425097,0.8372997568,0.1396437957
0.000142,0.000142,1.1961425097,0.8372997568,0.1950038968
0.000142,0.000142,1.1961425097,0.8372997568,0.2723108433
0.000142,0.000142,1.1961425097,0.8372997568,0.3802651977
0.000142,0.000142,1.1961425097,0.8372997568,0.5310167558
0.000142,0.000142,1.1961425097,0.8372997568,0.7415319537
0.000142,0.000142,1.1961425097,0.8372997568,1.0355033665
0.000142,0.000142,1.1961425097,0.8372997568,1.4460162057
0.000142,0.000142,1.1961425097,0.8372997568,2.0192719162
0.000142,0.000142,1.1961425097,0.8372997568,2.8197879494
0.000142,0.000142,1.1961425097,0.8372997568,3.9376589236
0.000142,0.000142,1.1961425097,0.8372997568,5.498696383
0.000142,0.000142,1.1961425097,0.8372997568,7.6785883437
0.000142,0.000142,1.1961425097,0.8372997568,10.7226722201
0.000142,0.000142,1.1961425097,0.8372997568,14.9735464897
0.000142,0.000142,1.1961425097,0.8372997568,20.9096286705
0.000142,0.000142,1.1961425097,0.8372997568,29.1989991443
0.000142,0.000142,1.1961425097,0.8372997568,40.7745907144
0.000142,0.000142,1.1961425097,0.8372997568,56.9391861586
0.000142,0.000142,1.1961425097,0.8372997568,79.5120407981
0.000142,0.000142,1.1961425097,0.8372997568,111.0336318168
0.000142,0.000142,1.1961425097,0.8372997568,155.0515779833
0.000142,0.000142,1.1961425097,0.8372997568,216.5199088036
0.000142,0.000142,1.1961425097,0.8372997568,302.3566191205
0.000142,0.000142,1.1961425097,0.8372997568,422.2222595195
0.000142,0.000142,1.1961425097,0.8372997568,589.6071895242
0.000142,0.000142,1.1961425097,0.8372997568,823.3498592289
0.000142,0.000142,1.1961425097,0.8372997568,1149.7569953977
0.000142,0.000142,1.1961425097,0.8372997568,1605.5643098112
0.000142,0.000142,1.1961425097,0.8372997568,2242.0709447806
0.000142,0.000142,1.1961425097,0.8372997568,3130.912969796
0.000142,0.000142,1.1961425097,0.8372997568,4372.1257113904
0.000142,0.000142,1.1961425097,0.8372997568,6105.4022965853
0.000142,0.000142,1.1961425097,0.8971068823,0.1
0.000142,0.000142,1.1961425097,0.8971068823,0.1396437957
0.000142,0.000142,1.1961425097,0.8971068823,0.1950038968
0.000142,0.000142,1.1961425097,0.8971068823,0.2723108433
0.000142,0.000142,1.1961425097,0.8971068823,0.3802651977
0.000142,0.000142,1.1961425097,0.8971068823,0.5310167558
0.000142,0.000142,1.1961425097,0.8971068823,0.7415319537
0.000142,0.000142,1.1961425097,0.8971068823,1.0355033665
0.000142,0.000142,1.1961425097,0.8971068823,1.4460162057
0.000142,0.000142,1.1961425097,0.8971068823,2.0192719162
0.000142,0.000142,1.1961425097,0.8971068823,2.8197879494
0.000142,0.000142,1.1961425097,0.8971068823,3.9376589236
0.000142,0.000142,1.1961425097,0.8971068823,5.498696383
0.000142,0.000142,1.1961425097,0.8971068823,7.6785883437
0.000142,0.000142,1.1961425097,0.8971068823,10.7226722201
0.000142,0.000142,1.1961425097,0.8971068823,14.9735464897
0.000142,0.000142,1.1961425097,0.8971068823,20.9096286705
0.000142,0.000142,1.1961425097,0.8971068823,29.1989991443
0.000142,0.000142,1.1961425097,0.8971068823,40.7745907144
0.000142,0.000142,1.1961425097,0.8971068823,56.9391861586
0.000142,0.000142,1.1961425097,0.8971068823,79.5120407981
0.000142,0.000142,1.1961425097,0.8971068823,111.0336318168
0.000142,0.000142,1.1961425097,0.8971068823,155.0515779833
0.000142,0.000142,1.1961425097,0.8971068823,216.5199088036
0.000142,0.000142,1.1961425097,0.8971068823,302.3566191205
0.000142,0.000142,1.1961425097,0.8971068823,422.2222595195
0.000142,0.000142,1.1961425097,0.8971068823,589.6071895242
0.000142,0.000142,1.1961425097,0.8971068823,823.3498592289
0.000142,0.000142,1.1961425097,0.8971068823,1149.7569953977
0.000142,0.000142,1.1961425097,0.8971068823,1605.5643098112
0.000142,0.000142,1.1961425097,0.8971068823,2242.0709447806
0.000142,0.000142,1.1961425097,0.8971068823,3130.912969796
0.000142,0.000142,1.1961425097,0.8971068823,4372.1257113904
0.000142,0.000142,1.1961425097,0.8971068823,6105.4022965853
0.000142,0.000142,1.1961425097,0.9569140078,0.1
0.000142,0.000142,1.1961425097,0.9569140078,0.1396437957
0.000142,0.000142,1.1961425097,0.9569140078,0.1950038968
0.000142,0.000142,1.1961425097,0.9569140078,0.2723108433
0.000142,0.000142,1.1961425097,0.9569140078,0.3802651977
0.000142,0.000142,1.1961425097,0.9569140078,0.5310167558
0.000142,0.000142,1.1961425097,0.9569140078,0.7415319537
0.000142,0.000142,1.1961425097,0.9569140078,1.0355033665
0.000142,0.000142,1.1961425097,0.9569140078,1.4460162057
0.000142,0.000142,1.1961425097,0.9569140078,2.0192719162
0.000142,0.000142,1.1961425097,0.9569140078,2.8197879494
0.000142,0.000142,1.1961425097,0.9569140078,3.9376589236
0.000142,0.000142,1.1961425097,0.9569140078,5.498696383
0.000142,0.000142,1.1961425097,0.9569140078,7.6785883437
0.000142,0.000142,1.1961425097,0.9569140078,10.7226722201
0.000142,0.000142,1.1961425097,0.9569140078,14.9735464897
0.000142,0.000142,1.1961425097,0.9569140078,20.9096286705
0.000142,0.000142,1.1961425097,0.9569140078,29.1989991443
0.000142,0.000142,1.1961425097,0.9569140078,40.7745907144
0.000142,0.000142,1.1961425097,0.9569140078,56.9391861586
0.000142,0.000142,1.1961425097,0.9569140078,79.5120407981
0.000142,0.000142,1.1961425097,0.9569140078,111.0336318168
0.000142,0.000142,1.1961425097,0.9569140078,155.0515779833
0.000142,0.000142,1.1961425097,0.9569140078,216.5199088036
0.000142,0.000142,1.1961425097,0.9569140078,302.3566191205
0.000142,0.000142,1.1961425097,0.9569140078,422.2222595195
0.000142,0.000142,1.1961425097,0.9569140078,589.6071895242
0.000142,0.000142,1.1961425097,0.9569140078,823.3498592289
0.000142,0.000142,1.1961425097,0.9569140078,1149.7569953977
0.000142,0.000142,1.1961425097,0.9569140078,1605.5643098112
0.000142,0.000142,1.1961425097,0.9569140078,2242.0709447806
0.000142,0.000142,1.1961425097,0.9569140078,3130.912969796
0.000142,0.000142,1.1961425097,0.9569140078,4372.1257113904
0.000142,0.000142,1.1961425097,0.9569140078,6105.4022965853
0.000142,0.000142,1.1961425097,1.0167211333,0.1
0.000142,0.000142,1.1961425097,1.0167211333,0.1396437957
0.000142,0.000142,1.1961425097,1.0167211333,0.1950038968
0.000142,0.000142,1.1961425097,1.0167211333,0.2723108433
0.000142,0.000142,1.1961425097,1.0167211333,0.3802651977
0.000142,0.000142,1.1961425097,1.0167211333,0.5310167558
0.000142,0.000142,1.1961425097,1.0167211333,0.7415319537
0.000142,0.000142,1.1961425097,1.0167211333,1.0355033665
0.000142,0.000142,1.1961425097,1.0167211333,1.4460162057
0.000142,0.000142,1.1961425097,1.0167211333,2.0192719162
0.000142,0.000142,1.1961425097,1.0167211333,2.8197879494
0.000142,0.000142,1.1961425097,1.0167211333,3.9376589236
0.000142,0.000142,1.1961425097,1.0167211333,5.498696383
0.000142,0.000142,1.1961425097,1.0167211333,7.6785883437
0.000142,0.000142,1.1961425097,1.0167211333,10.7226722201
0.000142,0.000142,1.1961425097,1.0167211333,14.9735464897
0.000142,0.000142,1.1961425097,1.0167211333,20.9096286705
0.000142,0.000142,1.1961425097,1.0167211333,29.1989991443
0.000142,0.000142,1.1961425097,1.0167211333,40.7745907144
0.000142,0.000142,1.1961425097,1.0167211333,56.9391861586
0.000142,0.000142,1.1961425097,1.0167211333,79.5120407981
0.000142,0.000142,1.1961425097,1.0167211333,111.0336318168
0.000142,0.000142,1.1961425097,1.0167211333,155.0515779833
0.000142,0.000142,1.1961425097,1.0167211333,216.5199088036
0.000142,0.000142,1.1961425097,1.0167211333,302.3566191205
0.000142,0.000142,1.1961425097,1.0167211333,422.2222595195
0.000142,0.000142,1.1961425097,1.0167211333,589.6071895242
0.000142,0.000142,1.1961425097,1.0167211333,823.3498592289
0.000142,0.000142,1.1961425097,1.0167211333,1149.7569953977
0.000142,0.000142,1.1961425097,1.0167211333,1605.5643098112
0.000142,0.000142,1.1961425097,1.0167211333,2242.0709447806
0.000142,0.000142,1.1961425097,1.0167211333,3130.912969796
0.000142,0.000142,1.1961425097,1.0167211333,4372.1257113904
0.000142,0.000142,1.1961425097,1.0167211333,6105.4022965853
0.000142,0.000142,1.1961425097,1.0765282588,0.1
0.000142,0.000142,1.1961425097,1.0765282588,0.1396437957
0.000142,0.000142,1.1961425097,1.0765282588,0.1950038968
0.000142,0.000142,1.1961425097,1.0765282588,0.2723108433
0.000142,0.000142,1.1961425097,1.0765282588,0.3802651977
0.000142,0.000142,1.1961425097,1.0765282588,0.5310167558
0.000142,0.000142,1.1961425097,1.0765282588,0.7415319537
0.000142,0.000142,1.1961425097,1.0765282588,1.0355033665
0.000142,0.000142,1.1961425097,1.0765282588,1.4460162057
0.000142,0.000142,1.1961425097,1.0765282588,2.0192719162
0.000142,0.000142,1.1961425097,1.0765282588,2.8197879494
0.000142,0.000142,1.1961425097,1.0765282588,3.9376589236
0.000142,0.000142,1.1961425097,1.0765282588,5.498696383
0.000142,0.000142,1.1961425097,1.0765282588,7.6785883437
0.000142,0.000142,1.1961425097,1.0765282588,10.7226722201
0.000142,0.000142,1.1961425097,1.0765282588,14.9735464897
0.000142,0.000142,1.1961425097,1.0765282588,20.9096286705
0.000142,0.000142,1.1961425097,1.0765282588,29.1989991443
0.000142,0.000142,1.1961425097,1.0765282588,40.7745907144
0.000142,0.000142,1.1961425097,1.0765282588,56.9391861586
0.000142,0.000142,1.1961425097,1.0765282588,79.5120407981
0.000142,0.000142,1.1961425097,1.0765282588,111.0336318168
0.000142,0.000142,1.1961425097,1.0765282588,155.0515779833
0.000142,0.000142,1.1961425097,1.0765282588,216.5199088036
0.000142,0.000142,1.1961425097,1.0765282588,302.3566191205
0.000142,0.000142,1.1961425097,1.0765282588,422.2222595195
0.000142,0.000142,1.1961425097,1.0765282588,589.6071895242
0.000142,0.000142,1.1961425097,1.0765282588,823.3498592289
0.000142,0.000142,1.1961425097,1.0765282588,1149.7569953977
0.000142,0.000142,1.1961425097,1.0765282588,1605.5643098112
0.000142,0.000142,1.1961425097,1.0765282588,2242.0709447806
0.000142,0.000142,1.1961425097,1.0765282588,3130.912969796
0.000142,0.000142,1.1961425097,1.0765282588,4372.1257113904
0.000142,0.000142,1.1961425097,1.0765282588,6105.4022965853
0.000142,0.000142,1.1961425097,1.1363353842,0.1
0.000142,0.000142,1.1961425097,1.1363353842,0.1396437957
0.000142,0.000142,1.1961425097,1.1363353842,0.1950038968
0.000142,0.000142,1.1961425097,1.1363353842,0.2723108433
0.000142,0.000142,1.1961425097,1.1363353842,0.3802651977
0.000142,0.000142,1.1961425097,1.1363353842,0.5310167558
0.000142,0.000142,1.1961425097,1.1363353842,0.7415319537
0.000142,0.000142,1.1961425097,1.1363353842,1.0355033665
0.000142,0.000142,1.1961425097,1.1363353842,1.4460162057
0.000142,0.000142,1.1961425097,1.1363353842,2.0192719162
0.000142,0.000142,1.1961425097,1.1363353842,2.8197879494
0.000142,0.000142,1.1961425097,1.1363353842,3.9376589236
0.000142,0.000142,1.1961425097,1.1363353842,5.498696383
0.000142,0.000142,1.1961425097,1.1363353842,7.6785883437
0.000142,0.000142,1.1961425097,1.1363353842,10.7226722201
0.000142,0.000142,1.1961425097,1.1363353842,14.9735464897
0.000142,0.000142,1.1961425097,1.1363353842,20.9096286705
0.000142,0.000142,1.1961425097,1.1363353842,29.1989991443
0.000142,0.000142,1.1961425097,1.1363353842,40.7745907144
0.000142,0.000142,1.1961425097,1.1363353842,56.9391861586
0.000142,0.000142,1.1961425097,1.1363353842,79.5120407981
0.000142,0.000142,1.1961425097,1.1363353842,111.0336318168
0.000142,0.000142,1.1961425097,1.1363353842,155.0515779833
0.000142,0.000142,1.1961425097,1.1363353842,216.5199088036
0.000142,0.000142,1.1961425097,1.1363353842,302.3566191205
0.000142,0.000142,1.1961425097,1.1363353842,422.2222595195
0.000142,0.000142,1.1961425097,1.1363353842,589.6071895242
0.000142,0.000142,1.1961425097,1.1363353842,823.3498592289
0.000142,0.000142,1.1961425097,1.1363353842,1149.7569953977
0.000142,0.000142,1.1961425097,1.1363353842,1605.5643098112
0.000142,0.000142,1.1961425097,1.1363353842,2242.0709447806
0.000142,0.000142,1.1961425097,1.1363353842,3130.912969796
0.000142,0.000142,1.1961425097,1.1363353842,4372.1257113904
0.000142,0.000142,1.1961425097,1.1363353842,6105.4022965853
0.000142,0.000142,1.1961425097,1.1841810846,0.1
0.000142,0.000142,1.1961425097,1.1841810846,0.1396437957
0.000142,0.000142,1.1961425097,1.1841810846,0.1950038968
0.000142,0.000142,1.1961425097,1.1841810846,0.2723108433
0.000142,0.000142,1.1961425097,1.1841810846,0.3802651977
0.000142,0.000142,1.1961425097,1.1841810846,0.5310167558
0.000142,0.000142,1.1961425097,1.1841810846,0.7415319537
0.000142,0.000142,1.1961425097,1.1841810846,1.0355033665
0.000142,0.000142,1.1961425097,1.1841810846,1.4460162057
0.000142,0.000142,1.1961425097,1.1841810846,2.0192719162
0.000142,0.000142,1.1961425097,1.1841810846,2.8197879494
0.000142,0.000142,1.1961425097,1.1841810846,3.9376589236
0.000142,0.000142,1.1961425097,1.1841810846,5.498696383
0.000142,0.000142,1.1961425097,1.1841810846,7.6785883437
0.000142,0.000142,1.1961425097,1.1841810846,10.7226722201
0.000142,0.000142,1.1961425097,1.1841810846,14.9735464897
0.000142,0.000142,1.1961425097,1.1841810846,20.9096286705
0.000142,0.000142,1.1961425097,1.1841810846,29.1989991443
0.000142,0.000142,1.1961425097,1.1841810846,40.7745907144
0.000142,0.000142,1.1961425097,1.1841810846,56.9391861586
0.000142,0.000142,1.1961425097,1.1841810846,79.5120407981
0.000142,0.000142,1.1961425097,1.1841810846,111.0336318168
0.000142,0.000142,1.1961425097,1.1841810846,155.0515779833
0.000142,0.000142,1.1961425097,1.1841810846,216.5199088036
0.000142,0.000142,1.1961425097,1.1841810846,302.3566191205
0.000142,0.000142,1.1961425097,1.1841810846,422.2222595195
0.000142,0.000142,1.1961425097,1.1841810846,589.6071895242
0.000142,0.000142,1.1961425097,1.1841810846,823.3498592289
0.000142,0.000142,1.1961425097,1.1841810846,1149.7569953977
0.000142,0.000142,1.1961425097,1.1841810846,1605.5643098112
0.000142,0.000142,1.1961425097,1.1841810846,2242.0709447806
0.000142,0.000142,1.1961425097,1.1841810846,3130.912969796
0.000142,0.000142,1.1961425097,1.1841810846,4372.1257113904
0.000142,0.000142,1.1961425097,1.1841810846,6105.4022965853
0.000142,0.000142,1.3324258577,0.1332425858,0.1
0.000142,0.000142,1.3324258577,0.1332425858,0.1396437957
0.000142,0.000142,1.3324258577,0.1332425858,0.1950038968
0.000142,0.000142,1.3324258577,0.1332425858,0.2723108433
0.000142,0.000142,1.3324258577,0.1332425858,0.3802651977
0.000142,0.000142,1.3324258577,0.1332425858,0.5310167558
0.000142,0.000142,1.3324258577,0.1332425858,0.7415319537
0.000142,0.000142,1.3324258577,0.1332425858,1.0355033665
0.000142,0.000142,1.3324258577,0.1332425858,1.4460162057
0.000142,0.000142,1.3324258577,0.1332425858,2.0192719162
0.000142,0.000142,1.3324258577,0.1332425858,2.8197879494
0.000142,0.000142,1.3324258577,0.1332425858,3.9376589236
0.000142,0.000142,1.3324258577,0.1332425858,5.498696383
0.000142,0.000142,1.3324258577,0.1332425858,7.6785883437
0.000142,0.000142,1.3324258577,0.1332425858,10.7226722201
0.000142,0.000142,1.3324258577,0.1332425858,14.9735464897
0.000142,0.000142,1.3324258577,0.1332425858,20.9096286705
0.000142,0.000142,1.3324258577,0.1332425858,29.1989991443
0.000142,0.000142,1.3324258577,0.1332425858,40.7745907144
0.000142,0.000142,1.3324258577,0.1332425858,56.9391861586
0.000142,0.000142,1.3324258577,0.1332425858,79.5120407981
0.000142,0.000142,1.3324258577,0.1332425858,111.0336318168
0.000142,0.000142,1.3324258577,0.1332425858,155.0515779833
0.000142,0.000142,1.3324258577,0.1332425858,216.5199088036
0.000142,0.000142,1.3324258577,0.1332425858,302.3566191205
0.000142,0.000142,1.3324258577,0.1332425858,422.2222595195
0.000142,0.000142,1.3324258577,0.1332425858,589.6071895242
0.000142,0.000142,1.3324258577,0.1332425858,823.3498592289
0.000142,0.000142,1.3324258577,0.1332425858,1149.7569953977
0.000142,0.000142,1.3324258577,0.1332425858,1605.5643098112
0.000142,0.000142,1.3324258577,0.1332425858,2242.0709447806
0.000142,0.000142,1.3324258577,0.1332425858,3130.912969796
0.000142,0.000142,1.3324258577,0.1332425858,4372.1257113904
0.000142,0.000142,1.3324258577,0.1332425858,6105.4022965853
0.000142,0.000142,1.3324258577,0.1998638787,0.1
0.000142,0.000142,1.3324258577,0.1998638787,0.1396437957
0.000142,0.000142,1.3324258577,0.1998638787,0.1950038968
0.000142,0.000142,1.3324258577,0.1998638787,0.2723108433
0.000142,0.000142,1.3324258577,0.1998638787,0.3802651977
0.000142,0.000142,1.3324258577,0.1998638787,0.5310167558
0.000142,0.000142,1.3324258577,0.1998638787,0.7415319537
0.000142,0.000142,1.3324258577,0.1998638787,1.0355033665
0.000142,0.000142,1.3324258577,0.1998638787,1.4460162057
0.000142,0.000142,1.3324258577,0.1998638787,2.0192719162
0.000142,0.000142,1.3324258577,0.1998638787,2.8197879494
0.000142,0.000142,1.3324258577,0.1998638787,3.9376589236
0.000142,0.000142,1.3324258577,0.1998638787,5.498696383
0.000142,0.000142,1.3324258577,0.1998638787,7.6785883437
0.000142,0.000142,1.3324258577,0.1998638787,10.7226722201
0.000142,0.000142,1.3324258577,0.1998638787,14.9735464897
0.000142,0.000142,1.3324258577,0.1998638787,20.9096286705
0.000142,0.000142,1.3324258577,0.1998638787,29.1989991443
0.000142,0.000142,1.3324258577,0.1998638787,40.7745907144
0.000142,0.000142,1.3324258577,0.1998638787,56.9391861586
0.000142,0.000142,1.3324258577,0.1998638787,79.5120407981
0.000142,0.000142,1.3324258577,0.1998638787,111.0336318168
0.000142,0.000142,1.3324258577,0.1998638787,155.0515779833
0.000142,0.000142,1.3324258577,0.1998638787,216.5199088036
0.000142,0.000142,1.3324258577,0.1998638787,302.3566191205
0.000142,0.000142,1.3324258577,0.1998638787,422.2222595195
0.000142,0.000142,1.3324258577,0.1998638787,589.6071895242
0.000142,0.000142,1.3324258577,0.1998638787,823.3498592289
0.000142,0.000142,1.3324258577,0.1998638787,1149.7569953977
0.000142,0.000142,1.3324258577,0.1998638787,1605.5643098112
0.000142,0.000142,1.3324258577,0.1998638787,2242.0709447806
0.000142,0.000142,1.3324258577,0.1998638787,3130.912969796
0.000142,0.000142,1.3324258577,0.1998638787,4372.1257113904
0.000142,0.000142,1.3324258577,0.1998638787,6105.4022965853
0.000142,0.000142,1.3324258577,0.2664851715,0.1
0.000142,0.000142,1.3324258577,0.2664851715,0.1396437957
0.000142,0.000142,1.3324258577,0.2664851715,0.1950038968
0.000142,0.000142,1.3324258577,0.2664851715,0.2723108433
0.000142,0.000142,1.3324258577,0.2664851715,0.3802651977
0.000142,0.000142,1.3324258577,0.2664851715,0.5310167558
0.000142,0.000142,1.3324258577,0.2664851715,0.7415319537
0.000142,0.000142,1.3324258577,0.2664851715,1.0355033665
0.000142,0.000142,1.3324258577,0.2664851715,1.4460162057
0.000142,0.000142,1.3324258577,0.2664851715,2.0192719162
0.000142,0.000142,1.3324258577,0.2664851715,2.8197879494
0.000142,0.000142,1.3324258577,0.2664851715,3.9376589236
0.000142,0.000142,1.3324258577,0.2664851715,5.498696383
0.000142,0.000142,1.3324258577,0.2664851715,7.6785883437
0.000142,0.000142,1.3324258577,0.2664851715,10.7226722201
0.000142,0.000142,1.3324258577,0.2664851715,14.9735464897
0.000142,0.000142,1.3324258577,0.2664851715,20.9096286705
0.000142,0.000142,1.3324258577,0.2664851715,29.1989991443
0.000142,0.000142,1.3324258577,0.2664851715,40.7745907144
0.000142,0.000142,1.3324258577,0.2664851715,56.9391861586
0.000142,0.000142,1.3324258577,0.2664851715,79.5120407981
0.000142,0.000142,1.3324258577,0.2664851715,111.0336318168
0.000142,0.000142,1.3324258577,0.2664851715,155.0515779833
0.000142,0.000142,1.3324258577,0.2664851715,216.5199088036
0.000142,0.000142,1.3324258577,0.2664851715,302.3566191205
0.000142,0.000142,1.3324258577,0.2664851715,422.2222595195
0.000142,0.000142,1.3324258577,0.2664851715,589.6071895242
0.000142,0.000142,1.3324258577,0.2664851715,823.3498592289
0.000142,0.000142,1.3324258577,0.2664851715,1149.7569953977
0.000142,0.000142,1.3324258577,0.2664851715,1605.5643098112
0.000142,0.000142,1.3324258577,0.2664851715,2242.0709447806
0.000142,0.000142,1.3324258577,0.2664851715,3130.912969796
0.000142,0.000142,1.3324258577,0.2664851715,4372.1257113904
0.000142,0.000142,1.3324258577,0.2664851715,6105.4022965853
0.000142,0.000142,1.3324258577,0.3331064644,0.1
0.000142,0.000142,1.3324258577,0.3331064644,0.1396437957
0.000142,0.000142,1.3324258577,0.3331064644,0.1950038968
0.000142,0.000142,1.3324258577,0.3331064644,0.2723108433
0.000142,0.000142,1.3324258577,0.3331064644,0.3802651977
0.000142,0.000142,1.3324258577,0.3331064644,0.5310167558
0.000142,0.000142,1.3324258577,0.3331064644,0.7415319537
0.000142,0.000142,1.3324258577,0.3331064644,1.0355033665
0.000142,0.000142,1.3324258577,0.3331064644,1.4460162057
0.000142,0.000142,1.3324258577,0.3331064644,2.0192719162
0.000142,0.000142,1.3324258577,0.3331064644,2.8197879494
0.000142,0.000142,1.3324258577,0.3331064644,3.9376589236
0.000142,0.000142,1.3324258577,0.3331064644,5.498696383
0.000142,0.000142,1.3324258577,0.3331064644,7.6785883437
0.000142,0.000142,1.3324258577,0.3331064644,10.7226722201
0.000142,0.000142,1.3324258577,0.3331064644,14.9735464897
0.000142,0.000142,1.3324258577,0.3331064644,20.9096286705
0.000142,0.000142,1.3324258577,0.3331064644,29.1989991443
0.000142,0.000142,1.3324258577,0.3331064644,40.7745907144
0.000142,0.000142,1.3324258577,0.3331064644,56.9391861586
0.000142,0.000142,1.3324258577,0.3331064644,79.5120407981
0.000142,0.000142,1.3324258577,0.3331064644,111.0336318168
0.000142,0.000142,1.3324258577,0.3331064644,155.0515779833
0.000142,0.000142,1.3324258577,0.3331064644,216.5199088036
0.000142,0.000142,1.3324258577,0.3331064644,302.3566191205
0.000142,0.000142,1.3324258577,0.3331064644,422.2222595195
0.000142,0.000142,1.3324258577,0.3331064644,589.6071895242
0.000142,0.000142,1.3324258577,0.3331064644,823.3498592289
0.000142,0.000142,1.3324258577,0.3331064644,1149.7569953977
0.000142,0.000142,1.3324258577,0.3331064644,1605.5643098112
0.000142,0.000142,1.3324258577,0.3331064644,2242.0709447806
0.000142,0.000142,1.3324258577,0.3331064644,3130.912969796
0.000142,0.000142,1.3324258577,0.3331064644,4372.1257113904
0.000142,0.000142,1.3324258577,0.3331064644,6105.4022965853
0.000142,0.000142,1.3324258577,0.3997277573,0.1
0.000142,0.000142,1.3324258577,0.3997277573,0.1396437957
0.000142,0.000142,1.3324258577,0.3997277573,0.1950038968
0.000142,0.000142,1.3324258577,0.3997277573,0.2723108433
0.000142,0.000142,1.3324258577,0.3997277573,0.3802651977
0.000142,0.000142,1.3324258577,0.3997277573,0.5310167558
0.000142,0.000142,1.3324258577,0.3997277573,0.7415319537
0.000142,0.000142,1.3324258577,0.3997277573,1.0355033665
0.000142,0.000142,1.3324258577,0.3997277573,1.4460162057
0.000142,0.000142,1.3324258577,0.3997277573,2.0192719162
0.000142,0.000142,1.3324258577,0.3997277573,2.8197879494
0.000142,0.000142,1.3324258577,0.3997277573,3.9376589236
0.000142,0.000142,1.3324258577,0.3997277573,5.498696383
0.000142,0.000142,1.3324258577,0.3997277573,7.6785883437
0.000142,0.000142,1.3324258577,0.3997277573,10.7226722201
0.000142,0.000142,1.3324258577,0.3997277573,14.9735464897
0.000142,0.000142,1.3324258577,0.3997277573,20.9096286705
0.000142,0.000142,1.3324258577,0.3997277573,29.1989991443
0.000142,0.000142,1.3324258577,0.3997277573,40.7745907144
0.000142,0.000142,1.3324258577,0.3997277573,56.9391861586
0.000142,0.000142,1.3324258577,0.3997277573,79.5120407981
0.000142,0.000142,1.3324258577,0.3997277573,111.0336318168
0.000142,0.000142,1.3324258577,0.3997277573,155.0515779833
0.000142,0.000142,1.3324258577,0.3997277573,216.5199088036
0.000142,0.000142,1.3324258577,0.3997277573,302.3566191205
0.000142,0.000142,1.3324258577,0.3997277573,422.2222595195
0.000142,0.000142,1.3324258577,0.3997277573,589.6071895242
0.000142,0.000142,1.3324258577,0.3997277573,823.3498592289
0.000142,0.000142,1.3324258577,0.3997277573,1149.7569953977
0.000142,0.000142,1.3324258577,0.3997277573,1605.5643098112
0.000142,0.000142,1.3324258577,0.3997277573,2242.0709447806
0.000142,0.000142,1.3324258577,0.3997277573,3130.912969796
0.000142,0.000142,1.3324258577,0.3997277573,4372.1257113904
0.000142,0.000142,1.3324258577,0.3997277573,6105.4022965853
0.000142,0.000142,1.3324258577,0.4663490502,0.1
0.000142,0.000142,1.3324258577,0.4663490502,0.1396437957
0.000142,0.000142,1.3324258577,0.4663490502,0.1950038968
0.000142,0.000142,1.3324258577,0.4663490502,0.2723108433
0.000142,0.000142,1.3324258577,0.4663490502,0.3802651977
0.000142,0.000142,1.3324258577,0.4663490502,0.5310167558
0.000142,0.000142,1.3324258577,0.4663490502,0.7415319537
0.000142,0.000142,1.3324258577,0.4663490502,1.0355033665
0.000142,0.000142,1.3324258577,0.4663490502,1.4460162057
0.000142,0.000142,1.3324258577,0.4663490502,2.0192719162
0.000142,0.000142,1.3324258577,0.4663490502,2.8197879494
0.000142,0.000142,1.3324258577,0.4663490502,3.9376589236
0.000142,0.000142,1.3324258577,0.4663490502,5.498696383
0.000142,0.000142,1.3324258577,0.4663490502,7.6785883437
0.000142,0.000142,1.3324258577,0.4663490502,10.7226722201
0.000142,0.000142,1.3324258577,0.4663490502,14.9735464897
0.000142,0.000142,1.3324258577,0.4663490502,20.9096286705
0.000142,0.000142,1.3324258577,0.4663490502,29.1989991443
0.000142,0.000142,1.3324258577,0.4663490502,40.7745907144
0.000142,0.000142,1.3324258577,0.4663490502,56.9391861586
0.000142,0.000142,1.3324258577,0.4663490502,79.5120407981
0.000142,0.000142,1.3324258577,0.4663490502,111.0336318168
0.000142,0.000142,1.3324258577,0.4663490502,155.0515779833
0.000142,0.000142,1.3324258577,0.4663490502,216.5199088036
0.000142,0.000142,1.3324258577,0.4663490502,302.3566191205
0.000142,0.000142,1.3324258577,0.4663490502,422.2222595195
0.000142,0.000142,1.3324258577,0.4663490502,589.6071895242
0.000142,0.000142,1.3324258577,0.4663490502,823.3498592289
0.000142,0.000142,1.3324258577,0.4663490502,1149.7569953977
0.000142,0.000142,1.3324258577,0.4663490502,1605.5643098112
0.000142,0.000142,1.3324258577,0.4663490502,2242.0709447806
0.000142,0.000142,1.3324258577,0.4663490502,3130.912969796
0.000142,0.000142,1.3324258577,0.4663490502,4372.1257113904
0.000142,0.000142,1.3324258577,0.4663490502,6105.4022965853
0.000142,0.000142,1.3324258577,0.5329703431,0.1
0.000142,0.000142,1.3324258577,0.5329703431,0.1396437957
0.000142,0.000142,1.3324258577,0.5329703431,0.1950038968
0.000142,0.000142,1.3324258577,0.5329703431,0.2723108433
0.000142,0.000142,1.3324258577,0.5329703431,0.3802651977
0.000142,0.000142,1.3324258577,0.5329703431,0.5310167558
0.000142,0.000142,1.3324258577,0.5329703431,0.7415319537
0.000142,0.000142,1.3324258577,0.5329703431,1.0355033665
0.000142,0.000142,1.3324258577,0.5329703431,1.4460162057
0.000142,0.000142,1.3324258577,0.5329703431,2.0192719162
0.000142,0.000142,1.3324258577,0.5329703431,2.8197879494
0.000142,0.000142,1.3324258577,0.5329703431,3.9376589236
0.000142,0.000142,1.3324258577,0.5329703431,5.498696383
0.000142,0.000142,1.3324258577,0.5329703431,7.6785883437
0.000142,0.000142,1.3324258577,0.5329703431,10.7226722201
0.000142,0.000142,1.3324258577,0.5329703431,14.9735464897
0.000142,0.000142,1.3324258577,0.5329703431,20.9096286705
0.000142,0.000142,1.3324258577,0.5329703431,29.1989991443
0.000142,0.000142,1.3324258577,0.5329703431,40.7745907144
0.000142,0.000142,1.3324258577,0.5329703431,56.9391861586
0.000142,0.000142,1.3324258577,0.5329703431,79.5120407981
0.000142,0.000142,1.3324258577,0.5329703431,111.0336318168
0.000142,0.000142,1.3324258577,0.5329703431,155.0515779833
0.000142,0.000142,1.3324258577,0.5329703431,216.5199088036
0.000142,0.000142,1.3324258577,0.5329703431,302.3566191205
0.000142,0.000142,1.3324258577,0.5329703431,422.2222595195
0.000142,0.000142,1.3324258577,0.5329703431,589.6071895242
0.000142,0.000142,1.3324258577,0.5329703431,823.3498592289
0.000142,0.000142,1.3324258577,0.5329703431,1149.7569953977
0.000142,0.000142,1.3324258577,0.5329703431,1605.5643098112
0.000142,0.000142,1.3324258577,0.5329703431,2242.0709447806
0.000142,0.000142,1.3324258577,0.5329703431,3130.912969796
0.000142,0.000142,1.3324258577,0.5329703431,4372.1257113904
0.000142,0.000142,1.3324258577,0.5329703431,6105.4022965853
0.000142,0.000142,1.3324258577,0.599591636,0.1
0.000142,0.000142,1.3324258577,0.599591636,0.1396437957
0.000142,0.000142,1.3324258577,0.599591636,0.1950038968
0.000142,0.000142,1.3324258577,0.599591636,0.2723108433
0.000142,0.000142,1.3324258577,0.599591636,0.3802651977
0.000142,0.000142,1.3324258577,0.599591636,0.5310167558
0.000142,0.000142,1.3324258577,0.599591636,0.7415319537
0.000142,0.000142,1.3324258577,0.599591636,1.0355033665
0.000142,0.000142,1.3324258577,0.599591636,1.4460162057
0.000142,0.000142,1.3324258577,0.599591636,2.0192719162
0.000142,0.000142,1.3324258577,0.599591636,2.8197879494
0.000142,0.000142,1.3324258577,0.599591636,3.9376589236
0.000142,0.000142,1.3324258577,0.599591636,5.498696383
0.000142,0.000142,1.3324258577,0.599591636,7.6785883437
0.000142,0.000142,1.3324258577,0.599591636,10.7226722201
0.000142,0.000142,1.3324258577,0.599591636,14.9735464897
0.000142,0.000142,1.3324258577,0.599591636,20.9096286705
0.000142,0.000142,1.3324258577,0.599591636,29.1989991443
0.000142,0.000142,1.3324258577,0.599591636,40.7745907144
0.000142,0.000142,1.3324258577,0.599591636,56.9391861586
0.000142,0.000142,1.3324258577,0.599591636,79.5120407981
0.000142,0.000142,1.3324258577,0.599591636,111.0336318168
0.000142,0.000142,1.3324258577,0.599591636,155.0515779833
0.000142,0.000142,1.3324258577,0.599591636,216.5199088036
0.000142,0.000142,1.3324258577,0.599591636,302.3566191205
0.000142,0.000142,1.3324258577,0.599591636,422.2222595195
0.000142,0.000142,1.3324258577,0.599591636,589.6071895242
0.000142,0.000142,1.3324258577,0.599591636,823.3498592289
0.000142,0.000142,1.3324258577,0.599591636,1149.7569953977
0.000142,0.000142,1.3324258577,0.599591636,1605.5643098112
0.000142,0.000142,1.3324258577,0.599591636,2242.0709447806
0.000142,0.000142,1.3324258577,0.599591636,3130.912969796
0.000142,0.000142,1.3324258577,0.599591636,4372.1257113904
0.000142,0.000142,1.3324258577,0.599591636,6105.4022965853
0.000142,0.000142,1.3324258577,0.6662129289,0.1
0.000142,0.000142,1.3324258577,0.6662129289,0.1396437957
0.000142,0.000142,1.3324258577,0.6662129289,0.1950038968
0.000142,0.000142,1.3324258577,0.6662129289,0.2723108433
0.000142,0.000142,1.3324258577,0.6662129289,0.3802651977
0.000142,0.000142,1.3324258577,0.6662129289,0.5310167558
0.000142,0.000142,1.3324258577,0.6662129289,0.7415319537
0.000142,0.000142,1.3324258577,0.6662129289,1.0355033665
0.000142,0.000142,1.3324258577,0.6662129289,1.4460162057
0.000142,0.000142,1.3324258577,0.6662129289,2.0192719162
0.000142,0.000142,1.3324258577,0.6662129289,2.8197879494
0.000142,0.000142,1.3324258577,0.6662129289,3.9376589236
0.000142,0.000142,1.3324258577,0.6662129289,5.498696383
0.000142,0.000142,1.3324258577,0.6662129289,7.6785883437
0.000142,0.000142,1.3324258577,0.6662129289,10.7226722201
0.000142,0.000142,1.3324258577,0.6662129289,14.9735464897
0.000142,0.000142,1.3324258577,0.6662129289,20.9096286705
0.000142,0.000142,1.3324258577,0.6662129289,29.1989991443
0.000142,0.000142,1.3324258577,0.6662129289,40.7745907144
0.000142,0.000142,1.3324258577,0.6662129289,56.9391861586
0.000142,0.000142,1.3324258577,0.6662129289,79.5120407981
0.000142,0.000142,1.3324258577,0.6662129289,111.0336318168
0.000142,0.000142,1.3324258577,0.6662129289,155.0515779833
0.000142,0.000142,1.3324258577,0.6662129289,216.5199088036
0.000142,0.000142,1.3324258577,0.6662129289,302.3566191205
0.000142,0.000142,1.3324258577,0.6662129289,422.2222595195
0.000142,0.000142,1.3324258577,0.6662129289,589.6071895242
0.000142,0.000142,1.3324258577,0.6662129289,823.3498592289
0.000142,0.000142,1.3324258577,0.6662129289,1149.7569953977
0.000142,0.000142,1.3324258577,0.6662129289,1605.5643098112
0.000142,0.000142,1.3324258577,0.6662129289,2242.0709447806
0.000142,0.000142,1.3324258577,0.6662129289,3130.912969796
0.000142,0.000142,1.3324258577,0.6662129289,4372.1257113904
0.000142,0.000142,1.3324258577,0.6662129289,6105.4022965853
0.000142,0.000142,1.3324258577,0.7328342217,0.1
0.000142,0.000142,1.3324258577,0.7328342217,0.1396437957
0.000142,0.000142,1.3324258577,0.7328342217,0.1950038968
0.000142,0.000142,1.3324258577,0.7328342217,0.2723108433
0.000142,0.000142,1.3324258577,0.7328342217,0.3802651977
0.000142,0.000142,1.3324258577,0.7328342217,0.5310167558
0.000142,0.000142,1.3324258577,0.7328342217,0.7415319537
0.000142,0.000142,1.3324258577,0.7328342217,1.0355033665
0.000142,0.000142,1.3324258577,0.7328342217,1.4460162057
0.000142,0.000142,1.3324258577,0.7328342217,2.0192719162
0.000142,0.000142,1.3324258577,0.7328342217,2.8197879494
0.000142,0.000142,1.3324258577,0.7328342217,3.9376589236
0.000142,0.000142,1.3324258577,0.7328342217,5.498696383
0.000142,0.000142,1.3324258577,0.7328342217,7.6785883437
0.000142,0.000142,1.3324258577,0.7328342217,10.7226722201
0.000142,0.000142,1.3324258577,0.7328342217,14.9735464897
0.000142,0.000142,1.3324258577,0.7328342217,20.9096286705
0.000142,0.000142,1.3324258577,0.7328342217,29.1989991443
0.000142,0.000142,1.3324258577,0.7328342217,40.7745907144
0.000142,0.000142,1.3324258577,0.7328342217,56.9391861586
0.000142,0.000142,1.3324258577,0.7328342217,79.5120407981
0.000142,0.000142,1.3324258577,0.7328342217,111.0336318168
0.000142,0.000142,1.3324258577,0.7328342217,155.0515779833
0.000142,0.000142,1.3324258577,0.7328342217,216.5199088036
0.000142,0.000142,1.3324258577,0.7328342217,302.3566191205
0.000142,0.000142,1.3324258577,0.7328342217,422.2222595195
0.000142,0.000142,1.3324258577,0.7328342217,589.6071895242
0.000142,0.000142,1.3324258577,0.7328342217,823.3498592289
0.000142,0.000142,1.3324258577,0.7328342217,1149.7569953977
0.000142,0.000142,1.3324258577,0.7328342217,1605.5643098112
0.000142,0.000142,1.3324258577,0.7328342217,2242.0709447806
0.000142,0.000142,1.3324258577,0.7328342217,3130.912969796
0.000142,0.000142,1.3324258577,0.7328342217,4372.1257113904
0.000142,0.000142,1.3324258577,0.7328342217,6105.4022965853
0.000142,0.000142,1.3324258577,0.7994555146,0.1
0.000142,0.000142,1.3324258577,0.7994555146,0.1396437957
0.000142,0.000142,1.3324258577,0.7994555146,0.1950038968
0.000142,0.000142,1.3324258577,0.7994555146,0.2723108433
0.000142,0.000142,1.3324258577,0.7994555146,0.3802651977
0.000142,0.000142,1.3324258577,0.7994555146,0.5310167558
0.000142,0.000142,1.3324258577,0.7994555146,0.7415319537
0.000142,0.000142,1.3324258577,0.7994555146,1.0355033665
0.000142,0.000142,1.3324258577,0.7994555146,1.4460162057
0.000142,0.000142,1.3324258577,0.7994555146,2.0192719162
0.000142,0.000142,1.3324258577,0.7994555146,2.8197879494
0.000142,0.000142,1.3324258577,0.7994555146,3.9376589236
0.000142,0.000142,1.3324258577,0.7994555146,5.498696383
0.000142,0.000142,1.3324258577,0.7994555146,7.6785883437
0.000142,0.000142,1.3324258577,0.7994555146,10.7226722201
0.000142,0.000142,1.3324258577,0.7994555146,14.9735464897
0.000142,0.000142,1.3324258577,0.7994555146,20.9096286705
0.000142,0.000142,1.3324258577,0.7994555146,29.1989991443
0.000142,0.000142,1.3324258577,0.7994555146,40.7745907144
0.000142,0.000142,1.3324258577,0.7994555146,56.9391861586
0.000142,0.000142,1.3324258577,0.7994555146,79.5120407981
0.000142,0.000142,1.3324258577,0.7994555146,111.0336318168
0.000142,0.000142,1.3324258577,0.7994555146,155.0515779833
0.000142,0.000142,1.3324258577,0.7994555146,216.5199088036
0.000142,0.000142,1.3324258577,0.7994555146,302.3566191205
0.000142,0.000142,1.3324258577,0.7994555146,422.2222595195
0.000142,0.000142,1.3324258577,0.7994555146,589.6071895242
0.000142,0.000142,1.3324258577,0.7994555146,823.3498592289
0.000142,0.000142,1.3324258577,0.7994555146,1149.7569953977
0.000142,0.000142,1.3324258577,0.7994555146,1605.5643098112
0.000142,0.000142,1.3324258577,0.7994555146,2242.0709447806
0.000142,0.000142,1.3324258577,0.7994555146,3130.912969796
0.000142,0.000142,1.3324258577,0.7994555146,4372.1257113904
0.000142,0.000142,1.3324258577,0.7994555146,6105.4022965853
0.000142,0.000142,1.3324258577,0.8660768075,0.1
0.000142,0.000142,1.3324258577,0.8660768075,0.1396437957
0.000142,0.000142,1.3324258577,0.8660768075,0.1950038968
0.000142,0.000142,1.3324258577,0.8660768075,0.2723108433
0.000142,0.000142,1.3324258577,0.8660768075,0.3802651977
0.000142,0.000142,1.3324258577,0.8660768075,0.5310167558
0.000142,0.000142,1.3324258577,0.8660768075,0.7415319537
0.000142,0.000142,1.3324258577,0.8660768075,1.0355033665
0.000142,0.000142,1.3324258577,0.8660768075,1.4460162057
0.000142,0.000142,1.3324258577,0.8660768075,2.0192719162
0.000142,0.000142,1.3324258577,0.8660768075,2.8197879494
0.000142,0.000142,1.3324258577,0.8660768075,3.9376589236
0.000142,0.000142,1.3324258577,0.8660768075,5.498696383
0.000142,0.000142,1.3324258577,0.8660768075,7.6785883437
0.000142,0.000142,1.3324258577,0.8660768075,10.7226722201
0.000142,0.000142,1.3324258577,0.8660768075,14.9735464897
0.000142,0.000142,1.3324258577,0.8660768075,20.9096286705
0.000142,0.000142,1.3324258577,0.8660768075,29.1989991443
0.000142,0.000142,1.3324258577,0.8660768075,40.7745907144
0.000142,0.000142,1.3324258577,0.8660768075,56.9391861586
0.000142,0.000142,1.3324258577,0.8660768075,79.5120407981
0.000142,0.000142,1.3324258577,0.8660768075,111.0336318168
0.000142,0.000142,1.3324258577,0.8660768075,155.0515779833
0.000142,0.000142,1.3324258577,0.8660768075,216.5199088036
0.000142,0.000142,1.3324258577,0.8660768075,302.3566191205
0.000142,0.000142,1.3324258577,0.8660768075,422.2222595195
0.000142,0.000142,1.3324258577,0.8660768075,589.6071895242
0.000142,0.000142,1.3324258577,0.8660768075,823.3498592289
0.000142,0.000142,1.3324258577,0.8660768075,1149.7569953977
0.000142,0.000142,1.3324258577,0.8660768075,1605.5643098112
0.000142,0.000142,1.3324258577,0.8660768075,2242.0709447806
0.000142,0.000142,1.3324258577,0.8660768075,3130.912969796
0.000142,0.000142,1.3324258577,0.8660768075,4372.1257113904
0.000142,0.000142,1.3324258577,0.8660768075,6105.4022965853
0.000142,0.000142,1.3324258577,0.9326981004,0.1
0.000142,0.000142,1.3324258577,0.9326981004,0.1396437957
0.000142,0.000142,1.3324258577,0.9326981004,0.1950038968
0.000142,0.000142,1.3324258577,0.9326981004,0.2723108433
0.000142,0.000142,1.3324258577,0.9326981004,0.3802651977
0.000142,0.000142,1.3324258577,0.9326981004,0.5310167558
0.000142,0.000142,1.3324258577,0.9326981004,0.7415319537
0.000142,0.000142,1.3324258577,0.9326981004,1.0355033665
0.000142,0.000142,1.3324258577,0.9326981004,1.4460162057
0.000142,0.000142,1.3324258577,0.9326981004,2.0192719162
0.000142,0.000142,1.3324258577,0.9326981004,2.8197879494
0.000142,0.000142,1.3324258577,0.9326981004,3.9376589236
0.000142,0.000142,1.3324258577,0.9326981004,5.498696383
0.000142,0.000142,1.3324258577,0.9326981004,7.6785883437
0.000142,0.000142,1.3324258577,0.9326981004,10.7226722201
0.000142,0.000142,1.3324258577,0.9326981004,14.9735464897
0.000142,0.000142,1.3324258577,0.9326981004,20.9096286705
0.000142,0.000142,1.3324258577,0.9326981004,29.1989991443
0.000142,0.000142,1.3324258577,0.9326981004,40.7745907144
0.000142,0.000142,1.3324258577,0.9326981004,56.9391861586
0.000142,0.000142,1.3324258577,0.9326981004,79.5120407981
0.000142,0.000142,1.3324258577,0.9326981004,111.0336318168
0.000142,0.000142,1.3324258577,0.9326981004,155.0515779833
0.000142,0.000142,1.3324258577,0.9326981004,216.5199088036
0.000142,0.000142,1.3324258577,0.9326981004,302.3566191205
0.000142,0.000142,1.3324258577,0.9326981004,422.2222595195
0.000142,0.000142,1.3324258577,0.9326981004,589.6071895242
0.000142,0.000142,1.3324258577,0.9326981004,823.3498592289
0.000142,0.000142,1.3324258577,0.9326981004,1149.7569953977
0.000142,0.000142,1.3324258577,0.9326981004,1605.5643098112
0.000142,0.000142,1.3324258577,0.9326981004,2242.0709447806
0.000142,0.000142,1.3324258577,0.9326981004,3130.912969796
0.000142,0.000142,1.3324258577,0.9326981004,4372.1257113904
0.000142,0.000142,1.3324258577,0.9326981004,6105.4022965853
0.000142,0.000142,1.3324258577,0.9993193933,0.1
0.000142,0.000142,1.3324258577,0.9993193933,0.1396437957
0.000142,0.000142,1.3324258577,0.9993193933,0.1950038968
0.000142,0.000142,1.3324258577,0.9993193933,0.2723108433
0.000142,0.000142,1.3324258577,0.9993193933,0.3802651977
0.000142,0.000142,1.3324258577,0.9993193933,0.5310167558
0.000142,0.000142,1.3324258577,0.9993193933,0.7415319537
0.000142,0.000142,1.3324258577,0.9993193933,1.0355033665
0.000142,0.000142,1.3324258577,0.9993193933,1.4460162057
0.000142,0.000142,1.3324258577,0.9993193933,2.0192719162
0.000142,0.000142,1.3324258577,0.9993193933,2.8197879494
0.000142,0.000142,1.3324258577,0.9993193933,3.9376589236
0.000142,0.000142,1.3324258577,0.9993193933,5.498696383
0.000142,0.000142,1.3324258577,0.9993193933,7.6785883437
0.000142,0.000142,1.3324258577,0.9993193933,10.7226722201
0.000142,0.000142,1.3324258577,0.9993193933,14.9735464897
0.000142,0.000142,1.3324258577,0.9993193933,20.9096286705
0.000142,0.000142,1.3324258577,0.9993193933,29.1989991443
0.000142,0.000142,1.3324258577,0.9993193933,40.7745907144
0.000142,0.000142,1.3324258577,0.9993193933,56.9391861586
0.000142,0.000142,1.3324258577,0.9993193933,79.5120407981
0.000142,0.000142,1.3324258577,0.9993193933,111.0336318168
0.000142,0.000142,1.3324258577,0.9993193933,155.0515779833
0.000142,0.000142,1.3324258577,0.9993193933,216.5199088036
0.000142,0.000142,1.3324258577,0.9993193933,302.3566191205
0.000142,0.000142,1.3324258577,0.9993193933,422.2222595195
0.000142,0.000142,1.3324258577,0.9993193933,589.6071895242
0.000142,0.000142,1.3324258577,0.9993193933,823.3498592289
0.000142,0.000142,1.3324258577,0.9993193933,1149.7569953977
0.000142,0.000142,1.3324258577,0.9993193933,1605.5643098112
0.000142,0.000142,1.3324258577,0.9993193933,2242.0709447806
0.000142,0.000142,1.3324258577,0.9993193933,3130.912969796
0.000142,0.000142,1.3324258577,0.9993193933,4372.1257113904
0.000142,0.000142,1.3324258577,0.9993193933,6105.4022965853
0.000142,0.000142,1.3324258577,1.0659406862,0.1
0.000142,0.000142,1.3324258577,1.0659406862,0.1396437957
0.000142,0.000142,1.3324258577,1.0659406862,0.1950038968
0.000142,0.000142,1.3324258577,1.0659406862,0.2723108433
0.000142,0.000142,1.3324258577,1.0659406862,0.3802651977
0.000142,0.000142,1.3324258577,1.0659406862,0.5310167558
0.000142,0.000142,1.3324258577,1.0659406862,0.7415319537
0.000142,0.000142,1.3324258577,1.0659406862,1.0355033665
0.000142,0.000142,1.3324258577,1.0659406862,1.4460162057
0.000142,0.000142,1.3324258577,1.0659406862,2.0192719162
0.000142,0.000142,1.3324258577,1.0659406862,2.8197879494
0.000142,0.000142,1.3324258577,1.0659406862,3.9376589236
0.000142,0.000142,1.3324258577,1.0659406862,5.498696383
0.000142,0.000142,1.3324258577,1.0659406862,7.6785883437
0.000142,0.000142,1.3324258577,1.0659406862,10.7226722201
0.000142,0.000142,1.3324258577,1.0659406862,14.9735464897
0.000142,0.000142,1.3324258577,1.0659406862,20.9096286705
0.000142,0.000142,1.3324258577,1.0659406862,29.1989991443
0.000142,0.000142,1.3324258577,1.0659406862,40.7745907144
0.000142,0.000142,1.3324258577,1.0659406862,56.9391861586
0.000142,0.000142,1.3324258577,1.0659406862,79.5120407981
0.000142,0.000142,1.3324258577,1.0659406862,111.0336318168
0.000142,0.000142,1.3324258577,1.0659406862,155.0515779833
0.000142,0.000142,1.3324258577,1.0659406862,216.5199088036
0.000142,0.000142,1.3324258577,1.0659406862,302.3566191205
0.000142,0.000142,1.3324258577,1.0659406862,422.2222595195
0.000142,0.000142,1.3324258577,1.0659406862,589.6071895242
0.000142,0.000142,1.3324258577,1.0659406862,823.3498592289
0.000142,0.000142,1.3324258577,1.0659406862,1149.7569953977
0.000142,0.000142,1.3324258577,1.0659406862,1605.5643098112
0.000142,0.000142,1.3324258577,1.0659406862,2242.0709447806
0.000142,0.000142,1.3324258577,1.0659406862,3130.912969796
0.000142,0.000142,1.3324258577,1.0659406862,4372.1257113904
0.000142,0.000142,1.3324258577,1.0659406862,6105.4022965853
0.000142,0.000142,1.3324258577,1.1325619791,0.1
0.000142,0.000142,1.3324258577,1.1325619791,0.1396437957
0.000142,0.000142,1.3324258577,1.1325619791,0.1950038968
0.000142,0.000142,1.3324258577,1.1325619791,0.2723108433
0.000142,0.000142,1.3324258577,1.1325619791,0.3802651977
0.000142,0.000142,1.3324258577,1.1325619791,0.5310167558
0.000142,0.000142,1.3324258577,1.1325619791,0.7415319537
0.000142,0.000142,1.3324258577,1.1325619791,1.0355033665
0.000142,0.000142,1.3324258577,1.1325619791,1.4460162057
0.000142,0.000142,1.3324258577,1.1325619791,2.0192719162
0.000142,0.000142,1.3324258577,1.1325619791,2.8197879494
0.000142,0.000142,1.3324258577,1.1325619791,3.9376589236
0.000142,0.000142,1.3324258577,1.1325619791,5.498696383
0.000142,0.000142,1.3324258577,1.1325619791,7.6785883437
0.000142,0.000142,1.3324258577,1.1325619791,10.7226722201
0.000142,0.000142,1.3324258577,1.1325619791,14.9735464897
0.000142,0.000142,1.3324258577,1.1325619791,20.9096286705
0.000142,0.000142,1.3324258577,1.1325619791,29.1989991443
0.000142,0.000142,1.3324258577,1.1325619791,40.7745907144
0.000142,0.000142,1.3324258577,1.1325619791,56.9391861586
0.000142,0.000142,1.3324258577,1.1325619791,79.5120407981
0.000142,0.000142,1.3324258577,1.1325619791,111.0336318168
0.000142,0.000142,1.3324258577,1.1325619791,155.0515779833
0.000142,0.000142,1.3324258577,1.1325619791,216.5199088036
0.000142,0.000142,1.3324258577,1.1325619791,302.3566191205
0.000142,0.000142,1.3324258577,1.1325619791,422.2222595195
0.000142,0.000142,1.3324258577,1.1325619791,589.6071895242
0.000142,0.000142,1.3324258577,1.1325619791,823.3498592289
0.000142,0.000142,1.3324258577,1.1325619791,1149.7569953977
0.000142,0.000142,1.3324258577,1.1325619791,1605.5643098112
0.000142,0.000142,1.3324258577,1.1325619791,2242.0709447806
0.000142,0.000142,1.3324258577,1.1325619791,3130.912969796
0.000142,0.000142,1.3324258577,1.1325619791,4372.1257113904
0.000142,0.000142,1.3324258577,1.1325619791,6105.4022965853
0.000142,0.000142,1.3324258577,1.1991832719,0.1
0.000142,0.000142,1.3324258577,1.1991832719,0.1396437957
0.000142,0.000142,1.3324258577,1.1991832719,0.1950038968
0.000142,0.000142,1.3324258577,1.1991832719,0.2723108433
0.000142,0.000142,1.3324258577,1.1991832719,0.3802651977
0.000142,0.000142,1.3324258577,1.1991832719,0.5310167558
0.000142,0.000142,1.3324258577,1.1991832719,0.7415319537
0.000142,0.000142,1.3324258577,1.1991832719,1.0355033665
0.000142,0.000142,1.3324258577,1.1991832719,1.4460162057
0.000142,0.000142,1.3324258577,1.1991832719,2.0192719162
0.000142,0.000142,1.3324258577,1.1991832719,2.8197879494
0.000142,0.000142,1.3324258577,1.1991832719,3.9376589236
0.000142,0.000142,1.3324258577,1.1991832719,5.498696383
0.000142,0.000142,1.3324258577,1.1991832719,7.6785883437
0.000142,0.000142,1.3324258577,1.1991832719,10.7226722201
0.000142,0.000142,1.3324258577,1.1991832719,14.9735464897
0.000142,0.000142,1.3324258577,1.1991832719,20.9096286705
0.000142,0.000142,1.3324258577,1.1991832719,29.1989991443
0.000142,0.000142,1.3324258577,1.1991832719,40.7745907144
0.000142,0.000142,1.3324258577,1.1991832719,56.9391861586
0.000142,0.000142,1.3324258577,1.1991832719,79.5120407981
0.000142,0.000142,1.3324258577,1.1991832719,111.0336318168
0.000142,0.000142,1.3324258577,1.1991832719,155.0515779833
0.000142,0.000142,1.3324258577,1.1991832719,216.5199088036
0.000142,0.000142,1.3324258577,1.1991832719,302.3566191205
0.000142,0.000142,1.3324258577,1.1991832719,422.2222595195
0.000142,0.000142,1.3324258577,1.1991832719,589.6071895242
0.000142,0.000142,1.3324258577,1.1991832719,823.3498592289
0.000142,0.000142,1.3324258577,1.1991832719,1149.7569953977
0.000142,0.000142,1.3324258577,1.1991832719,1605.5643098112
0.000142,0.000142,1.3324258577,1.1991832719,2242.0709447806
0.000142,0.000142,1.3324258577,1.1991832719,3130.912969796
0.000142,0.000142,1.3324258577,1.1991832719,4372.1257113904
0.000142,0.000142,1.3324258577,1.1991832719,6105.4022965853
0.000142,0.000142,1.3324258577,1.2658045648,0.1
0.000142,0.000142,1.3324258577,1.2658045648,0.1396437957
0.000142,0.000142,1.3324258577,1.2658045648,0.1950038968
0.000142,0.000142,1.3324258577,1.2658045648,0.2723108433
0.000142,0.000142,1.3324258577,1.2658045648,0.3802651977
0.000142,0.000142,1.3324258577,1.2658045648,0.5310167558
0.000142,0.000142,1.3324258577,1.2658045648,0.7415319537
0.000142,0.000142,1.3324258577,1.2658045648,1.0355033665
0.000142,0.000142,1.3324258577,1.2658045648,1.4460162057
0.000142,0.000142,1.3324258577,1.2658045648,2.0192719162
0.000142,0.000142,1.3324258577,1.2658045648,2.8197879494
0.000142,0.000142,1.3324258577,1.2658045648,3.9376589236
0.000142,0.000142,1.3324258577,1.2658045648,5.498696383
0.000142,0.000142,1.3324258577,1.2658045648,7.6785883437
0.000142,0.000142,1.3324258577,1.2658045648,10.7226722201
0.000142,0.000142,1.3324258577,1.2658045648,14.9735464897
0.000142,0.000142,1.3324258577,1.2658045648,20.9096286705
0.000142,0.000142,1.3324258577,1.2658045648,29.1989991443
0.000142,0.000142,1.3324258577,1.2658045648,40.7745907144
0.000142,0.000142,1.3324258577,1.2658045648,56.9391861586
0.000142,0.000142,1.3324258577,1.2658045648,79.5120407981
0.000142,0.000142,1.3324258577,1.2658045648,111.0336318168
0.000142,0.000142,1.3324258577,1.2658045648,155.0515779833
0.000142,0.000142,1.3324258577,1.2658045648,216.5199088036
0.000142,0.000142,1.3324258577,1.2658045648,302.3566191205
0.000142,0.000142,1.3324258577,1.2658045648,422.2222595195
0.000142,0.000142,1.3324258577,1.2658045648,589.6071895242
0.000142,0.000142,1.3324258577,1.2658045648,823.3498592289
0.000142,0.000142,1.3324258577,1.2658045648,1149.7569953977
0.000142,0.000142,1.3324258577,1.2658045648,1605.5643098112
0.000142,0.000142,1.3324258577,1.2658045648,2242.0709447806
0.000142,0.000142,1.3324258577,1.2658045648,3130.912969796
0.000142,0.000142,1.3324258577,1.2658045648,4372.1257113904
0.000142,0.000142,1.3324258577,1.2658045648,6105.4022965853
0.000142,0.000142,1.3324258577,1.3191015991,0.1
0.000142,0.000142,1.3324258577,1.3191015991,0.1396437957
0.000142,0.000142,1.3324258577,1.3191015991,0.1950038968
0.000142,0.000142,1.3324258577,1.3191015991,0.2723108433
0.000142,0.000142,1.3324258577,1.3191015991,0.3802651977
0.000142,0.000142,1.3324258577,1.3191015991,0.5310167558
0.000142,0.000142,1.3324258577,1.3191015991,0.7415319537
0.000142,0.000142,1.3324258577,1.3191015991,1.0355033665
0.000142,0.000142,1.3324258577,1.3191015991,1.4460162057
0.000142,0.000142,1.3324258577,1.3191015991,2.0192719162
0.000142,0.000142,1.3324258577,1.3191015991,2.8197879494
0.000142,0.000142,1.3324258577,1.3191015991,3.9376589236
0.000142,0.000142,1.3324258577,1.3191015991,5.498696383
0.000142,0.000142,1.3324258577,1.3191015991,7.6785883437
0.000142,0.000142,1.3324258577,1.3191015991,10.7226722201
0.000142,0.000142,1.3324258577,1.3191015991,14.9735464897
0.000142,0.000142,1.3324258577,1.3191015991,20.9096286705
0.000142,0.000142,1.3324258577,1.3191015991,29.1989991443
0.000142,0.000142,1.3324258577,1.3191015991,40.7745907144
0.000142,0.000142,1.3324258577,1.3191015991,56.9391861586
0.000142,0.000142,1.3324258577,1.3191015991,79.5120407981
0.000142,0.000142,1.3324258577,1.3191015991,111.0336318168
0.000142,0.000142,1.3324258577,1.3191015991,155.0515779833
0.000142,0.000142,1.3324258577,1.3191015991,216.5199088036
0.000142,0.000142,1.3324258577,1.3191015991,302.3566191205
0.000142,0.000142,1.3324258577,1.3191015991,422.2222595195
0.000142,0.000142,1.3324258577,1.3191015991,589.6071895242
0.000142,0.000142,1.3324258577,1.3191015991,823.3498592289
0.000142,0.000142,1.3324258577,1.3191015991,1149.7569953977
0.000142,0.000142,1.3324258577,1.3191015991,1605.5643098112
0.000142,0.000142,1.3324258577,1.3191015991,2242.0709447806
0.000142,0.000142,1.3324258577,1.3191015991,3130.912969796
0.000142,0.000142,1.3324258577,1.3191015991,4372.1257113904
0.000142,0.000142,1.3324258577,1.3191015991,6105.4022965853
0.000142,0.000142,1.4842367459,0.1484236746,0.1
0.000142,0.000142,1.4842367459,0.1484236746,0.1396437957
0.000142,0.000142,1.4842367459,0.1484236746,0.1950038968
0.000142,0.000142,1.4842367459,0.1484236746,0.2723108433
0.000142,0.000142,1.4842367459,0.1484236746,0.3802651977
0.000142,0.000142,1.4842367459,0.1484236746,0.5310167558
0.000142,0.000142,1.4842367459,0.1484236746,0.7415319537
0.000142,0.000142,1.4842367459,0.1484236746,1.0355033665
0.000142,0.000142,1.4842367459,0.1484236746,1.4460162057
0.000142,0.000142,1.4842367459,0.1484236746,2.0192719162
0.000142,0.000142,1.4842367459,0.1484236746,2.8197879494
0.000142,0.000142,1.4842367459,0.1484236746,3.9376589236
0.000142,0.000142,1.4842367459,0.1484236746,5.498696383
0.000142,0.000142,1.4842367459,0.1484236746,7.6785883437
0.000142,0.000142,1.4842367459,0.1484236746,10.7226722201
0.000142,0.000142,1.4842367459,0.1484236746,14.9735464897
0.000142,0.000142,1.4842367459,0.1484236746,20.9096286705
0.000142,0.000142,1.4842367459,0.1484236746,29.1989991443
0.000142,0.000142,1.4842367459,0.1484236746,40.7745907144
0.000142,0.000142,1.4842367459,0.1484236746,56.9391861586
0.000142,0.000142,1.4842367459,0.1484236746,79.5120407981
0.000142,0.000142,1.4842367459,0.1484236746,111.0336318168
0.000142,0.000142,1.4842367459,0.1484236746,155.0515779833
0.000142,0.000142,1.4842367459,0.1484236746,216.5199088036
0.000142,0.000142,1.4842367459,0.1484236746,302.3566191205
0.000142,0.000142,1.4842367459,0.1484236746,422.2222595195
0.000142,0.000142,1.4842367459,0.1484236746,589.6071895242
0.000142,0.000142,1.4842367459,0.1484236746,823.3498592289
0.000142,0.000142,1.4842367459,0.1484236746,1149.7569953977
0.000142,0.000142,1.4842367459,0.1484236746,1605.5643098112
0.000142,0.000142,1.4842367459,0.1484236746,2242.0709447806
0.000142,0.000142,1.4842367459,0.1484236746,3130.912969796
0.000142,0.000142,1.4842367459,0.1484236746,4372.1257113904
0.000142,0.000142,1.4842367459,0.1484236746,6105.4022965853
0.000142,0.000142,1.4842367459,0.2226355119,0.1
0.000142,0.000142,1.4842367459,0.2226355119,0.1396437957
0.000142,0.000142,1.4842367459,0.2226355119,0.1950038968
0.000142,0.000142,1.4842367459,0.2226355119,0.2723108433
0.000142,0.000142,1.4842367459,0.2226355119,0.3802651977
0.000142,0.000142,1.4842367459,0.2226355119,0.5310167558
0.000142,0.000142,1.4842367459,0.2226355119,0.7415319537
0.000142,0.000142,1.4842367459,0.2226355119,1.0355033665
0.000142,0.000142,1.4842367459,0.2226355119,1.4460162057
0.000142,0.000142,1.4842367459,0.2226355119,2.0192719162
0.000142,0.000142,1.4842367459,0.2226355119,2.8197879494
0.000142,0.000142,1.4842367459,0.2226355119,3.9376589236
0.000142,0.000142,1.4842367459,0.2226355119,5.498696383
0.000142,0.000142,1.4842367459,0.2226355119,7.6785883437
0.000142,0.000142,1.4842367459,0.2226355119,10.7226722201
0.000142,0.000142,1.4842367459,0.2226355119,14.9735464897
0.000142,0.000142,1.4842367459,0.2226355119,20.9096286705
0.000142,0.000142,1.4842367459,0.2226355119,29.1989991443
0.000142,0.000142,1.4842367459,0.2226355119,40.7745907144
0.000142,0.000142,1.4842367459,0.2226355119,56.9391861586
0.000142,0.000142,1.4842367459,0.2226355119,79.5120407981
0.000142,0.000142,1.4842367459,0.2226355119,111.0336318168
0.000142,0.000142,1.4842367459,0.2226355119,155.0515779833
0.000142,0.000142,1.4842367459,0.2226355119,216.5199088036
0.000142,0.000142,1.4842367459,0.2226355119,302.3566191205
0.000142,0.000142,1.4842367459,0.2226355119,422.2222595195
0.000142,0.000142,1.4842367459,0.2226355119,589.6071895242
0.000142,0.000142,1.4842367459,0.2226355119,823.3498592289
0.000142,0.000142,1.4842367459,0.2226355119,1149.7569953977
0.000142,0.000142,1.4842367459,0.2226355119,1605.5643098112
0.000142,0.000142,1.4842367459,0.2226355119,2242.0709447806
0.000142,0.000142,1.4842367459,0.2226355119,3130.912969796
0.000142,0.000142,1.4842367459,0.2226355119,4372.1257113904
0.000142,0.000142,1.4842367459,0.2226355119,6105.4022965853
0.000142,0.000142,1.4842367459,0.2968473492,0.1
0.000142,0.000142,1.4842367459,0.2968473492,0.1396437957
0.000142,0.000142,1.4842367459,0.2968473492,0.1950038968
0.000142,0.000142,1.4842367459,0.2968473492,0.2723108433
0.000142,0.000142,1.4842367459,0.2968473492,0.3802651977
0.000142,0.000142,1.4842367459,0.2968473492,0.5310167558
0.000142,0.000142,1.4842367459,0.2968473492,0.7415319537
0.000142,0.000142,1.4842367459,0.2968473492,1.0355033665
0.000142,0.000142,1.4842367459,0.2968473492,1.4460162057
0.000142,0.000142,1.4842367459,0.2968473492,2.0192719162
0.000142,0.000142,1.4842367459,0.2968473492,2.8197879494
0.000142,0.000142,1.4842367459,0.2968473492,3.9376589236
0.000142,0.000142,1.4842367459,0.2968473492,5.498696383
0.000142,0.000142,1.4842367459,0.2968473492,7.6785883437
0.000142,0.000142,1.4842367459,0.2968473492,10.7226722201
0.000142,0.000142,1.4842367459,0.2968473492,14.9735464897
0.000142,0.000142,1.4842367459,0.2968473492,20.9096286705
0.000142,0.000142,1.4842367459,0.2968473492,29.1989991443
0.000142,0.000142,1.4842367459,0.2968473492,40.7745907144
0.000142,0.000142,1.4842367459,0.2968473492,56.9391861586
0.000142,0.000142,1.4842367459,0.2968473492,79.5120407981
0.000142,0.000142,1.4842367459,0.2968473492,111.0336318168
0.000142,0.000142,1.4842367459,0.2968473492,155.0515779833
0.000142,0.000142,1.4842367459,0.2968473492,216.5199088036
0.000142,0.000142,1.4842367459,0.2968473492,302.3566191205
0.000142,0.000142,1.4842367459,0.2968473492,422.2222595195
0.000142,0.000142,1.4842367459,0.2968473492,589.6071895242
0.000142,0.000142,1.4842367459,0.2968473492,823.3498592289
0.000142,0.000142,1.4842367459,0.2968473492,1149.7569953977
0.000142,0.000142,1.4842367459,0.2968473492,1605.5643098112
0.000142,0.000142,1.4842367459,0.2968473492,2242.0709447806
0.000142,0.000142,1.4842367459,0.2968473492,3130.912969796
0.000142,0.000142,1.4842367459,0.2968473492,4372.1257113904
0.000142,0.000142,1.4842367459,0.2968473492,6105.4022965853
0.000142,0.000142,1.4842367459,0.3710591865,0.1
0.000142,0.000142,1.4842367459,0.3710591865,0.1396437957
0.000142,0.000142,1.4842367459,0.3710591865,0.1950038968
0.000142,0.000142,1.4842367459,0.3710591865,0.2723108433
0.000142,0.000142,1.4842367459,0.3710591865,0.3802651977
0.000142,0.000142,1.4842367459,0.3710591865,0.5310167558
0.000142,0.000142,1.4842367459,0.3710591865,0.7415319537
0.000142,0.000142,1.4842367459,0.3710591865,1.0355033665
0.000142,0.000142,1.4842367459,0.3710591865,1.4460162057
0.000142,0.000142,1.4842367459,0.3710591865,2.0192719162
0.000142,0.000142,1.4842367459,0.3710591865,2.8197879494
0.000142,0.000142,1.4842367459,0.3710591865,3.9376589236
0.000142,0.000142,1.4842367459,0.3710591865,5.498696383
0.000142,0.000142,1.4842367459,0.3710591865,7.6785883437
0.000142,0.000142,1.4842367459,0.3710591865,10.7226722201
0.000142,0.000142,1.4842367459,0.3710591865,14.9735464897
0.000142,0.000142,1.4842367459,0.3710591865,20.9096286705
0.000142,0.000142,1.4842367459,0.3710591865,29.1989991443
0.000142,0.000142,1.4842367459,0.3710591865,40.7745907144
0.000142,0.000142,1.4842367459,0.3710591865,56.9391861586
0.000142,0.000142,1.4842367459,0.3710591865,79.5120407981
0.000142,0.000142,1.4842367459,0.3710591865,111.0336318168
0.000142,0.000142,1.4842367459,0.3710591865,155.0515779833
0.000142,0.000142,1.4842367459,0.3710591865,216.5199088036
0.000142,0.000142,1.4842367459,0.3710591865,302.3566191205
0.000142,0.000142,1.4842367459,0.3710591865,422.2222595195
0.000142,0.000142,1.4842367459,0.3710591865,589.6071895242
0.000142,0.000142,1.4842367459,0.3710591865,823.3498592289
0.000142,0.000142,1.4842367459,0.3710591865,1149.7569953977
0.000142,0.000142,1.4842367459,0.3710591865,1605.5643098112
0.000142,0.000142,1.4842367459,0.3710591865,2242.0709447806
0.000142,0.000142,1.4842367459,0.3710591865,3130.912969796
0.000142,0.000142,1.4842367459,0.3710591865,4372.1257113904
0.000142,0.000142,1.4842367459,0.3710591865,6105.4022965853
0.000142,0.000142,1.4842367459,0.4452710238,0.1
0.000142,0.000142,1.4842367459,0.4452710238,0.1396437957
0.000142,0.000142,1.4842367459,0.4452710238,0.1950038968
0.000142,0.000142,1.4842367459,0.4452710238,0.2723108433
0.000142,0.000142,1.4842367459,0.4452710238,0.3802651977
0.000142,0.000142,1.4842367459,0.4452710238,0.5310167558
0.000142,0.000142,1.4842367459,0.4452710238,0.7415319537
0.000142,0.000142,1.4842367459,0.4452710238,1.0355033665
0.000142,0.000142,1.4842367459,0.4452710238,1.4460162057
0.000142,0.000142,1.4842367459,0.4452710238,2.0192719162
0.000142,0.000142,1.4842367459,0.4452710238,2.8197879494
0.000142,0.000142,1.4842367459,0.4452710238,3.9376589236
0.000142,0.000142,1.4842367459,0.4452710238,5.498696383
0.000142,0.000142,1.4842367459,0.4452710238,7.6785883437
0.000142,0.000142,1.4842367459,0.4452710238,10.7226722201
0.000142,0.000142,1.4842367459,0.4452710238,14.9735464897
0.000142,0.000142,1.4842367459,0.4452710238,20.9096286705
0.000142,0.000142,1.4842367459,0.4452710238,29.1989991443
0.000142,0.000142,1.4842367459,0.4452710238,40.7745907144
0.000142,0.000142,1.4842367459,0.4452710238,56.9391861586
0.000142,0.000142,1.4842367459,0.4452710238,79.5120407981
0.000142,0.000142,1.4842367459,0.4452710238,111.0336318168
0.000142,0.000142,1.4842367459,0.4452710238,155.0515779833
0.000142,0.000142,1.4842367459,0.4452710238,216.5199088036
0.000142,0.000142,1.4842367459,0.4452710238,302.3566191205
0.000142,0.000142,1.4842367459,0.4452710238,422.2222595195
0.000142,0.000142,1.4842367459,0.4452710238,589.6071895242
0.000142,0.000142,1.4842367459,0.4452710238,823.3498592289
0.000142,0.000142,1.4842367459,0.4452710238,1149.7569953977
0.000142,0.000142,1.4842367459,0.4452710238,1605.5643098112
0.000142,0.000142,1.4842367459,0.4452710238,2242.0709447806
0.000142,0.000142,1.4842367459,0.4452710238,3130.912969796
0.000142,0.000142,1.4842367459,0.4452710238,4372.1257113904
0.000142,0.000142,1.4842367459,0.4452710238,6105.4022965853
0.000142,0.000142,1.4842367459,0.5194828611,0.1
0.000142,0.000142,1.4842367459,0.5194828611,0.1396437957
0.000142,0.000142,1.4842367459,0.5194828611,0.1950038968
0.000142,0.000142,1.4842367459,0.5194828611,0.2723108433
0.000142,0.000142,1.4842367459,0.5194828611,0.3802651977
0.000142,0.000142,1.4842367459,0.5194828611,0.5310167558
0.000142,0.000142,1.4842367459,0.5194828611,0.7415319537
0.000142,0.000142,1.4842367459,0.5194828611,1.0355033665
0.000142,0.000142,1.4842367459,0.5194828611,1.4460162057
0.000142,0.000142,1.4842367459,0.5194828611,2.0192719162
0.000142,0.000142,1.4842367459,0.5194828611,2.8197879494
0.000142,0.000142,1.4842367459,0.5194828611,3.9376589236
0.000142,0.000142,1.4842367459,0.5194828611,5.498696383
0.000142,0.000142,1.4842367459,0.5194828611,7.6785883437
0.000142,0.000142,1.4842367459,0.5194828611,10.7226722201
0.000142,0.000142,1.4842367459,0.5194828611,14.9735464897
0.000142,0.000142,1.4842367459,0.5194828611,20.9096286705
0.000142,0.000142,1.4842367459,0.5194828611,29.1989991443
0.000142,0.000142,1.4842367459,0.5194828611,40.7745907144
0.000142,0.000142,1.4842367459,0.5194828611,56.9391861586
0.000142,0.000142,1.4842367459,0.5194828611,79.5120407981
0.000142,0.000142,1.4842367459,0.5194828611,111.0336318168
0.000142,0.000142,1.4842367459,0.5194828611,155.0515779833
0.000142,0.000142,1.4842367459,0.5194828611,216.5199088036
0.000142,0.000142,1.4842367459,0.5194828611,302.3566191205
0.000142,0.000142,1.4842367459,0.5194828611,422.2222595195
0.000142,0.000142,1.4842367459,0.5194828611,589.6071895242
0.000142,0.000142,1.4842367459,0.5194828611,823.3498592289
0.000142,0.000142,1.4842367459,0.5194828611,1149.7569953977
0.000142,0.000142,1.4842367459,0.5194828611,1605.5643098112
0.000142,0.000142,1.4842367459,0.5194828611,2242.0709447806
0.000142,0.000142,1.4842367459,0.5194828611,3130.912969796
0.000142,0.000142,1.4842367459,0.5194828611,4372.1257113904
0.000142,0.000142,1.4842367459,0.5194828611,6105.4022965853
0.000142,0.000142,1.4842367459,0.5936946984,0.1
0.000142,0.000142,1.4842367459,0.5936946984,0.1396437957
0.000142,0.000142,1.4842367459,0.5936946984,0.1950038968
0.000142,0.000142,1.4842367459,0.5936946984,0.2723108433
0.000142,0.000142,1.4842367459,0.5936946984,0.3802651977
0.000142,0.000142,1.4842367459,0.5936946984,0.5310167558
0.000142,0.000142,1.4842367459,0.5936946984,0.7415319537
0.000142,0.000142,1.4842367459,0.5936946984,1.0355033665
0.000142,0.000142,1.4842367459,0.5936946984,1.4460162057
0.000142,0.000142,1.4842367459,0.5936946984,2.0192719162
0.000142,0.000142,1.4842367459,0.5936946984,2.8197879494
0.000142,0.000142,1.4842367459,0.5936946984,3.9376589236
0.000142,0.000142,1.4842367459,0.5936946984,5.498696383
0.000142,0.000142,1.4842367459,0.5936946984,7.6785883437
0.000142,0.000142,1.4842367459,0.5936946984,10.7226722201
0.000142,0.000142,1.4842367459,0.5936946984,14.9735464897
0.000142,0.000142,1.4842367459,0.5936946984,20.9096286705
0.000142,0.000142,1.4842367459,0.5936946984,29.1989991443
0.000142,0.000142,1.4842367459,0.5936946984,40.7745907144
0.000142,0.000142,1.4842367459,0.5936946984,56.9391861586
0.000142,0.000142,1.4842367459,0.5936946984,79.5120407981
0.000142,0.000142,1.4842367459,0.5936946984,111.0336318168
0.000142,0.000142,1.4842367459,0.5936946984,155.0515779833
0.000142,0.000142,1.4842367459,0.5936946984,216.5199088036
0.000142,0.000142,1.4842367459,0.5936946984,302.3566191205
0.000142,0.000142,1.4842367459,0.5936946984,422.2222595195
0.000142,0.000142,1.4842367459,0.5936946984,589.6071895242
0.000142,0.000142,1.4842367459,0.5936946984,823.3498592289
0.000142,0.000142,1.4842367459,0.5936946984,1149.7569953977
0.000142,0.000142,1.4842367459,0.5936946984,1605.5643098112
0.000142,0.000142,1.4842367459,0.5936946984,2242.0709447806
0.000142,0.000142,1.4842367459,0.5936946984,3130.912969796
0.000142,0.000142,1.4842367459,0.5936946984,4372.1257113904
0.000142,0.000142,1.4842367459,0.5936946984,6105.4022965853
0.000142,0.000142,1.4842367459,0.6679065357,0.1
0.000142,0.000142,1.4842367459,0.6679065357,0.1396437957
0.000142,0.000142,1.4842367459,0.6679065357,0.1950038968
0.000142,0.000142,1.4842367459,0.6679065357,0.2723108433
0.000142,0.000142,1.4842367459,0.6679065357,0.3802651977
0.000142,0.000142,1.4842367459,0.6679065357,0.5310167558
0.000142,0.000142,1.4842367459,0.6679065357,0.7415319537
0.000142,0.000142,1.4842367459,0.6679065357,1.0355033665
0.000142,0.000142,1.4842367459,0.6679065357,1.4460162057
0.000142,0.000142,1.4842367459,0.6679065357,2.0192719162
0.000142,0.000142,1.4842367459,0.6679065357,2.8197879494
0.000142,0.000142,1.4842367459,0.6679065357,3.9376589236
0.000142,0.000142,1.4842367459,0.6679065357,5.498696383
0.000142,0.000142,1.4842367459,0.6679065357,7.6785883437
0.000142,0.000142,1.4842367459,0.6679065357,10.7226722201
0.000142,0.000142,1.4842367459,0.6679065357,14.9735464897
0.000142,0.000142,1.4842367459,0.6679065357,20.9096286705
0.000142,0.000142,1.4842367459,0.6679065357,29.1989991443
0.000142,0.000142,1.4842367459,0.6679065357,40.7745907144
0.000142,0.000142,1.4842367459,0.6679065357,56.9391861586
0.000142,0.000142,1.4842367459,0.6679065357,79.5120407981
0.000142,0.000142,1.4842367459,0.6679065357,111.0336318168
0.000142,0.000142,1.4842367459,0.6679065357,155.0515779833
0.000142,0.000142,1.4842367459,0.6679065357,216.5199088036
0.000142,0.000142,1.4842367459,0.6679065357,302.3566191205
0.000142,0.000142,1.4842367459,0.6679065357,422.2222595195
0.000142,0.000142,1.4842367459,0.6679065357,589.6071895242
0.000142,0.000142,1.4842367459,0.6679065357,823.3498592289
0.000142,0.000142,1.4842367459,0.6679065357,1149.7569953977
0.000142,0.000142,1.4842367459,0.6679065357,1605.5643098112
0.000142,0.000142,1.4842367459,0.6679065357,2242.0709447806
0.000142,0.000142,1.4842367459,0.6679065357,3130.912969796
0.000142,0.000142,1.4842367459,0.6679065357,4372.1257113904
0.000142,0.000142,1.4842367459,0.6679065357,6105.4022965853
0.000142,0.000142,1.4842367459,0.742118373,0.1
0.000142,0.000142,1.4842367459,0.742118373,0.1396437957
0.000142,0.000142,1.4842367459,0.742118373,0.1950038968
0.000142,0.000142,1.4842367459,0.742118373,0.2723108433
0.000142,0.000142,1.4842367459,0.742118373,0.3802651977
0.000142,0.000142,1.4842367459,0.742118373,0.5310167558
0.000142,0.000142,1.4842367459,0.742118373,0.7415319537
0.000142,0.000142,1.4842367459,0.742118373,1.0355033665
0.000142,0.000142,1.4842367459,0.742118373,1.4460162057
0.000142,0.000142,1.4842367459,0.742118373,2.0192719162
0.000142,0.000142,1.4842367459,0.742118373,2.8197879494
0.000142,0.000142,1.4842367459,0.742118373,3.9376589236
0.000142,0.000142,1.4842367459,0.742118373,5.498696383
0.000142,0.000142,1.4842367459,0.742118373,7.6785883437
0.000142,0.000142,1.4842367459,0.742118373,10.7226722201
0.000142,0.000142,1.4842367459,0.742118373,14.9735464897
0.000142,0.000142,1.4842367459,0.742118373,20.9096286705
0.000142,0.000142,1.4842367459,0.742118373,29.1989991443
0.000142,0.000142,1.4842367459,0.742118373,40.7745907144
0.000142,0.000142,1.4842367459,0.742118373,56.9391861586
0.000142,0.000142,1.4842367459,0.742118373,79.5120407981
0.000142,0.000142,1.4842367459,0.742118373,111.0336318168
0.000142,0.000142,1.4842367459,0.742118373,155.0515779833
0.000142,0.000142,1.4842367459,0.742118373,216.5199088036
0.000142,0.000142,1.4842367459,0.742118373,302.3566191205
0.000142,0.000142,1.4842367459,0.742118373,422.2222595195
0.000142,0.000142,1.4842367459,0.742118373,589.6071895242
0.000142,0.000142,1.4842367459,0.742118373,823.3498592289
0.000142,0.000142,1.4842367459,0.742118373,1149.7569953977
0.000142,0.000142,1.4842367459,0.742118373,1605.5643098112
0.000142,0.000142,1.4842367459,0.742118373,2242.0709447806
0.000142,0.000142,1.4842367459,0.742118373,3130.912969796
0.000142,0.000142,1.4842367459,0.742118373,4372.1257113904
0.000142,0.000142,1.4842367459,0.742118373,6105.4022965853
0.000142,0.000142,1.4842367459,0.8163302103,0.1
0.000142,0.000142,1.4842367459,0.8163302103,0.1396437957
0.000142,0.000142,1.4842367459,0.8163302103,0.1950038968
0.000142,0.000142,1.4842367459,0.8163302103,0.2723108433
0.000142,0.000142,1.4842367459,0.8163302103,0.3802651977
0.000142,0.000142,1.4842367459,0.8163302103,0.5310167558
0.000142,0.000142,1.4842367459,0.8163302103,0.7415319537
0.000142,0.000142,1.4842367459,0.8163302103,1.0355033665
0.000142,0.000142,1.4842367459,0.8163302103,1.4460162057
0.000142,0.000142,1.4842367459,0.8163302103,2.0192719162
0.000142,0.000142,1.4842367459,0.8163302103,2.8197879494
0.000142,0.000142,1.4842367459,0.8163302103,3.9376589236
0.000142,0.000142,1.4842367459,0.8163302103,5.498696383
0.000142,0.000142,1.4842367459,0.8163302103,7.6785883437
0.000142,0.000142,1.4842367459,0.8163302103,10.7226722201
0.000142,0.000142,1.4842367459,0.8163302103,14.9735464897
0.000142,0.000142,1.4842367459,0.8163302103,20.9096286705
0.000142,0.000142,1.4842367459,0.8163302103,29.1989991443
0.000142,0.000142,1.4842367459,0.8163302103,40.7745907144
0.000142,0.000142,1.4842367459,0.8163302103,56.9391861586
0.000142,0.000142,1.4842367459,0.8163302103,79.5120407981
0.000142,0.000142,1.4842367459,0.8163302103,111.0336318168
0.000142,0.000142,1.4842367459,0.8163302103,155.0515779833
0.000142,0.000142,1.4842367459,0.8163302103,216.5199088036
0.000142,0.000142,1.4842367459,0.8163302103,302.3566191205
0.000142,0.000142,1.4842367459,0.8163302103,422.2222595195
0.000142,0.000142,1.4842367459,0.8163302103,589.6071895242
0.000142,0.000142,1.4842367459,0.8163302103,823.3498592289
0.000142,0.000142,1.4842367459,0.8163302103,1149.7569953977
0.000142,0.000142,1.4842367459,0.8163302103,1605.5643098112
0.000142,0.000142,1.4842367459,0.8163302103,2242.0709447806
0.000142,0.000142,1.4842367459,0.8163302103,3130.912969796
0.000142,0.000142,1.4842367459,0.8163302103,4372.1257113904
0.000142,0.000142,1.4842367459,0.8163302103,6105.4022965853
0.000142,0.000142,1.4842367459,0.8905420475,0.1
0.000142,0.000142,1.4842367459,0.8905420475,0.1396437957
0.000142,0.000142,1.4842367459,0.8905420475,0.1950038968
0.000142,0.000142,1.4842367459,0.8905420475,0.2723108433
0.000142,0.000142,1.4842367459,0.8905420475,0.3802651977
0.000142,0.000142,1.4842367459,0.8905420475,0.5310167558
0.000142,0.000142,1.4842367459,0.8905420475,0.7415319537
0.000142,0.000142,1.4842367459,0.8905420475,1.0355033665
0.000142,0.000142,1.4842367459,0.8905420475,1.4460162057
0.000142,0.000142,1.4842367459,0.8905420475,2.0192719162
0.000142,0.000142,1.4842367459,0.8905420475,2.8197879494
0.000142,0.000142,1.4842367459,0.8905420475,3.9376589236
0.000142,0.000142,1.4842367459,0.8905420475,5.498696383
0.000142,0.000142,1.4842367459,0.8905420475,7.6785883437
0.000142,0.000142,1.4842367459,0.8905420475,10.7226722201
0.000142,0.000142,1.4842367459,0.8905420475,14.9735464897
0.000142,0.000142,1.4842367459,0.8905420475,20.9096286705
0.000142,0.000142,1.4842367459,0.8905420475,29.1989991443
0.000142,0.000142,1.4842367459,0.8905420475,40.7745907144
0.000142,0.000142,1.4842367459,0.8905420475,56.9391861586
0.000142,0.000142,1.4842367459,0.8905420475,79.5120407981
0.000142,0.000142,1.4842367459,0.8905420475,111.0336318168
0.000142,0.000142,1.4842367459,0.8905420475,155.0515779833
0.000142,0.000142,1.4842367459,0.8905420475,216.5199088036
0.000142,0.000142,1.4842367459,0.8905420475,302.3566191205
0.000142,0.000142,1.4842367459,0.8905420475,422.2222595195
0.000142,0.000142,1.4842367459,0.8905420475,589.6071895242
0.000142,0.000142,1.4842367459,0.8905420475,823.3498592289
0.000142,0.000142,1.4842367459,0.8905420475,1149.7569953977
0.000142,0.000142,1.4842367459,0.8905420475,1605.5643098112
0.000142,0.000142,1.4842367459,0.8905420475,2242.0709447806
0.000142,0.000142,1.4842367459,0.8905420475,3130.912969796
0.000142,0.000142,1.4842367459,0.8905420475,4372.1257113904
0.000142,0.000142,1.4842367459,0.8905420475,6105.4022965853
0.000142,0.000142,1.4842367459,0.9647538848,0.1
0.000142,0.000142,1.4842367459,0.9647538848,0.1396437957
0.000142,0.000142,1.4842367459,0.9647538848,0.1950038968
0.000142,0.000142,1.4842367459,0.9647538848,0.2723108433
0.000142,0.000142,1.4842367459,0.9647538848,0.3802651977
0.000142,0.000142,1.4842367459,0.9647538848,0.5310167558
0.000142,0.000142,1.4842367459,0.9647538848,0.7415319537
0.000142,0.000142,1.4842367459,0.9647538848,1.0355033665
0.000142,0.000142,1.4842367459,0.9647538848,1.4460162057
0.000142,0.000142,1.4842367459,0.9647538848,2.0192719162
0.000142,0.000142,1.4842367459,0.9647538848,2.8197879494
0.000142,0.000142,1.4842367459,0.9647538848,3.9376589236
0.000142,0.000142,1.4842367459,0.9647538848,5.498696383
0.000142,0.000142,1.4842367459,0.9647538848,7.6785883437
0.000142,0.000142,1.4842367459,0.9647538848,10.7226722201
0.000142,0.000142,1.4842367459,0.9647538848,14.9735464897
0.000142,0.000142,1.4842367459,0.9647538848,20.9096286705
0.000142,0.000142,1.4842367459,0.9647538848,29.1989991443
0.000142,0.000142,1.4842367459,0.9647538848,40.7745907144
0.000142,0.000142,1.4842367459,0.9647538848,56.9391861586
0.000142,0.000142,1.4842367459,0.9647538848,79.5120407981
0.000142,0.000142,1.4842367459,0.9647538848,111.0336318168
0.000142,0.000142,1.4842367459,0.9647538848,155.0515779833
0.000142,0.000142,1.4842367459,0.9647538848,216.5199088036
0.000142,0.000142,1.4842367459,0.9647538848,302.3566191205
0.000142,0.000142,1.4842367459,0.9647538848,422.2222595195
0.000142,0.000142,1.4842367459,0.9647538848,589.6071895242
0.000142,0.000142,1.4842367459,0.9647538848,823.3498592289
0.000142,0.000142,1.4842367459,0.9647538848,1149.7569953977
0.000142,0.000142,1.4842367459,0.9647538848,1605.5643098112
0.000142,0.000142,1.4842367459,0.9647538848,2242.0709447806
0.000142,0.000142,1.4842367459,0.9647538848,3130.912969796
0.000142,0.000142,1.4842367459,0.9647538848,4372.1257113904
0.000142,0.000142,1.4842367459,0.9647538848,6105.4022965853
0.000142,0.000142,1.4842367459,1.0389657221,0.1
0.000142,0.000142,1.4842367459,1.0389657221,0.1396437957
0.000142,0.000142,1.4842367459,1.0389657221,0.1950038968
0.000142,0.000142,1.4842367459,1.0389657221,0.2723108433
0.000142,0.000142,1.4842367459,1.0389657221,0.3802651977
0.000142,0.000142,1.4842367459,1.0389657221,0.5310167558
0.000142,0.000142,1.4842367459,1.0389657221,0.7415319537
0.000142,0.000142,1.4842367459,1.0389657221,1.0355033665
0.000142,0.000142,1.4842367459,1.0389657221,1.4460162057
0.000142,0.000142,1.4842367459,1.0389657221,2.0192719162
0.000142,0.000142,1.4842367459,1.0389657221,2.8197879494
0.000142,0.000142,1.4842367459,1.0389657221,3.9376589236
0.000142,0.000142,1.4842367459,1.0389657221,5.498696383
0.000142,0.000142,1.4842367459,1.0389657221,7.6785883437
0.000142,0.000142,1.4842367459,1.0389657221,10.7226722201
0.000142,0.000142,1.4842367459,1.0389657221,14.9735464897
0.000142,0.000142,1.4842367459,1.0389657221,20.9096286705
0.000142,0.000142,1.4842367459,1.0389657221,29.1989991443
0.000142,0.000142,1.4842367459,1.0389657221,40.7745907144
0.000142,0.000142,1.4842367459,1.0389657221,56.9391861586
0.000142,0.000142,1.4842367459,1.0389657221,79.5120407981
0.000142,0.000142,1.4842367459,1.0389657221,111.0336318168
0.000142,0.000142,1.4842367459,1.0389657221,155.0515779833
0.000142,0.000142,1.4842367459,1.0389657221,216.5199088036
0.000142,0.000142,1.4842367459,1.0389657221,302.3566191205
0.000142,0.000142,1.4842367459,1.0389657221,422.2222595195
0.000142,0.000142,1.4842367459,1.0389657221,589.6071895242
0.000142,0.000142,1.4842367459,1.0389657221,823.3498592289
0.000142,0.000142,1.4842367459,1.0389657221,1149.7569953977
0.000142,0.000142,1.4842367459,1.0389657221,1605.5643098112
0.000142,0.000142,1.4842367459,1.0389657221,2242.0709447806
0.000142,0.000142,1.4842367459,1.0389657221,3130.912969796
0.000142,0.000142,1.4842367459,1.0389657221,4372.1257113904
0.000142,0.000142,1.4842367459,1.0389657221,6105.4022965853
0.000142,0.000142,1.4842367459,1.1131775594,0.1
0.000142,0.000142,1.4842367459,1.1131775594,0.1396437957
0.000142,0.000142,1.4842367459,1.1131775594,0.1950038968
0.000142,0.000142,1.4842367459,1.1131775594,0.2723108433
0.000142,0.000142,1.4842367459,1.1131775594,0.3802651977
0.000142,0.000142,1.4842367459,1.1131775594,0.5310167558
0.000142,0.000142,1.4842367459,1.1131775594,0.7415319537
0.000142,0.000142,1.4842367459,1.1131775594,1.0355033665
0.000142,0.000142,1.4842367459,1.1131775594,1.4460162057
0.000142,0.000142,1.4842367459,1.1131775594,2.0192719162
0.000142,0.000142,1.4842367459,1.1131775594,2.8197879494
0.000142,0.000142,1.4842367459,1.1131775594,3.9376589236
0.000142,0.000142,1.4842367459,1.1131775594,5.498696383
0.000142,0.000142,1.4842367459,1.1131775594,7.6785883437
0.000142,0.000142,1.4842367459,1.1131775594,10.7226722201
0.000142,0.000142,1.4842367459,1.1131775594,14.9735464897
0.000142,0.000142,1.4842367459,1.1131775594,20.9096286705
0.000142,0.000142,1.4842367459,1.1131775594,29.1989991443
0.000142,0.000142,1.4842367459,1.1131775594,40.7745907144
0.000142,0.000142,1.4842367459,1.1131775594,56.9391861586
0.000142,0.000142,1.4842367459,1.1131775594,79.5120407981
0.000142,0.000142,1.4842367459,1.1131775594,111.0336318168
0.000142,0.000142,1.4842367459,1.1131775594,155.0515779833
0.000142,0.000142,1.4842367459,1.1131775594,216.5199088036
0.000142,0.000142,1.4842367459,1.1131775594,302.3566191205
0.000142,0.000142,1.4842367459,1.1131775594,422.2222595195
0.000142,0.000142,1.4842367459,1.1131775594,589.6071895242
0.000142,0.000142,1.4842367459,1.1131775594,823.3498592289
0.000142,0.000142,1.4842367459,1.1131775594,1149.7569953977
0.000142,0.000142,1.4842367459,1.1131775594,1605.5643098112
0.000142,0.000142,1.4842367459,1.1131775594,2242.0709447806
0.000142,0.000142,1.4842367459,1.1131775594,3130.912969796
0.000142,0.000142,1.4842367459,1.1131775594,4372.1257113904
0.000142,0.000142,1.4842367459,1.1131775594,6105.4022965853
0.000142,0.000142,1.4842367459,1.1873893967,0.1
0.000142,0.000142,1.4842367459,1.1873893967,0.1396437957
0.000142,0.000142,1.4842367459,1.1873893967,0.1950038968
0.000142,0.000142,1.4842367459,1.1873893967,0.2723108433
0.000142,0.000142,1.4842367459,1.1873893967,0.3802651977
0.000142,0.000142,1.4842367459,1.1873893967,0.5310167558
0.000142,0.000142,1.4842367459,1.1873893967,0.7415319537
0.000142,0.000142,1.4842367459,1.1873893967,1.0355033665
0.000142,0.000142,1.4842367459,1.1873893967,1.4460162057
0.000142,0.000142,1.4842367459,1.1873893967,2.0192719162
0.000142,0.000142,1.4842367459,1.1873893967,2.8197879494
0.000142,0.000142,1.4842367459,1.1873893967,3.9376589236
0.000142,0.000142,1.4842367459,1.1873893967,5.498696383
0.000142,0.000142,1.4842367459,1.1873893967,7.6785883437
0.000142,0.000142,1.4842367459,1.1873893967,10.7226722201
0.000142,0.000142,1.4842367459,1.1873893967,14.9735464897
0.000142,0.000142,1.4842367459,1.1873893967,20.9096286705
0.000142,0.000142,1.4842367459,1.1873893967,29.1989991443
0.000142,0.000142,1.4842367459,1.1873893967,40.7745907144
0.000142,0.000142,1.4842367459,1.1873893967,56.9391861586
0.000142,0.000142,1.4842367459,1.1873893967,79.5120407981
0.000142,0.000142,1.4842367459,1.1873893967,111.0336318168
0.000142,0.000142,1.4842367459,1.1873893967,155.0515779833
0.000142,0.000142,1.4842367459,1.1873893967,216.5199088036
0.000142,0.000142,1.4842367459,1.1873893967,302.3566191205
0.000142,0.000142,1.4842367459,1.1873893967,422.2222595195
0.000142,0.000142,1.4842367459,1.1873893967,589.6071895242
0.000142,0.000142,1.4842367459,1.1873893967,823.3498592289
0.000142,0.000142,1.4842367459,1.1873893967,1149.7569953977
0.000142,0.000142,1.4842367459,1.1873893967,1605.5643098112
0.000142,0.000142,1.4842367459,1.1873893967,2242.0709447806
0.000142,0.000142,1.4842367459,1.1873893967,3130.912969796
0.000142,0.000142,1.4842367459,1.1873893967,4372.1257113904
0.000142,0.000142,1.4842367459,1.1873893967,6105.4022965853
0.000142,0.000142,1.4842367459,1.261601234,0.1
0.000142,0.000142,1.4842367459,1.261601234,0.1396437957
0.000142,0.000142,1.4842367459,1.261601234,0.1950038968
0.000142,0.000142,1.4842367459,1.261601234,0.2723108433
0.000142,0.000142,1.4842367459,1.261601234,0.3802651977
0.000142,0.000142,1.4842367459,1.261601234,0.5310167558
0.000142,0.000142,1.4842367459,1.261601234,0.7415319537
0.000142,0.000142,1.4842367459,1.261601234,1.0355033665
0.000142,0.000142,1.4842367459,1.261601234,1.4460162057
0.000142,0.000142,1.4842367459,1.261601234,2.0192719162
0.000142,0.000142,1.4842367459,1.261601234,2.8197879494
0.000142,0.000142,1.4842367459,1.261601234,3.9376589236
0.000142,0.000142,1.4842367459,1.261601234,5.498696383
0.000142,0.000142,1.4842367459,1.261601234,7.6785883437
0.000142,0.000142,1.4842367459,1.261601234,10.7226722201
0.000142,0.000142,1.4842367459,1.261601234,14.9735464897
0.000142,0.000142,1.4842367459,1.261601234,20.9096286705
0.000142,0.000142,1.4842367459,1.261601234,29.1989991443
0.000142,0.000142,1.4842367459,1.261601234,40.7745907144
0.000142,0.000142,1.4842367459,1.261601234,56.9391861586
0.000142,0.000142,1.4842367459,1.261601234,79.5120407981
0.000142,0.000142,1.4842367459,1.261601234,111.0336318168
0.000142,0.000142,1.4842367459,1.261601234,155.0515779833
0.000142,0.000142,1.4842367459,1.261601234,216.5199088036
0.000142,0.000142,1.4842367459,1.261601234,302.3566191205
0.000142,0.000142,1.4842367459,1.261601234,422.2222595195
0.000142,0.000142,1.4842367459,1.261601234,589.6071895242
0.000142,0.000142,1.4842367459,1.261601234,823.3498592289
0.000142,0.000142,1.4842367459,1.261601234,1149.7569953977
0.000142,0.000142,1.4842367459,1.261601234,1605.5643098112
0.000142,0.000142,1.4842367459,1.261601234,2242.0709447806
0.000142,0.000142,1.4842367459,1.261601234,3130.912969796
0.000142,0.000142,1.4842367459,1.261601234,4372.1257113904
0.000142,0.000142,1.4842367459,1.261601234,6105.4022965853
0.000142,0.000142,1.4842367459,1.3358130713,0.1
0.000142,0.000142,1.4842367459,1.3358130713,0.1396437957
0.000142,0.000142,1.4842367459,1.3358130713,0.1950038968
0.000142,0.000142,1.4842367459,1.3358130713,0.2723108433
0.000142,0.000142,1.4842367459,1.3358130713,0.3802651977
0.000142,0.000142,1.4842367459,1.3358130713,0.5310167558
0.000142,0.000142,1.4842367459,1.3358130713,0.7415319537
0.000142,0.000142,1.4842367459,1.3358130713,1.0355033665
0.000142,0.000142,1.4842367459,1.3358130713,1.4460162057
0.000142,0.000142,1.4842367459,1.3358130713,2.0192719162
0.000142,0.000142,1.4842367459,1.3358130713,2.8197879494
0.000142,0.000142,1.4842367459,1.3358130713,3.9376589236
0.000142,0.000142,1.4842367459,1.3358130713,5.498696383
0.000142,0.000142,1.4842367459,1.3358130713,7.6785883437
0.000142,0.000142,1.4842367459,1.3358130713,10.7226722201
0.000142,0.000142,1.4842367459,1.3358130713,14.9735464897
0.000142,0.000142,1.4842367459,1.3358130713,20.9096286705
0.000142,0.000142,1.4842367459,1.3358130713,29.1989991443
0.000142,0.000142,1.4842367459,1.3358130713,40.7745907144
0.000142,0.000142,1.4842367459,1.3358130713,56.9391861586
0.000142,0.000142,1.4842367459,1.3358130713,79.5120407981
0.000142,0.000142,1.4842367459,1.3358130713,111.0336318168
0.000142,0.000142,1.4842367459,1.3358130713,155.0515779833
0.000142,0.000142,1.4842367459,1.3358130713,216.5199088036
0.000142,0.000142,1.4842367459,1.3358130713,302.3566191205
0.000142,0.000142,1.4842367459,1.3358130713,422.2222595195
0.000142,0.000142,1.4842367459,1.3358130713,589.6071895242
0.000142,0.000142,1.4842367459,1.3358130713,823.3498592289
0.000142,0.000142,1.4842367459,1.3358130713,1149.7569953977
0.000142,0.000142,1.4842367459,1.3358130713,1605.5643098112
0.000142,0.000142,1.4842367459,1.3358130713,2242.0709447806
0.000142,0.000142,1.4842367459,1.3358130713,3130.912969796
0.000142,0.000142,1.4842367459,1.3358130713,4372.1257113904
0.000142,0.000142,1.4842367459,1.3358130713,6105.4022965853
0.000142,0.000142,1.4842367459,1.4100249086,0.1
0.000142,0.000142,1.4842367459,1.4100249086,0.1396437957
0.000142,0.000142,1.4842367459,1.4100249086,0.1950038968
0.000142,0.000142,1.4842367459,1.4100249086,0.2723108433
0.000142,0.000142,1.4842367459,1.4100249086,0.3802651977
0.000142,0.000142,1.4842367459,1.4100249086,0.5310167558
0.000142,0.000142,1.4842367459,1.4100249086,0.7415319537
0.000142,0.000142,1.4842367459,1.4100249086,1.0355033665
0.000142,0.000142,1.4842367459,1.4100249086,1.4460162057
0.000142,0.000142,1.4842367459,1.4100249086,2.0192719162
0.000142,0.000142,1.4842367459,1.4100249086,2.8197879494
0.000142,0.000142,1.4842367459,1.4100249086,3.9376589236
0.000142,0.000142,1.4842367459,1.4100249086,5.498696383
0.000142,0.000142,1.4842367459,1.4100249086,7.6785883437
0.000142,0.000142,1.4842367459,1.4100249086,10.7226722201
0.000142,0.000142,1.4842367459,1.4100249086,14.9735464897
0.000142,0.000142,1.4842367459,1.4100249086,20.9096286705
0.000142,0.000142,1.4842367459,1.4100249086,29.1989991443
0.000142,0.000142,1.4842367459,1.4100249086,40.7745907144
0.000142,0.000142,1.4842367459,1.4100249086,56.9391861586
0.000142,0.000142,1.4842367459,1.4100249086,79.5120407981
0.000142,0.000142,1.4842367459,1.4100249086,111.0336318168
0.000142,0.000142,1.4842367459,1.4100249086,155.0515779833
0.000142,0.000142,1.4842367459,1.4100249086,216.5199088036
0.000142,0.000142,1.4842367459,1.4100249086,302.3566191205
0.000142,0.000142,1.4842367459,1.4100249086,422.2222595195
0.000142,0.000142,1.4842367459,1.4100249086,589.6071895242
0.000142,0.000142,1.4842367459,1.4100249086,823.3498592289
0.000142,0.000142,1.4842367459,1.4100249086,1149.7569953977
0.000142,0.000142,1.4842367459,1.4100249086,1605.5643098112
0.000142,0.000142,1.4842367459,1.4100249086,2242.0709447806
0.000142,0.000142,1.4842367459,1.4100249086,3130.912969796
0.000142,0.000142,1.4842367459,1.4100249086,4372.1257113904
0.000142,0.000142,1.4842367459,1.4100249086,6105.4022965853
0.000142,0.000142,1.4842367459,1.4693943785,0.1
0.000142,0.000142,1.4842367459,1.4693943785,0.1396437957
0.000142,0.000142,1.4842367459,1.4693943785,0.1950038968
0.000142,0.000142,1.4842367459,1.4693943785,0.2723108433
0.000142,0.000142,1.4842367459,1.4693943785,0.3802651977
0.000142,0.000142,1.4842367459,1.4693943785,0.5310167558
0.000142,0.000142,1.4842367459,1.4693943785,0.7415319537
0.000142,0.000142,1.4842367459,1.4693943785,1.0355033665
0.000142,0.000142,1.4842367459,1.4693943785,1.4460162057
0.000142,0.000142,1.4842367459,1.4693943785,2.0192719162
0.000142,0.000142,1.4842367459,1.4693943785,2.8197879494
0.000142,0.000142,1.4842367459,1.4693943785,3.9376589236
0.000142,0.000142,1.4842367459,1.4693943785,5.498696383
0.000142,0.000142,1.4842367459,1.4693943785,7.6785883437
0.000142,0.000142,1.4842367459,1.4693943785,10.7226722201
0.000142,0.000142,1.4842367459,1.4693943785,14.9735464897
0.000142,0.000142,1.4842367459,1.4693943785,20.9096286705
0.000142,0.000142,1.4842367459,1.4693943785,29.1989991443
0.000142,0.000142,1.4842367459,1.4693943785,40.7745907144
0.000142,0.000142,1.4842367459,1.4693943785,56.9391861586
0.000142,0.000142,1.4842367459,1.4693943785,79.5120407981
0.000142,0.000142,1.4842367459,1.4693943785,111.0336318168
0.000142,0.000142,1.4842367459,1.4693943785,155.0515779833
0.000142,0.000142,1.4842367459,1.4693943785,216.5199088036
0.000142,0.000142,1.4842367459,1.4693943785,302.3566191205
0.000142,0.000142,1.4842367459,1.4693943785,422.2222595195
0.000142,0.000142,1.4842367459,1.4693943785,589.6071895242
0.000142,0.000142,1.4842367459,1.4693943785,823.3498592289
0.000142,0.000142,1.4842367459,1.4693943785,1149.7569953977
0.000142,0.000142,1.4842367459,1.4693943785,1605.5643098112
0.000142,0.000142,1.4842367459,1.4693943785,2242.0709447806
0.000142,0.000142,1.4842367459,1.4693943785,3130.912969796
0.000142,0.000142,1.4842367459,1.4693943785,4372.1257113904
0.000142,0.000142,1.4842367459,1.4693943785,6105.4022965853
0.000142,0.000142,1.6533443157,0.1653344316,0.1
0.000142,0.000142,1.6533443157,0.1653344316,0.1396437957
0.000142,0.000142,1.6533443157,0.1653344316,0.1950038968
0.000142,0.000142,1.6533443157,0.1653344316,0.2723108433
0.000142,0.000142,1.6533443157,0.1653344316,0.3802651977
0.000142,0.000142,1.6533443157,0.1653344316,0.5310167558
0.000142,0.000142,1.6533443157,0.1653344316,0.7415319537
0.000142,0.000142,1.6533443157,0.1653344316,1.0355033665
0.000142,0.000142,1.6533443157,0.1653344316,1.4460162057
0.000142,0.000142,1.6533443157,0.1653344316,2.0192719162
0.000142,0.000142,1.6533443157,0.1653344316,2.8197879494
0.000142,0.000142,1.6533443157,0.1653344316,3.9376589236
0.000142,0.000142,1.6533443157,0.1653344316,5.498696383
0.000142,0.000142,1.6533443157,0.1653344316,7.6785883437
0.000142,0.000142,1.6533443157,0.1653344316,10.7226722201
0.000142,0.000142,1.6533443157,0.1653344316,14.9735464897
0.000142,0.000142,1.6533443157,0.1653344316,20.9096286705
0.000142,0.000142,1.6533443157,0.1653344316,29.1989991443
0.000142,0.000142,1.6533443157,0.1653344316,40.7745907144
0.000142,0.000142,1.6533443157,0.1653344316,56.9391861586
0.000142,0.000142,1.6533443157,0.1653344316,79.5120407981
0.000142,0.000142,1.6533443157,0.1653344316,111.0336318168
0.000142,0.000142,1.6533443157,0.1653344316,155.0515779833
0.000142,0.000142,1.6533443157,0.1653344316,216.5199088036
0.000142,0.000142,1.6533443157,0.1653344316,302.3566191205
0.000142,0.000142,1.6533443157,0.1653344316,422.2222595195
0.000142,0.000142,1.6533443157,0.1653344316,589.6071895242
0.000142,0.000142,1.6533443157,0.1653344316,823.3498592289
0.000142,0.000142,1.6533443157,0.1653344316,1149.7569953977
0.000142,0.000142,1.6533443157,0.1653344316,1605.5643098112
0.000142,0.000142,1.6533443157,0.1653344316,2242.0709447806
0.000142,0.000142,1.6533443157,0.1653344316,3130.912969796
0.000142,0.000142,1.6533443157,0.1653344316,4372.1257113904
0.000142,0.000142,1.6533443157,0.1653344316,6105.4022965853
0.000142,0.000142,1.6533443157,0.2480016474,0.1
0.000142,0.000142,1.6533443157,0.2480016474,0.1396437957
0.000142,0.000142,1.6533443157,0.2480016474,0.1950038968
0.000142,0.000142,1.6533443157,0.2480016474,0.2723108433
0.000142,0.000142,1.6533443157,0.2480016474,0.3802651977
0.000142,0.000142,1.6533443157,0.2480016474,0.5310167558
0.000142,0.000142,1.6533443157,0.2480016474,0.7415319537
0.000142,0.000142,1.6533443157,0.2480016474,1.0355033665
0.000142,0.000142,1.6533443157,0.2480016474,1.4460162057
0.000142,0.000142,1.6533443157,0.2480016474,2.0192719162
0.000142,0.000142,1.6533443157,0.2480016474,2.8197879494
0.000142,0.000142,1.6533443157,0.2480016474,3.9376589236
0.000142,0.000142,1.6533443157,0.2480016474,5.498696383
0.000142,0.000142,1.6533443157,0.2480016474,7.6785883437
0.000142,0.000142,1.6533443157,0.2480016474,10.7226722201
0.000142,0.000142,1.6533443157,0.2480016474,14.9735464897
0.000142,0.000142,1.6533443157,0.2480016474,20.9096286705
0.000142,0.000142,1.6533443157,0.2480016474,29.1989991443
0.000142,0.000142,1.6533443157,0.2480016474,40.7745907144
0.000142,0.000142,1.6533443157,0.2480016474,56.9391861586
0.000142,0.000142,1.6533443157,0.2480016474,79.5120407981
0.000142,0.000142,1.6533443157,0.2480016474,111.0336318168
0.000142,0.000142,1.6533443157,0.2480016474,155.0515779833
0.000142,0.000142,1.6533443157,0.2480016474,216.5199088036
0.000142,0.000142,1.6533443157,0.2480016474,302.3566191205
0.000142,0.000142,1.6533443157,0.2480016474,422.2222595195
0.000142,0.000142,1.6533443157,0.2480016474,589.6071895242
0.000142,0.000142,1.6533443157,0.2480016474,823.3498592289
0.000142,0.000142,1.6533443157,0.2480016474,1149.7569953977
0.000142,0.000142,1.6533443157,0.2480016474,1605.5643098112
0.000142,0.000142,1.6533443157,0.2480016474,2242.0709447806
0.000142,0.000142,1.6533443157,0.2480016474,3130.912969796
0.000142,0.000142,1.6533443157,0.2480016474,4372.1257113904
0.000142,0.000142,1.6533443157,0.2480016474,6105.4022965853
0.000142,0.000142,1.6533443157,0.3306688631,0.1
0.000142,0.000142,1.6533443157,0.3306688631,0.1396437957
0.000142,0.000142,1.6533443157,0.3306688631,0.1950038968
0.000142,0.000142,1.6533443157,0.3306688631,0.2723108433
0.000142,0.000142,1.6533443157,0.3306688631,0.3802651977
0.000142,0.000142,1.6533443157,0.3306688631,0.5310167558
0.000142,0.000142,1.6533443157,0.3306688631,0.7415319537
0.000142,0.000142,1.6533443157,0.3306688631,1.0355033665
0.000142,0.000142,1.6533443157,0.3306688631,1.4460162057
0.000142,0.000142,1.6533443157,0.3306688631,2.0192719162
0.000142,0.000142,1.6533443157,0.3306688631,2.8197879494
0.000142,0.000142,1.6533443157,0.3306688631,3.9376589236
0.000142,0.000142,1.6533443157,0.3306688631,5.498696383
0.000142,0.000142,1.6533443157,0.3306688631,7.6785883437
0.000142,0.000142,1.6533443157,0.3306688631,10.7226722201
0.000142,0.000142,1.6533443157,0.3306688631,14.9735464897
0.000142,0.000142,1.6533443157,0.3306688631,20.9096286705
0.000142,0.000142,1.6533443157,0.3306688631,29.1989991443
0.000142,0.000142,1.6533443157,0.3306688631,40.7745907144
0.000142,0.000142,1.6533443157,0.3306688631,56.9391861586
0.000142,0.000142,1.6533443157,0.3306688631,79.5120407981
0.000142,0.000142,1.6533443157,0.3306688631,111.0336318168
0.000142,0.000142,1.6533443157,0.3306688631,155.0515779833
0.000142,0.000142,1.6533443157,0.3306688631,216.5199088036
0.000142,0.000142,1.6533443157,0.3306688631,302.3566191205
0.000142,0.000142,1.6533443157,0.3306688631,422.2222595195
0.000142,0.000142,1.6533443157,0.3306688631,589.6071895242
0.000142,0.000142,1.6533443157,0.3306688631,823.3498592289
0.000142,0.000142,1.6533443157,0.3306688631,1149.7569953977
0.000142,0.000142,1.6533443157,0.3306688631,1605.5643098112
0.000142,0.000142,1.6533443157,0.3306688631,2242.0709447806
0.000142,0.000142,1.6533443157,0.3306688631,3130.912969796
0.000142,0.000142,1.6533443157,0.3306688631,4372.1257113904
0.000142,0.000142,1.6533443157,0.3306688631,6105.4022965853
0.000142,0.000142,1.6533443157,0.4133360789,0.1
0.000142,0.000142,1.6533443157,0.4133360789,0.1396437957
0.000142,0.000142,1.6533443157,0.4133360789,0.1950038968
0.000142,0.000142,1.6533443157,0.4133360789,0.2723108433
0.000142,0.000142,1.6533443157,0.4133360789,0.3802651977
0.000142,0.000142,1.6533443157,0.4133360789,0.5310167558
0.000142,0.000142,1.6533443157,0.4133360789,0.7415319537
0.000142,0.000142,1.6533443157,0.4133360789,1.0355033665
0.000142,0.000142,1.6533443157,0.4133360789,1.4460162057
0.000142,0.000142,1.6533443157,0.4133360789,2.0192719162
0.000142,0.000142,1.6533443157,0.4133360789,2.8197879494
0.000142,0.000142,1.6533443157,0.4133360789,3.9376589236
0.000142,0.000142,1.6533443157,0.4133360789,5.498696383
0.000142,0.000142,1.6533443157,0.4133360789,7.6785883437
0.000142,0.000142,1.6533443157,0.4133360789,10.7226722201
0.000142,0.000142,1.6533443157,0.4133360789,14.9735464897
0.000142,0.000142,1.6533443157,0.4133360789,20.9096286705
0.000142,0.000142,1.6533443157,0.4133360789,29.1989991443
0.000142,0.000142,1.6533443157,0.4133360789,40.7745907144
0.000142,0.000142,1.6533443157,0.4133360789,56.9391861586
0.000142,0.000142,1.6533443157,0.4133360789,79.5120407981
0.000142,0.000142,1.6533443157,0.4133360789,111.0336318168
0.000142,0.000142,1.6533443157,0.4133360789,155.0515779833
0.000142,0.000142,1.6533443157,0.4133360789,216.5199088036
0.000142,0.000142,1.6533443157,0.4133360789,302.3566191205
0.000142,0.000142,1.6533443157,0.4133360789,422.2222595195
0.000142,0.000142,1.6533443157,0.4133360789,589.6071895242
0.000142,0.000142,1.6533443157,0.4133360789,823.3498592289
0.000142,0.000142,1.6533443157,0.4133360789,1149.7569953977
0.000142,0.000142,1.6533443157,0.4133360789,1605.5643098112
0.000142,0.000142,1.6533443157,0.4133360789,2242.0709447806
0.000142,0.000142,1.6533443157,0.4133360789,3130.912969796
0.000142,0.000142,1.6533443157,0.4133360789,4372.1257113904
0.000142,0.000142,1.6533443157,0.4133360789,6105.4022965853
0.000142,0.000142,1.6533443157,0.4960032947,0.1
0.000142,0.000142,1.6533443157,0.4960032947,0.1396437957
0.000142,0.000142,1.6533443157,0.4960032947,0.1950038968
0.000142,0.000142,1.6533443157,0.4960032947,0.2723108433
0.000142,0.000142,1.6533443157,0.4960032947,0.3802651977
0.000142,0.000142,1.6533443157,0.4960032947,0.5310167558
0.000142,0.000142,1.6533443157,0.4960032947,0.7415319537
0.000142,0.000142,1.6533443157,0.4960032947,1.0355033665
0.000142,0.000142,1.6533443157,0.4960032947,1.4460162057
0.000142,0.000142,1.6533443157,0.4960032947,2.0192719162
0.000142,0.000142,1.6533443157,0.4960032947,2.8197879494
0.000142,0.000142,1.6533443157,0.4960032947,3.9376589236
0.000142,0.000142,1.6533443157,0.4960032947,5.498696383
0.000142,0.000142,1.6533443157,0.4960032947,7.6785883437
0.000142,0.000142,1.6533443157,0.4960032947,10.7226722201
0.000142,0.000142,1.6533443157,0.4960032947,14.9735464897
0.000142,0.000142,1.6533443157,0.4960032947,20.9096286705
0.000142,0.000142,1.6533443157,0.4960032947,29.1989991443
0.000142,0.000142,1.6533443157,0.4960032947,40.7745907144
0.000142,0.000142,1.6533443157,0.4960032947,56.9391861586
0.000142,0.000142,1.6533443157,0.4960032947,79.5120407981
0.000142,0.000142,1.6533443157,0.4960032947,111.0336318168
0.000142,0.000142,1.6533443157,0.4960032947,155.0515779833
0.000142,0.000142,1.6533443157,0.4960032947,216.5199088036
0.000142,0.000142,1.6533443157,0.4960032947,302.3566191205
0.000142,0.000142,1.6533443157,0.4960032947,422.2222595195
0.000142,0.000142,1.6533443157,0.4960032947,589.6071895242
0.000142,0.000142,1.6533443157,0.4960032947,823.3498592289
0.000142,0.000142,1.6533443157,0.4960032947,1149.7569953977
0.000142,0.000142,1.6533443157,0.4960032947,1605.5643098112
0.000142,0.000142,1.6533443157,0.4960032947,2242.0709447806
0.000142,0.000142,1.6533443157,0.4960032947,3130.912969796
0.000142,0.000142,1.6533443157,0.4960032947,4372.1257113904
0.000142,0.000142,1.6533443157,0.4960032947,6105.4022965853
0.000142,0.000142,1.6533443157,0.5786705105,0.1
0.000142,0.000142,1.6533443157,0.5786705105,0.1396437957
0.000142,0.000142,1.6533443157,0.5786705105,0.1950038968
0.000142,0.000142,1.6533443157,0.5786705105,0.2723108433
0.000142,0.000142,1.6533443157,0.5786705105,0.3802651977
0.000142,0.000142,1.6533443157,0.5786705105,0.5310167558
0.000142,0.000142,1.6533443157,0.5786705105,0.7415319537
0.000142,0.000142,1.6533443157,0.5786705105,1.0355033665
0.000142,0.000142,1.6533443157,0.5786705105,1.4460162057
0.000142,0.000142,1.6533443157,0.5786705105,2.0192719162
0.000142,0.000142,1.6533443157,0.5786705105,2.8197879494
0.000142,0.000142,1.6533443157,0.5786705105,3.9376589236
0.000142,0.000142,1.6533443157,0.5786705105,5.498696383
0.000142,0.000142,1.6533443157,0.5786705105,7.6785883437
0.000142,0.000142,1.6533443157,0.5786705105,10.7226722201
0.000142,0.000142,1.6533443157,0.5786705105,14.9735464897
0.000142,0.000142,1.6533443157,0.5786705105,20.9096286705
0.000142,0.000142,1.6533443157,0.5786705105,29.1989991443
0.000142,0.000142,1.6533443157,0.5786705105,40.7745907144
0.000142,0.000142,1.6533443157,0.5786705105,56.9391861586
0.000142,0.000142,1.6533443157,0.5786705105,79.5120407981
0.000142,0.000142,1.6533443157,0.5786705105,111.0336318168
0.000142,0.000142,1.6533443157,0.5786705105,155.0515779833
0.000142,0.000142,1.6533443157,0.5786705105,216.5199088036
0.000142,0.000142,1.6533443157,0.5786705105,302.3566191205
