initial_z,Zbase,m1,m2,initial_period_in_days
0.000142,0.000142,0.4066133687,0.1219840106,14.9735464897
0.000142,0.000142,0.4066133687,0.1219840106,20.9096286705
0.000142,0.000142,0.4066133687,0.1219840106,29.1989991443
0.000142,0.000142,0.4066133687,0.1219840106,40.7745907144
0.000142,0.000142,0.4066133687,0.1219840106,56.9391861586
0.000142,0.000142,0.4066133687,0.1219840106,79.5120407981
0.000142,0.000142,0.4066133687,0.1219840106,111.0336318168
0.000142,0.000142,0.4066133687,0.1219840106,155.0515779833
0.000142,0.000142,0.4066133687,0.1219840106,216.5199088036
0.000142,0.000142,0.4066133687,0.1219840106,302.3566191205
0.000142,0.000142,0.4066133687,0.1219840106,422.2222595195
0.000142,0.000142,0.4066133687,0.1219840106,589.6071895242
0.000142,0.000142,0.4066133687,0.1219840106,823.3498592289
0.000142,0.000142,0.4066133687,0.1219840106,1149.7569953977
0.000142,0.000142,0.4066133687,0.1219840106,1605.5643098112
0.000142,0.000142,0.4066133687,0.1219840106,2242.0709447806
0.000142,0.000142,0.4066133687,0.1219840106,3130.912969796
0.000142,0.000142,0.4066133687,0.1219840106,4372.1257113904
0.000142,0.000142,0.4066133687,0.1219840106,6105.4022965853
0.000142,0.000142,0.4066133687,0.142314679,0.1
0.000142,0.000142,0.4066133687,0.142314679,0.1396437957
0.000142,0.000142,0.4066133687,0.142314679,0.1950038968
0.000142,0.000142,0.4066133687,0.142314679,0.2723108433
0.000142,0.000142,0.4066133687,0.142314679,0.3802651977
0.000142,0.000142,0.4066133687,0.142314679,0.5310167558
0.000142,0.000142,0.4066133687,0.142314679,0.7415319537
0.000142,0.000142,0.4066133687,0.142314679,1.0355033665
0.000142,0.000142,0.4066133687,0.142314679,1.4460162057
0.000142,0.000142,0.4066133687,0.142314679,2.0192719162
0.000142,0.000142,0.4066133687,0.142314679,2.8197879494
0.000142,0.000142,0.4066133687,0.142314679,3.9376589236
0.000142,0.000142,0.4066133687,0.142314679,5.498696383
0.000142,0.000142,0.4066133687,0.142314679,7.6785883437
0.000142,0.000142,0.4066133687,0.142314679,10.7226722201
0.000142,0.000142,0.4066133687,0.142314679,14.9735464897
0.000142,0.000142,0.4066133687,0.142314679,20.9096286705
0.000142,0.000142,0.4066133687,0.142314679,29.1989991443
0.000142,0.000142,0.4066133687,0.142314679,40.7745907144
0.000142,0.000142,0.4066133687,0.142314679,56.9391861586
0.000142,0.000142,0.4066133687,0.142314679,79.5120407981
0.000142,0.000142,0.4066133687,0.142314679,111.0336318168
0.000142,0.000142,0.4066133687,0.142314679,155.0515779833
0.000142,0.000142,0.4066133687,0.142314679,216.5199088036
0.000142,0.000142,0.4066133687,0.142314679,302.3566191205
0.000142,0.000142,0.4066133687,0.142314679,422.2222595195
0.000142,0.000142,0.4066133687,0.142314679,589.6071895242
0.000142,0.000142,0.4066133687,0.142314679,823.3498592289
0.000142,0.000142,0.4066133687,0.142314679,1149.7569953977
0.000142,0.000142,0.4066133687,0.142314679,1605.5643098112
0.000142,0.000142,0.4066133687,0.142314679,2242.0709447806
0.000142,0.000142,0.4066133687,0.142314679,3130.912969796
0.000142,0.000142,0.4066133687,0.142314679,4372.1257113904
0.000142,0.000142,0.4066133687,0.142314679,6105.4022965853
0.000142,0.000142,0.4066133687,0.1626453475,0.1
0.000142,0.000142,0.4066133687,0.1626453475,0.1396437957
0.000142,0.000142,0.4066133687,0.1626453475,0.1950038968
0.000142,0.000142,0.4066133687,0.1626453475,0.2723108433
0.000142,0.000142,0.4066133687,0.1626453475,0.3802651977
0.000142,0.000142,0.4066133687,0.1626453475,0.5310167558
0.000142,0.000142,0.4066133687,0.1626453475,0.7415319537
0.000142,0.000142,0.4066133687,0.1626453475,1.0355033665
0.000142,0.000142,0.4066133687,0.1626453475,1.4460162057
0.000142,0.000142,0.4066133687,0.1626453475,2.0192719162
0.000142,0.000142,0.4066133687,0.1626453475,2.8197879494
0.000142,0.000142,0.4066133687,0.1626453475,3.9376589236
0.000142,0.000142,0.4066133687,0.1626453475,5.498696383
0.000142,0.000142,0.4066133687,0.1626453475,7.6785883437
0.000142,0.000142,0.4066133687,0.1626453475,10.7226722201
0.000142,0.000142,0.4066133687,0.1626453475,14.9735464897
0.000142,0.000142,0.4066133687,0.1626453475,20.9096286705
0.000142,0.000142,0.4066133687,0.1626453475,29.1989991443
0.000142,0.000142,0.4066133687,0.1626453475,40.7745907144
0.000142,0.000142,0.4066133687,0.1626453475,56.9391861586
0.000142,0.000142,0.4066133687,0.1626453475,79.5120407981
0.000142,0.000142,0.4066133687,0.1626453475,111.0336318168
0.000142,0.000142,0.4066133687,0.1626453475,155.0515779833
0.000142,0.000142,0.4066133687,0.1626453475,216.5199088036
0.000142,0.000142,0.4066133687,0.1626453475,302.3566191205
0.000142,0.000142,0.4066133687,0.1626453475,422.2222595195
0.000142,0.000142,0.4066133687,0.1626453475,589.6071895242
0.000142,0.000142,0.4066133687,0.1626453475,823.3498592289
0.000142,0.000142,0.4066133687,0.1626453475,1149.7569953977
0.000142,0.000142,0.4066133687,0.1626453475,1605.5643098112
0.000142,0.000142,0.4066133687,0.1626453475,2242.0709447806
0.000142,0.000142,0.4066133687,0.1626453475,3130.912969796
0.000142,0.000142,0.4066133687,0.1626453475,4372.1257113904
0.000142,0.000142,0.4066133687,0.1626453475,6105.4022965853
0.000142,0.000142,0.4066133687,0.1829760159,0.1
0.000142,0.000142,0.4066133687,0.1829760159,0.1396437957
0.000142,0.000142,0.4066133687,0.1829760159,0.1950038968
0.000142,0.000142,0.4066133687,0.1829760159,0.2723108433
0.000142,0.000142,0.4066133687,0.1829760159,0.3802651977
0.000142,0.000142,0.4066133687,0.1829760159,0.5310167558
0.000142,0.000142,0.4066133687,0.1829760159,0.7415319537
0.000142,0.000142,0.4066133687,0.1829760159,1.0355033665
0.000142,0.000142,0.4066133687,0.1829760159,1.4460162057
0.000142,0.000142,0.4066133687,0.1829760159,2.0192719162
0.000142,0.000142,0.4066133687,0.1829760159,2.8197879494
0.000142,0.000142,0.4066133687,0.1829760159,3.9376589236
0.000142,0.000142,0.4066133687,0.1829760159,5.498696383
0.000142,0.000142,0.4066133687,0.1829760159,7.6785883437
0.000142,0.000142,0.4066133687,0.1829760159,10.7226722201
0.000142,0.000142,0.4066133687,0.1829760159,14.9735464897
0.000142,0.000142,0.4066133687,0.1829760159,20.9096286705
0.000142,0.000142,0.4066133687,0.1829760159,29.1989991443
0.000142,0.000142,0.4066133687,0.1829760159,40.7745907144
0.000142,0.000142,0.4066133687,0.1829760159,56.9391861586
0.000142,0.000142,0.4066133687,0.1829760159,79.5120407981
0.000142,0.000142,0.4066133687,0.1829760159,111.0336318168
0.000142,0.000142,0.4066133687,0.1829760159,155.0515779833
0.000142,0.000142,0.4066133687,0.1829760159,216.5199088036
0.000142,0.000142,0.4066133687,0.1829760159,302.3566191205
0.000142,0.000142,0.4066133687,0.1829760159,422.2222595195
0.000142,0.000142,0.4066133687,0.1829760159,589.6071895242
0.000142,0.000142,0.4066133687,0.1829760159,823.3498592289
0.000142,0.000142,0.4066133687,0.1829760159,1149.7569953977
0.000142,0.000142,0.4066133687,0.1829760159,1605.5643098112
0.000142,0.000142,0.4066133687,0.1829760159,2242.0709447806
0.000142,0.000142,0.4066133687,0.1829760159,3130.912969796
0.000142,0.000142,0.4066133687,0.1829760159,4372.1257113904
0.000142,0.000142,0.4066133687,0.1829760159,6105.4022965853
0.000142,0.000142,0.4066133687,0.2033066843,0.1
0.000142,0.000142,0.4066133687,0.2033066843,0.1396437957
0.000142,0.000142,0.4066133687,0.2033066843,0.1950038968
0.000142,0.000142,0.4066133687,0.2033066843,0.2723108433
0.000142,0.000142,0.4066133687,0.2033066843,0.3802651977
0.000142,0.000142,0.4066133687,0.2033066843,0.5310167558
0.000142,0.000142,0.4066133687,0.2033066843,0.7415319537
0.000142,0.000142,0.4066133687,0.2033066843,1.0355033665
0.000142,0.000142,0.4066133687,0.2033066843,1.4460162057
0.000142,0.000142,0.4066133687,0.2033066843,2.0192719162
0.000142,0.000142,0.4066133687,0.2033066843,2.8197879494
0.000142,0.000142,0.4066133687,0.2033066843,3.9376589236
0.000142,0.000142,0.4066133687,0.2033066843,5.498696383
0.000142,0.000142,0.4066133687,0.2033066843,7.6785883437
0.000142,0.000142,0.4066133687,0.2033066843,10.7226722201
0.000142,0.000142,0.4066133687,0.2033066843,14.9735464897
0.000142,0.000142,0.4066133687,0.2033066843,20.9096286705
0.000142,0.000142,0.4066133687,0.2033066843,29.1989991443
0.000142,0.000142,0.4066133687,0.2033066843,40.7745907144
0.000142,0.000142,0.4066133687,0.2033066843,56.9391861586
0.000142,0.000142,0.4066133687,0.2033066843,79.5120407981
0.000142,0.000142,0.4066133687,0.2033066843,111.0336318168
0.000142,0.000142,0.4066133687,0.2033066843,155.0515779833
0.000142,0.000142,0.4066133687,0.2033066843,216.5199088036
0.000142,0.000142,0.4066133687,0.2033066843,302.3566191205
0.000142,0.000142,0.4066133687,0.2033066843,422.2222595195
0.000142,0.000142,0.4066133687,0.2033066843,589.6071895242
0.000142,0.000142,0.4066133687,0.2033066843,823.3498592289
0.000142,0.000142,0.4066133687,0.2033066843,1149.7569953977
0.000142,0.000142,0.4066133687,0.2033066843,1605.5643098112
0.000142,0.000142,0.4066133687,0.2033066843,2242.0709447806
0.000142,0.000142,0.4066133687,0.2033066843,3130.912969796
0.000142,0.000142,0.4066133687,0.2033066843,4372.1257113904
0.000142,0.000142,0.4066133687,0.2033066843,6105.4022965853
0.000142,0.000142,0.4066133687,0.2236373528,0.1
0.000142,0.000142,0.4066133687,0.2236373528,0.1396437957
0.000142,0.000142,0.4066133687,0.2236373528,0.1950038968
0.000142,0.000142,0.4066133687,0.2236373528,0.2723108433
0.000142,0.000142,0.4066133687,0.2236373528,0.3802651977
0.000142,0.000142,0.4066133687,0.2236373528,0.5310167558
0.000142,0.000142,0.4066133687,0.2236373528,0.7415319537
0.000142,0.000142,0.4066133687,0.2236373528,1.0355033665
0.000142,0.000142,0.4066133687,0.2236373528,1.4460162057
0.000142,0.000142,0.4066133687,0.2236373528,2.0192719162
0.000142,0.000142,0.4066133687,0.2236373528,2.8197879494
0.000142,0.000142,0.4066133687,0.2236373528,3.9376589236
0.000142,0.000142,0.4066133687,0.2236373528,5.498696383
0.000142,0.000142,0.4066133687,0.2236373528,7.6785883437
0.000142,0.000142,0.4066133687,0.2236373528,10.7226722201
0.000142,0.000142,0.4066133687,0.2236373528,14.9735464897
0.000142,0.000142,0.4066133687,0.2236373528,20.9096286705
0.000142,0.000142,0.4066133687,0.2236373528,29.1989991443
0.000142,0.000142,0.4066133687,0.2236373528,40.7745907144
0.000142,0.000142,0.4066133687,0.2236373528,56.9391861586
0.000142,0.000142,0.4066133687,0.2236373528,79.5120407981
0.000142,0.000142,0.4066133687,0.2236373528,111.0336318168
0.000142,0.000142,0.4066133687,0.2236373528,155.0515779833
0.000142,0.000142,0.4066133687,0.2236373528,216.5199088036
0.000142,0.000142,0.4066133687,0.2236373528,302.3566191205
0.000142,0.000142,0.4066133687,0.2236373528,422.2222595195
0.000142,0.000142,0.4066133687,0.2236373528,589.6071895242
0.000142,0.000142,0.4066133687,0.2236373528,823.3498592289
0.000142,0.000142,0.4066133687,0.2236373528,1149.7569953977
0.000142,0.000142,0.4066133687,0.2236373528,1605.5643098112
0.000142,0.000142,0.4066133687,0.2236373528,2242.0709447806
0.000142,0.000142,0.4066133687,0.2236373528,3130.912969796
0.000142,0.000142,0.4066133687,0.2236373528,4372.1257113904
0.000142,0.000142,0.4066133687,0.2236373528,6105.4022965853
0.000142,0.000142,0.4066133687,0.2439680212,0.1
0.000142,0.000142,0.4066133687,0.2439680212,0.1396437957
0.000142,0.000142,0.4066133687,0.2439680212,0.1950038968
0.000142,0.000142,0.4066133687,0.2439680212,0.2723108433
0.000142,0.000142,0.4066133687,0.2439680212,0.3802651977
0.000142,0.000142,0.4066133687,0.2439680212,0.5310167558
0.000142,0.000142,0.4066133687,0.2439680212,0.7415319537
0.000142,0.000142,0.4066133687,0.2439680212,1.0355033665
0.000142,0.000142,0.4066133687,0.2439680212,1.4460162057
0.000142,0.000142,0.4066133687,0.2439680212,2.0192719162
0.000142,0.000142,0.4066133687,0.2439680212,2.8197879494
0.000142,0.000142,0.4066133687,0.2439680212,3.9376589236
0.000142,0.000142,0.4066133687,0.2439680212,5.498696383
0.000142,0.000142,0.4066133687,0.2439680212,7.6785883437
0.000142,0.000142,0.4066133687,0.2439680212,10.7226722201
0.000142,0.000142,0.4066133687,0.2439680212,14.9735464897
0.000142,0.000142,0.4066133687,0.2439680212,20.9096286705
0.000142,0.000142,0.4066133687,0.2439680212,29.1989991443
0.000142,0.000142,0.4066133687,0.2439680212,40.7745907144
0.000142,0.000142,0.4066133687,0.2439680212,56.9391861586
0.000142,0.000142,0.4066133687,0.2439680212,79.5120407981
0.000142,0.000142,0.4066133687,0.2439680212,111.0336318168
0.000142,0.000142,0.4066133687,0.2439680212,155.0515779833
0.000142,0.000142,0.4066133687,0.2439680212,216.5199088036
0.000142,0.000142,0.4066133687,0.2439680212,302.3566191205
0.000142,0.000142,0.4066133687,0.2439680212,422.2222595195
0.000142,0.000142,0.4066133687,0.2439680212,589.6071895242
0.000142,0.000142,0.4066133687,0.2439680212,823.3498592289
0.000142,0.000142,0.4066133687,0.2439680212,1149.7569953977
0.000142,0.000142,0.4066133687,0.2439680212,1605.5643098112
0.000142,0.000142,0.4066133687,0.2439680212,2242.0709447806
0.000142,0.000142,0.4066133687,0.2439680212,3130.912969796
0.000142,0.000142,0.4066133687,0.2439680212,4372.1257113904
0.000142,0.000142,0.4066133687,0.2439680212,6105.4022965853
0.000142,0.000142,0.4066133687,0.2642986896,0.1
0.000142,0.000142,0.4066133687,0.2642986896,0.1396437957
0.000142,0.000142,0.4066133687,0.2642986896,0.1950038968
0.000142,0.000142,0.4066133687,0.2642986896,0.2723108433
0.000142,0.000142,0.4066133687,0.2642986896,0.3802651977
0.000142,0.000142,0.4066133687,0.2642986896,0.5310167558
0.000142,0.000142,0.4066133687,0.2642986896,0.7415319537
0.000142,0.000142,0.4066133687,0.2642986896,1.0355033665
0.000142,0.000142,0.4066133687,0.2642986896,1.4460162057
0.000142,0.000142,0.4066133687,0.2642986896,2.0192719162
0.000142,0.000142,0.4066133687,0.2642986896,2.8197879494
0.000142,0.000142,0.4066133687,0.2642986896,3.9376589236
0.000142,0.000142,0.4066133687,0.2642986896,5.498696383
0.000142,0.000142,0.4066133687,0.2642986896,7.6785883437
0.000142,0.000142,0.4066133687,0.2642986896,10.7226722201
0.000142,0.000142,0.4066133687,0.2642986896,14.9735464897
0.000142,0.000142,0.4066133687,0.2642986896,20.9096286705
0.000142,0.000142,0.4066133687,0.2642986896,29.1989991443
0.000142,0.000142,0.4066133687,0.2642986896,40.7745907144
0.000142,0.000142,0.4066133687,0.2642986896,56.9391861586
0.000142,0.000142,0.4066133687,0.2642986896,79.5120407981
0.000142,0.000142,0.4066133687,0.2642986896,111.0336318168
0.000142,0.000142,0.4066133687,0.2642986896,155.0515779833
0.000142,0.000142,0.4066133687,0.2642986896,216.5199088036
0.000142,0.000142,0.4066133687,0.2642986896,302.3566191205
0.000142,0.000142,0.4066133687,0.2642986896,422.2222595195
0.000142,0.000142,0.4066133687,0.2642986896,589.6071895242
0.000142,0.000142,0.4066133687,0.2642986896,823.3498592289
0.000142,0.000142,0.4066133687,0.2642986896,1149.7569953977
0.000142,0.000142,0.4066133687,0.2642986896,1605.5643098112
0.000142,0.000142,0.4066133687,0.2642986896,2242.0709447806
0.000142,0.000142,0.4066133687,0.2642986896,3130.912969796
0.000142,0.000142,0.4066133687,0.2642986896,4372.1257113904
0.000142,0.000142,0.4066133687,0.2642986896,6105.4022965853
0.000142,0.000142,0.4066133687,0.2846293581,0.1
0.000142,0.000142,0.4066133687,0.2846293581,0.1396437957
0.000142,0.000142,0.4066133687,0.2846293581,0.1950038968
0.000142,0.000142,0.4066133687,0.2846293581,0.2723108433
0.000142,0.000142,0.4066133687,0.2846293581,0.3802651977
0.000142,0.000142,0.4066133687,0.2846293581,0.5310167558
0.000142,0.000142,0.4066133687,0.2846293581,0.7415319537
0.000142,0.000142,0.4066133687,0.2846293581,1.0355033665
0.000142,0.000142,0.4066133687,0.2846293581,1.4460162057
0.000142,0.000142,0.4066133687,0.2846293581,2.0192719162
0.000142,0.000142,0.4066133687,0.2846293581,2.8197879494
0.000142,0.000142,0.4066133687,0.2846293581,3.9376589236
0.000142,0.000142,0.4066133687,0.2846293581,5.498696383
0.000142,0.000142,0.4066133687,0.2846293581,7.6785883437
0.000142,0.000142,0.4066133687,0.2846293581,10.7226722201
0.000142,0.000142,0.4066133687,0.2846293581,14.9735464897
0.000142,0.000142,0.4066133687,0.2846293581,20.9096286705
0.000142,0.000142,0.4066133687,0.2846293581,29.1989991443
0.000142,0.000142,0.4066133687,0.2846293581,40.7745907144
0.000142,0.000142,0.4066133687,0.2846293581,56.9391861586
0.000142,0.000142,0.4066133687,0.2846293581,79.5120407981
0.000142,0.000142,0.4066133687,0.2846293581,111.0336318168
0.000142,0.000142,0.4066133687,0.2846293581,155.0515779833
0.000142,0.000142,0.4066133687,0.2846293581,216.5199088036
0.000142,0.000142,0.4066133687,0.2846293581,302.3566191205
0.000142,0.000142,0.4066133687,0.2846293581,422.2222595195
0.000142,0.000142,0.4066133687,0.2846293581,589.6071895242
0.000142,0.000142,0.4066133687,0.2846293581,823.3498592289
0.000142,0.000142,0.4066133687,0.2846293581,1149.7569953977
0.000142,0.000142,0.4066133687,0.2846293581,1605.5643098112
0.000142,0.000142,0.4066133687,0.2846293581,2242.0709447806
0.000142,0.000142,0.4066133687,0.2846293581,3130.912969796
0.000142,0.000142,0.4066133687,0.2846293581,4372.1257113904
0.000142,0.000142,0.4066133687,0.2846293581,6105.4022965853
0.000142,0.000142,0.4066133687,0.3049600265,0.1
0.000142,0.000142,0.4066133687,0.3049600265,0.1396437957
0.000142,0.000142,0.4066133687,0.3049600265,0.1950038968
0.000142,0.000142,0.4066133687,0.3049600265,0.2723108433
0.000142,0.000142,0.4066133687,0.3049600265,0.3802651977
0.000142,0.000142,0.4066133687,0.3049600265,0.5310167558
0.000142,0.000142,0.4066133687,0.3049600265,0.7415319537
0.000142,0.000142,0.4066133687,0.3049600265,1.0355033665
0.000142,0.000142,0.4066133687,0.3049600265,1.4460162057
0.000142,0.000142,0.4066133687,0.3049600265,2.0192719162
0.000142,0.000142,0.4066133687,0.3049600265,2.8197879494
0.000142,0.000142,0.4066133687,0.3049600265,3.9376589236
0.000142,0.000142,0.4066133687,0.3049600265,5.498696383
0.000142,0.000142,0.4066133687,0.3049600265,7.6785883437
0.000142,0.000142,0.4066133687,0.3049600265,10.7226722201
0.000142,0.000142,0.4066133687,0.3049600265,14.9735464897
0.000142,0.000142,0.4066133687,0.3049600265,20.9096286705
0.000142,0.000142,0.4066133687,0.3049600265,29.1989991443
0.000142,0.000142,0.4066133687,0.3049600265,40.7745907144
0.000142,0.000142,0.4066133687,0.3049600265,56.9391861586
0.000142,0.000142,0.4066133687,0.3049600265,79.5120407981
0.000142,0.000142,0.4066133687,0.3049600265,111.0336318168
0.000142,0.000142,0.4066133687,0.3049600265,155.0515779833
0.000142,0.000142,0.4066133687,0.3049600265,216.5199088036
0.000142,0.000142,0.4066133687,0.3049600265,302.3566191205
0.000142,0.000142,0.4066133687,0.3049600265,422.2222595195
0.000142,0.000142,0.4066133687,0.3049600265,589.6071895242
0.000142,0.000142,0.4066133687,0.3049600265,823.3498592289
0.000142,0.000142,0.4066133687,0.3049600265,1149.7569953977
0.000142,0.000142,0.4066133687,0.3049600265,1605.5643098112
0.000142,0.000142,0.4066133687,0.3049600265,2242.0709447806
0.000142,0.000142,0.4066133687,0.3049600265,3130.912969796
0.000142,0.000142,0.4066133687,0.3049600265,4372.1257113904
0.000142,0.000142,0.4066133687,0.3049600265,6105.4022965853
0.000142,0.000142,0.4066133687,0.3252906949,0.1
0.000142,0.000142,0.4066133687,0.3252906949,0.1396437957
0.000142,0.000142,0.4066133687,0.3252906949,0.1950038968
0.000142,0.000142,0.4066133687,0.3252906949,0.2723108433
0.000142,0.000142,0.4066133687,0.3252906949,0.3802651977
0.000142,0.000142,0.4066133687,0.3252906949,0.5310167558
0.000142,0.000142,0.4066133687,0.3252906949,0.7415319537
0.000142,0.000142,0.4066133687,0.3252906949,1.0355033665
0.000142,0.000142,0.4066133687,0.3252906949,1.4460162057
0.000142,0.000142,0.4066133687,0.3252906949,2.0192719162
0.000142,0.000142,0.4066133687,0.3252906949,2.8197879494
0.000142,0.000142,0.4066133687,0.3252906949,3.9376589236
0.000142,0.000142,0.4066133687,0.3252906949,5.498696383
0.000142,0.000142,0.4066133687,0.3252906949,7.6785883437
0.000142,0.000142,0.4066133687,0.3252906949,10.7226722201
0.000142,0.000142,0.4066133687,0.3252906949,14.9735464897
0.000142,0.000142,0.4066133687,0.3252906949,20.9096286705
0.000142,0.000142,0.4066133687,0.3252906949,29.1989991443
0.000142,0.000142,0.4066133687,0.3252906949,40.7745907144
0.000142,0.000142,0.4066133687,0.3252906949,56.9391861586
0.000142,0.000142,0.4066133687,0.3252906949,79.5120407981
0.000142,0.000142,0.4066133687,0.3252906949,111.0336318168
0.000142,0.000142,0.4066133687,0.3252906949,155.0515779833
0.000142,0.000142,0.4066133687,0.3252906949,216.5199088036
0.000142,0.000142,0.4066133687,0.3252906949,302.3566191205
0.000142,0.000142,0.4066133687,0.3252906949,422.2222595195
0.000142,0.000142,0.4066133687,0.3252906949,589.6071895242
0.000142,0.000142,0.4066133687,0.3252906949,823.3498592289
0.000142,0.000142,0.4066133687,0.3252906949,1149.7569953977
0.000142,0.000142,0.4066133687,0.3252906949,1605.5643098112
0.000142,0.000142,0.4066133687,0.3252906949,2242.0709447806
0.000142,0.000142,0.4066133687,0.3252906949,3130.912969796
0.000142,0.000142,0.4066133687,0.3252906949,4372.1257113904
0.000142,0.000142,0.4066133687,0.3252906949,6105.4022965853
0.000142,0.000142,0.4066133687,0.3456213634,0.1
0.000142,0.000142,0.4066133687,0.3456213634,0.1396437957
0.000142,0.000142,0.4066133687,0.3456213634,0.1950038968
0.000142,0.000142,0.4066133687,0.3456213634,0.2723108433
0.000142,0.000142,0.4066133687,0.3456213634,0.3802651977
0.000142,0.000142,0.4066133687,0.3456213634,0.5310167558
0.000142,0.000142,0.4066133687,0.3456213634,0.7415319537
0.000142,0.000142,0.4066133687,0.3456213634,1.0355033665
0.000142,0.000142,0.4066133687,0.3456213634,1.4460162057
0.000142,0.000142,0.4066133687,0.3456213634,2.0192719162
0.000142,0.000142,0.4066133687,0.3456213634,2.8197879494
0.000142,0.000142,0.4066133687,0.3456213634,3.9376589236
0.000142,0.000142,0.4066133687,0.3456213634,5.498696383
0.000142,0.000142,0.4066133687,0.3456213634,7.6785883437
0.000142,0.000142,0.4066133687,0.3456213634,10.7226722201
0.000142,0.000142,0.4066133687,0.3456213634,14.9735464897
0.000142,0.000142,0.4066133687,0.3456213634,20.9096286705
0.000142,0.000142,0.4066133687,0.3456213634,29.1989991443
0.000142,0.000142,0.4066133687,0.3456213634,40.7745907144
0.000142,0.000142,0.4066133687,0.3456213634,56.9391861586
0.000142,0.000142,0.4066133687,0.3456213634,79.5120407981
0.000142,0.000142,0.4066133687,0.3456213634,111.0336318168
0.000142,0.000142,0.4066133687,0.3456213634,155.0515779833
0.000142,0.000142,0.4066133687,0.3456213634,216.5199088036
0.000142,0.000142,0.4066133687,0.3456213634,302.3566191205
0.000142,0.000142,0.4066133687,0.3456213634,422.2222595195
0.000142,0.000142,0.4066133687,0.3456213634,589.6071895242
0.000142,0.000142,0.4066133687,0.3456213634,823.3498592289
0.000142,0.000142,0.4066133687,0.3456213634,1149.7569953977
0.000142,0.000142,0.4066133687,0.3456213634,1605.5643098112
0.000142,0.000142,0.4066133687,0.3456213634,2242.0709447806
0.000142,0.000142,0.4066133687,0.3456213634,3130.912969796
0.000142,0.000142,0.4066133687,0.3456213634,4372.1257113904
0.000142,0.000142,0.4066133687,0.3456213634,6105.4022965853
0.000142,0.000142,0.4066133687,0.3659520318,0.1
0.000142,0.000142,0.4066133687,0.3659520318,0.1396437957
0.000142,0.000142,0.4066133687,0.3659520318,0.1950038968
0.000142,0.000142,0.4066133687,0.3659520318,0.2723108433
0.000142,0.000142,0.4066133687,0.3659520318,0.3802651977
0.000142,0.000142,0.4066133687,0.3659520318,0.5310167558
0.000142,0.000142,0.4066133687,0.3659520318,0.7415319537
0.000142,0.000142,0.4066133687,0.3659520318,1.0355033665
0.000142,0.000142,0.4066133687,0.3659520318,1.4460162057
0.000142,0.000142,0.4066133687,0.3659520318,2.0192719162
0.000142,0.000142,0.4066133687,0.3659520318,2.8197879494
0.000142,0.000142,0.4066133687,0.3659520318,3.9376589236
0.000142,0.000142,0.4066133687,0.3659520318,5.498696383
0.000142,0.000142,0.4066133687,0.3659520318,7.6785883437
0.000142,0.000142,0.4066133687,0.3659520318,10.7226722201
0.000142,0.000142,0.4066133687,0.3659520318,14.9735464897
0.000142,0.000142,0.4066133687,0.3659520318,20.9096286705
0.000142,0.000142,0.4066133687,0.3659520318,29.1989991443
0.000142,0.000142,0.4066133687,0.3659520318,40.7745907144
0.000142,0.000142,0.4066133687,0.3659520318,56.9391861586
0.000142,0.000142,0.4066133687,0.3659520318,79.5120407981
0.000142,0.000142,0.4066133687,0.3659520318,111.0336318168
0.000142,0.000142,0.4066133687,0.3659520318,155.0515779833
0.000142,0.000142,0.4066133687,0.3659520318,216.5199088036
0.000142,0.000142,0.4066133687,0.3659520318,302.3566191205
0.000142,0.000142,0.4066133687,0.3659520318,422.2222595195
0.000142,0.000142,0.4066133687,0.3659520318,589.6071895242
0.000142,0.000142,0.4066133687,0.3659520318,823.3498592289
0.000142,0.000142,0.4066133687,0.3659520318,1149.7569953977
0.000142,0.000142,0.4066133687,0.3659520318,1605.5643098112
0.000142,0.000142,0.4066133687,0.3659520318,2242.0709447806
0.000142,0.000142,0.4066133687,0.3659520318,3130.912969796
0.000142,0.000142,0.4066133687,0.3659520318,4372.1257113904
0.000142,0.000142,0.4066133687,0.3659520318,6105.4022965853
0.000142,0.000142,0.4066133687,0.3862827002,0.1
0.000142,0.000142,0.4066133687,0.3862827002,0.1396437957
0.000142,0.000142,0.4066133687,0.3862827002,0.1950038968
0.000142,0.000142,0.4066133687,0.3862827002,0.2723108433
0.000142,0.000142,0.4066133687,0.3862827002,0.3802651977
0.000142,0.000142,0.4066133687,0.3862827002,0.5310167558
0.000142,0.000142,0.4066133687,0.3862827002,0.7415319537
0.000142,0.000142,0.4066133687,0.3862827002,1.0355033665
0.000142,0.000142,0.4066133687,0.3862827002,1.4460162057
0.000142,0.000142,0.4066133687,0.3862827002,2.0192719162
0.000142,0.000142,0.4066133687,0.3862827002,2.8197879494
0.000142,0.000142,0.4066133687,0.3862827002,3.9376589236
0.000142,0.000142,0.4066133687,0.3862827002,5.498696383
0.000142,0.000142,0.4066133687,0.3862827002,7.6785883437
0.000142,0.000142,0.4066133687,0.3862827002,10.7226722201
0.000142,0.000142,0.4066133687,0.3862827002,14.9735464897
0.000142,0.000142,0.4066133687,0.3862827002,20.9096286705
0.000142,0.000142,0.4066133687,0.3862827002,29.1989991443
0.000142,0.000142,0.4066133687,0.3862827002,40.7745907144
0.000142,0.000142,0.4066133687,0.3862827002,56.9391861586
0.000142,0.000142,0.4066133687,0.3862827002,79.5120407981
0.000142,0.000142,0.4066133687,0.3862827002,111.0336318168
0.000142,0.000142,0.4066133687,0.3862827002,155.0515779833
0.000142,0.000142,0.4066133687,0.3862827002,216.5199088036
0.000142,0.000142,0.4066133687,0.3862827002,302.3566191205
0.000142,0.000142,0.4066133687,0.3862827002,422.2222595195
0.000142,0.000142,0.4066133687,0.3862827002,589.6071895242
0.000142,0.000142,0.4066133687,0.3862827002,823.3498592289
0.000142,0.000142,0.4066133687,0.3862827002,1149.7569953977
0.000142,0.000142,0.4066133687,0.3862827002,1605.5643098112
0.000142,0.000142,0.4066133687,0.3862827002,2242.0709447806
0.000142,0.000142,0.4066133687,0.3862827002,3130.912969796
0.000142,0.000142,0.4066133687,0.3862827002,4372.1257113904
0.000142,0.000142,0.4066133687,0.3862827002,6105.4022965853
0.000142,0.000142,0.4066133687,0.402547235,0.1
0.000142,0.000142,0.4066133687,0.402547235,0.1396437957
0.000142,0.000142,0.4066133687,0.402547235,0.1950038968
0.000142,0.000142,0.4066133687,0.402547235,0.2723108433
0.000142,0.000142,0.4066133687,0.402547235,0.3802651977
0.000142,0.000142,0.4066133687,0.402547235,0.5310167558
0.000142,0.000142,0.4066133687,0.402547235,0.7415319537
0.000142,0.000142,0.4066133687,0.402547235,1.0355033665
0.000142,0.000142,0.4066133687,0.402547235,1.4460162057
0.000142,0.000142,0.4066133687,0.402547235,2.0192719162
0.000142,0.000142,0.4066133687,0.402547235,2.8197879494
0.000142,0.000142,0.4066133687,0.402547235,3.9376589236
0.000142,0.000142,0.4066133687,0.402547235,5.498696383
0.000142,0.000142,0.4066133687,0.402547235,7.6785883437
0.000142,0.000142,0.4066133687,0.402547235,10.7226722201
0.000142,0.000142,0.4066133687,0.402547235,14.9735464897
0.000142,0.000142,0.4066133687,0.402547235,20.9096286705
0.000142,0.000142,0.4066133687,0.402547235,29.1989991443
0.000142,0.000142,0.4066133687,0.402547235,40.7745907144
0.000142,0.000142,0.4066133687,0.402547235,56.9391861586
0.000142,0.000142,0.4066133687,0.402547235,79.5120407981
0.000142,0.000142,0.4066133687,0.402547235,111.0336318168
0.000142,0.000142,0.4066133687,0.402547235,155.0515779833
0.000142,0.000142,0.4066133687,0.402547235,216.5199088036
0.000142,0.000142,0.4066133687,0.402547235,302.3566191205
0.000142,0.000142,0.4066133687,0.402547235,422.2222595195
0.000142,0.000142,0.4066133687,0.402547235,589.6071895242
0.000142,0.000142,0.4066133687,0.402547235,823.3498592289
0.000142,0.000142,0.4066133687,0.402547235,1149.7569953977
0.000142,0.000142,0.4066133687,0.402547235,1605.5643098112
0.000142,0.000142,0.4066133687,0.402547235,2242.0709447806
0.000142,0.000142,0.4066133687,0.402547235,3130.912969796
0.000142,0.000142,0.4066133687,0.402547235,4372.1257113904
0.000142,0.000142,0.4066133687,0.402547235,6105.4022965853
0.000142,0.000142,0.4529411521,0.113235288,0.1
0.000142,0.000142,0.4529411521,0.113235288,0.1396437957
0.000142,0.000142,0.4529411521,0.113235288,0.1950038968
0.000142,0.000142,0.4529411521,0.113235288,0.2723108433
0.000142,0.000142,0.4529411521,0.113235288,0.3802651977
0.000142,0.000142,0.4529411521,0.113235288,0.5310167558
0.000142,0.000142,0.4529411521,0.113235288,0.7415319537
0.000142,0.000142,0.4529411521,0.113235288,1.0355033665
0.000142,0.000142,0.4529411521,0.113235288,1.4460162057
0.000142,0.000142,0.4529411521,0.113235288,2.0192719162
0.000142,0.000142,0.4529411521,0.113235288,2.8197879494
0.000142,0.000142,0.4529411521,0.113235288,3.9376589236
0.000142,0.000142,0.4529411521,0.113235288,5.498696383
0.000142,0.000142,0.4529411521,0.113235288,7.6785883437
0.000142,0.000142,0.4529411521,0.113235288,10.7226722201
0.000142,0.000142,0.4529411521,0.113235288,14.9735464897
0.000142,0.000142,0.4529411521,0.113235288,20.9096286705
0.000142,0.000142,0.4529411521,0.113235288,29.1989991443
0.000142,0.000142,0.4529411521,0.113235288,40.7745907144
0.000142,0.000142,0.4529411521,0.113235288,56.9391861586
0.000142,0.000142,0.4529411521,0.113235288,79.5120407981
0.000142,0.000142,0.4529411521,0.113235288,111.0336318168
0.000142,0.000142,0.4529411521,0.113235288,155.0515779833
0.000142,0.000142,0.4529411521,0.113235288,216.5199088036
0.000142,0.000142,0.4529411521,0.113235288,302.3566191205
0.000142,0.000142,0.4529411521,0.113235288,422.2222595195
0.000142,0.000142,0.4529411521,0.113235288,589.6071895242
0.000142,0.000142,0.4529411521,0.113235288,823.3498592289
0.000142,0.000142,0.4529411521,0.113235288,1149.7569953977
0.000142,0.000142,0.4529411521,0.113235288,1605.5643098112
0.000142,0.000142,0.4529411521,0.113235288,2242.0709447806
0.000142,0.000142,0.4529411521,0.113235288,3130.912969796
0.000142,0.000142,0.4529411521,0.113235288,4372.1257113904
0.000142,0.000142,0.4529411521,0.113235288,6105.4022965853
0.000142,0.000142,0.4529411521,0.1358823456,0.1
0.000142,0.000142,0.4529411521,0.1358823456,0.1396437957
0.000142,0.000142,0.4529411521,0.1358823456,0.1950038968
0.000142,0.000142,0.4529411521,0.1358823456,0.2723108433
0.000142,0.000142,0.4529411521,0.1358823456,0.3802651977
0.000142,0.000142,0.4529411521,0.1358823456,0.5310167558
0.000142,0.000142,0.4529411521,0.1358823456,0.7415319537
0.000142,0.000142,0.4529411521,0.1358823456,1.0355033665
0.000142,0.000142,0.4529411521,0.1358823456,1.4460162057
0.000142,0.000142,0.4529411521,0.1358823456,2.0192719162
0.000142,0.000142,0.4529411521,0.1358823456,2.8197879494
0.000142,0.000142,0.4529411521,0.1358823456,3.9376589236
0.000142,0.000142,0.4529411521,0.1358823456,5.498696383
0.000142,0.000142,0.4529411521,0.1358823456,7.6785883437
0.000142,0.000142,0.4529411521,0.1358823456,10.7226722201
0.000142,0.000142,0.4529411521,0.1358823456,14.9735464897
0.000142,0.000142,0.4529411521,0.1358823456,20.9096286705
0.000142,0.000142,0.4529411521,0.1358823456,29.1989991443
0.000142,0.000142,0.4529411521,0.1358823456,40.7745907144
0.000142,0.000142,0.4529411521,0.1358823456,56.9391861586
0.000142,0.000142,0.4529411521,0.1358823456,79.5120407981
0.000142,0.000142,0.4529411521,0.1358823456,111.0336318168
0.000142,0.000142,0.4529411521,0.1358823456,155.0515779833
0.000142,0.000142,0.4529411521,0.1358823456,216.5199088036
0.000142,0.000142,0.4529411521,0.1358823456,302.3566191205
0.000142,0.000142,0.4529411521,0.1358823456,422.2222595195
0.000142,0.000142,0.4529411521,0.1358823456,589.6071895242
0.000142,0.000142,0.4529411521,0.1358823456,823.3498592289
0.000142,0.000142,0.4529411521,0.1358823456,1149.7569953977
0.000142,0.000142,0.4529411521,0.1358823456,1605.5643098112
0.000142,0.000142,0.4529411521,0.1358823456,2242.0709447806
0.000142,0.000142,0.4529411521,0.1358823456,3130.912969796
0.000142,0.000142,0.4529411521,0.1358823456,4372.1257113904
0.000142,0.000142,0.4529411521,0.1358823456,6105.4022965853
0.000142,0.000142,0.4529411521,0.1585294033,0.1
0.000142,0.000142,0.4529411521,0.1585294033,0.1396437957
0.000142,0.000142,0.4529411521,0.1585294033,0.1950038968
0.000142,0.000142,0.4529411521,0.1585294033,0.2723108433
0.000142,0.000142,0.4529411521,0.1585294033,0.3802651977
0.000142,0.000142,0.4529411521,0.1585294033,0.5310167558
0.000142,0.000142,0.4529411521,0.1585294033,0.7415319537
0.000142,0.000142,0.4529411521,0.1585294033,1.0355033665
0.000142,0.000142,0.4529411521,0.1585294033,1.4460162057
0.000142,0.000142,0.4529411521,0.1585294033,2.0192719162
0.000142,0.000142,0.4529411521,0.1585294033,2.8197879494
0.000142,0.000142,0.4529411521,0.1585294033,3.9376589236
0.000142,0.000142,0.4529411521,0.1585294033,5.498696383
0.000142,0.000142,0.4529411521,0.1585294033,7.6785883437
0.000142,0.000142,0.4529411521,0.1585294033,10.7226722201
0.000142,0.000142,0.4529411521,0.1585294033,14.9735464897
0.000142,0.000142,0.4529411521,0.1585294033,20.9096286705
0.000142,0.000142,0.4529411521,0.1585294033,29.1989991443
0.000142,0.000142,0.4529411521,0.1585294033,40.7745907144
0.000142,0.000142,0.4529411521,0.1585294033,56.9391861586
0.000142,0.000142,0.4529411521,0.1585294033,79.5120407981
0.000142,0.000142,0.4529411521,0.1585294033,111.0336318168
0.000142,0.000142,0.4529411521,0.1585294033,155.0515779833
0.000142,0.000142,0.4529411521,0.1585294033,216.5199088036
0.000142,0.000142,0.4529411521,0.1585294033,302.3566191205
0.000142,0.000142,0.4529411521,0.1585294033,422.2222595195
0.000142,0.000142,0.4529411521,0.1585294033,589.6071895242
0.000142,0.000142,0.4529411521,0.1585294033,823.3498592289
0.000142,0.000142,0.4529411521,0.1585294033,1149.7569953977
0.000142,0.000142,0.4529411521,0.1585294033,1605.5643098112
0.000142,0.000142,0.4529411521,0.1585294033,2242.0709447806
0.000142,0.000142,0.4529411521,0.1585294033,3130.912969796
0.000142,0.000142,0.4529411521,0.1585294033,4372.1257113904
0.000142,0.000142,0.4529411521,0.1585294033,6105.4022965853
0.000142,0.000142,0.4529411521,0.1811764609,0.1
0.000142,0.000142,0.4529411521,0.1811764609,0.1396437957
0.000142,0.000142,0.4529411521,0.1811764609,0.1950038968
0.000142,0.000142,0.4529411521,0.1811764609,0.2723108433
0.000142,0.000142,0.4529411521,0.1811764609,0.3802651977
0.000142,0.000142,0.4529411521,0.1811764609,0.5310167558
0.000142,0.000142,0.4529411521,0.1811764609,0.7415319537
0.000142,0.000142,0.4529411521,0.1811764609,1.0355033665
0.000142,0.000142,0.4529411521,0.1811764609,1.4460162057
0.000142,0.000142,0.4529411521,0.1811764609,2.0192719162
0.000142,0.000142,0.4529411521,0.1811764609,2.8197879494
0.000142,0.000142,0.4529411521,0.1811764609,3.9376589236
0.000142,0.000142,0.4529411521,0.1811764609,5.498696383
0.000142,0.000142,0.4529411521,0.1811764609,7.6785883437
0.000142,0.000142,0.4529411521,0.1811764609,10.7226722201
0.000142,0.000142,0.4529411521,0.1811764609,14.9735464897
0.000142,0.000142,0.4529411521,0.1811764609,20.9096286705
0.000142,0.000142,0.4529411521,0.1811764609,29.1989991443
0.000142,0.000142,0.4529411521,0.1811764609,40.7745907144
0.000142,0.000142,0.4529411521,0.1811764609,56.9391861586
0.000142,0.000142,0.4529411521,0.1811764609,79.5120407981
0.000142,0.000142,0.4529411521,0.1811764609,111.0336318168
0.000142,0.000142,0.4529411521,0.1811764609,155.0515779833
0.000142,0.000142,0.4529411521,0.1811764609,216.5199088036
0.000142,0.000142,0.4529411521,0.1811764609,302.3566191205
0.000142,0.000142,0.4529411521,0.1811764609,422.2222595195
0.000142,0.000142,0.4529411521,0.1811764609,589.6071895242
0.000142,0.000142,0.4529411521,0.1811764609,823.3498592289
0.000142,0.000142,0.4529411521,0.1811764609,1149.7569953977
0.000142,0.000142,0.4529411521,0.1811764609,1605.5643098112
0.000142,0.000142,0.4529411521,0.1811764609,2242.0709447806
0.000142,0.000142,0.4529411521,0.1811764609,3130.912969796
0.000142,0.000142,0.4529411521,0.1811764609,4372.1257113904
0.000142,0.000142,0.4529411521,0.1811764609,6105.4022965853
0.000142,0.000142,0.4529411521,0.2038235185,0.1
0.000142,0.000142,0.4529411521,0.2038235185,0.1396437957
0.000142,0.000142,0.4529411521,0.2038235185,0.1950038968
0.000142,0.000142,0.4529411521,0.2038235185,0.2723108433
0.000142,0.000142,0.4529411521,0.2038235185,0.3802651977
0.000142,0.000142,0.4529411521,0.2038235185,0.5310167558
0.000142,0.000142,0.4529411521,0.2038235185,0.7415319537
0.000142,0.000142,0.4529411521,0.2038235185,1.0355033665
0.000142,0.000142,0.4529411521,0.2038235185,1.4460162057
0.000142,0.000142,0.4529411521,0.2038235185,2.0192719162
0.000142,0.000142,0.4529411521,0.2038235185,2.8197879494
0.000142,0.000142,0.4529411521,0.2038235185,3.9376589236
0.000142,0.000142,0.4529411521,0.2038235185,5.498696383
0.000142,0.000142,0.4529411521,0.2038235185,7.6785883437
0.000142,0.000142,0.4529411521,0.2038235185,10.7226722201
0.000142,0.000142,0.4529411521,0.2038235185,14.9735464897
0.000142,0.000142,0.4529411521,0.2038235185,20.9096286705
0.000142,0.000142,0.4529411521,0.2038235185,29.1989991443
0.000142,0.000142,0.4529411521,0.2038235185,40.7745907144
0.000142,0.000142,0.4529411521,0.2038235185,56.9391861586
0.000142,0.000142,0.4529411521,0.2038235185,79.5120407981
0.000142,0.000142,0.4529411521,0.2038235185,111.0336318168
0.000142,0.000142,0.4529411521,0.2038235185,155.0515779833
0.000142,0.000142,0.4529411521,0.2038235185,216.5199088036
0.000142,0.000142,0.4529411521,0.2038235185,302.3566191205
0.000142,0.000142,0.4529411521,0.2038235185,422.2222595195
0.000142,0.000142,0.4529411521,0.2038235185,589.6071895242
0.000142,0.000142,0.4529411521,0.2038235185,823.3498592289
0.000142,0.000142,0.4529411521,0.2038235185,1149.7569953977
0.000142,0.000142,0.4529411521,0.2038235185,1605.5643098112
0.000142,0.000142,0.4529411521,0.2038235185,2242.0709447806
0.000142,0.000142,0.4529411521,0.2038235185,3130.912969796
0.000142,0.000142,0.4529411521,0.2038235185,4372.1257113904
0.000142,0.000142,0.4529411521,0.2038235185,6105.4022965853
0.000142,0.000142,0.4529411521,0.2264705761,0.1
0.000142,0.000142,0.4529411521,0.2264705761,0.1396437957
0.000142,0.000142,0.4529411521,0.2264705761,0.1950038968
0.000142,0.000142,0.4529411521,0.2264705761,0.2723108433
0.000142,0.000142,0.4529411521,0.2264705761,0.3802651977
0.000142,0.000142,0.4529411521,0.2264705761,0.5310167558
0.000142,0.000142,0.4529411521,0.2264705761,0.7415319537
0.000142,0.000142,0.4529411521,0.2264705761,1.0355033665
0.000142,0.000142,0.4529411521,0.2264705761,1.4460162057
0.000142,0.000142,0.4529411521,0.2264705761,2.0192719162
0.000142,0.000142,0.4529411521,0.2264705761,2.8197879494
0.000142,0.000142,0.4529411521,0.2264705761,3.9376589236
0.000142,0.000142,0.4529411521,0.2264705761,5.498696383
0.000142,0.000142,0.4529411521,0.2264705761,7.6785883437
0.000142,0.000142,0.4529411521,0.2264705761,10.7226722201
0.000142,0.000142,0.4529411521,0.2264705761,14.9735464897
0.000142,0.000142,0.4529411521,0.2264705761,20.9096286705
0.000142,0.000142,0.4529411521,0.2264705761,29.1989991443
0.000142,0.000142,0.4529411521,0.2264705761,40.7745907144
0.000142,0.000142,0.4529411521,0.2264705761,56.9391861586
0.000142,0.000142,0.4529411521,0.2264705761,79.5120407981
0.000142,0.000142,0.4529411521,0.2264705761,111.0336318168
0.000142,0.000142,0.4529411521,0.2264705761,155.0515779833
0.000142,0.000142,0.4529411521,0.2264705761,216.5199088036
0.000142,0.000142,0.4529411521,0.2264705761,302.3566191205
0.000142,0.000142,0.4529411521,0.2264705761,422.2222595195
0.000142,0.000142,0.4529411521,0.2264705761,589.6071895242
0.000142,0.000142,0.4529411521,0.2264705761,823.3498592289
0.000142,0.000142,0.4529411521,0.2264705761,1149.7569953977
0.000142,0.000142,0.4529411521,0.2264705761,1605.5643098112
0.000142,0.000142,0.4529411521,0.2264705761,2242.0709447806
0.000142,0.000142,0.4529411521,0.2264705761,3130.912969796
0.000142,0.000142,0.4529411521,0.2264705761,4372.1257113904
0.000142,0.000142,0.4529411521,0.2264705761,6105.4022965853
0.000142,0.000142,0.4529411521,0.2491176337,0.1
0.000142,0.000142,0.4529411521,0.2491176337,0.1396437957
0.000142,0.000142,0.4529411521,0.2491176337,0.1950038968
0.000142,0.000142,0.4529411521,0.2491176337,0.2723108433
0.000142,0.000142,0.4529411521,0.2491176337,0.3802651977
0.000142,0.000142,0.4529411521,0.2491176337,0.5310167558
0.000142,0.000142,0.4529411521,0.2491176337,0.7415319537
0.000142,0.000142,0.4529411521,0.2491176337,1.0355033665
0.000142,0.000142,0.4529411521,0.2491176337,1.4460162057
0.000142,0.000142,0.4529411521,0.2491176337,2.0192719162
0.000142,0.000142,0.4529411521,0.2491176337,2.8197879494
0.000142,0.000142,0.4529411521,0.2491176337,3.9376589236
0.000142,0.000142,0.4529411521,0.2491176337,5.498696383
0.000142,0.000142,0.4529411521,0.2491176337,7.6785883437
0.000142,0.000142,0.4529411521,0.2491176337,10.7226722201
0.000142,0.000142,0.4529411521,0.2491176337,14.9735464897
0.000142,0.000142,0.4529411521,0.2491176337,20.9096286705
0.000142,0.000142,0.4529411521,0.2491176337,29.1989991443
0.000142,0.000142,0.4529411521,0.2491176337,40.7745907144
0.000142,0.000142,0.4529411521,0.2491176337,56.9391861586
0.000142,0.000142,0.4529411521,0.2491176337,79.5120407981
0.000142,0.000142,0.4529411521,0.2491176337,111.0336318168
0.000142,0.000142,0.4529411521,0.2491176337,155.0515779833
0.000142,0.000142,0.4529411521,0.2491176337,216.5199088036
0.000142,0.000142,0.4529411521,0.2491176337,302.3566191205
0.000142,0.000142,0.4529411521,0.2491176337,422.2222595195
0.000142,0.000142,0.4529411521,0.2491176337,589.6071895242
0.000142,0.000142,0.4529411521,0.2491176337,823.3498592289
0.000142,0.000142,0.4529411521,0.2491176337,1149.7569953977
0.000142,0.000142,0.4529411521,0.2491176337,1605.5643098112
0.000142,0.000142,0.4529411521,0.2491176337,2242.0709447806
0.000142,0.000142,0.4529411521,0.2491176337,3130.912969796
0.000142,0.000142,0.4529411521,0.2491176337,4372.1257113904
0.000142,0.000142,0.4529411521,0.2491176337,6105.4022965853
0.000142,0.000142,0.4529411521,0.2717646913,0.1
0.000142,0.000142,0.4529411521,0.2717646913,0.1396437957
0.000142,0.000142,0.4529411521,0.2717646913,0.1950038968
0.000142,0.000142,0.4529411521,0.2717646913,0.2723108433
0.000142,0.000142,0.4529411521,0.2717646913,0.3802651977
0.000142,0.000142,0.4529411521,0.2717646913,0.5310167558
0.000142,0.000142,0.4529411521,0.2717646913,0.7415319537
0.000142,0.000142,0.4529411521,0.2717646913,1.0355033665
0.000142,0.000142,0.4529411521,0.2717646913,1.4460162057
0.000142,0.000142,0.4529411521,0.2717646913,2.0192719162
0.000142,0.000142,0.4529411521,0.2717646913,2.8197879494
0.000142,0.000142,0.4529411521,0.2717646913,3.9376589236
0.000142,0.000142,0.4529411521,0.2717646913,5.498696383
0.000142,0.000142,0.4529411521,0.2717646913,7.6785883437
0.000142,0.000142,0.4529411521,0.2717646913,10.7226722201
0.000142,0.000142,0.4529411521,0.2717646913,14.9735464897
0.000142,0.000142,0.4529411521,0.2717646913,20.9096286705
0.000142,0.000142,0.4529411521,0.2717646913,29.1989991443
0.000142,0.000142,0.4529411521,0.2717646913,40.7745907144
0.000142,0.000142,0.4529411521,0.2717646913,56.9391861586
0.000142,0.000142,0.4529411521,0.2717646913,79.5120407981
0.000142,0.000142,0.4529411521,0.2717646913,111.0336318168
0.000142,0.000142,0.4529411521,0.2717646913,155.0515779833
0.000142,0.000142,0.4529411521,0.2717646913,216.5199088036
0.000142,0.000142,0.4529411521,0.2717646913,302.3566191205
0.000142,0.000142,0.4529411521,0.2717646913,422.2222595195
0.000142,0.000142,0.4529411521,0.2717646913,589.6071895242
0.000142,0.000142,0.4529411521,0.2717646913,823.3498592289
0.000142,0.000142,0.4529411521,0.2717646913,1149.7569953977
0.000142,0.000142,0.4529411521,0.2717646913,1605.5643098112
0.000142,0.000142,0.4529411521,0.2717646913,2242.0709447806
0.000142,0.000142,0.4529411521,0.2717646913,3130.912969796
0.000142,0.000142,0.4529411521,0.2717646913,4372.1257113904
0.000142,0.000142,0.4529411521,0.2717646913,6105.4022965853
0.000142,0.000142,0.4529411521,0.2944117489,0.1
0.000142,0.000142,0.4529411521,0.2944117489,0.1396437957
0.000142,0.000142,0.4529411521,0.2944117489,0.1950038968
0.000142,0.000142,0.4529411521,0.2944117489,0.2723108433
0.000142,0.000142,0.4529411521,0.2944117489,0.3802651977
0.000142,0.000142,0.4529411521,0.2944117489,0.5310167558
0.000142,0.000142,0.4529411521,0.2944117489,0.7415319537
0.000142,0.000142,0.4529411521,0.2944117489,1.0355033665
0.000142,0.000142,0.4529411521,0.2944117489,1.4460162057
0.000142,0.000142,0.4529411521,0.2944117489,2.0192719162
0.000142,0.000142,0.4529411521,0.2944117489,2.8197879494
0.000142,0.000142,0.4529411521,0.2944117489,3.9376589236
0.000142,0.000142,0.4529411521,0.2944117489,5.498696383
0.000142,0.000142,0.4529411521,0.2944117489,7.6785883437
0.000142,0.000142,0.4529411521,0.2944117489,10.7226722201
0.000142,0.000142,0.4529411521,0.2944117489,14.9735464897
0.000142,0.000142,0.4529411521,0.2944117489,20.9096286705
0.000142,0.000142,0.4529411521,0.2944117489,29.1989991443
0.000142,0.000142,0.4529411521,0.2944117489,40.7745907144
0.000142,0.000142,0.4529411521,0.2944117489,56.9391861586
0.000142,0.000142,0.4529411521,0.2944117489,79.5120407981
0.000142,0.000142,0.4529411521,0.2944117489,111.0336318168
0.000142,0.000142,0.4529411521,0.2944117489,155.0515779833
0.000142,0.000142,0.4529411521,0.2944117489,216.5199088036
0.000142,0.000142,0.4529411521,0.2944117489,302.3566191205
0.000142,0.000142,0.4529411521,0.2944117489,422.2222595195
0.000142,0.000142,0.4529411521,0.2944117489,589.6071895242
0.000142,0.000142,0.4529411521,0.2944117489,823.3498592289
0.000142,0.000142,0.4529411521,0.2944117489,1149.7569953977
0.000142,0.000142,0.4529411521,0.2944117489,1605.5643098112
0.000142,0.000142,0.4529411521,0.2944117489,2242.0709447806
0.000142,0.000142,0.4529411521,0.2944117489,3130.912969796
0.000142,0.000142,0.4529411521,0.2944117489,4372.1257113904
0.000142,0.000142,0.4529411521,0.2944117489,6105.4022965853
0.000142,0.000142,0.4529411521,0.3170588065,0.1
0.000142,0.000142,0.4529411521,0.3170588065,0.1396437957
0.000142,0.000142,0.4529411521,0.3170588065,0.1950038968
0.000142,0.000142,0.4529411521,0.3170588065,0.2723108433
0.000142,0.000142,0.4529411521,0.3170588065,0.3802651977
0.000142,0.000142,0.4529411521,0.3170588065,0.5310167558
0.000142,0.000142,0.4529411521,0.3170588065,0.7415319537
0.000142,0.000142,0.4529411521,0.3170588065,1.0355033665
0.000142,0.000142,0.4529411521,0.3170588065,1.4460162057
0.000142,0.000142,0.4529411521,0.3170588065,2.0192719162
0.000142,0.000142,0.4529411521,0.3170588065,2.8197879494
0.000142,0.000142,0.4529411521,0.3170588065,3.9376589236
0.000142,0.000142,0.4529411521,0.3170588065,5.498696383
0.000142,0.000142,0.4529411521,0.3170588065,7.6785883437
0.000142,0.000142,0.4529411521,0.3170588065,10.7226722201
0.000142,0.000142,0.4529411521,0.3170588065,14.9735464897
0.000142,0.000142,0.4529411521,0.3170588065,20.9096286705
0.000142,0.000142,0.4529411521,0.3170588065,29.1989991443
0.000142,0.000142,0.4529411521,0.3170588065,40.7745907144
0.000142,0.000142,0.4529411521,0.3170588065,56.9391861586
0.000142,0.000142,0.4529411521,0.3170588065,79.5120407981
0.000142,0.000142,0.4529411521,0.3170588065,111.0336318168
0.000142,0.000142,0.4529411521,0.3170588065,155.0515779833
0.000142,0.000142,0.4529411521,0.3170588065,216.5199088036
0.000142,0.000142,0.4529411521,0.3170588065,302.3566191205
0.000142,0.000142,0.4529411521,0.3170588065,422.2222595195
0.000142,0.000142,0.4529411521,0.3170588065,589.6071895242
0.000142,0.000142,0.4529411521,0.3170588065,823.3498592289
0.000142,0.000142,0.4529411521,0.3170588065,1149.7569953977
0.000142,0.000142,0.4529411521,0.3170588065,1605.5643098112
0.000142,0.000142,0.4529411521,0.3170588065,2242.0709447806
0.000142,0.000142,0.4529411521,0.3170588065,3130.912969796
0.000142,0.000142,0.4529411521,0.3170588065,4372.1257113904
0.000142,0.000142,0.4529411521,0.3170588065,6105.4022965853
0.000142,0.000142,0.4529411521,0.3397058641,0.1
0.000142,0.000142,0.4529411521,0.3397058641,0.1396437957
0.000142,0.000142,0.4529411521,0.3397058641,0.1950038968
0.000142,0.000142,0.4529411521,0.3397058641,0.2723108433
0.000142,0.000142,0.4529411521,0.3397058641,0.3802651977
0.000142,0.000142,0.4529411521,0.3397058641,0.5310167558
0.000142,0.000142,0.4529411521,0.3397058641,0.7415319537
0.000142,0.000142,0.4529411521,0.3397058641,1.0355033665
0.000142,0.000142,0.4529411521,0.3397058641,1.4460162057
0.000142,0.000142,0.4529411521,0.3397058641,2.0192719162
0.000142,0.000142,0.4529411521,0.3397058641,2.8197879494
0.000142,0.000142,0.4529411521,0.3397058641,3.9376589236
0.000142,0.000142,0.4529411521,0.3397058641,5.498696383
0.000142,0.000142,0.4529411521,0.3397058641,7.6785883437
0.000142,0.000142,0.4529411521,0.3397058641,10.7226722201
0.000142,0.000142,0.4529411521,0.3397058641,14.9735464897
0.000142,0.000142,0.4529411521,0.3397058641,20.9096286705
0.000142,0.000142,0.4529411521,0.3397058641,29.1989991443
0.000142,0.000142,0.4529411521,0.3397058641,40.7745907144
0.000142,0.000142,0.4529411521,0.3397058641,56.9391861586
0.000142,0.000142,0.4529411521,0.3397058641,79.5120407981
0.000142,0.000142,0.4529411521,0.3397058641,111.0336318168
0.000142,0.000142,0.4529411521,0.3397058641,155.0515779833
0.000142,0.000142,0.4529411521,0.3397058641,216.5199088036
0.000142,0.000142,0.4529411521,0.3397058641,302.3566191205
0.000142,0.000142,0.4529411521,0.3397058641,422.2222595195
0.000142,0.000142,0.4529411521,0.3397058641,589.6071895242
0.000142,0.000142,0.4529411521,0.3397058641,823.3498592289
0.000142,0.000142,0.4529411521,0.3397058641,1149.7569953977
0.000142,0.000142,0.4529411521,0.3397058641,1605.5643098112
0.000142,0.000142,0.4529411521,0.3397058641,2242.0709447806
0.000142,0.000142,0.4529411521,0.3397058641,3130.912969796
0.000142,0.000142,0.4529411521,0.3397058641,4372.1257113904
0.000142,0.000142,0.4529411521,0.3397058641,6105.4022965853
0.000142,0.000142,0.4529411521,0.3623529217,0.1
0.000142,0.000142,0.4529411521,0.3623529217,0.1396437957
0.000142,0.000142,0.4529411521,0.3623529217,0.1950038968
0.000142,0.000142,0.4529411521,0.3623529217,0.2723108433
0.000142,0.000142,0.4529411521,0.3623529217,0.3802651977
0.000142,0.000142,0.4529411521,0.3623529217,0.5310167558
0.000142,0.000142,0.4529411521,0.3623529217,0.7415319537
0.000142,0.000142,0.4529411521,0.3623529217,1.0355033665
0.000142,0.000142,0.4529411521,0.3623529217,1.4460162057
0.000142,0.000142,0.4529411521,0.3623529217,2.0192719162
0.000142,0.000142,0.4529411521,0.3623529217,2.8197879494
0.000142,0.000142,0.4529411521,0.3623529217,3.9376589236
0.000142,0.000142,0.4529411521,0.3623529217,5.498696383
0.000142,0.000142,0.4529411521,0.3623529217,7.6785883437
0.000142,0.000142,0.4529411521,0.3623529217,10.7226722201
0.000142,0.000142,0.4529411521,0.3623529217,14.9735464897
0.000142,0.000142,0.4529411521,0.3623529217,20.9096286705
0.000142,0.000142,0.4529411521,0.3623529217,29.1989991443
0.000142,0.000142,0.4529411521,0.3623529217,40.7745907144
0.000142,0.000142,0.4529411521,0.3623529217,56.9391861586
0.000142,0.000142,0.4529411521,0.3623529217,79.5120407981
0.000142,0.000142,0.4529411521,0.3623529217,111.0336318168
0.000142,0.000142,0.4529411521,0.3623529217,155.0515779833
0.000142,0.000142,0.4529411521,0.3623529217,216.5199088036
0.000142,0.000142,0.4529411521,0.3623529217,302.3566191205
0.000142,0.000142,0.4529411521,0.3623529217,422.2222595195
0.000142,0.000142,0.4529411521,0.3623529217,589.6071895242
0.000142,0.000142,0.4529411521,0.3623529217,823.3498592289
0.000142,0.000142,0.4529411521,0.3623529217,1149.7569953977
0.000142,0.000142,0.4529411521,0.3623529217,1605.5643098112
0.000142,0.000142,0.4529411521,0.3623529217,2242.0709447806
0.000142,0.000142,0.4529411521,0.3623529217,3130.912969796
0.000142,0.000142,0.4529411521,0.3623529217,4372.1257113904
0.000142,0.000142,0.4529411521,0.3623529217,6105.4022965853
0.000142,0.000142,0.4529411521,0.3849999793,0.1
0.000142,0.000142,0.4529411521,0.3849999793,0.1396437957
0.000142,0.000142,0.4529411521,0.3849999793,0.1950038968
0.000142,0.000142,0.4529411521,0.3849999793,0.2723108433
0.000142,0.000142,0.4529411521,0.3849999793,0.3802651977
0.000142,0.000142,0.4529411521,0.3849999793,0.5310167558
0.000142,0.000142,0.4529411521,0.3849999793,0.7415319537
0.000142,0.000142,0.4529411521,0.3849999793,1.0355033665
0.000142,0.000142,0.4529411521,0.3849999793,1.4460162057
0.000142,0.000142,0.4529411521,0.3849999793,2.0192719162
0.000142,0.000142,0.4529411521,0.3849999793,2.8197879494
0.000142,0.000142,0.4529411521,0.3849999793,3.9376589236
0.000142,0.000142,0.4529411521,0.3849999793,5.498696383
0.000142,0.000142,0.4529411521,0.3849999793,7.6785883437
0.000142,0.000142,0.4529411521,0.3849999793,10.7226722201
0.000142,0.000142,0.4529411521,0.3849999793,14.9735464897
0.000142,0.000142,0.4529411521,0.3849999793,20.9096286705
0.000142,0.000142,0.4529411521,0.3849999793,29.1989991443
0.000142,0.000142,0.4529411521,0.3849999793,40.7745907144
0.000142,0.000142,0.4529411521,0.3849999793,56.9391861586
0.000142,0.000142,0.4529411521,0.3849999793,79.5120407981
0.000142,0.000142,0.4529411521,0.3849999793,111.0336318168
0.000142,0.000142,0.4529411521,0.3849999793,155.0515779833
0.000142,0.000142,0.4529411521,0.3849999793,216.5199088036
0.000142,0.000142,0.4529411521,0.3849999793,302.3566191205
0.000142,0.000142,0.4529411521,0.3849999793,422.2222595195
0.000142,0.000142,0.4529411521,0.3849999793,589.6071895242
0.000142,0.000142,0.4529411521,0.3849999793,823.3498592289
0.000142,0.000142,0.4529411521,0.3849999793,1149.7569953977
0.000142,0.000142,0.4529411521,0.3849999793,1605.5643098112
0.000142,0.000142,0.4529411521,0.3849999793,2242.0709447806
0.000142,0.000142,0.4529411521,0.3849999793,3130.912969796
0.000142,0.000142,0.4529411521,0.3849999793,4372.1257113904
0.000142,0.000142,0.4529411521,0.3849999793,6105.4022965853
0.000142,0.000142,0.4529411521,0.4076470369,0.1
0.000142,0.000142,0.4529411521,0.4076470369,0.1396437957
0.000142,0.000142,0.4529411521,0.4076470369,0.1950038968
0.000142,0.000142,0.4529411521,0.4076470369,0.2723108433
0.000142,0.000142,0.4529411521,0.4076470369,0.3802651977
0.000142,0.000142,0.4529411521,0.4076470369,0.5310167558
0.000142,0.000142,0.4529411521,0.4076470369,0.7415319537
0.000142,0.000142,0.4529411521,0.4076470369,1.0355033665
0.000142,0.000142,0.4529411521,0.4076470369,1.4460162057
0.000142,0.000142,0.4529411521,0.4076470369,2.0192719162
0.000142,0.000142,0.4529411521,0.4076470369,2.8197879494
0.000142,0.000142,0.4529411521,0.4076470369,3.9376589236
0.000142,0.000142,0.4529411521,0.4076470369,5.498696383
0.000142,0.000142,0.4529411521,0.4076470369,7.6785883437
0.000142,0.000142,0.4529411521,0.4076470369,10.7226722201
0.000142,0.000142,0.4529411521,0.4076470369,14.9735464897
0.000142,0.000142,0.4529411521,0.4076470369,20.9096286705
0.000142,0.000142,0.4529411521,0.4076470369,29.1989991443
0.000142,0.000142,0.4529411521,0.4076470369,40.7745907144
0.000142,0.000142,0.4529411521,0.4076470369,56.9391861586
0.000142,0.000142,0.4529411521,0.4076470369,79.5120407981
0.000142,0.000142,0.4529411521,0.4076470369,111.0336318168
0.000142,0.000142,0.4529411521,0.4076470369,155.0515779833
0.000142,0.000142,0.4529411521,0.4076470369,216.5199088036
0.000142,0.000142,0.4529411521,0.4076470369,302.3566191205
0.000142,0.000142,0.4529411521,0.4076470369,422.2222595195
0.000142,0.000142,0.4529411521,0.4076470369,589.6071895242
0.000142,0.000142,0.4529411521,0.4076470369,823.3498592289
0.000142,0.000142,0.4529411521,0.4076470369,1149.7569953977
0.000142,0.000142,0.4529411521,0.4076470369,1605.5643098112
0.000142,0.000142,0.4529411521,0.4076470369,2242.0709447806
0.000142,0.000142,0.4529411521,0.4076470369,3130.912969796
0.000142,0.000142,0.4529411521,0.4076470369,4372.1257113904
0.000142,0.000142,0.4529411521,0.4076470369,6105.4022965853
0.000142,0.000142,0.4529411521,0.4302940945,0.1
0.000142,0.000142,0.4529411521,0.4302940945,0.1396437957
0.000142,0.000142,0.4529411521,0.4302940945,0.1950038968
0.000142,0.000142,0.4529411521,0.4302940945,0.2723108433
0.000142,0.000142,0.4529411521,0.4302940945,0.3802651977
0.000142,0.000142,0.4529411521,0.4302940945,0.5310167558
0.000142,0.000142,0.4529411521,0.4302940945,0.7415319537
0.000142,0.000142,0.4529411521,0.4302940945,1.0355033665
0.000142,0.000142,0.4529411521,0.4302940945,1.4460162057
0.000142,0.000142,0.4529411521,0.4302940945,2.0192719162
0.000142,0.000142,0.4529411521,0.4302940945,2.8197879494
0.000142,0.000142,0.4529411521,0.4302940945,3.9376589236
0.000142,0.000142,0.4529411521,0.4302940945,5.498696383
0.000142,0.000142,0.4529411521,0.4302940945,7.6785883437
0.000142,0.000142,0.4529411521,0.4302940945,10.7226722201
0.000142,0.000142,0.4529411521,0.4302940945,14.9735464897
0.000142,0.000142,0.4529411521,0.4302940945,20.9096286705
0.000142,0.000142,0.4529411521,0.4302940945,29.1989991443
0.000142,0.000142,0.4529411521,0.4302940945,40.7745907144
0.000142,0.000142,0.4529411521,0.4302940945,56.9391861586
0.000142,0.000142,0.4529411521,0.4302940945,79.5120407981
0.000142,0.000142,0.4529411521,0.4302940945,111.0336318168
0.000142,0.000142,0.4529411521,0.4302940945,155.0515779833
0.000142,0.000142,0.4529411521,0.4302940945,216.5199088036
0.000142,0.000142,0.4529411521,0.4302940945,302.3566191205
0.000142,0.000142,0.4529411521,0.4302940945,422.2222595195
0.000142,0.000142,0.4529411521,0.4302940945,589.6071895242
0.000142,0.000142,0.4529411521,0.4302940945,823.3498592289
0.000142,0.000142,0.4529411521,0.4302940945,1149.7569953977
0.000142,0.000142,0.4529411521,0.4302940945,1605.5643098112
0.000142,0.000142,0.4529411521,0.4302940945,2242.0709447806
0.000142,0.000142,0.4529411521,0.4302940945,3130.912969796
0.000142,0.000142,0.4529411521,0.4302940945,4372.1257113904
0.000142,0.000142,0.4529411521,0.4302940945,6105.4022965853
0.000142,0.000142,0.4529411521,0.4484117406,0.1
0.000142,0.000142,0.4529411521,0.4484117406,0.1396437957
0.000142,0.000142,0.4529411521,0.4484117406,0.1950038968
0.000142,0.000142,0.4529411521,0.4484117406,0.2723108433
0.000142,0.000142,0.4529411521,0.4484117406,0.3802651977
0.000142,0.000142,0.4529411521,0.4484117406,0.5310167558
0.000142,0.000142,0.4529411521,0.4484117406,0.7415319537
0.000142,0.000142,0.4529411521,0.4484117406,1.0355033665
0.000142,0.000142,0.4529411521,0.4484117406,1.4460162057
0.000142,0.000142,0.4529411521,0.4484117406,2.0192719162
0.000142,0.000142,0.4529411521,0.4484117406,2.8197879494
0.000142,0.000142,0.4529411521,0.4484117406,3.9376589236
0.000142,0.000142,0.4529411521,0.4484117406,5.498696383
0.000142,0.000142,0.4529411521,0.4484117406,7.6785883437
0.000142,0.000142,0.4529411521,0.4484117406,10.7226722201
0.000142,0.000142,0.4529411521,0.4484117406,14.9735464897
0.000142,0.000142,0.4529411521,0.4484117406,20.9096286705
0.000142,0.000142,0.4529411521,0.4484117406,29.1989991443
0.000142,0.000142,0.4529411521,0.4484117406,40.7745907144
0.000142,0.000142,0.4529411521,0.4484117406,56.9391861586
0.000142,0.000142,0.4529411521,0.4484117406,79.5120407981
0.000142,0.000142,0.4529411521,0.4484117406,111.0336318168
0.000142,0.000142,0.4529411521,0.4484117406,155.0515779833
0.000142,0.000142,0.4529411521,0.4484117406,216.5199088036
0.000142,0.000142,0.4529411521,0.4484117406,302.3566191205
0.000142,0.000142,0.4529411521,0.4484117406,422.2222595195
0.000142,0.000142,0.4529411521,0.4484117406,589.6071895242
0.000142,0.000142,0.4529411521,0.4484117406,823.3498592289
0.000142,0.000142,0.4529411521,0.4484117406,1149.7569953977
0.000142,0.000142,0.4529411521,0.4484117406,1605.5643098112
0.000142,0.000142,0.4529411521,0.4484117406,2242.0709447806
0.000142,0.000142,0.4529411521,0.4484117406,3130.912969796
0.000142,0.000142,0.4529411521,0.4484117406,4372.1257113904
0.000142,0.000142,0.4529411521,0.4484117406,6105.4022965853
0.000142,0.000142,0.5045473246,0.1009094649,0.1
0.000142,0.000142,0.5045473246,0.1009094649,0.1396437957
0.000142,0.000142,0.5045473246,0.1009094649,0.1950038968
0.000142,0.000142,0.5045473246,0.1009094649,0.2723108433
0.000142,0.000142,0.5045473246,0.1009094649,0.3802651977
0.000142,0.000142,0.5045473246,0.1009094649,0.5310167558
0.000142,0.000142,0.5045473246,0.1009094649,0.7415319537
0.000142,0.000142,0.5045473246,0.1009094649,1.0355033665
0.000142,0.000142,0.5045473246,0.1009094649,1.4460162057
0.000142,0.000142,0.5045473246,0.1009094649,2.0192719162
0.000142,0.000142,0.5045473246,0.1009094649,2.8197879494
0.000142,0.000142,0.5045473246,0.1009094649,3.9376589236
0.000142,0.000142,0.5045473246,0.1009094649,5.498696383
0.000142,0.000142,0.5045473246,0.1009094649,7.6785883437
0.000142,0.000142,0.5045473246,0.1009094649,10.7226722201
0.000142,0.000142,0.5045473246,0.1009094649,14.9735464897
0.000142,0.000142,0.5045473246,0.1009094649,20.9096286705
0.000142,0.000142,0.5045473246,0.1009094649,29.1989991443
0.000142,0.000142,0.5045473246,0.1009094649,40.7745907144
0.000142,0.000142,0.5045473246,0.1009094649,56.9391861586
0.000142,0.000142,0.5045473246,0.1009094649,79.5120407981
0.000142,0.000142,0.5045473246,0.1009094649,111.0336318168
0.000142,0.000142,0.5045473246,0.1009094649,155.0515779833
0.000142,0.000142,0.5045473246,0.1009094649,216.5199088036
0.000142,0.000142,0.5045473246,0.1009094649,302.3566191205
0.000142,0.000142,0.5045473246,0.1009094649,422.2222595195
0.000142,0.000142,0.5045473246,0.1009094649,589.6071895242
0.000142,0.000142,0.5045473246,0.1009094649,823.3498592289
0.000142,0.000142,0.5045473246,0.1009094649,1149.7569953977
0.000142,0.000142,0.5045473246,0.1009094649,1605.5643098112
0.000142,0.000142,0.5045473246,0.1009094649,2242.0709447806
0.000142,0.000142,0.5045473246,0.1009094649,3130.912969796
0.000142,0.000142,0.5045473246,0.1009094649,4372.1257113904
0.000142,0.000142,0.5045473246,0.1009094649,6105.4022965853
0.000142,0.000142,0.5045473246,0.1261368312,0.1
0.000142,0.000142,0.5045473246,0.1261368312,0.1396437957
0.000142,0.000142,0.5045473246,0.1261368312,0.1950038968
0.000142,0.000142,0.5045473246,0.1261368312,0.2723108433
0.000142,0.000142,0.5045473246,0.1261368312,0.3802651977
0.000142,0.000142,0.5045473246,0.1261368312,0.5310167558
0.000142,0.000142,0.5045473246,0.1261368312,0.7415319537
0.000142,0.000142,0.5045473246,0.1261368312,1.0355033665
0.000142,0.000142,0.5045473246,0.1261368312,1.4460162057
0.000142,0.000142,0.5045473246,0.1261368312,2.0192719162
0.000142,0.000142,0.5045473246,0.1261368312,2.8197879494
0.000142,0.000142,0.5045473246,0.1261368312,3.9376589236
0.000142,0.000142,0.5045473246,0.1261368312,5.498696383
0.000142,0.000142,0.5045473246,0.1261368312,7.6785883437
0.000142,0.000142,0.5045473246,0.1261368312,10.7226722201
0.000142,0.000142,0.5045473246,0.1261368312,14.9735464897
0.000142,0.000142,0.5045473246,0.1261368312,20.9096286705
0.000142,0.000142,0.5045473246,0.1261368312,29.1989991443
0.000142,0.000142,0.5045473246,0.1261368312,40.7745907144
0.000142,0.000142,0.5045473246,0.1261368312,56.9391861586
0.000142,0.000142,0.5045473246,0.1261368312,79.5120407981
0.000142,0.000142,0.5045473246,0.1261368312,111.0336318168
0.000142,0.000142,0.5045473246,0.1261368312,155.0515779833
0.000142,0.000142,0.5045473246,0.1261368312,216.5199088036
0.000142,0.000142,0.5045473246,0.1261368312,302.3566191205
0.000142,0.000142,0.5045473246,0.1261368312,422.2222595195
0.000142,0.000142,0.5045473246,0.1261368312,589.6071895242
0.000142,0.000142,0.5045473246,0.1261368312,823.3498592289
0.000142,0.000142,0.5045473246,0.1261368312,1149.7569953977
0.000142,0.000142,0.5045473246,0.1261368312,1605.5643098112
0.000142,0.000142,0.5045473246,0.1261368312,2242.0709447806
0.000142,0.000142,0.5045473246,0.1261368312,3130.912969796
0.000142,0.000142,0.5045473246,0.1261368312,4372.1257113904
0.000142,0.000142,0.5045473246,0.1261368312,6105.4022965853
0.000142,0.000142,0.5045473246,0.1513641974,0.1
0.000142,0.000142,0.5045473246,0.1513641974,0.1396437957
0.000142,0.000142,0.5045473246,0.1513641974,0.1950038968
0.000142,0.000142,0.5045473246,0.1513641974,0.2723108433
0.000142,0.000142,0.5045473246,0.1513641974,0.3802651977
0.000142,0.000142,0.5045473246,0.1513641974,0.5310167558
0.000142,0.000142,0.5045473246,0.1513641974,0.7415319537
0.000142,0.000142,0.5045473246,0.1513641974,1.0355033665
0.000142,0.000142,0.5045473246,0.1513641974,1.4460162057
0.000142,0.000142,0.5045473246,0.1513641974,2.0192719162
0.000142,0.000142,0.5045473246,0.1513641974,2.8197879494
0.000142,0.000142,0.5045473246,0.1513641974,3.9376589236
0.000142,0.000142,0.5045473246,0.1513641974,5.498696383
0.000142,0.000142,0.5045473246,0.1513641974,7.6785883437
0.000142,0.000142,0.5045473246,0.1513641974,10.7226722201
0.000142,0.000142,0.5045473246,0.1513641974,14.9735464897
0.000142,0.000142,0.5045473246,0.1513641974,20.9096286705
0.000142,0.000142,0.5045473246,0.1513641974,29.1989991443
0.000142,0.000142,0.5045473246,0.1513641974,40.7745907144
0.000142,0.000142,0.5045473246,0.1513641974,56.9391861586
0.000142,0.000142,0.5045473246,0.1513641974,79.5120407981
0.000142,0.000142,0.5045473246,0.1513641974,111.0336318168
0.000142,0.000142,0.5045473246,0.1513641974,155.0515779833
0.000142,0.000142,0.5045473246,0.1513641974,216.5199088036
0.000142,0.000142,0.5045473246,0.1513641974,302.3566191205
0.000142,0.000142,0.5045473246,0.1513641974,422.2222595195
0.000142,0.000142,0.5045473246,0.1513641974,589.6071895242
0.000142,0.000142,0.5045473246,0.1513641974,823.3498592289
0.000142,0.000142,0.5045473246,0.1513641974,1149.7569953977
0.000142,0.000142,0.5045473246,0.1513641974,1605.5643098112
0.000142,0.000142,0.5045473246,0.1513641974,2242.0709447806
0.000142,0.000142,0.5045473246,0.1513641974,3130.912969796
0.000142,0.000142,0.5045473246,0.1513641974,4372.1257113904
0.000142,0.000142,0.5045473246,0.1513641974,6105.4022965853
0.000142,0.000142,0.5045473246,0.1765915636,0.1
0.000142,0.000142,0.5045473246,0.1765915636,0.1396437957
0.000142,0.000142,0.5045473246,0.1765915636,0.1950038968
0.000142,0.000142,0.5045473246,0.1765915636,0.2723108433
0.000142,0.000142,0.5045473246,0.1765915636,0.3802651977
0.000142,0.000142,0.5045473246,0.1765915636,0.5310167558
0.000142,0.000142,0.5045473246,0.1765915636,0.7415319537
0.000142,0.000142,0.5045473246,0.1765915636,1.0355033665
0.000142,0.000142,0.5045473246,0.1765915636,1.4460162057
0.000142,0.000142,0.5045473246,0.1765915636,2.0192719162
0.000142,0.000142,0.5045473246,0.1765915636,2.8197879494
0.000142,0.000142,0.5045473246,0.1765915636,3.9376589236
0.000142,0.000142,0.5045473246,0.1765915636,5.498696383
0.000142,0.000142,0.5045473246,0.1765915636,7.6785883437
0.000142,0.000142,0.5045473246,0.1765915636,10.7226722201
0.000142,0.000142,0.5045473246,0.1765915636,14.9735464897
0.000142,0.000142,0.5045473246,0.1765915636,20.9096286705
0.000142,0.000142,0.5045473246,0.1765915636,29.1989991443
0.000142,0.000142,0.5045473246,0.1765915636,40.7745907144
0.000142,0.000142,0.5045473246,0.1765915636,56.9391861586
0.000142,0.000142,0.5045473246,0.1765915636,79.5120407981
0.000142,0.000142,0.5045473246,0.1765915636,111.0336318168
0.000142,0.000142,0.5045473246,0.1765915636,155.0515779833
0.000142,0.000142,0.5045473246,0.1765915636,216.5199088036
0.000142,0.000142,0.5045473246,0.1765915636,302.3566191205
0.000142,0.000142,0.5045473246,0.1765915636,422.2222595195
0.000142,0.000142,0.5045473246,0.1765915636,589.6071895242
0.000142,0.000142,0.5045473246,0.1765915636,823.3498592289
0.000142,0.000142,0.5045473246,0.1765915636,1149.7569953977
0.000142,0.000142,0.5045473246,0.1765915636,1605.5643098112
0.000142,0.000142,0.5045473246,0.1765915636,2242.0709447806
0.000142,0.000142,0.5045473246,0.1765915636,3130.912969796
0.000142,0.000142,0.5045473246,0.1765915636,4372.1257113904
0.000142,0.000142,0.5045473246,0.1765915636,6105.4022965853
0.000142,0.000142,0.5045473246,0.2018189298,0.1
0.000142,0.000142,0.5045473246,0.2018189298,0.1396437957
0.000142,0.000142,0.5045473246,0.2018189298,0.1950038968
0.000142,0.000142,0.5045473246,0.2018189298,0.2723108433
0.000142,0.000142,0.5045473246,0.2018189298,0.3802651977
0.000142,0.000142,0.5045473246,0.2018189298,0.5310167558
0.000142,0.000142,0.5045473246,0.2018189298,0.7415319537
0.000142,0.000142,0.5045473246,0.2018189298,1.0355033665
0.000142,0.000142,0.5045473246,0.2018189298,1.4460162057
0.000142,0.000142,0.5045473246,0.2018189298,2.0192719162
0.000142,0.000142,0.5045473246,0.2018189298,2.8197879494
0.000142,0.000142,0.5045473246,0.2018189298,3.9376589236
0.000142,0.000142,0.5045473246,0.2018189298,5.498696383
0.000142,0.000142,0.5045473246,0.2018189298,7.6785883437
0.000142,0.000142,0.5045473246,0.2018189298,10.7226722201
0.000142,0.000142,0.5045473246,0.2018189298,14.9735464897
0.000142,0.000142,0.5045473246,0.2018189298,20.9096286705
0.000142,0.000142,0.5045473246,0.2018189298,29.1989991443
0.000142,0.000142,0.5045473246,0.2018189298,40.7745907144
0.000142,0.000142,0.5045473246,0.2018189298,56.9391861586
0.000142,0.000142,0.5045473246,0.2018189298,79.5120407981
0.000142,0.000142,0.5045473246,0.2018189298,111.0336318168
0.000142,0.000142,0.5045473246,0.2018189298,155.0515779833
0.000142,0.000142,0.5045473246,0.2018189298,216.5199088036
0.000142,0.000142,0.5045473246,0.2018189298,302.3566191205
0.000142,0.000142,0.5045473246,0.2018189298,422.2222595195
0.000142,0.000142,0.5045473246,0.2018189298,589.6071895242
0.000142,0.000142,0.5045473246,0.2018189298,823.3498592289
0.000142,0.000142,0.5045473246,0.2018189298,1149.7569953977
0.000142,0.000142,0.5045473246,0.2018189298,1605.5643098112
0.000142,0.000142,0.5045473246,0.2018189298,2242.0709447806
0.000142,0.000142,0.5045473246,0.2018189298,3130.912969796
0.000142,0.000142,0.5045473246,0.2018189298,4372.1257113904
0.000142,0.000142,0.5045473246,0.2018189298,6105.4022965853
0.000142,0.000142,0.5045473246,0.2270462961,0.1
0.000142,0.000142,0.5045473246,0.2270462961,0.1396437957
0.000142,0.000142,0.5045473246,0.2270462961,0.1950038968
0.000142,0.000142,0.5045473246,0.2270462961,0.2723108433
0.000142,0.000142,0.5045473246,0.2270462961,0.3802651977
0.000142,0.000142,0.5045473246,0.2270462961,0.5310167558
0.000142,0.000142,0.5045473246,0.2270462961,0.7415319537
0.000142,0.000142,0.5045473246,0.2270462961,1.0355033665
0.000142,0.000142,0.5045473246,0.2270462961,1.4460162057
0.000142,0.000142,0.5045473246,0.2270462961,2.0192719162
0.000142,0.000142,0.5045473246,0.2270462961,2.8197879494
0.000142,0.000142,0.5045473246,0.2270462961,3.9376589236
0.000142,0.000142,0.5045473246,0.2270462961,5.498696383
0.000142,0.000142,0.5045473246,0.2270462961,7.6785883437
0.000142,0.000142,0.5045473246,0.2270462961,10.7226722201
0.000142,0.000142,0.5045473246,0.2270462961,14.9735464897
0.000142,0.000142,0.5045473246,0.2270462961,20.9096286705
0.000142,0.000142,0.5045473246,0.2270462961,29.1989991443
0.000142,0.000142,0.5045473246,0.2270462961,40.7745907144
0.000142,0.000142,0.5045473246,0.2270462961,56.9391861586
0.000142,0.000142,0.5045473246,0.2270462961,79.5120407981
0.000142,0.000142,0.5045473246,0.2270462961,111.0336318168
0.000142,0.000142,0.5045473246,0.2270462961,155.0515779833
0.000142,0.000142,0.5045473246,0.2270462961,216.5199088036
0.000142,0.000142,0.5045473246,0.2270462961,302.3566191205
0.000142,0.000142,0.5045473246,0.2270462961,422.2222595195
0.000142,0.000142,0.5045473246,0.2270462961,589.6071895242
0.000142,0.000142,0.5045473246,0.2270462961,823.3498592289
0.000142,0.000142,0.5045473246,0.2270462961,1149.7569953977
0.000142,0.000142,0.5045473246,0.2270462961,1605.5643098112
0.000142,0.000142,0.5045473246,0.2270462961,2242.0709447806
0.000142,0.000142,0.5045473246,0.2270462961,3130.912969796
0.000142,0.000142,0.5045473246,0.2270462961,4372.1257113904
0.000142,0.000142,0.5045473246,0.2270462961,6105.4022965853
0.000142,0.000142,0.5045473246,0.2522736623,0.1
0.000142,0.000142,0.5045473246,0.2522736623,0.1396437957
0.000142,0.000142,0.5045473246,0.2522736623,0.1950038968
0.000142,0.000142,0.5045473246,0.2522736623,0.2723108433
0.000142,0.000142,0.5045473246,0.2522736623,0.3802651977
0.000142,0.000142,0.5045473246,0.2522736623,0.5310167558
0.000142,0.000142,0.5045473246,0.2522736623,0.7415319537
0.000142,0.000142,0.5045473246,0.2522736623,1.0355033665
0.000142,0.000142,0.5045473246,0.2522736623,1.4460162057
0.000142,0.000142,0.5045473246,0.2522736623,2.0192719162
0.000142,0.000142,0.5045473246,0.2522736623,2.8197879494
0.000142,0.000142,0.5045473246,0.2522736623,3.9376589236
0.000142,0.000142,0.5045473246,0.2522736623,5.498696383
0.000142,0.000142,0.5045473246,0.2522736623,7.6785883437
0.000142,0.000142,0.5045473246,0.2522736623,10.7226722201
0.000142,0.000142,0.5045473246,0.2522736623,14.9735464897
0.000142,0.000142,0.5045473246,0.2522736623,20.9096286705
0.000142,0.000142,0.5045473246,0.2522736623,29.1989991443
0.000142,0.000142,0.5045473246,0.2522736623,40.7745907144
0.000142,0.000142,0.5045473246,0.2522736623,56.9391861586
0.000142,0.000142,0.5045473246,0.2522736623,79.5120407981
0.000142,0.000142,0.5045473246,0.2522736623,111.0336318168
0.000142,0.000142,0.5045473246,0.2522736623,155.0515779833
0.000142,0.000142,0.5045473246,0.2522736623,216.5199088036
0.000142,0.000142,0.5045473246,0.2522736623,302.3566191205
0.000142,0.000142,0.5045473246,0.2522736623,422.2222595195
0.000142,0.000142,0.5045473246,0.2522736623,589.6071895242
0.000142,0.000142,0.5045473246,0.2522736623,823.3498592289
0.000142,0.000142,0.5045473246,0.2522736623,1149.7569953977
0.000142,0.000142,0.5045473246,0.2522736623,1605.5643098112
0.000142,0.000142,0.5045473246,0.2522736623,2242.0709447806
0.000142,0.000142,0.5045473246,0.2522736623,3130.912969796
0.000142,0.000142,0.5045473246,0.2522736623,4372.1257113904
0.000142,0.000142,0.5045473246,0.2522736623,6105.4022965853
0.000142,0.000142,0.5045473246,0.2775010285,0.1
0.000142,0.000142,0.5045473246,0.2775010285,0.1396437957
0.000142,0.000142,0.5045473246,0.2775010285,0.1950038968
0.000142,0.000142,0.5045473246,0.2775010285,0.2723108433
0.000142,0.000142,0.5045473246,0.2775010285,0.3802651977
0.000142,0.000142,0.5045473246,0.2775010285,0.5310167558
0.000142,0.000142,0.5045473246,0.2775010285,0.7415319537
0.000142,0.000142,0.5045473246,0.2775010285,1.0355033665
0.000142,0.000142,0.5045473246,0.2775010285,1.4460162057
0.000142,0.000142,0.5045473246,0.2775010285,2.0192719162
0.000142,0.000142,0.5045473246,0.2775010285,2.8197879494
0.000142,0.000142,0.5045473246,0.2775010285,3.9376589236
0.000142,0.000142,0.5045473246,0.2775010285,5.498696383
0.000142,0.000142,0.5045473246,0.2775010285,7.6785883437
0.000142,0.000142,0.5045473246,0.2775010285,10.7226722201
0.000142,0.000142,0.5045473246,0.2775010285,14.9735464897
0.000142,0.000142,0.5045473246,0.2775010285,20.9096286705
0.000142,0.000142,0.5045473246,0.2775010285,29.1989991443
0.000142,0.000142,0.5045473246,0.2775010285,40.7745907144
0.000142,0.000142,0.5045473246,0.2775010285,56.9391861586
0.000142,0.000142,0.5045473246,0.2775010285,79.5120407981
0.000142,0.000142,0.5045473246,0.2775010285,111.0336318168
0.000142,0.000142,0.5045473246,0.2775010285,155.0515779833
0.000142,0.000142,0.5045473246,0.2775010285,216.5199088036
0.000142,0.000142,0.5045473246,0.2775010285,302.3566191205
0.000142,0.000142,0.5045473246,0.2775010285,422.2222595195
0.000142,0.000142,0.5045473246,0.2775010285,589.6071895242
0.000142,0.000142,0.5045473246,0.2775010285,823.3498592289
0.000142,0.000142,0.5045473246,0.2775010285,1149.7569953977
0.000142,0.000142,0.5045473246,0.2775010285,1605.5643098112
0.000142,0.000142,0.5045473246,0.2775010285,2242.0709447806
0.000142,0.000142,0.5045473246,0.2775010285,3130.912969796
0.000142,0.000142,0.5045473246,0.2775010285,4372.1257113904
0.000142,0.000142,0.5045473246,0.2775010285,6105.4022965853
0.000142,0.000142,0.5045473246,0.3027283948,0.1
0.000142,0.000142,0.5045473246,0.3027283948,0.1396437957
0.000142,0.000142,0.5045473246,0.3027283948,0.1950038968
0.000142,0.000142,0.5045473246,0.3027283948,0.2723108433
0.000142,0.000142,0.5045473246,0.3027283948,0.3802651977
0.000142,0.000142,0.5045473246,0.3027283948,0.5310167558
0.000142,0.000142,0.5045473246,0.3027283948,0.7415319537
0.000142,0.000142,0.5045473246,0.3027283948,1.0355033665
0.000142,0.000142,0.5045473246,0.3027283948,1.4460162057
0.000142,0.000142,0.5045473246,0.3027283948,2.0192719162
0.000142,0.000142,0.5045473246,0.3027283948,2.8197879494
0.000142,0.000142,0.5045473246,0.3027283948,3.9376589236
0.000142,0.000142,0.5045473246,0.3027283948,5.498696383
0.000142,0.000142,0.5045473246,0.3027283948,7.6785883437
0.000142,0.000142,0.5045473246,0.3027283948,10.7226722201
0.000142,0.000142,0.5045473246,0.3027283948,14.9735464897
0.000142,0.000142,0.5045473246,0.3027283948,20.9096286705
0.000142,0.000142,0.5045473246,0.3027283948,29.1989991443
0.000142,0.000142,0.5045473246,0.3027283948,40.7745907144
0.000142,0.000142,0.5045473246,0.3027283948,56.9391861586
0.000142,0.000142,0.5045473246,0.3027283948,79.5120407981
0.000142,0.000142,0.5045473246,0.3027283948,111.0336318168
0.000142,0.000142,0.5045473246,0.3027283948,155.0515779833
0.000142,0.000142,0.5045473246,0.3027283948,216.5199088036
0.000142,0.000142,0.5045473246,0.3027283948,302.3566191205
0.000142,0.000142,0.5045473246,0.3027283948,422.2222595195
0.000142,0.000142,0.5045473246,0.3027283948,589.6071895242
0.000142,0.000142,0.5045473246,0.3027283948,823.3498592289
0.000142,0.000142,0.5045473246,0.3027283948,1149.7569953977
0.000142,0.000142,0.5045473246,0.3027283948,1605.5643098112
0.000142,0.000142,0.5045473246,0.3027283948,2242.0709447806
0.000142,0.000142,0.5045473246,0.3027283948,3130.912969796
0.000142,0.000142,0.5045473246,0.3027283948,4372.1257113904
0.000142,0.000142,0.5045473246,0.3027283948,6105.4022965853
0.000142,0.000142,0.5045473246,0.327955761,0.1
0.000142,0.000142,0.5045473246,0.327955761,0.1396437957
0.000142,0.000142,0.5045473246,0.327955761,0.1950038968
0.000142,0.000142,0.5045473246,0.327955761,0.2723108433
0.000142,0.000142,0.5045473246,0.327955761,0.3802651977
0.000142,0.000142,0.5045473246,0.327955761,0.5310167558
0.000142,0.000142,0.5045473246,0.327955761,0.7415319537
0.000142,0.000142,0.5045473246,0.327955761,1.0355033665
0.000142,0.000142,0.5045473246,0.327955761,1.4460162057
0.000142,0.000142,0.5045473246,0.327955761,2.0192719162
0.000142,0.000142,0.5045473246,0.327955761,2.8197879494
0.000142,0.000142,0.5045473246,0.327955761,3.9376589236
0.000142,0.000142,0.5045473246,0.327955761,5.498696383
0.000142,0.000142,0.5045473246,0.327955761,7.6785883437
0.000142,0.000142,0.5045473246,0.327955761,10.7226722201
0.000142,0.000142,0.5045473246,0.327955761,14.9735464897
0.000142,0.000142,0.5045473246,0.327955761,20.9096286705
0.000142,0.000142,0.5045473246,0.327955761,29.1989991443
0.000142,0.000142,0.5045473246,0.327955761,40.7745907144
0.000142,0.000142,0.5045473246,0.327955761,56.9391861586
0.000142,0.000142,0.5045473246,0.327955761,79.5120407981
0.000142,0.000142,0.5045473246,0.327955761,111.0336318168
0.000142,0.000142,0.5045473246,0.327955761,155.0515779833
0.000142,0.000142,0.5045473246,0.327955761,216.5199088036
0.000142,0.000142,0.5045473246,0.327955761,302.3566191205
0.000142,0.000142,0.5045473246,0.327955761,422.2222595195
0.000142,0.000142,0.5045473246,0.327955761,589.6071895242
0.000142,0.000142,0.5045473246,0.327955761,823.3498592289
0.000142,0.000142,0.5045473246,0.327955761,1149.7569953977
0.000142,0.000142,0.5045473246,0.327955761,1605.5643098112
0.000142,0.000142,0.5045473246,0.327955761,2242.0709447806
0.000142,0.000142,0.5045473246,0.327955761,3130.912969796
0.000142,0.000142,0.5045473246,0.327955761,4372.1257113904
0.000142,0.000142,0.5045473246,0.327955761,6105.4022965853
0.000142,0.000142,0.5045473246,0.3531831272,0.1
0.000142,0.000142,0.5045473246,0.3531831272,0.1396437957
0.000142,0.000142,0.5045473246,0.3531831272,0.1950038968
0.000142,0.000142,0.5045473246,0.3531831272,0.2723108433
0.000142,0.000142,0.5045473246,0.3531831272,0.3802651977
0.000142,0.000142,0.5045473246,0.3531831272,0.5310167558
0.000142,0.000142,0.5045473246,0.3531831272,0.7415319537
0.000142,0.000142,0.5045473246,0.3531831272,1.0355033665
0.000142,0.000142,0.5045473246,0.3531831272,1.4460162057
0.000142,0.000142,0.5045473246,0.3531831272,2.0192719162
0.000142,0.000142,0.5045473246,0.3531831272,2.8197879494
0.000142,0.000142,0.5045473246,0.3531831272,3.9376589236
0.000142,0.000142,0.5045473246,0.3531831272,5.498696383
0.000142,0.000142,0.5045473246,0.3531831272,7.6785883437
0.000142,0.000142,0.5045473246,0.3531831272,10.7226722201
0.000142,0.000142,0.5045473246,0.3531831272,14.9735464897
0.000142,0.000142,0.5045473246,0.3531831272,20.9096286705
0.000142,0.000142,0.5045473246,0.3531831272,29.1989991443
0.000142,0.000142,0.5045473246,0.3531831272,40.7745907144
0.000142,0.000142,0.5045473246,0.3531831272,56.9391861586
0.000142,0.000142,0.5045473246,0.3531831272,79.5120407981
0.000142,0.000142,0.5045473246,0.3531831272,111.0336318168
0.000142,0.000142,0.5045473246,0.3531831272,155.0515779833
0.000142,0.000142,0.5045473246,0.3531831272,216.5199088036
0.000142,0.000142,0.5045473246,0.3531831272,302.3566191205
0.000142,0.000142,0.5045473246,0.3531831272,422.2222595195
0.000142,0.000142,0.5045473246,0.3531831272,589.6071895242
0.000142,0.000142,0.5045473246,0.3531831272,823.3498592289
0.000142,0.000142,0.5045473246,0.3531831272,1149.7569953977
0.000142,0.000142,0.5045473246,0.3531831272,1605.5643098112
0.000142,0.000142,0.5045473246,0.3531831272,2242.0709447806
0.000142,0.000142,0.5045473246,0.3531831272,3130.912969796
0.000142,0.000142,0.5045473246,0.3531831272,4372.1257113904
0.000142,0.000142,0.5045473246,0.3531831272,6105.4022965853
0.000142,0.000142,0.5045473246,0.3784104935,0.1
0.000142,0.000142,0.5045473246,0.3784104935,0.1396437957
0.000142,0.000142,0.5045473246,0.3784104935,0.1950038968
0.000142,0.000142,0.5045473246,0.3784104935,0.2723108433
0.000142,0.000142,0.5045473246,0.3784104935,0.3802651977
0.000142,0.000142,0.5045473246,0.3784104935,0.5310167558
0.000142,0.000142,0.5045473246,0.3784104935,0.7415319537
0.000142,0.000142,0.5045473246,0.3784104935,1.0355033665
0.000142,0.000142,0.5045473246,0.3784104935,1.4460162057
0.000142,0.000142,0.5045473246,0.3784104935,2.0192719162
0.000142,0.000142,0.5045473246,0.3784104935,2.8197879494
0.000142,0.000142,0.5045473246,0.3784104935,3.9376589236
0.000142,0.000142,0.5045473246,0.3784104935,5.498696383
0.000142,0.000142,0.5045473246,0.3784104935,7.6785883437
0.000142,0.000142,0.5045473246,0.3784104935,10.7226722201
0.000142,0.000142,0.5045473246,0.3784104935,14.9735464897
0.000142,0.000142,0.5045473246,0.3784104935,20.9096286705
0.000142,0.000142,0.5045473246,0.3784104935,29.1989991443
0.000142,0.000142,0.5045473246,0.3784104935,40.7745907144
0.000142,0.000142,0.5045473246,0.3784104935,56.9391861586
0.000142,0.000142,0.5045473246,0.3784104935,79.5120407981
0.000142,0.000142,0.5045473246,0.3784104935,111.0336318168
0.000142,0.000142,0.5045473246,0.3784104935,155.0515779833
0.000142,0.000142,0.5045473246,0.3784104935,216.5199088036
0.000142,0.000142,0.5045473246,0.3784104935,302.3566191205
0.000142,0.000142,0.5045473246,0.3784104935,422.2222595195
0.000142,0.000142,0.5045473246,0.3784104935,589.6071895242
0.000142,0.000142,0.5045473246,0.3784104935,823.3498592289
0.000142,0.000142,0.5045473246,0.3784104935,1149.7569953977
0.000142,0.000142,0.5045473246,0.3784104935,1605.5643098112
0.000142,0.000142,0.5045473246,0.3784104935,2242.0709447806
0.000142,0.000142,0.5045473246,0.3784104935,3130.912969796
0.000142,0.000142,0.5045473246,0.3784104935,4372.1257113904
0.000142,0.000142,0.5045473246,0.3784104935,6105.4022965853
0.000142,0.000142,0.5045473246,0.4036378597,0.1
0.000142,0.000142,0.5045473246,0.4036378597,0.1396437957
0.000142,0.000142,0.5045473246,0.4036378597,0.1950038968
0.000142,0.000142,0.5045473246,0.4036378597,0.2723108433
0.000142,0.000142,0.5045473246,0.4036378597,0.3802651977
0.000142,0.000142,0.5045473246,0.4036378597,0.5310167558
0.000142,0.000142,0.5045473246,0.4036378597,0.7415319537
0.000142,0.000142,0.5045473246,0.4036378597,1.0355033665
0.000142,0.000142,0.5045473246,0.4036378597,1.4460162057
0.000142,0.000142,0.5045473246,0.4036378597,2.0192719162
0.000142,0.000142,0.5045473246,0.4036378597,2.8197879494
0.000142,0.000142,0.5045473246,0.4036378597,3.9376589236
0.000142,0.000142,0.5045473246,0.4036378597,5.498696383
0.000142,0.000142,0.5045473246,0.4036378597,7.6785883437
0.000142,0.000142,0.5045473246,0.4036378597,10.7226722201
0.000142,0.000142,0.5045473246,0.4036378597,14.9735464897
0.000142,0.000142,0.5045473246,0.4036378597,20.9096286705
0.000142,0.000142,0.5045473246,0.4036378597,29.1989991443
0.000142,0.000142,0.5045473246,0.4036378597,40.7745907144
0.000142,0.000142,0.5045473246,0.4036378597,56.9391861586
0.000142,0.000142,0.5045473246,0.4036378597,79.5120407981
0.000142,0.000142,0.5045473246,0.4036378597,111.0336318168
0.000142,0.000142,0.5045473246,0.4036378597,155.0515779833
0.000142,0.000142,0.5045473246,0.4036378597,216.5199088036
0.000142,0.000142,0.5045473246,0.4036378597,302.3566191205
0.000142,0.000142,0.5045473246,0.4036378597,422.2222595195
0.000142,0.000142,0.5045473246,0.4036378597,589.6071895242
0.000142,0.000142,0.5045473246,0.4036378597,823.3498592289
0.000142,0.000142,0.5045473246,0.4036378597,1149.7569953977
0.000142,0.000142,0.5045473246,0.4036378597,1605.5643098112
0.000142,0.000142,0.5045473246,0.4036378597,2242.0709447806
0.000142,0.000142,0.5045473246,0.4036378597,3130.912969796
0.000142,0.000142,0.5045473246,0.4036378597,4372.1257113904
0.000142,0.000142,0.5045473246,0.4036378597,6105.4022965853
0.000142,0.000142,0.5045473246,0.4288652259,0.1
0.000142,0.000142,0.5045473246,0.4288652259,0.1396437957
0.000142,0.000142,0.5045473246,0.4288652259,0.1950038968
0.000142,0.000142,0.5045473246,0.4288652259,0.2723108433
0.000142,0.000142,0.5045473246,0.4288652259,0.3802651977
0.000142,0.000142,0.5045473246,0.4288652259,0.5310167558
0.000142,0.000142,0.5045473246,0.4288652259,0.7415319537
0.000142,0.000142,0.5045473246,0.4288652259,1.0355033665
0.000142,0.000142,0.5045473246,0.4288652259,1.4460162057
0.000142,0.000142,0.5045473246,0.4288652259,2.0192719162
0.000142,0.000142,0.5045473246,0.4288652259,2.8197879494
0.000142,0.000142,0.5045473246,0.4288652259,3.9376589236
0.000142,0.000142,0.5045473246,0.4288652259,5.498696383
0.000142,0.000142,0.5045473246,0.4288652259,7.6785883437
0.000142,0.000142,0.5045473246,0.4288652259,10.7226722201
0.000142,0.000142,0.5045473246,0.4288652259,14.9735464897
0.000142,0.000142,0.5045473246,0.4288652259,20.9096286705
0.000142,0.000142,0.5045473246,0.4288652259,29.1989991443
0.000142,0.000142,0.5045473246,0.4288652259,40.7745907144
0.000142,0.000142,0.5045473246,0.4288652259,56.9391861586
0.000142,0.000142,0.5045473246,0.4288652259,79.5120407981
0.000142,0.000142,0.5045473246,0.4288652259,111.0336318168
0.000142,0.000142,0.5045473246,0.4288652259,155.0515779833
0.000142,0.000142,0.5045473246,0.4288652259,216.5199088036
0.000142,0.000142,0.5045473246,0.4288652259,302.3566191205
0.000142,0.000142,0.5045473246,0.4288652259,422.2222595195
0.000142,0.000142,0.5045473246,0.4288652259,589.6071895242
0.000142,0.000142,0.5045473246,0.4288652259,823.3498592289
0.000142,0.000142,0.5045473246,0.4288652259,1149.7569953977
0.000142,0.000142,0.5045473246,0.4288652259,1605.5643098112
0.000142,0.000142,0.5045473246,0.4288652259,2242.0709447806
0.000142,0.000142,0.5045473246,0.4288652259,3130.912969796
0.000142,0.000142,0.5045473246,0.4288652259,4372.1257113904
0.000142,0.000142,0.5045473246,0.4288652259,6105.4022965853
0.000142,0.000142,0.5045473246,0.4540925921,0.1
0.000142,0.000142,0.5045473246,0.4540925921,0.1396437957
0.000142,0.000142,0.5045473246,0.4540925921,0.1950038968
0.000142,0.000142,0.5045473246,0.4540925921,0.2723108433
0.000142,0.000142,0.5045473246,0.4540925921,0.3802651977
0.000142,0.000142,0.5045473246,0.4540925921,0.5310167558
0.000142,0.000142,0.5045473246,0.4540925921,0.7415319537
0.000142,0.000142,0.5045473246,0.4540925921,1.0355033665
0.000142,0.000142,0.5045473246,0.4540925921,1.4460162057
0.000142,0.000142,0.5045473246,0.4540925921,2.0192719162
0.000142,0.000142,0.5045473246,0.4540925921,2.8197879494
0.000142,0.000142,0.5045473246,0.4540925921,3.9376589236
0.000142,0.000142,0.5045473246,0.4540925921,5.498696383
0.000142,0.000142,0.5045473246,0.4540925921,7.6785883437
0.000142,0.000142,0.5045473246,0.4540925921,10.7226722201
0.000142,0.000142,0.5045473246,0.4540925921,14.9735464897
0.000142,0.000142,0.5045473246,0.4540925921,20.9096286705
0.000142,0.000142,0.5045473246,0.4540925921,29.1989991443
0.000142,0.000142,0.5045473246,0.4540925921,40.7745907144
0.000142,0.000142,0.5045473246,0.4540925921,56.9391861586
0.000142,0.000142,0.5045473246,0.4540925921,79.5120407981
0.000142,0.000142,0.5045473246,0.4540925921,111.0336318168
0.000142,0.000142,0.5045473246,0.4540925921,155.0515779833
0.000142,0.000142,0.5045473246,0.4540925921,216.5199088036
0.000142,0.000142,0.5045473246,0.4540925921,302.3566191205
0.000142,0.000142,0.5045473246,0.4540925921,422.2222595195
0.000142,0.000142,0.5045473246,0.4540925921,589.6071895242
0.000142,0.000142,0.5045473246,0.4540925921,823.3498592289
0.000142,0.000142,0.5045473246,0.4540925921,1149.7569953977
0.000142,0.000142,0.5045473246,0.4540925921,1605.5643098112
0.000142,0.000142,0.5045473246,0.4540925921,2242.0709447806
0.000142,0.000142,0.5045473246,0.4540925921,3130.912969796
0.000142,0.000142,0.5045473246,0.4540925921,4372.1257113904
0.000142,0.000142,0.5045473246,0.4540925921,6105.4022965853
0.000142,0.000142,0.5045473246,0.4793199584,0.1
0.000142,0.000142,0.5045473246,0.4793199584,0.1396437957
0.000142,0.000142,0.5045473246,0.4793199584,0.1950038968
0.000142,0.000142,0.5045473246,0.4793199584,0.2723108433
0.000142,0.000142,0.5045473246,0.4793199584,0.3802651977
0.000142,0.000142,0.5045473246,0.4793199584,0.5310167558
0.000142,0.000142,0.5045473246,0.4793199584,0.7415319537
0.000142,0.000142,0.5045473246,0.4793199584,1.0355033665
0.000142,0.000142,0.5045473246,0.4793199584,1.4460162057
0.000142,0.000142,0.5045473246,0.4793199584,2.0192719162
0.000142,0.000142,0.5045473246,0.4793199584,2.8197879494
0.000142,0.000142,0.5045473246,0.4793199584,3.9376589236
0.000142,0.000142,0.5045473246,0.4793199584,5.498696383
0.000142,0.000142,0.5045473246,0.4793199584,7.6785883437
0.000142,0.000142,0.5045473246,0.4793199584,10.7226722201
0.000142,0.000142,0.5045473246,0.4793199584,14.9735464897
0.000142,0.000142,0.5045473246,0.4793199584,20.9096286705
0.000142,0.000142,0.5045473246,0.4793199584,29.1989991443
0.000142,0.000142,0.5045473246,0.4793199584,40.7745907144
0.000142,0.000142,0.5045473246,0.4793199584,56.9391861586
0.000142,0.000142,0.5045473246,0.4793199584,79.5120407981
0.000142,0.000142,0.5045473246,0.4793199584,111.0336318168
0.000142,0.000142,0.5045473246,0.4793199584,155.0515779833
0.000142,0.000142,0.5045473246,0.4793199584,216.5199088036
0.000142,0.000142,0.5045473246,0.4793199584,302.3566191205
0.000142,0.000142,0.5045473246,0.4793199584,422.2222595195
0.000142,0.000142,0.5045473246,0.4793199584,589.6071895242
0.000142,0.000142,0.5045473246,0.4793199584,823.3498592289
0.000142,0.000142,0.5045473246,0.4793199584,1149.7569953977
0.000142,0.000142,0.5045473246,0.4793199584,1605.5643098112
0.000142,0.000142,0.5045473246,0.4793199584,2242.0709447806
0.000142,0.000142,0.5045473246,0.4793199584,3130.912969796
0.000142,0.000142,0.5045473246,0.4793199584,4372.1257113904
0.000142,0.000142,0.5045473246,0.4793199584,6105.4022965853
0.000142,0.000142,0.5045473246,0.4995018514,0.1
0.000142,0.000142,0.5045473246,0.4995018514,0.1396437957
0.000142,0.000142,0.5045473246,0.4995018514,0.1950038968
0.000142,0.000142,0.5045473246,0.4995018514,0.2723108433
0.000142,0.000142,0.5045473246,0.4995018514,0.3802651977
0.000142,0.000142,0.5045473246,0.4995018514,0.5310167558
0.000142,0.000142,0.5045473246,0.4995018514,0.7415319537
0.000142,0.000142,0.5045473246,0.4995018514,1.0355033665
0.000142,0.000142,0.5045473246,0.4995018514,1.4460162057
0.000142,0.000142,0.5045473246,0.4995018514,2.0192719162
0.000142,0.000142,0.5045473246,0.4995018514,2.8197879494
0.000142,0.000142,0.5045473246,0.4995018514,3.9376589236
0.000142,0.000142,0.5045473246,0.4995018514,5.498696383
0.000142,0.000142,0.5045473246,0.4995018514,7.6785883437
0.000142,0.000142,0.5045473246,0.4995018514,10.7226722201
0.000142,0.000142,0.5045473246,0.4995018514,14.9735464897
0.000142,0.000142,0.5045473246,0.4995018514,20.9096286705
0.000142,0.000142,0.5045473246,0.4995018514,29.1989991443
0.000142,0.000142,0.5045473246,0.4995018514,40.7745907144
0.000142,0.000142,0.5045473246,0.4995018514,56.9391861586
0.000142,0.000142,0.5045473246,0.4995018514,79.5120407981
0.000142,0.000142,0.5045473246,0.4995018514,111.0336318168
0.000142,0.000142,0.5045473246,0.4995018514,155.0515779833
0.000142,0.000142,0.5045473246,0.4995018514,216.5199088036
0.000142,0.000142,0.5045473246,0.4995018514,302.3566191205
0.000142,0.000142,0.5045473246,0.4995018514,422.2222595195
0.000142,0.000142,0.5045473246,0.4995018514,589.6071895242
0.000142,0.000142,0.5045473246,0.4995018514,823.3498592289
0.000142,0.000142,0.5045473246,0.4995018514,1149.7569953977
0.000142,0.000142,0.5045473246,0.4995018514,1605.5643098112
0.000142,0.000142,0.5045473246,0.4995018514,2242.0709447806
0.000142,0.000142,0.5045473246,0.4995018514,3130.912969796
0.000142,0.000142,0.5045473246,0.4995018514,4372.1257113904
0.000142,0.000142,0.5045473246,0.4995018514,6105.4022965853
0.000142,0.000142,0.5620332831,0.1124066566,0.1
0.000142,0.000142,0.5620332831,0.1124066566,0.1396437957
0.000142,0.000142,0.5620332831,0.1124066566,0.1950038968
0.000142,0.000142,0.5620332831,0.1124066566,0.2723108433
0.000142,0.000142,0.5620332831,0.1124066566,0.3802651977
0.000142,0.000142,0.5620332831,0.1124066566,0.5310167558
0.000142,0.000142,0.5620332831,0.1124066566,0.7415319537
0.000142,0.000142,0.5620332831,0.1124066566,1.0355033665
0.000142,0.000142,0.5620332831,0.1124066566,1.4460162057
0.000142,0.000142,0.5620332831,0.1124066566,2.0192719162
0.000142,0.000142,0.5620332831,0.1124066566,2.8197879494
0.000142,0.000142,0.5620332831,0.1124066566,3.9376589236
0.000142,0.000142,0.5620332831,0.1124066566,5.498696383
0.000142,0.000142,0.5620332831,0.1124066566,7.6785883437
0.000142,0.000142,0.5620332831,0.1124066566,10.7226722201
0.000142,0.000142,0.5620332831,0.1124066566,14.9735464897
0.000142,0.000142,0.5620332831,0.1124066566,20.9096286705
0.000142,0.000142,0.5620332831,0.1124066566,29.1989991443
0.000142,0.000142,0.5620332831,0.1124066566,40.7745907144
0.000142,0.000142,0.5620332831,0.1124066566,56.9391861586
0.000142,0.000142,0.5620332831,0.1124066566,79.5120407981
0.000142,0.000142,0.5620332831,0.1124066566,111.0336318168
0.000142,0.000142,0.5620332831,0.1124066566,155.0515779833
0.000142,0.000142,0.5620332831,0.1124066566,216.5199088036
0.000142,0.000142,0.5620332831,0.1124066566,302.3566191205
0.000142,0.000142,0.5620332831,0.1124066566,422.2222595195
0.000142,0.000142,0.5620332831,0.1124066566,589.6071895242
0.000142,0.000142,0.5620332831,0.1124066566,823.3498592289
0.000142,0.000142,0.5620332831,0.1124066566,1149.7569953977
0.000142,0.000142,0.5620332831,0.1124066566,1605.5643098112
0.000142,0.000142,0.5620332831,0.1124066566,2242.0709447806
0.000142,0.000142,0.5620332831,0.1124066566,3130.912969796
0.000142,0.000142,0.5620332831,0.1124066566,4372.1257113904
0.000142,0.000142,0.5620332831,0.1124066566,6105.4022965853
0.000142,0.000142,0.5620332831,0.1405083208,0.1
0.000142,0.000142,0.5620332831,0.1405083208,0.1396437957
0.000142,0.000142,0.5620332831,0.1405083208,0.1950038968
0.000142,0.000142,0.5620332831,0.1405083208,0.2723108433
0.000142,0.000142,0.5620332831,0.1405083208,0.3802651977
0.000142,0.000142,0.5620332831,0.1405083208,0.5310167558
0.000142,0.000142,0.5620332831,0.1405083208,0.7415319537
0.000142,0.000142,0.5620332831,0.1405083208,1.0355033665
0.000142,0.000142,0.5620332831,0.1405083208,1.4460162057
0.000142,0.000142,0.5620332831,0.1405083208,2.0192719162
0.000142,0.000142,0.5620332831,0.1405083208,2.8197879494
0.000142,0.000142,0.5620332831,0.1405083208,3.9376589236
0.000142,0.000142,0.5620332831,0.1405083208,5.498696383
0.000142,0.000142,0.5620332831,0.1405083208,7.6785883437
0.000142,0.000142,0.5620332831,0.1405083208,10.7226722201
0.000142,0.000142,0.5620332831,0.1405083208,14.9735464897
0.000142,0.000142,0.5620332831,0.1405083208,20.9096286705
0.000142,0.000142,0.5620332831,0.1405083208,29.1989991443
0.000142,0.000142,0.5620332831,0.1405083208,40.7745907144
0.000142,0.000142,0.5620332831,0.1405083208,56.9391861586
0.000142,0.000142,0.5620332831,0.1405083208,79.5120407981
0.000142,0.000142,0.5620332831,0.1405083208,111.0336318168
0.000142,0.000142,0.5620332831,0.1405083208,155.0515779833
0.000142,0.000142,0.5620332831,0.1405083208,216.5199088036
0.000142,0.000142,0.5620332831,0.1405083208,302.3566191205
0.000142,0.000142,0.5620332831,0.1405083208,422.2222595195
0.000142,0.000142,0.5620332831,0.1405083208,589.6071895242
0.000142,0.000142,0.5620332831,0.1405083208,823.3498592289
0.000142,0.000142,0.5620332831,0.1405083208,1149.7569953977
0.000142,0.000142,0.5620332831,0.1405083208,1605.5643098112
0.000142,0.000142,0.5620332831,0.1405083208,2242.0709447806
0.000142,0.000142,0.5620332831,0.1405083208,3130.912969796
0.000142,0.000142,0.5620332831,0.1405083208,4372.1257113904
0.000142,0.000142,0.5620332831,0.1405083208,6105.4022965853
0.000142,0.000142,0.5620332831,0.1686099849,0.1
0.000142,0.000142,0.5620332831,0.1686099849,0.1396437957
0.000142,0.000142,0.5620332831,0.1686099849,0.1950038968
0.000142,0.000142,0.5620332831,0.1686099849,0.2723108433
0.000142,0.000142,0.5620332831,0.1686099849,0.3802651977
0.000142,0.000142,0.5620332831,0.1686099849,0.5310167558
0.000142,0.000142,0.5620332831,0.1686099849,0.7415319537
0.000142,0.000142,0.5620332831,0.1686099849,1.0355033665
0.000142,0.000142,0.5620332831,0.1686099849,1.4460162057
0.000142,0.000142,0.5620332831,0.1686099849,2.0192719162
0.000142,0.000142,0.5620332831,0.1686099849,2.8197879494
0.000142,0.000142,0.5620332831,0.1686099849,3.9376589236
0.000142,0.000142,0.5620332831,0.1686099849,5.498696383
0.000142,0.000142,0.5620332831,0.1686099849,7.6785883437
0.000142,0.000142,0.5620332831,0.1686099849,10.7226722201
0.000142,0.000142,0.5620332831,0.1686099849,14.9735464897
0.000142,0.000142,0.5620332831,0.1686099849,20.9096286705
0.000142,0.000142,0.5620332831,0.1686099849,29.1989991443
0.000142,0.000142,0.5620332831,0.1686099849,40.7745907144
0.000142,0.000142,0.5620332831,0.1686099849,56.9391861586
0.000142,0.000142,0.5620332831,0.1686099849,79.5120407981
0.000142,0.000142,0.5620332831,0.1686099849,111.0336318168
0.000142,0.000142,0.5620332831,0.1686099849,155.0515779833
0.000142,0.000142,0.5620332831,0.1686099849,216.5199088036
0.000142,0.000142,0.5620332831,0.1686099849,302.3566191205
0.000142,0.000142,0.5620332831,0.1686099849,422.2222595195
0.000142,0.000142,0.5620332831,0.1686099849,589.6071895242
0.000142,0.000142,0.5620332831,0.1686099849,823.3498592289
0.000142,0.000142,0.5620332831,0.1686099849,1149.7569953977
0.000142,0.000142,0.5620332831,0.1686099849,1605.5643098112
0.000142,0.000142,0.5620332831,0.1686099849,2242.0709447806
0.000142,0.000142,0.5620332831,0.1686099849,3130.912969796
0.000142,0.000142,0.5620332831,0.1686099849,4372.1257113904
0.000142,0.000142,0.5620332831,0.1686099849,6105.4022965853
0.000142,0.000142,0.5620332831,0.1967116491,0.1
0.000142,0.000142,0.5620332831,0.1967116491,0.1396437957
0.000142,0.000142,0.5620332831,0.1967116491,0.1950038968
0.000142,0.000142,0.5620332831,0.1967116491,0.2723108433
0.000142,0.000142,0.5620332831,0.1967116491,0.3802651977
0.000142,0.000142,0.5620332831,0.1967116491,0.5310167558
0.000142,0.000142,0.5620332831,0.1967116491,0.7415319537
0.000142,0.000142,0.5620332831,0.1967116491,1.0355033665
0.000142,0.000142,0.5620332831,0.1967116491,1.4460162057
0.000142,0.000142,0.5620332831,0.1967116491,2.0192719162
0.000142,0.000142,0.5620332831,0.1967116491,2.8197879494
0.000142,0.000142,0.5620332831,0.1967116491,3.9376589236
0.000142,0.000142,0.5620332831,0.1967116491,5.498696383
0.000142,0.000142,0.5620332831,0.1967116491,7.6785883437
0.000142,0.000142,0.5620332831,0.1967116491,10.7226722201
0.000142,0.000142,0.5620332831,0.1967116491,14.9735464897
0.000142,0.000142,0.5620332831,0.1967116491,20.9096286705
0.000142,0.000142,0.5620332831,0.1967116491,29.1989991443
0.000142,0.000142,0.5620332831,0.1967116491,40.7745907144
0.000142,0.000142,0.5620332831,0.1967116491,56.9391861586
0.000142,0.000142,0.5620332831,0.1967116491,79.5120407981
0.000142,0.000142,0.5620332831,0.1967116491,111.0336318168
0.000142,0.000142,0.5620332831,0.1967116491,155.0515779833
0.000142,0.000142,0.5620332831,0.1967116491,216.5199088036
0.000142,0.000142,0.5620332831,0.1967116491,302.3566191205
0.000142,0.000142,0.5620332831,0.1967116491,422.2222595195
0.000142,0.000142,0.5620332831,0.1967116491,589.6071895242
0.000142,0.000142,0.5620332831,0.1967116491,823.3498592289
0.000142,0.000142,0.5620332831,0.1967116491,1149.7569953977
0.000142,0.000142,0.5620332831,0.1967116491,1605.5643098112
0.000142,0.000142,0.5620332831,0.1967116491,2242.0709447806
0.000142,0.000142,0.5620332831,0.1967116491,3130.912969796
0.000142,0.000142,0.5620332831,0.1967116491,4372.1257113904
0.000142,0.000142,0.5620332831,0.1967116491,6105.4022965853
0.000142,0.000142,0.5620332831,0.2248133132,0.1
0.000142,0.000142,0.5620332831,0.2248133132,0.1396437957
0.000142,0.000142,0.5620332831,0.2248133132,0.1950038968
0.000142,0.000142,0.5620332831,0.2248133132,0.2723108433
0.000142,0.000142,0.5620332831,0.2248133132,0.3802651977
0.000142,0.000142,0.5620332831,0.2248133132,0.5310167558
0.000142,0.000142,0.5620332831,0.2248133132,0.7415319537
0.000142,0.000142,0.5620332831,0.2248133132,1.0355033665
0.000142,0.000142,0.5620332831,0.2248133132,1.4460162057
0.000142,0.000142,0.5620332831,0.2248133132,2.0192719162
0.000142,0.000142,0.5620332831,0.2248133132,2.8197879494
0.000142,0.000142,0.5620332831,0.2248133132,3.9376589236
0.000142,0.000142,0.5620332831,0.2248133132,5.498696383
0.000142,0.000142,0.5620332831,0.2248133132,7.6785883437
0.000142,0.000142,0.5620332831,0.2248133132,10.7226722201
0.000142,0.000142,0.5620332831,0.2248133132,14.9735464897
0.000142,0.000142,0.5620332831,0.2248133132,20.9096286705
0.000142,0.000142,0.5620332831,0.2248133132,29.1989991443
0.000142,0.000142,0.5620332831,0.2248133132,40.7745907144
0.000142,0.000142,0.5620332831,0.2248133132,56.9391861586
0.000142,0.000142,0.5620332831,0.2248133132,79.5120407981
0.000142,0.000142,0.5620332831,0.2248133132,111.0336318168
0.000142,0.000142,0.5620332831,0.2248133132,155.0515779833
0.000142,0.000142,0.5620332831,0.2248133132,216.5199088036
0.000142,0.000142,0.5620332831,0.2248133132,302.3566191205
0.000142,0.000142,0.5620332831,0.2248133132,422.2222595195
0.000142,0.000142,0.5620332831,0.2248133132,589.6071895242
0.000142,0.000142,0.5620332831,0.2248133132,823.3498592289
0.000142,0.000142,0.5620332831,0.2248133132,1149.7569953977
0.000142,0.000142,0.5620332831,0.2248133132,1605.5643098112
0.000142,0.000142,0.5620332831,0.2248133132,2242.0709447806
0.000142,0.000142,0.5620332831,0.2248133132,3130.912969796
0.000142,0.000142,0.5620332831,0.2248133132,4372.1257113904
0.000142,0.000142,0.5620332831,0.2248133132,6105.4022965853
0.000142,0.000142,0.5620332831,0.2529149774,0.1
0.000142,0.000142,0.5620332831,0.2529149774,0.1396437957
0.000142,0.000142,0.5620332831,0.2529149774,0.1950038968
0.000142,0.000142,0.5620332831,0.2529149774,0.2723108433
0.000142,0.000142,0.5620332831,0.2529149774,0.3802651977
0.000142,0.000142,0.5620332831,0.2529149774,0.5310167558
0.000142,0.000142,0.5620332831,0.2529149774,0.7415319537
0.000142,0.000142,0.5620332831,0.2529149774,1.0355033665
0.000142,0.000142,0.5620332831,0.2529149774,1.4460162057
0.000142,0.000142,0.5620332831,0.2529149774,2.0192719162
0.000142,0.000142,0.5620332831,0.2529149774,2.8197879494
0.000142,0.000142,0.5620332831,0.2529149774,3.9376589236
0.000142,0.000142,0.5620332831,0.2529149774,5.498696383
0.000142,0.000142,0.5620332831,0.2529149774,7.6785883437
0.000142,0.000142,0.5620332831,0.2529149774,10.7226722201
0.000142,0.000142,0.5620332831,0.2529149774,14.9735464897
0.000142,0.000142,0.5620332831,0.2529149774,20.9096286705
0.000142,0.000142,0.5620332831,0.2529149774,29.1989991443
0.000142,0.000142,0.5620332831,0.2529149774,40.7745907144
0.000142,0.000142,0.5620332831,0.2529149774,56.9391861586
0.000142,0.000142,0.5620332831,0.2529149774,79.5120407981
0.000142,0.000142,0.5620332831,0.2529149774,111.0336318168
0.000142,0.000142,0.5620332831,0.2529149774,155.0515779833
0.000142,0.000142,0.5620332831,0.2529149774,216.5199088036
0.000142,0.000142,0.5620332831,0.2529149774,302.3566191205
0.000142,0.000142,0.5620332831,0.2529149774,422.2222595195
0.000142,0.000142,0.5620332831,0.2529149774,589.6071895242
0.000142,0.000142,0.5620332831,0.2529149774,823.3498592289
0.000142,0.000142,0.5620332831,0.2529149774,1149.7569953977
0.000142,0.000142,0.5620332831,0.2529149774,1605.5643098112
0.000142,0.000142,0.5620332831,0.2529149774,2242.0709447806
0.000142,0.000142,0.5620332831,0.2529149774,3130.912969796
0.000142,0.000142,0.5620332831,0.2529149774,4372.1257113904
0.000142,0.000142,0.5620332831,0.2529149774,6105.4022965853
0.000142,0.000142,0.5620332831,0.2810166415,0.1
0.000142,0.000142,0.5620332831,0.2810166415,0.1396437957
0.000142,0.000142,0.5620332831,0.2810166415,0.1950038968
0.000142,0.000142,0.5620332831,0.2810166415,0.2723108433
0.000142,0.000142,0.5620332831,0.2810166415,0.3802651977
0.000142,0.000142,0.5620332831,0.2810166415,0.5310167558
0.000142,0.000142,0.5620332831,0.2810166415,0.7415319537
0.000142,0.000142,0.5620332831,0.2810166415,1.0355033665
0.000142,0.000142,0.5620332831,0.2810166415,1.4460162057
0.000142,0.000142,0.5620332831,0.2810166415,2.0192719162
0.000142,0.000142,0.5620332831,0.2810166415,2.8197879494
0.000142,0.000142,0.5620332831,0.2810166415,3.9376589236
0.000142,0.000142,0.5620332831,0.2810166415,5.498696383
0.000142,0.000142,0.5620332831,0.2810166415,7.6785883437
0.000142,0.000142,0.5620332831,0.2810166415,10.7226722201
0.000142,0.000142,0.5620332831,0.2810166415,14.9735464897
0.000142,0.000142,0.5620332831,0.2810166415,20.9096286705
0.000142,0.000142,0.5620332831,0.2810166415,29.1989991443
0.000142,0.000142,0.5620332831,0.2810166415,40.7745907144
0.000142,0.000142,0.5620332831,0.2810166415,56.9391861586
0.000142,0.000142,0.5620332831,0.2810166415,79.5120407981
0.000142,0.000142,0.5620332831,0.2810166415,111.0336318168
0.000142,0.000142,0.5620332831,0.2810166415,155.0515779833
0.000142,0.000142,0.5620332831,0.2810166415,216.5199088036
0.000142,0.000142,0.5620332831,0.2810166415,302.3566191205
0.000142,0.000142,0.5620332831,0.2810166415,422.2222595195
0.000142,0.000142,0.5620332831,0.2810166415,589.6071895242
0.000142,0.000142,0.5620332831,0.2810166415,823.3498592289
0.000142,0.000142,0.5620332831,0.2810166415,1149.7569953977
0.000142,0.000142,0.5620332831,0.2810166415,1605.5643098112
0.000142,0.000142,0.5620332831,0.2810166415,2242.0709447806
0.000142,0.000142,0.5620332831,0.2810166415,3130.912969796
0.000142,0.000142,0.5620332831,0.2810166415,4372.1257113904
0.000142,0.000142,0.5620332831,0.2810166415,6105.4022965853
0.000142,0.000142,0.5620332831,0.3091183057,0.1
0.000142,0.000142,0.5620332831,0.3091183057,0.1396437957
0.000142,0.000142,0.5620332831,0.3091183057,0.1950038968
0.000142,0.000142,0.5620332831,0.3091183057,0.2723108433
0.000142,0.000142,0.5620332831,0.3091183057,0.3802651977
0.000142,0.000142,0.5620332831,0.3091183057,0.5310167558
0.000142,0.000142,0.5620332831,0.3091183057,0.7415319537
0.000142,0.000142,0.5620332831,0.3091183057,1.0355033665
0.000142,0.000142,0.5620332831,0.3091183057,1.4460162057
0.000142,0.000142,0.5620332831,0.3091183057,2.0192719162
0.000142,0.000142,0.5620332831,0.3091183057,2.8197879494
0.000142,0.000142,0.5620332831,0.3091183057,3.9376589236
0.000142,0.000142,0.5620332831,0.3091183057,5.498696383
0.000142,0.000142,0.5620332831,0.3091183057,7.6785883437
0.000142,0.000142,0.5620332831,0.3091183057,10.7226722201
0.000142,0.000142,0.5620332831,0.3091183057,14.9735464897
0.000142,0.000142,0.5620332831,0.3091183057,20.9096286705
0.000142,0.000142,0.5620332831,0.3091183057,29.1989991443
0.000142,0.000142,0.5620332831,0.3091183057,40.7745907144
0.000142,0.000142,0.5620332831,0.3091183057,56.9391861586
0.000142,0.000142,0.5620332831,0.3091183057,79.5120407981
0.000142,0.000142,0.5620332831,0.3091183057,111.0336318168
0.000142,0.000142,0.5620332831,0.3091183057,155.0515779833
0.000142,0.000142,0.5620332831,0.3091183057,216.5199088036
0.000142,0.000142,0.5620332831,0.3091183057,302.3566191205
0.000142,0.000142,0.5620332831,0.3091183057,422.2222595195
0.000142,0.000142,0.5620332831,0.3091183057,589.6071895242
0.000142,0.000142,0.5620332831,0.3091183057,823.3498592289
0.000142,0.000142,0.5620332831,0.3091183057,1149.7569953977
0.000142,0.000142,0.5620332831,0.3091183057,1605.5643098112
0.000142,0.000142,0.5620332831,0.3091183057,2242.0709447806
0.000142,0.000142,0.5620332831,0.3091183057,3130.912969796
0.000142,0.000142,0.5620332831,0.3091183057,4372.1257113904
0.000142,0.000142,0.5620332831,0.3091183057,6105.4022965853
0.000142,0.000142,0.5620332831,0.3372199698,0.1
0.000142,0.000142,0.5620332831,0.3372199698,0.1396437957
0.000142,0.000142,0.5620332831,0.3372199698,0.1950038968
0.000142,0.000142,0.5620332831,0.3372199698,0.2723108433
0.000142,0.000142,0.5620332831,0.3372199698,0.3802651977
0.000142,0.000142,0.5620332831,0.3372199698,0.5310167558
0.000142,0.000142,0.5620332831,0.3372199698,0.7415319537
0.000142,0.000142,0.5620332831,0.3372199698,1.0355033665
0.000142,0.000142,0.5620332831,0.3372199698,1.4460162057
0.000142,0.000142,0.5620332831,0.3372199698,2.0192719162
0.000142,0.000142,0.5620332831,0.3372199698,2.8197879494
0.000142,0.000142,0.5620332831,0.3372199698,3.9376589236
0.000142,0.000142,0.5620332831,0.3372199698,5.498696383
0.000142,0.000142,0.5620332831,0.3372199698,7.6785883437
0.000142,0.000142,0.5620332831,0.3372199698,10.7226722201
0.000142,0.000142,0.5620332831,0.3372199698,14.9735464897
0.000142,0.000142,0.5620332831,0.3372199698,20.9096286705
0.000142,0.000142,0.5620332831,0.3372199698,29.1989991443
0.000142,0.000142,0.5620332831,0.3372199698,40.7745907144
0.000142,0.000142,0.5620332831,0.3372199698,56.9391861586
0.000142,0.000142,0.5620332831,0.3372199698,79.5120407981
0.000142,0.000142,0.5620332831,0.3372199698,111.0336318168
0.000142,0.000142,0.5620332831,0.3372199698,155.0515779833
0.000142,0.000142,0.5620332831,0.3372199698,216.5199088036
0.000142,0.000142,0.5620332831,0.3372199698,302.3566191205
0.000142,0.000142,0.5620332831,0.3372199698,422.2222595195
0.000142,0.000142,0.5620332831,0.3372199698,589.6071895242
0.000142,0.000142,0.5620332831,0.3372199698,823.3498592289
0.000142,0.000142,0.5620332831,0.3372199698,1149.7569953977
0.000142,0.000142,0.5620332831,0.3372199698,1605.5643098112
0.000142,0.000142,0.5620332831,0.3372199698,2242.0709447806
0.000142,0.000142,0.5620332831,0.3372199698,3130.912969796
0.000142,0.000142,0.5620332831,0.3372199698,4372.1257113904
0.000142,0.000142,0.5620332831,0.3372199698,6105.4022965853
0.000142,0.000142,0.5620332831,0.365321634,0.1
0.000142,0.000142,0.5620332831,0.365321634,0.1396437957
0.000142,0.000142,0.5620332831,0.365321634,0.1950038968
0.000142,0.000142,0.5620332831,0.365321634,0.2723108433
0.000142,0.000142,0.5620332831,0.365321634,0.3802651977
0.000142,0.000142,0.5620332831,0.365321634,0.5310167558
0.000142,0.000142,0.5620332831,0.365321634,0.7415319537
0.000142,0.000142,0.5620332831,0.365321634,1.0355033665
0.000142,0.000142,0.5620332831,0.365321634,1.4460162057
0.000142,0.000142,0.5620332831,0.365321634,2.0192719162
0.000142,0.000142,0.5620332831,0.365321634,2.8197879494
0.000142,0.000142,0.5620332831,0.365321634,3.9376589236
0.000142,0.000142,0.5620332831,0.365321634,5.498696383
0.000142,0.000142,0.5620332831,0.365321634,7.6785883437
0.000142,0.000142,0.5620332831,0.365321634,10.7226722201
0.000142,0.000142,0.5620332831,0.365321634,14.9735464897
0.000142,0.000142,0.5620332831,0.365321634,20.9096286705
0.000142,0.000142,0.5620332831,0.365321634,29.1989991443
0.000142,0.000142,0.5620332831,0.365321634,40.7745907144
0.000142,0.000142,0.5620332831,0.365321634,56.9391861586
0.000142,0.000142,0.5620332831,0.365321634,79.5120407981
0.000142,0.000142,0.5620332831,0.365321634,111.0336318168
0.000142,0.000142,0.5620332831,0.365321634,155.0515779833
0.000142,0.000142,0.5620332831,0.365321634,216.5199088036
0.000142,0.000142,0.5620332831,0.365321634,302.3566191205
0.000142,0.000142,0.5620332831,0.365321634,422.2222595195
0.000142,0.000142,0.5620332831,0.365321634,589.6071895242
0.000142,0.000142,0.5620332831,0.365321634,823.3498592289
0.000142,0.000142,0.5620332831,0.365321634,1149.7569953977
0.000142,0.000142,0.5620332831,0.365321634,1605.5643098112
0.000142,0.000142,0.5620332831,0.365321634,2242.0709447806
0.000142,0.000142,0.5620332831,0.365321634,3130.912969796
0.000142,0.000142,0.5620332831,0.365321634,4372.1257113904
0.000142,0.000142,0.5620332831,0.365321634,6105.4022965853
0.000142,0.000142,0.5620332831,0.3934232981,0.1
0.000142,0.000142,0.5620332831,0.3934232981,0.1396437957
0.000142,0.000142,0.5620332831,0.3934232981,0.1950038968
0.000142,0.000142,0.5620332831,0.3934232981,0.2723108433
0.000142,0.000142,0.5620332831,0.3934232981,0.3802651977
0.000142,0.000142,0.5620332831,0.3934232981,0.5310167558
0.000142,0.000142,0.5620332831,0.3934232981,0.7415319537
0.000142,0.000142,0.5620332831,0.3934232981,1.0355033665
0.000142,0.000142,0.5620332831,0.3934232981,1.4460162057
0.000142,0.000142,0.5620332831,0.3934232981,2.0192719162
0.000142,0.000142,0.5620332831,0.3934232981,2.8197879494
0.000142,0.000142,0.5620332831,0.3934232981,3.9376589236
0.000142,0.000142,0.5620332831,0.3934232981,5.498696383
0.000142,0.000142,0.5620332831,0.3934232981,7.6785883437
0.000142,0.000142,0.5620332831,0.3934232981,10.7226722201
0.000142,0.000142,0.5620332831,0.3934232981,14.9735464897
0.000142,0.000142,0.5620332831,0.3934232981,20.9096286705
0.000142,0.000142,0.5620332831,0.3934232981,29.1989991443
0.000142,0.000142,0.5620332831,0.3934232981,40.7745907144
0.000142,0.000142,0.5620332831,0.3934232981,56.9391861586
0.000142,0.000142,0.5620332831,0.3934232981,79.5120407981
0.000142,0.000142,0.5620332831,0.3934232981,111.0336318168
0.000142,0.000142,0.5620332831,0.3934232981,155.0515779833
0.000142,0.000142,0.5620332831,0.3934232981,216.5199088036
0.000142,0.000142,0.5620332831,0.3934232981,302.3566191205
0.000142,0.000142,0.5620332831,0.3934232981,422.2222595195
0.000142,0.000142,0.5620332831,0.3934232981,589.6071895242
0.000142,0.000142,0.5620332831,0.3934232981,823.3498592289
0.000142,0.000142,0.5620332831,0.3934232981,1149.7569953977
0.000142,0.000142,0.5620332831,0.3934232981,1605.5643098112
0.000142,0.000142,0.5620332831,0.3934232981,2242.0709447806
0.000142,0.000142,0.5620332831,0.3934232981,3130.912969796
0.000142,0.000142,0.5620332831,0.3934232981,4372.1257113904
0.000142,0.000142,0.5620332831,0.3934232981,6105.4022965853
0.000142,0.000142,0.5620332831,0.4215249623,0.1
0.000142,0.000142,0.5620332831,0.4215249623,0.1396437957
0.000142,0.000142,0.5620332831,0.4215249623,0.1950038968
0.000142,0.000142,0.5620332831,0.4215249623,0.2723108433
0.000142,0.000142,0.5620332831,0.4215249623,0.3802651977
0.000142,0.000142,0.5620332831,0.4215249623,0.5310167558
0.000142,0.000142,0.5620332831,0.4215249623,0.7415319537
0.000142,0.000142,0.5620332831,0.4215249623,1.0355033665
0.000142,0.000142,0.5620332831,0.4215249623,1.4460162057
0.000142,0.000142,0.5620332831,0.4215249623,2.0192719162
0.000142,0.000142,0.5620332831,0.4215249623,2.8197879494
0.000142,0.000142,0.5620332831,0.4215249623,3.9376589236
0.000142,0.000142,0.5620332831,0.4215249623,5.498696383
0.000142,0.000142,0.5620332831,0.4215249623,7.6785883437
0.000142,0.000142,0.5620332831,0.4215249623,10.7226722201
0.000142,0.000142,0.5620332831,0.4215249623,14.9735464897
0.000142,0.000142,0.5620332831,0.4215249623,20.9096286705
0.000142,0.000142,0.5620332831,0.4215249623,29.1989991443
0.000142,0.000142,0.5620332831,0.4215249623,40.7745907144
0.000142,0.000142,0.5620332831,0.4215249623,56.9391861586
0.000142,0.000142,0.5620332831,0.4215249623,79.5120407981
0.000142,0.000142,0.5620332831,0.4215249623,111.0336318168
0.000142,0.000142,0.5620332831,0.4215249623,155.0515779833
0.000142,0.000142,0.5620332831,0.4215249623,216.5199088036
0.000142,0.000142,0.5620332831,0.4215249623,302.3566191205
0.000142,0.000142,0.5620332831,0.4215249623,422.2222595195
0.000142,0.000142,0.5620332831,0.4215249623,589.6071895242
0.000142,0.000142,0.5620332831,0.4215249623,823.3498592289
0.000142,0.000142,0.5620332831,0.4215249623,1149.7569953977
0.000142,0.000142,0.5620332831,0.4215249623,1605.5643098112
0.000142,0.000142,0.5620332831,0.4215249623,2242.0709447806
0.000142,0.000142,0.5620332831,0.4215249623,3130.912969796
0.000142,0.000142,0.5620332831,0.4215249623,4372.1257113904
0.000142,0.000142,0.5620332831,0.4215249623,6105.4022965853
0.000142,0.000142,0.5620332831,0.4496266264,0.1
0.000142,0.000142,0.5620332831,0.4496266264,0.1396437957
0.000142,0.000142,0.5620332831,0.4496266264,0.1950038968
0.000142,0.000142,0.5620332831,0.4496266264,0.2723108433
0.000142,0.000142,0.5620332831,0.4496266264,0.3802651977
0.000142,0.000142,0.5620332831,0.4496266264,0.5310167558
0.000142,0.000142,0.5620332831,0.4496266264,0.7415319537
0.000142,0.000142,0.5620332831,0.4496266264,1.0355033665
0.000142,0.000142,0.5620332831,0.4496266264,1.4460162057
0.000142,0.000142,0.5620332831,0.4496266264,2.0192719162
0.000142,0.000142,0.5620332831,0.4496266264,2.8197879494
0.000142,0.000142,0.5620332831,0.4496266264,3.9376589236
0.000142,0.000142,0.5620332831,0.4496266264,5.498696383
0.000142,0.000142,0.5620332831,0.4496266264,7.6785883437
0.000142,0.000142,0.5620332831,0.4496266264,10.7226722201
0.000142,0.000142,0.5620332831,0.4496266264,14.9735464897
0.000142,0.000142,0.5620332831,0.4496266264,20.9096286705
0.000142,0.000142,0.5620332831,0.4496266264,29.1989991443
0.000142,0.000142,0.5620332831,0.4496266264,40.7745907144
0.000142,0.000142,0.5620332831,0.4496266264,56.9391861586
0.000142,0.000142,0.5620332831,0.4496266264,79.5120407981
0.000142,0.000142,0.5620332831,0.4496266264,111.0336318168
0.000142,0.000142,0.5620332831,0.4496266264,155.0515779833
0.000142,0.000142,0.5620332831,0.4496266264,216.5199088036
0.000142,0.000142,0.5620332831,0.4496266264,302.3566191205
0.000142,0.000142,0.5620332831,0.4496266264,422.2222595195
0.000142,0.000142,0.5620332831,0.4496266264,589.6071895242
0.000142,0.000142,0.5620332831,0.4496266264,823.3498592289
0.000142,0.000142,0.5620332831,0.4496266264,1149.7569953977
0.000142,0.000142,0.5620332831,0.4496266264,1605.5643098112
0.000142,0.000142,0.5620332831,0.4496266264,2242.0709447806
0.000142,0.000142,0.5620332831,0.4496266264,3130.912969796
0.000142,0.000142,0.5620332831,0.4496266264,4372.1257113904
0.000142,0.000142,0.5620332831,0.4496266264,6105.4022965853
0.000142,0.000142,0.5620332831,0.4777282906,0.1
0.000142,0.000142,0.5620332831,0.4777282906,0.1396437957
0.000142,0.000142,0.5620332831,0.4777282906,0.1950038968
0.000142,0.000142,0.5620332831,0.4777282906,0.2723108433
0.000142,0.000142,0.5620332831,0.4777282906,0.3802651977
0.000142,0.000142,0.5620332831,0.4777282906,0.5310167558
0.000142,0.000142,0.5620332831,0.4777282906,0.7415319537
0.000142,0.000142,0.5620332831,0.4777282906,1.0355033665
0.000142,0.000142,0.5620332831,0.4777282906,1.4460162057
0.000142,0.000142,0.5620332831,0.4777282906,2.0192719162
0.000142,0.000142,0.5620332831,0.4777282906,2.8197879494
0.000142,0.000142,0.5620332831,0.4777282906,3.9376589236
0.000142,0.000142,0.5620332831,0.4777282906,5.498696383
0.000142,0.000142,0.5620332831,0.4777282906,7.6785883437
0.000142,0.000142,0.5620332831,0.4777282906,10.7226722201
0.000142,0.000142,0.5620332831,0.4777282906,14.9735464897
0.000142,0.000142,0.5620332831,0.4777282906,20.9096286705
0.000142,0.000142,0.5620332831,0.4777282906,29.1989991443
0.000142,0.000142,0.5620332831,0.4777282906,40.7745907144
0.000142,0.000142,0.5620332831,0.4777282906,56.9391861586
0.000142,0.000142,0.5620332831,0.4777282906,79.5120407981
0.000142,0.000142,0.5620332831,0.4777282906,111.0336318168
0.000142,0.000142,0.5620332831,0.4777282906,155.0515779833
0.000142,0.000142,0.5620332831,0.4777282906,216.5199088036
0.000142,0.000142,0.5620332831,0.4777282906,302.3566191205
0.000142,0.000142,0.5620332831,0.4777282906,422.2222595195
0.000142,0.000142,0.5620332831,0.4777282906,589.6071895242
0.000142,0.000142,0.5620332831,0.4777282906,823.3498592289
0.000142,0.000142,0.5620332831,0.4777282906,1149.7569953977
0.000142,0.000142,0.5620332831,0.4777282906,1605.5643098112
0.000142,0.000142,0.5620332831,0.4777282906,2242.0709447806
0.000142,0.000142,0.5620332831,0.4777282906,3130.912969796
0.000142,0.000142,0.5620332831,0.4777282906,4372.1257113904
0.000142,0.000142,0.5620332831,0.4777282906,6105.4022965853
0.000142,0.000142,0.5620332831,0.5058299548,0.1
0.000142,0.000142,0.5620332831,0.5058299548,0.1396437957
0.000142,0.000142,0.5620332831,0.5058299548,0.1950038968
0.000142,0.000142,0.5620332831,0.5058299548,0.2723108433
0.000142,0.000142,0.5620332831,0.5058299548,0.3802651977
0.000142,0.000142,0.5620332831,0.5058299548,0.5310167558
0.000142,0.000142,0.5620332831,0.5058299548,0.7415319537
0.000142,0.000142,0.5620332831,0.5058299548,1.0355033665
0.000142,0.000142,0.5620332831,0.5058299548,1.4460162057
0.000142,0.000142,0.5620332831,0.5058299548,2.0192719162
0.000142,0.000142,0.5620332831,0.5058299548,2.8197879494
0.000142,0.000142,0.5620332831,0.5058299548,3.9376589236
0.000142,0.000142,0.5620332831,0.5058299548,5.498696383
0.000142,0.000142,0.5620332831,0.5058299548,7.6785883437
0.000142,0.000142,0.5620332831,0.5058299548,10.7226722201
0.000142,0.000142,0.5620332831,0.5058299548,14.9735464897
0.000142,0.000142,0.5620332831,0.5058299548,20.9096286705
0.000142,0.000142,0.5620332831,0.5058299548,29.1989991443
0.000142,0.000142,0.5620332831,0.5058299548,40.7745907144
0.000142,0.000142,0.5620332831,0.5058299548,56.9391861586
0.000142,0.000142,0.5620332831,0.5058299548,79.5120407981
0.000142,0.000142,0.5620332831,0.5058299548,111.0336318168
0.000142,0.000142,0.5620332831,0.5058299548,155.0515779833
0.000142,0.000142,0.5620332831,0.5058299548,216.5199088036
0.000142,0.000142,0.5620332831,0.5058299548,302.3566191205
0.000142,0.000142,0.5620332831,0.5058299548,422.2222595195
0.000142,0.000142,0.5620332831,0.5058299548,589.6071895242
0.000142,0.000142,0.5620332831,0.5058299548,823.3498592289
0.000142,0.000142,0.5620332831,0.5058299548,1149.7569953977
0.000142,0.000142,0.5620332831,0.5058299548,1605.5643098112
0.000142,0.000142,0.5620332831,0.5058299548,2242.0709447806
0.000142,0.000142,0.5620332831,0.5058299548,3130.912969796
0.000142,0.000142,0.5620332831,0.5058299548,4372.1257113904
0.000142,0.000142,0.5620332831,0.5058299548,6105.4022965853
0.000142,0.000142,0.5620332831,0.5339316189,0.1
0.000142,0.000142,0.5620332831,0.5339316189,0.1396437957
0.000142,0.000142,0.5620332831,0.5339316189,0.1950038968
0.000142,0.000142,0.5620332831,0.5339316189,0.2723108433
0.000142,0.000142,0.5620332831,0.5339316189,0.3802651977
0.000142,0.000142,0.5620332831,0.5339316189,0.5310167558
0.000142,0.000142,0.5620332831,0.5339316189,0.7415319537
0.000142,0.000142,0.5620332831,0.5339316189,1.0355033665
0.000142,0.000142,0.5620332831,0.5339316189,1.4460162057
0.000142,0.000142,0.5620332831,0.5339316189,2.0192719162
0.000142,0.000142,0.5620332831,0.5339316189,2.8197879494
0.000142,0.000142,0.5620332831,0.5339316189,3.9376589236
0.000142,0.000142,0.5620332831,0.5339316189,5.498696383
0.000142,0.000142,0.5620332831,0.5339316189,7.6785883437
0.000142,0.000142,0.5620332831,0.5339316189,10.7226722201
0.000142,0.000142,0.5620332831,0.5339316189,14.9735464897
0.000142,0.000142,0.5620332831,0.5339316189,20.9096286705
0.000142,0.000142,0.5620332831,0.5339316189,29.1989991443
0.000142,0.000142,0.5620332831,0.5339316189,40.7745907144
0.000142,0.000142,0.5620332831,0.5339316189,56.9391861586
0.000142,0.000142,0.5620332831,0.5339316189,79.5120407981
0.000142,0.000142,0.5620332831,0.5339316189,111.0336318168
0.000142,0.000142,0.5620332831,0.5339316189,155.0515779833
0.000142,0.000142,0.5620332831,0.5339316189,216.5199088036
0.000142,0.000142,0.5620332831,0.5339316189,302.3566191205
0.000142,0.000142,0.5620332831,0.5339316189,422.2222595195
0.000142,0.000142,0.5620332831,0.5339316189,589.6071895242
0.000142,0.000142,0.5620332831,0.5339316189,823.3498592289
0.000142,0.000142,0.5620332831,0.5339316189,1149.7569953977
0.000142,0.000142,0.5620332831,0.5339316189,1605.5643098112
0.000142,0.000142,0.5620332831,0.5339316189,2242.0709447806
0.000142,0.000142,0.5620332831,0.5339316189,3130.912969796
0.000142,0.000142,0.5620332831,0.5339316189,4372.1257113904
0.000142,0.000142,0.5620332831,0.5339316189,6105.4022965853
0.000142,0.000142,0.5620332831,0.5564129502,0.1
0.000142,0.000142,0.5620332831,0.5564129502,0.1396437957
0.000142,0.000142,0.5620332831,0.5564129502,0.1950038968
0.000142,0.000142,0.5620332831,0.5564129502,0.2723108433
0.000142,0.000142,0.5620332831,0.5564129502,0.3802651977
0.000142,0.000142,0.5620332831,0.5564129502,0.5310167558
0.000142,0.000142,0.5620332831,0.5564129502,0.7415319537
0.000142,0.000142,0.5620332831,0.5564129502,1.0355033665
0.000142,0.000142,0.5620332831,0.5564129502,1.4460162057
0.000142,0.000142,0.5620332831,0.5564129502,2.0192719162
0.000142,0.000142,0.5620332831,0.5564129502,2.8197879494
0.000142,0.000142,0.5620332831,0.5564129502,3.9376589236
0.000142,0.000142,0.5620332831,0.5564129502,5.498696383
0.000142,0.000142,0.5620332831,0.5564129502,7.6785883437
0.000142,0.000142,0.5620332831,0.5564129502,10.7226722201
0.000142,0.000142,0.5620332831,0.5564129502,14.9735464897
0.000142,0.000142,0.5620332831,0.5564129502,20.9096286705
0.000142,0.000142,0.5620332831,0.5564129502,29.1989991443
0.000142,0.000142,0.5620332831,0.5564129502,40.7745907144
0.000142,0.000142,0.5620332831,0.5564129502,56.9391861586
0.000142,0.000142,0.5620332831,0.5564129502,79.5120407981
0.000142,0.000142,0.5620332831,0.5564129502,111.0336318168
0.000142,0.000142,0.5620332831,0.5564129502,155.0515779833
0.000142,0.000142,0.5620332831,0.5564129502,216.5199088036
0.000142,0.000142,0.5620332831,0.5564129502,302.3566191205
0.000142,0.000142,0.5620332831,0.5564129502,422.2222595195
0.000142,0.000142,0.5620332831,0.5564129502,589.6071895242
0.000142,0.000142,0.5620332831,0.5564129502,823.3498592289
0.000142,0.000142,0.5620332831,0.5564129502,1149.7569953977
0.000142,0.000142,0.5620332831,0.5564129502,1605.5643098112
0.000142,0.000142,0.5620332831,0.5564129502,2242.0709447806
0.000142,0.000142,0.5620332831,0.5564129502,3130.912969796
0.000142,0.000142,0.5620332831,0.5564129502,4372.1257113904
0.000142,0.000142,0.5620332831,0.5564129502,6105.4022965853
0.000142,0.000142,0.6260689451,0.125213789,0.1
0.000142,0.000142,0.6260689451,0.125213789,0.1396437957
0.000142,0.000142,0.6260689451,0.125213789,0.1950038968
0.000142,0.000142,0.6260689451,0.125213789,0.2723108433
0.000142,0.000142,0.6260689451,0.125213789,0.3802651977
0.000142,0.000142,0.6260689451,0.125213789,0.5310167558
0.000142,0.000142,0.6260689451,0.125213789,0.7415319537
0.000142,0.000142,0.6260689451,0.125213789,1.0355033665
0.000142,0.000142,0.6260689451,0.125213789,1.4460162057
0.000142,0.000142,0.6260689451,0.125213789,2.0192719162
0.000142,0.000142,0.6260689451,0.125213789,2.8197879494
0.000142,0.000142,0.6260689451,0.125213789,3.9376589236
0.000142,0.000142,0.6260689451,0.125213789,5.498696383
0.000142,0.000142,0.6260689451,0.125213789,7.6785883437
0.000142,0.000142,0.6260689451,0.125213789,10.7226722201
0.000142,0.000142,0.6260689451,0.125213789,14.9735464897
0.000142,0.000142,0.6260689451,0.125213789,20.9096286705
0.000142,0.000142,0.6260689451,0.125213789,29.1989991443
0.000142,0.000142,0.6260689451,0.125213789,40.7745907144
0.000142,0.000142,0.6260689451,0.125213789,56.9391861586
0.000142,0.000142,0.6260689451,0.125213789,79.5120407981
0.000142,0.000142,0.6260689451,0.125213789,111.0336318168
0.000142,0.000142,0.6260689451,0.125213789,155.0515779833
0.000142,0.000142,0.6260689451,0.125213789,216.5199088036
0.000142,0.000142,0.6260689451,0.125213789,302.3566191205
0.000142,0.000142,0.6260689451,0.125213789,422.2222595195
0.000142,0.000142,0.6260689451,0.125213789,589.6071895242
0.000142,0.000142,0.6260689451,0.125213789,823.3498592289
0.000142,0.000142,0.6260689451,0.125213789,1149.7569953977
0.000142,0.000142,0.6260689451,0.125213789,1605.5643098112
0.000142,0.000142,0.6260689451,0.125213789,2242.0709447806
0.000142,0.000142,0.6260689451,0.125213789,3130.912969796
0.000142,0.000142,0.6260689451,0.125213789,4372.1257113904
0.000142,0.000142,0.6260689451,0.125213789,6105.4022965853
0.000142,0.000142,0.6260689451,0.1565172363,0.1
0.000142,0.000142,0.6260689451,0.1565172363,0.1396437957
0.000142,0.000142,0.6260689451,0.1565172363,0.1950038968
0.000142,0.000142,0.6260689451,0.1565172363,0.2723108433
0.000142,0.000142,0.6260689451,0.1565172363,0.3802651977
0.000142,0.000142,0.6260689451,0.1565172363,0.5310167558
0.000142,0.000142,0.6260689451,0.1565172363,0.7415319537
0.000142,0.000142,0.6260689451,0.1565172363,1.0355033665
0.000142,0.000142,0.6260689451,0.1565172363,1.4460162057
0.000142,0.000142,0.6260689451,0.1565172363,2.0192719162
0.000142,0.000142,0.6260689451,0.1565172363,2.8197879494
0.000142,0.000142,0.6260689451,0.1565172363,3.9376589236
0.000142,0.000142,0.6260689451,0.1565172363,5.498696383
0.000142,0.000142,0.6260689451,0.1565172363,7.6785883437
0.000142,0.000142,0.6260689451,0.1565172363,10.7226722201
0.000142,0.000142,0.6260689451,0.1565172363,14.9735464897
0.000142,0.000142,0.6260689451,0.1565172363,20.9096286705
0.000142,0.000142,0.6260689451,0.1565172363,29.1989991443
0.000142,0.000142,0.6260689451,0.1565172363,40.7745907144
0.000142,0.000142,0.6260689451,0.1565172363,56.9391861586
0.000142,0.000142,0.6260689451,0.1565172363,79.5120407981
0.000142,0.000142,0.6260689451,0.1565172363,111.0336318168
0.000142,0.000142,0.6260689451,0.1565172363,155.0515779833
0.000142,0.000142,0.6260689451,0.1565172363,216.5199088036
0.000142,0.000142,0.6260689451,0.1565172363,302.3566191205
0.000142,0.000142,0.6260689451,0.1565172363,422.2222595195
0.000142,0.000142,0.6260689451,0.1565172363,589.6071895242
0.000142,0.000142,0.6260689451,0.1565172363,823.3498592289
0.000142,0.000142,0.6260689451,0.1565172363,1149.7569953977
0.000142,0.000142,0.6260689451,0.1565172363,1605.5643098112
0.000142,0.000142,0.6260689451,0.1565172363,2242.0709447806
0.000142,0.000142,0.6260689451,0.1565172363,3130.912969796
0.000142,0.000142,0.6260689451,0.1565172363,4372.1257113904
0.000142,0.000142,0.6260689451,0.1565172363,6105.4022965853
0.000142,0.000142,0.6260689451,0.1878206835,0.1
0.000142,0.000142,0.6260689451,0.1878206835,0.1396437957
0.000142,0.000142,0.6260689451,0.1878206835,0.1950038968
0.000142,0.000142,0.6260689451,0.1878206835,0.2723108433
0.000142,0.000142,0.6260689451,0.1878206835,0.3802651977
0.000142,0.000142,0.6260689451,0.1878206835,0.5310167558
0.000142,0.000142,0.6260689451,0.1878206835,0.7415319537
0.000142,0.000142,0.6260689451,0.1878206835,1.0355033665
0.000142,0.000142,0.6260689451,0.1878206835,1.4460162057
0.000142,0.000142,0.6260689451,0.1878206835,2.0192719162
0.000142,0.000142,0.6260689451,0.1878206835,2.8197879494
0.000142,0.000142,0.6260689451,0.1878206835,3.9376589236
0.000142,0.000142,0.6260689451,0.1878206835,5.498696383
0.000142,0.000142,0.6260689451,0.1878206835,7.6785883437
0.000142,0.000142,0.6260689451,0.1878206835,10.7226722201
0.000142,0.000142,0.6260689451,0.1878206835,14.9735464897
0.000142,0.000142,0.6260689451,0.1878206835,20.9096286705
0.000142,0.000142,0.6260689451,0.1878206835,29.1989991443
0.000142,0.000142,0.6260689451,0.1878206835,40.7745907144
0.000142,0.000142,0.6260689451,0.1878206835,56.9391861586
0.000142,0.000142,0.6260689451,0.1878206835,79.5120407981
0.000142,0.000142,0.6260689451,0.1878206835,111.0336318168
0.000142,0.000142,0.6260689451,0.1878206835,155.0515779833
0.000142,0.000142,0.6260689451,0.1878206835,216.5199088036
0.000142,0.000142,0.6260689451,0.1878206835,302.3566191205
0.000142,0.000142,0.6260689451,0.1878206835,422.2222595195
0.000142,0.000142,0.6260689451,0.1878206835,589.6071895242
0.000142,0.000142,0.6260689451,0.1878206835,823.3498592289
0.000142,0.000142,0.6260689451,0.1878206835,1149.7569953977
0.000142,0.000142,0.6260689451,0.1878206835,1605.5643098112
0.000142,0.000142,0.6260689451,0.1878206835,2242.0709447806
0.000142,0.000142,0.6260689451,0.1878206835,3130.912969796
0.000142,0.000142,0.6260689451,0.1878206835,4372.1257113904
0.000142,0.000142,0.6260689451,0.1878206835,6105.4022965853
0.000142,0.000142,0.6260689451,0.2191241308,0.1
0.000142,0.000142,0.6260689451,0.2191241308,0.1396437957
0.000142,0.000142,0.6260689451,0.2191241308,0.1950038968
0.000142,0.000142,0.6260689451,0.2191241308,0.2723108433
0.000142,0.000142,0.6260689451,0.2191241308,0.3802651977
0.000142,0.000142,0.6260689451,0.2191241308,0.5310167558
0.000142,0.000142,0.6260689451,0.2191241308,0.7415319537
0.000142,0.000142,0.6260689451,0.2191241308,1.0355033665
0.000142,0.000142,0.6260689451,0.2191241308,1.4460162057
0.000142,0.000142,0.6260689451,0.2191241308,2.0192719162
0.000142,0.000142,0.6260689451,0.2191241308,2.8197879494
0.000142,0.000142,0.6260689451,0.2191241308,3.9376589236
0.000142,0.000142,0.6260689451,0.2191241308,5.498696383
0.000142,0.000142,0.6260689451,0.2191241308,7.6785883437
0.000142,0.000142,0.6260689451,0.2191241308,10.7226722201
0.000142,0.000142,0.6260689451,0.2191241308,14.9735464897
0.000142,0.000142,0.6260689451,0.2191241308,20.9096286705
0.000142,0.000142,0.6260689451,0.2191241308,29.1989991443
0.000142,0.000142,0.6260689451,0.2191241308,40.7745907144
0.000142,0.000142,0.6260689451,0.2191241308,56.9391861586
0.000142,0.000142,0.6260689451,0.2191241308,79.5120407981
0.000142,0.000142,0.6260689451,0.2191241308,111.0336318168
0.000142,0.000142,0.6260689451,0.2191241308,155.0515779833
0.000142,0.000142,0.6260689451,0.2191241308,216.5199088036
0.000142,0.000142,0.6260689451,0.2191241308,302.3566191205
0.000142,0.000142,0.6260689451,0.2191241308,422.2222595195
0.000142,0.000142,0.6260689451,0.2191241308,589.6071895242
0.000142,0.000142,0.6260689451,0.2191241308,823.3498592289
0.000142,0.000142,0.6260689451,0.2191241308,1149.7569953977
0.000142,0.000142,0.6260689451,0.2191241308,1605.5643098112
0.000142,0.000142,0.6260689451,0.2191241308,2242.0709447806
0.000142,0.000142,0.6260689451,0.2191241308,3130.912969796
0.000142,0.000142,0.6260689451,0.2191241308,4372.1257113904
0.000142,0.000142,0.6260689451,0.2191241308,6105.4022965853
0.000142,0.000142,0.6260689451,0.250427578,0.1
0.000142,0.000142,0.6260689451,0.250427578,0.1396437957
0.000142,0.000142,0.6260689451,0.250427578,0.1950038968
0.000142,0.000142,0.6260689451,0.250427578,0.2723108433
0.000142,0.000142,0.6260689451,0.250427578,0.3802651977
0.000142,0.000142,0.6260689451,0.250427578,0.5310167558
0.000142,0.000142,0.6260689451,0.250427578,0.7415319537
0.000142,0.000142,0.6260689451,0.250427578,1.0355033665
0.000142,0.000142,0.6260689451,0.250427578,1.4460162057
0.000142,0.000142,0.6260689451,0.250427578,2.0192719162
0.000142,0.000142,0.6260689451,0.250427578,2.8197879494
0.000142,0.000142,0.6260689451,0.250427578,3.9376589236
0.000142,0.000142,0.6260689451,0.250427578,5.498696383
0.000142,0.000142,0.6260689451,0.250427578,7.6785883437
0.000142,0.000142,0.6260689451,0.250427578,10.7226722201
0.000142,0.000142,0.6260689451,0.250427578,14.9735464897
0.000142,0.000142,0.6260689451,0.250427578,20.9096286705
0.000142,0.000142,0.6260689451,0.250427578,29.1989991443
0.000142,0.000142,0.6260689451,0.250427578,40.7745907144
0.000142,0.000142,0.6260689451,0.250427578,56.9391861586
0.000142,0.000142,0.6260689451,0.250427578,79.5120407981
0.000142,0.000142,0.6260689451,0.250427578,111.0336318168
0.000142,0.000142,0.6260689451,0.250427578,155.0515779833
0.000142,0.000142,0.6260689451,0.250427578,216.5199088036
0.000142,0.000142,0.6260689451,0.250427578,302.3566191205
0.000142,0.000142,0.6260689451,0.250427578,422.2222595195
0.000142,0.000142,0.6260689451,0.250427578,589.6071895242
0.000142,0.000142,0.6260689451,0.250427578,823.3498592289
0.000142,0.000142,0.6260689451,0.250427578,1149.7569953977
0.000142,0.000142,0.6260689451,0.250427578,1605.5643098112
0.000142,0.000142,0.6260689451,0.250427578,2242.0709447806
0.000142,0.000142,0.6260689451,0.250427578,3130.912969796
0.000142,0.000142,0.6260689451,0.250427578,4372.1257113904
0.000142,0.000142,0.6260689451,0.250427578,6105.4022965853
0.000142,0.000142,0.6260689451,0.2817310253,0.1
0.000142,0.000142,0.6260689451,0.2817310253,0.1396437957
0.000142,0.000142,0.6260689451,0.2817310253,0.1950038968
0.000142,0.000142,0.6260689451,0.2817310253,0.2723108433
0.000142,0.000142,0.6260689451,0.2817310253,0.3802651977
0.000142,0.000142,0.6260689451,0.2817310253,0.5310167558
0.000142,0.000142,0.6260689451,0.2817310253,0.7415319537
0.000142,0.000142,0.6260689451,0.2817310253,1.0355033665
0.000142,0.000142,0.6260689451,0.2817310253,1.4460162057
0.000142,0.000142,0.6260689451,0.2817310253,2.0192719162
0.000142,0.000142,0.6260689451,0.2817310253,2.8197879494
0.000142,0.000142,0.6260689451,0.2817310253,3.9376589236
0.000142,0.000142,0.6260689451,0.2817310253,5.498696383
0.000142,0.000142,0.6260689451,0.2817310253,7.6785883437
0.000142,0.000142,0.6260689451,0.2817310253,10.7226722201
0.000142,0.000142,0.6260689451,0.2817310253,14.9735464897
0.000142,0.000142,0.6260689451,0.2817310253,20.9096286705
0.000142,0.000142,0.6260689451,0.2817310253,29.1989991443
0.000142,0.000142,0.6260689451,0.2817310253,40.7745907144
0.000142,0.000142,0.6260689451,0.2817310253,56.9391861586
0.000142,0.000142,0.6260689451,0.2817310253,79.5120407981
0.000142,0.000142,0.6260689451,0.2817310253,111.0336318168
0.000142,0.000142,0.6260689451,0.2817310253,155.0515779833
0.000142,0.000142,0.6260689451,0.2817310253,216.5199088036
0.000142,0.000142,0.6260689451,0.2817310253,302.3566191205
0.000142,0.000142,0.6260689451,0.2817310253,422.2222595195
0.000142,0.000142,0.6260689451,0.2817310253,589.6071895242
0.000142,0.000142,0.6260689451,0.2817310253,823.3498592289
0.000142,0.000142,0.6260689451,0.2817310253,1149.7569953977
0.000142,0.000142,0.6260689451,0.2817310253,1605.5643098112
0.000142,0.000142,0.6260689451,0.2817310253,2242.0709447806
0.000142,0.000142,0.6260689451,0.2817310253,3130.912969796
0.000142,0.000142,0.6260689451,0.2817310253,4372.1257113904
0.000142,0.000142,0.6260689451,0.2817310253,6105.4022965853
0.000142,0.000142,0.6260689451,0.3130344725,0.1
0.000142,0.000142,0.6260689451,0.3130344725,0.1396437957
0.000142,0.000142,0.6260689451,0.3130344725,0.1950038968
0.000142,0.000142,0.6260689451,0.3130344725,0.2723108433
0.000142,0.000142,0.6260689451,0.3130344725,0.3802651977
0.000142,0.000142,0.6260689451,0.3130344725,0.5310167558
0.000142,0.000142,0.6260689451,0.3130344725,0.7415319537
0.000142,0.000142,0.6260689451,0.3130344725,1.0355033665
0.000142,0.000142,0.6260689451,0.3130344725,1.4460162057
0.000142,0.000142,0.6260689451,0.3130344725,2.0192719162
0.000142,0.000142,0.6260689451,0.3130344725,2.8197879494
0.000142,0.000142,0.6260689451,0.3130344725,3.9376589236
0.000142,0.000142,0.6260689451,0.3130344725,5.498696383
0.000142,0.000142,0.6260689451,0.3130344725,7.6785883437
0.000142,0.000142,0.6260689451,0.3130344725,10.7226722201
0.000142,0.000142,0.6260689451,0.3130344725,14.9735464897
0.000142,0.000142,0.6260689451,0.3130344725,20.9096286705
0.000142,0.000142,0.6260689451,0.3130344725,29.1989991443
0.000142,0.000142,0.6260689451,0.3130344725,40.7745907144
0.000142,0.000142,0.6260689451,0.3130344725,56.9391861586
0.000142,0.000142,0.6260689451,0.3130344725,79.5120407981
0.000142,0.000142,0.6260689451,0.3130344725,111.0336318168
0.000142,0.000142,0.6260689451,0.3130344725,155.0515779833
0.000142,0.000142,0.6260689451,0.3130344725,216.5199088036
0.000142,0.000142,0.6260689451,0.3130344725,302.3566191205
0.000142,0.000142,0.6260689451,0.3130344725,422.2222595195
0.000142,0.000142,0.6260689451,0.3130344725,589.6071895242
0.000142,0.000142,0.6260689451,0.3130344725,823.3498592289
0.000142,0.000142,0.6260689451,0.3130344725,1149.7569953977
0.000142,0.000142,0.6260689451,0.3130344725,1605.5643098112
0.000142,0.000142,0.6260689451,0.3130344725,2242.0709447806
0.000142,0.000142,0.6260689451,0.3130344725,3130.912969796
0.000142,0.000142,0.6260689451,0.3130344725,4372.1257113904
0.000142,0.000142,0.6260689451,0.3130344725,6105.4022965853
0.000142,0.000142,0.6260689451,0.3443379198,0.1
0.000142,0.000142,0.6260689451,0.3443379198,0.1396437957
0.000142,0.000142,0.6260689451,0.3443379198,0.1950038968
0.000142,0.000142,0.6260689451,0.3443379198,0.2723108433
0.000142,0.000142,0.6260689451,0.3443379198,0.3802651977
0.000142,0.000142,0.6260689451,0.3443379198,0.5310167558
0.000142,0.000142,0.6260689451,0.3443379198,0.7415319537
0.000142,0.000142,0.6260689451,0.3443379198,1.0355033665
0.000142,0.000142,0.6260689451,0.3443379198,1.4460162057
0.000142,0.000142,0.6260689451,0.3443379198,2.0192719162
0.000142,0.000142,0.6260689451,0.3443379198,2.8197879494
0.000142,0.000142,0.6260689451,0.3443379198,3.9376589236
0.000142,0.000142,0.6260689451,0.3443379198,5.498696383
0.000142,0.000142,0.6260689451,0.3443379198,7.6785883437
0.000142,0.000142,0.6260689451,0.3443379198,10.7226722201
0.000142,0.000142,0.6260689451,0.3443379198,14.9735464897
0.000142,0.000142,0.6260689451,0.3443379198,20.9096286705
0.000142,0.000142,0.6260689451,0.3443379198,29.1989991443
0.000142,0.000142,0.6260689451,0.3443379198,40.7745907144
0.000142,0.000142,0.6260689451,0.3443379198,56.9391861586
0.000142,0.000142,0.6260689451,0.3443379198,79.5120407981
0.000142,0.000142,0.6260689451,0.3443379198,111.0336318168
0.000142,0.000142,0.6260689451,0.3443379198,155.0515779833
0.000142,0.000142,0.6260689451,0.3443379198,216.5199088036
0.000142,0.000142,0.6260689451,0.3443379198,302.3566191205
0.000142,0.000142,0.6260689451,0.3443379198,422.2222595195
0.000142,0.000142,0.6260689451,0.3443379198,589.6071895242
0.000142,0.000142,0.6260689451,0.3443379198,823.3498592289
0.000142,0.000142,0.6260689451,0.3443379198,1149.7569953977
0.000142,0.000142,0.6260689451,0.3443379198,1605.5643098112
0.000142,0.000142,0.6260689451,0.3443379198,2242.0709447806
0.000142,0.000142,0.6260689451,0.3443379198,3130.912969796
0.000142,0.000142,0.6260689451,0.3443379198,4372.1257113904
0.000142,0.000142,0.6260689451,0.3443379198,6105.4022965853
0.000142,0.000142,0.6260689451,0.3756413671,0.1
0.000142,0.000142,0.6260689451,0.3756413671,0.1396437957
0.000142,0.000142,0.6260689451,0.3756413671,0.1950038968
0.000142,0.000142,0.6260689451,0.3756413671,0.2723108433
0.000142,0.000142,0.6260689451,0.3756413671,0.3802651977
0.000142,0.000142,0.6260689451,0.3756413671,0.5310167558
0.000142,0.000142,0.6260689451,0.3756413671,0.7415319537
0.000142,0.000142,0.6260689451,0.3756413671,1.0355033665
0.000142,0.000142,0.6260689451,0.3756413671,1.4460162057
0.000142,0.000142,0.6260689451,0.3756413671,2.0192719162
0.000142,0.000142,0.6260689451,0.3756413671,2.8197879494
0.000142,0.000142,0.6260689451,0.3756413671,3.9376589236
0.000142,0.000142,0.6260689451,0.3756413671,5.498696383
0.000142,0.000142,0.6260689451,0.3756413671,7.6785883437
0.000142,0.000142,0.6260689451,0.3756413671,10.7226722201
0.000142,0.000142,0.6260689451,0.3756413671,14.9735464897
0.000142,0.000142,0.6260689451,0.3756413671,20.9096286705
0.000142,0.000142,0.6260689451,0.3756413671,29.1989991443
0.000142,0.000142,0.6260689451,0.3756413671,40.7745907144
0.000142,0.000142,0.6260689451,0.3756413671,56.9391861586
0.000142,0.000142,0.6260689451,0.3756413671,79.5120407981
0.000142,0.000142,0.6260689451,0.3756413671,111.0336318168
0.000142,0.000142,0.6260689451,0.3756413671,155.0515779833
0.000142,0.000142,0.6260689451,0.3756413671,216.5199088036
0.000142,0.000142,0.6260689451,0.3756413671,302.3566191205
0.000142,0.000142,0.6260689451,0.3756413671,422.2222595195
0.000142,0.000142,0.6260689451,0.3756413671,589.6071895242
0.000142,0.000142,0.6260689451,0.3756413671,823.3498592289
0.000142,0.000142,0.6260689451,0.3756413671,1149.7569953977
0.000142,0.000142,0.6260689451,0.3756413671,1605.5643098112
0.000142,0.000142,0.6260689451,0.3756413671,2242.0709447806
0.000142,0.000142,0.6260689451,0.3756413671,3130.912969796
0.000142,0.000142,0.6260689451,0.3756413671,4372.1257113904
0.000142,0.000142,0.6260689451,0.3756413671,6105.4022965853
0.000142,0.000142,0.6260689451,0.4069448143,0.1
0.000142,0.000142,0.6260689451,0.4069448143,0.1396437957
0.000142,0.000142,0.6260689451,0.4069448143,0.1950038968
0.000142,0.000142,0.6260689451,0.4069448143,0.2723108433
0.000142,0.000142,0.6260689451,0.4069448143,0.3802651977
0.000142,0.000142,0.6260689451,0.4069448143,0.5310167558
0.000142,0.000142,0.6260689451,0.4069448143,0.7415319537
0.000142,0.000142,0.6260689451,0.4069448143,1.0355033665
0.000142,0.000142,0.6260689451,0.4069448143,1.4460162057
0.000142,0.000142,0.6260689451,0.4069448143,2.0192719162
0.000142,0.000142,0.6260689451,0.4069448143,2.8197879494
0.000142,0.000142,0.6260689451,0.4069448143,3.9376589236
0.000142,0.000142,0.6260689451,0.4069448143,5.498696383
0.000142,0.000142,0.6260689451,0.4069448143,7.6785883437
0.000142,0.000142,0.6260689451,0.4069448143,10.7226722201
0.000142,0.000142,0.6260689451,0.4069448143,14.9735464897
0.000142,0.000142,0.6260689451,0.4069448143,20.9096286705
0.000142,0.000142,0.6260689451,0.4069448143,29.1989991443
0.000142,0.000142,0.6260689451,0.4069448143,40.7745907144
0.000142,0.000142,0.6260689451,0.4069448143,56.9391861586
0.000142,0.000142,0.6260689451,0.4069448143,79.5120407981
0.000142,0.000142,0.6260689451,0.4069448143,111.0336318168
0.000142,0.000142,0.6260689451,0.4069448143,155.0515779833
0.000142,0.000142,0.6260689451,0.4069448143,216.5199088036
0.000142,0.000142,0.6260689451,0.4069448143,302.3566191205
0.000142,0.000142,0.6260689451,0.4069448143,422.2222595195
0.000142,0.000142,0.6260689451,0.4069448143,589.6071895242
0.000142,0.000142,0.6260689451,0.4069448143,823.3498592289
0.000142,0.000142,0.6260689451,0.4069448143,1149.7569953977
0.000142,0.000142,0.6260689451,0.4069448143,1605.5643098112
0.000142,0.000142,0.6260689451,0.4069448143,2242.0709447806
0.000142,0.000142,0.6260689451,0.4069448143,3130.912969796
0.000142,0.000142,0.6260689451,0.4069448143,4372.1257113904
0.000142,0.000142,0.6260689451,0.4069448143,6105.4022965853
0.000142,0.000142,0.6260689451,0.4382482616,0.1
0.000142,0.000142,0.6260689451,0.4382482616,0.1396437957
0.000142,0.000142,0.6260689451,0.4382482616,0.1950038968
0.000142,0.000142,0.6260689451,0.4382482616,0.2723108433
0.000142,0.000142,0.6260689451,0.4382482616,0.3802651977
0.000142,0.000142,0.6260689451,0.4382482616,0.5310167558
0.000142,0.000142,0.6260689451,0.4382482616,0.7415319537
0.000142,0.000142,0.6260689451,0.4382482616,1.0355033665
0.000142,0.000142,0.6260689451,0.4382482616,1.4460162057
0.000142,0.000142,0.6260689451,0.4382482616,2.0192719162
0.000142,0.000142,0.6260689451,0.4382482616,2.8197879494
0.000142,0.000142,0.6260689451,0.4382482616,3.9376589236
0.000142,0.000142,0.6260689451,0.4382482616,5.498696383
0.000142,0.000142,0.6260689451,0.4382482616,7.6785883437
0.000142,0.000142,0.6260689451,0.4382482616,10.7226722201
0.000142,0.000142,0.6260689451,0.4382482616,14.9735464897
0.000142,0.000142,0.6260689451,0.4382482616,20.9096286705
0.000142,0.000142,0.6260689451,0.4382482616,29.1989991443
0.000142,0.000142,0.6260689451,0.4382482616,40.7745907144
0.000142,0.000142,0.6260689451,0.4382482616,56.9391861586
0.000142,0.000142,0.6260689451,0.4382482616,79.5120407981
0.000142,0.000142,0.6260689451,0.4382482616,111.0336318168
0.000142,0.000142,0.6260689451,0.4382482616,155.0515779833
0.000142,0.000142,0.6260689451,0.4382482616,216.5199088036
0.000142,0.000142,0.6260689451,0.4382482616,302.3566191205
0.000142,0.000142,0.6260689451,0.4382482616,422.2222595195
0.000142,0.000142,0.6260689451,0.4382482616,589.6071895242
0.000142,0.000142,0.6260689451,0.4382482616,823.3498592289
0.000142,0.000142,0.6260689451,0.4382482616,1149.7569953977
0.000142,0.000142,0.6260689451,0.4382482616,1605.5643098112
0.000142,0.000142,0.6260689451,0.4382482616,2242.0709447806
0.000142,0.000142,0.6260689451,0.4382482616,3130.912969796
0.000142,0.000142,0.6260689451,0.4382482616,4372.1257113904
0.000142,0.000142,0.6260689451,0.4382482616,6105.4022965853
0.000142,0.000142,0.6260689451,0.4695517088,0.1
0.000142,0.000142,0.6260689451,0.4695517088,0.1396437957
0.000142,0.000142,0.6260689451,0.4695517088,0.1950038968
0.000142,0.000142,0.6260689451,0.4695517088,0.2723108433
0.000142,0.000142,0.6260689451,0.4695517088,0.3802651977
0.000142,0.000142,0.6260689451,0.4695517088,0.5310167558
0.000142,0.000142,0.6260689451,0.4695517088,0.7415319537
0.000142,0.000142,0.6260689451,0.4695517088,1.0355033665
0.000142,0.000142,0.6260689451,0.4695517088,1.4460162057
0.000142,0.000142,0.6260689451,0.4695517088,2.0192719162
0.000142,0.000142,0.6260689451,0.4695517088,2.8197879494
0.000142,0.000142,0.6260689451,0.4695517088,3.9376589236
0.000142,0.000142,0.6260689451,0.4695517088,5.498696383
0.000142,0.000142,0.6260689451,0.4695517088,7.6785883437
0.000142,0.000142,0.6260689451,0.4695517088,10.7226722201
0.000142,0.000142,0.6260689451,0.4695517088,14.9735464897
0.000142,0.000142,0.6260689451,0.4695517088,20.9096286705
0.000142,0.000142,0.6260689451,0.4695517088,29.1989991443
0.000142,0.000142,0.6260689451,0.4695517088,40.7745907144
0.000142,0.000142,0.6260689451,0.4695517088,56.9391861586
0.000142,0.000142,0.6260689451,0.4695517088,79.5120407981
0.000142,0.000142,0.6260689451,0.4695517088,111.0336318168
0.000142,0.000142,0.6260689451,0.4695517088,155.0515779833
0.000142,0.000142,0.6260689451,0.4695517088,216.5199088036
0.000142,0.000142,0.6260689451,0.4695517088,302.3566191205
0.000142,0.000142,0.6260689451,0.4695517088,422.2222595195
0.000142,0.000142,0.6260689451,0.4695517088,589.6071895242
0.000142,0.000142,0.6260689451,0.4695517088,823.3498592289
0.000142,0.000142,0.6260689451,0.4695517088,1149.7569953977
0.000142,0.000142,0.6260689451,0.4695517088,1605.5643098112
0.000142,0.000142,0.6260689451,0.4695517088,2242.0709447806
0.000142,0.000142,0.6260689451,0.4695517088,3130.912969796
0.000142,0.000142,0.6260689451,0.4695517088,4372.1257113904
0.000142,0.000142,0.6260689451,0.4695517088,6105.4022965853
0.000142,0.000142,0.6260689451,0.5008551561,0.1
0.000142,0.000142,0.6260689451,0.5008551561,0.1396437957
0.000142,0.000142,0.6260689451,0.5008551561,0.1950038968
0.000142,0.000142,0.6260689451,0.5008551561,0.2723108433
0.000142,0.000142,0.6260689451,0.5008551561,0.3802651977
0.000142,0.000142,0.6260689451,0.5008551561,0.5310167558
0.000142,0.000142,0.6260689451,0.5008551561,0.7415319537
0.000142,0.000142,0.6260689451,0.5008551561,1.0355033665
0.000142,0.000142,0.6260689451,0.5008551561,1.4460162057
0.000142,0.000142,0.6260689451,0.5008551561,2.0192719162
0.000142,0.000142,0.6260689451,0.5008551561,2.8197879494
0.000142,0.000142,0.6260689451,0.5008551561,3.9376589236
0.000142,0.000142,0.6260689451,0.5008551561,5.498696383
0.000142,0.000142,0.6260689451,0.5008551561,7.6785883437
0.000142,0.000142,0.6260689451,0.5008551561,10.7226722201
0.000142,0.000142,0.6260689451,0.5008551561,14.9735464897
0.000142,0.000142,0.6260689451,0.5008551561,20.9096286705
0.000142,0.000142,0.6260689451,0.5008551561,29.1989991443
0.000142,0.000142,0.6260689451,0.5008551561,40.7745907144
0.000142,0.000142,0.6260689451,0.5008551561,56.9391861586
0.000142,0.000142,0.6260689451,0.5008551561,79.5120407981
0.000142,0.000142,0.6260689451,0.5008551561,111.0336318168
0.000142,0.000142,0.6260689451,0.5008551561,155.0515779833
0.000142,0.000142,0.6260689451,0.5008551561,216.5199088036
0.000142,0.000142,0.6260689451,0.5008551561,302.3566191205
0.000142,0.000142,0.6260689451,0.5008551561,422.2222595195
0.000142,0.000142,0.6260689451,0.5008551561,589.6071895242
0.000142,0.000142,0.6260689451,0.5008551561,823.3498592289
0.000142,0.000142,0.6260689451,0.5008551561,1149.7569953977
0.000142,0.000142,0.6260689451,0.5008551561,1605.5643098112
0.000142,0.000142,0.6260689451,0.5008551561,2242.0709447806
0.000142,0.000142,0.6260689451,0.5008551561,3130.912969796
0.000142,0.000142,0.6260689451,0.5008551561,4372.1257113904
0.000142,0.000142,0.6260689451,0.5008551561,6105.4022965853
0.000142,0.000142,0.6260689451,0.5321586033,0.1
0.000142,0.000142,0.6260689451,0.5321586033,0.1396437957
0.000142,0.000142,0.6260689451,0.5321586033,0.1950038968
0.000142,0.000142,0.6260689451,0.5321586033,0.2723108433
0.000142,0.000142,0.6260689451,0.5321586033,0.3802651977
0.000142,0.000142,0.6260689451,0.5321586033,0.5310167558
0.000142,0.000142,0.6260689451,0.5321586033,0.7415319537
0.000142,0.000142,0.6260689451,0.5321586033,1.0355033665
0.000142,0.000142,0.6260689451,0.5321586033,1.4460162057
0.000142,0.000142,0.6260689451,0.5321586033,2.0192719162
0.000142,0.000142,0.6260689451,0.5321586033,2.8197879494
0.000142,0.000142,0.6260689451,0.5321586033,3.9376589236
0.000142,0.000142,0.6260689451,0.5321586033,5.498696383
0.000142,0.000142,0.6260689451,0.5321586033,7.6785883437
0.000142,0.000142,0.6260689451,0.5321586033,10.7226722201
0.000142,0.000142,0.6260689451,0.5321586033,14.9735464897
0.000142,0.000142,0.6260689451,0.5321586033,20.9096286705
0.000142,0.000142,0.6260689451,0.5321586033,29.1989991443
0.000142,0.000142,0.6260689451,0.5321586033,40.7745907144
0.000142,0.000142,0.6260689451,0.5321586033,56.9391861586
0.000142,0.000142,0.6260689451,0.5321586033,79.5120407981
0.000142,0.000142,0.6260689451,0.5321586033,111.0336318168
0.000142,0.000142,0.6260689451,0.5321586033,155.0515779833
0.000142,0.000142,0.6260689451,0.5321586033,216.5199088036
0.000142,0.000142,0.6260689451,0.5321586033,302.3566191205
0.000142,0.000142,0.6260689451,0.5321586033,422.2222595195
0.000142,0.000142,0.6260689451,0.5321586033,589.6071895242
0.000142,0.000142,0.6260689451,0.5321586033,823.3498592289
0.000142,0.000142,0.6260689451,0.5321586033,1149.7569953977
0.000142,0.000142,0.6260689451,0.5321586033,1605.5643098112
0.000142,0.000142,0.6260689451,0.5321586033,2242.0709447806
0.000142,0.000142,0.6260689451,0.5321586033,3130.912969796
0.000142,0.000142,0.6260689451,0.5321586033,4372.1257113904
0.000142,0.000142,0.6260689451,0.5321586033,6105.4022965853
0.000142,0.000142,0.6260689451,0.5634620506,0.1
0.000142,0.000142,0.6260689451,0.5634620506,0.1396437957
0.000142,0.000142,0.6260689451,0.5634620506,0.1950038968
0.000142,0.000142,0.6260689451,0.5634620506,0.2723108433
0.000142,0.000142,0.6260689451,0.5634620506,0.3802651977
0.000142,0.000142,0.6260689451,0.5634620506,0.5310167558
0.000142,0.000142,0.6260689451,0.5634620506,0.7415319537
0.000142,0.000142,0.6260689451,0.5634620506,1.0355033665
0.000142,0.000142,0.6260689451,0.5634620506,1.4460162057
0.000142,0.000142,0.6260689451,0.5634620506,2.0192719162
0.000142,0.000142,0.6260689451,0.5634620506,2.8197879494
0.000142,0.000142,0.6260689451,0.5634620506,3.9376589236
0.000142,0.000142,0.6260689451,0.5634620506,5.498696383
0.000142,0.000142,0.6260689451,0.5634620506,7.6785883437
0.000142,0.000142,0.6260689451,0.5634620506,10.7226722201
0.000142,0.000142,0.6260689451,0.5634620506,14.9735464897
0.000142,0.000142,0.6260689451,0.5634620506,20.9096286705
0.000142,0.000142,0.6260689451,0.5634620506,29.1989991443
0.000142,0.000142,0.6260689451,0.5634620506,40.7745907144
0.000142,0.000142,0.6260689451,0.5634620506,56.9391861586
0.000142,0.000142,0.6260689451,0.5634620506,79.5120407981
0.000142,0.000142,0.6260689451,0.5634620506,111.0336318168
0.000142,0.000142,0.6260689451,0.5634620506,155.0515779833
0.000142,0.000142,0.6260689451,0.5634620506,216.5199088036
0.000142,0.000142,0.6260689451,0.5634620506,302.3566191205
0.000142,0.000142,0.6260689451,0.5634620506,422.2222595195
0.000142,0.000142,0.6260689451,0.5634620506,589.6071895242
0.000142,0.000142,0.6260689451,0.5634620506,823.3498592289
0.000142,0.000142,0.6260689451,0.5634620506,1149.7569953977
0.000142,0.000142,0.6260689451,0.5634620506,1605.5643098112
0.000142,0.000142,0.6260689451,0.5634620506,2242.0709447806
0.000142,0.000142,0.6260689451,0.5634620506,3130.912969796
0.000142,0.000142,0.6260689451,0.5634620506,4372.1257113904
0.000142,0.000142,0.6260689451,0.5634620506,6105.4022965853
0.000142,0.000142,0.6260689451,0.5947654978,0.1
0.000142,0.000142,0.6260689451,0.5947654978,0.1396437957
0.000142,0.000142,0.6260689451,0.5947654978,0.1950038968
0.000142,0.000142,0.6260689451,0.5947654978,0.2723108433
0.000142,0.000142,0.6260689451,0.5947654978,0.3802651977
0.000142,0.000142,0.6260689451,0.5947654978,0.5310167558
0.000142,0.000142,0.6260689451,0.5947654978,0.7415319537
0.000142,0.000142,0.6260689451,0.5947654978,1.0355033665
0.000142,0.000142,0.6260689451,0.5947654978,1.4460162057
0.000142,0.000142,0.6260689451,0.5947654978,2.0192719162
0.000142,0.000142,0.6260689451,0.5947654978,2.8197879494
0.000142,0.000142,0.6260689451,0.5947654978,3.9376589236
0.000142,0.000142,0.6260689451,0.5947654978,5.498696383
0.000142,0.000142,0.6260689451,0.5947654978,7.6785883437
0.000142,0.000142,0.6260689451,0.5947654978,10.7226722201
0.000142,0.000142,0.6260689451,0.5947654978,14.9735464897
0.000142,0.000142,0.6260689451,0.5947654978,20.9096286705
0.000142,0.000142,0.6260689451,0.5947654978,29.1989991443
0.000142,0.000142,0.6260689451,0.5947654978,40.7745907144
0.000142,0.000142,0.6260689451,0.5947654978,56.9391861586
0.000142,0.000142,0.6260689451,0.5947654978,79.5120407981
0.000142,0.000142,0.6260689451,0.5947654978,111.0336318168
0.000142,0.000142,0.6260689451,0.5947654978,155.0515779833
0.000142,0.000142,0.6260689451,0.5947654978,216.5199088036
0.000142,0.000142,0.6260689451,0.5947654978,302.3566191205
0.000142,0.000142,0.6260689451,0.5947654978,422.2222595195
0.000142,0.000142,0.6260689451,0.5947654978,589.6071895242
0.000142,0.000142,0.6260689451,0.5947654978,823.3498592289
0.000142,0.000142,0.6260689451,0.5947654978,1149.7569953977
0.000142,0.000142,0.6260689451,0.5947654978,1605.5643098112
0.000142,0.000142,0.6260689451,0.5947654978,2242.0709447806
0.000142,0.000142,0.6260689451,0.5947654978,3130.912969796
0.000142,0.000142,0.6260689451,0.5947654978,4372.1257113904
0.000142,0.000142,0.6260689451,0.5947654978,6105.4022965853
0.000142,0.000142,0.6260689451,0.6198082556,0.1
0.000142,0.000142,0.6260689451,0.6198082556,0.1396437957
0.000142,0.000142,0.6260689451,0.6198082556,0.1950038968
0.000142,0.000142,0.6260689451,0.6198082556,0.2723108433
0.000142,0.000142,0.6260689451,0.6198082556,0.3802651977
0.000142,0.000142,0.6260689451,0.6198082556,0.5310167558
0.000142,0.000142,0.6260689451,0.6198082556,0.7415319537
0.000142,0.000142,0.6260689451,0.6198082556,1.0355033665
0.000142,0.000142,0.6260689451,0.6198082556,1.4460162057
0.000142,0.000142,0.6260689451,0.6198082556,2.0192719162
0.000142,0.000142,0.6260689451,0.6198082556,2.8197879494
0.000142,0.000142,0.6260689451,0.6198082556,3.9376589236
0.000142,0.000142,0.6260689451,0.6198082556,5.498696383
0.000142,0.000142,0.6260689451,0.6198082556,7.6785883437
0.000142,0.000142,0.6260689451,0.6198082556,10.7226722201
0.000142,0.000142,0.6260689451,0.6198082556,14.9735464897
0.000142,0.000142,0.6260689451,0.6198082556,20.9096286705
0.000142,0.000142,0.6260689451,0.6198082556,29.1989991443
0.000142,0.000142,0.6260689451,0.6198082556,40.7745907144
0.000142,0.000142,0.6260689451,0.6198082556,56.9391861586
0.000142,0.000142,0.6260689451,0.6198082556,79.5120407981
0.000142,0.000142,0.6260689451,0.6198082556,111.0336318168
0.000142,0.000142,0.6260689451,0.6198082556,155.0515779833
0.000142,0.000142,0.6260689451,0.6198082556,216.5199088036
0.000142,0.000142,0.6260689451,0.6198082556,302.3566191205
0.000142,0.000142,0.6260689451,0.6198082556,422.2222595195
0.000142,0.000142,0.6260689451,0.6198082556,589.6071895242
0.000142,0.000142,0.6260689451,0.6198082556,823.3498592289
0.000142,0.000142,0.6260689451,0.6198082556,1149.7569953977
0.000142,0.000142,0.6260689451,0.6198082556,1605.5643098112
0.000142,0.000142,0.6260689451,0.6198082556,2242.0709447806
0.000142,0.000142,0.6260689451,0.6198082556,3130.912969796
0.000142,0.000142,0.6260689451,0.6198082556,4372.1257113904
0.000142,0.000142,0.6260689451,0.6198082556,6105.4022965853
0.000142,0.000142,0.6974005558,0.1046100834,0.1
0.000142,0.000142,0.6974005558,0.1046100834,0.1396437957
0.000142,0.000142,0.6974005558,0.1046100834,0.1950038968
0.000142,0.000142,0.6974005558,0.1046100834,0.2723108433
0.000142,0.000142,0.6974005558,0.1046100834,0.3802651977
0.000142,0.000142,0.6974005558,0.1046100834,0.5310167558
0.000142,0.000142,0.6974005558,0.1046100834,0.7415319537
0.000142,0.000142,0.6974005558,0.1046100834,1.0355033665
0.000142,0.000142,0.6974005558,0.1046100834,1.4460162057
0.000142,0.000142,0.6974005558,0.1046100834,2.0192719162
0.000142,0.000142,0.6974005558,0.1046100834,2.8197879494
0.000142,0.000142,0.6974005558,0.1046100834,3.9376589236
0.000142,0.000142,0.6974005558,0.1046100834,5.498696383
0.000142,0.000142,0.6974005558,0.1046100834,7.6785883437
0.000142,0.000142,0.6974005558,0.1046100834,10.7226722201
0.000142,0.000142,0.6974005558,0.1046100834,14.9735464897
0.000142,0.000142,0.6974005558,0.1046100834,20.9096286705
0.000142,0.000142,0.6974005558,0.1046100834,29.1989991443
0.000142,0.000142,0.6974005558,0.1046100834,40.7745907144
0.000142,0.000142,0.6974005558,0.1046100834,56.9391861586
0.000142,0.000142,0.6974005558,0.1046100834,79.5120407981
0.000142,0.000142,0.6974005558,0.1046100834,111.0336318168
0.000142,0.000142,0.6974005558,0.1046100834,155.0515779833
0.000142,0.000142,0.6974005558,0.1046100834,216.5199088036
0.000142,0.000142,0.6974005558,0.1046100834,302.3566191205
0.000142,0.000142,0.6974005558,0.1046100834,422.2222595195
0.000142,0.000142,0.6974005558,0.1046100834,589.6071895242
0.000142,0.000142,0.6974005558,0.1046100834,823.3498592289
0.000142,0.000142,0.6974005558,0.1046100834,1149.7569953977
0.000142,0.000142,0.6974005558,0.1046100834,1605.5643098112
0.000142,0.000142,0.6974005558,0.1046100834,2242.0709447806
0.000142,0.000142,0.6974005558,0.1046100834,3130.912969796
0.000142,0.000142,0.6974005558,0.1046100834,4372.1257113904
0.000142,0.000142,0.6974005558,0.1046100834,6105.4022965853
0.000142,0.000142,0.6974005558,0.1394801112,0.1
0.000142,0.000142,0.6974005558,0.1394801112,0.1396437957
0.000142,0.000142,0.6974005558,0.1394801112,0.1950038968
0.000142,0.000142,0.6974005558,0.1394801112,0.2723108433
0.000142,0.000142,0.6974005558,0.1394801112,0.3802651977
0.000142,0.000142,0.6974005558,0.1394801112,0.5310167558
0.000142,0.000142,0.6974005558,0.1394801112,0.7415319537
0.000142,0.000142,0.6974005558,0.1394801112,1.0355033665
0.000142,0.000142,0.6974005558,0.1394801112,1.4460162057
0.000142,0.000142,0.6974005558,0.1394801112,2.0192719162
0.000142,0.000142,0.6974005558,0.1394801112,2.8197879494
0.000142,0.000142,0.6974005558,0.1394801112,3.9376589236
0.000142,0.000142,0.6974005558,0.1394801112,5.498696383
0.000142,0.000142,0.6974005558,0.1394801112,7.6785883437
0.000142,0.000142,0.6974005558,0.1394801112,10.7226722201
0.000142,0.000142,0.6974005558,0.1394801112,14.9735464897
0.000142,0.000142,0.6974005558,0.1394801112,20.9096286705
0.000142,0.000142,0.6974005558,0.1394801112,29.1989991443
0.000142,0.000142,0.6974005558,0.1394801112,40.7745907144
0.000142,0.000142,0.6974005558,0.1394801112,56.9391861586
0.000142,0.000142,0.6974005558,0.1394801112,79.5120407981
0.000142,0.000142,0.6974005558,0.1394801112,111.0336318168
0.000142,0.000142,0.6974005558,0.1394801112,155.0515779833
0.000142,0.000142,0.6974005558,0.1394801112,216.5199088036
0.000142,0.000142,0.6974005558,0.1394801112,302.3566191205
0.000142,0.000142,0.6974005558,0.1394801112,422.2222595195
0.000142,0.000142,0.6974005558,0.1394801112,589.6071895242
0.000142,0.000142,0.6974005558,0.1394801112,823.3498592289
0.000142,0.000142,0.6974005558,0.1394801112,1149.7569953977
0.000142,0.000142,0.6974005558,0.1394801112,1605.5643098112
0.000142,0.000142,0.6974005558,0.1394801112,2242.0709447806
0.000142,0.000142,0.6974005558,0.1394801112,3130.912969796
0.000142,0.000142,0.6974005558,0.1394801112,4372.1257113904
0.000142,0.000142,0.6974005558,0.1394801112,6105.4022965853
0.000142,0.000142,0.6974005558,0.174350139,0.1
0.000142,0.000142,0.6974005558,0.174350139,0.1396437957
0.000142,0.000142,0.6974005558,0.174350139,0.1950038968
0.000142,0.000142,0.6974005558,0.174350139,0.2723108433
0.000142,0.000142,0.6974005558,0.174350139,0.3802651977
0.000142,0.000142,0.6974005558,0.174350139,0.5310167558
0.000142,0.000142,0.6974005558,0.174350139,0.7415319537
0.000142,0.000142,0.6974005558,0.174350139,1.0355033665
0.000142,0.000142,0.6974005558,0.174350139,1.4460162057
0.000142,0.000142,0.6974005558,0.174350139,2.0192719162
0.000142,0.000142,0.6974005558,0.174350139,2.8197879494
0.000142,0.000142,0.6974005558,0.174350139,3.9376589236
0.000142,0.000142,0.6974005558,0.174350139,5.498696383
0.000142,0.000142,0.6974005558,0.174350139,7.6785883437
0.000142,0.000142,0.6974005558,0.174350139,10.7226722201
0.000142,0.000142,0.6974005558,0.174350139,14.9735464897
0.000142,0.000142,0.6974005558,0.174350139,20.9096286705
0.000142,0.000142,0.6974005558,0.174350139,29.1989991443
0.000142,0.000142,0.6974005558,0.174350139,40.7745907144
0.000142,0.000142,0.6974005558,0.174350139,56.9391861586
0.000142,0.000142,0.6974005558,0.174350139,79.5120407981
0.000142,0.000142,0.6974005558,0.174350139,111.0336318168
0.000142,0.000142,0.6974005558,0.174350139,155.0515779833
0.000142,0.000142,0.6974005558,0.174350139,216.5199088036
0.000142,0.000142,0.6974005558,0.174350139,302.3566191205
0.000142,0.000142,0.6974005558,0.174350139,422.2222595195
0.000142,0.000142,0.6974005558,0.174350139,589.6071895242
0.000142,0.000142,0.6974005558,0.174350139,823.3498592289
0.000142,0.000142,0.6974005558,0.174350139,1149.7569953977
0.000142,0.000142,0.6974005558,0.174350139,1605.5643098112
0.000142,0.000142,0.6974005558,0.174350139,2242.0709447806
0.000142,0.000142,0.6974005558,0.174350139,3130.912969796
0.000142,0.000142,0.6974005558,0.174350139,4372.1257113904
0.000142,0.000142,0.6974005558,0.174350139,6105.4022965853
0.000142,0.000142,0.6974005558,0.2092201667,0.1
0.000142,0.000142,0.6974005558,0.2092201667,0.1396437957
0.000142,0.000142,0.6974005558,0.2092201667,0.1950038968
0.000142,0.000142,0.6974005558,0.2092201667,0.2723108433
0.000142,0.000142,0.6974005558,0.2092201667,0.3802651977
0.000142,0.000142,0.6974005558,0.2092201667,0.5310167558
0.000142,0.000142,0.6974005558,0.2092201667,0.7415319537
0.000142,0.000142,0.6974005558,0.2092201667,1.0355033665
0.000142,0.000142,0.6974005558,0.2092201667,1.4460162057
0.000142,0.000142,0.6974005558,0.2092201667,2.0192719162
0.000142,0.000142,0.6974005558,0.2092201667,2.8197879494
0.000142,0.000142,0.6974005558,0.2092201667,3.9376589236
0.000142,0.000142,0.6974005558,0.2092201667,5.498696383
0.000142,0.000142,0.6974005558,0.2092201667,7.6785883437
0.000142,0.000142,0.6974005558,0.2092201667,10.7226722201
0.000142,0.000142,0.6974005558,0.2092201667,14.9735464897
0.000142,0.000142,0.6974005558,0.2092201667,20.9096286705
0.000142,0.000142,0.6974005558,0.2092201667,29.1989991443
0.000142,0.000142,0.6974005558,0.2092201667,40.7745907144
0.000142,0.000142,0.6974005558,0.2092201667,56.9391861586
0.000142,0.000142,0.6974005558,0.2092201667,79.5120407981
0.000142,0.000142,0.6974005558,0.2092201667,111.0336318168
0.000142,0.000142,0.6974005558,0.2092201667,155.0515779833
0.000142,0.000142,0.6974005558,0.2092201667,216.5199088036
0.000142,0.000142,0.6974005558,0.2092201667,302.3566191205
0.000142,0.000142,0.6974005558,0.2092201667,422.2222595195
0.000142,0.000142,0.6974005558,0.2092201667,589.6071895242
0.000142,0.000142,0.6974005558,0.2092201667,823.3498592289
0.000142,0.000142,0.6974005558,0.2092201667,1149.7569953977
0.000142,0.000142,0.6974005558,0.2092201667,1605.5643098112
0.000142,0.000142,0.6974005558,0.2092201667,2242.0709447806
0.000142,0.000142,0.6974005558,0.2092201667,3130.912969796
0.000142,0.000142,0.6974005558,0.2092201667,4372.1257113904
0.000142,0.000142,0.6974005558,0.2092201667,6105.4022965853
0.000142,0.000142,0.6974005558,0.2440901945,0.1
0.000142,0.000142,0.6974005558,0.2440901945,0.1396437957
0.000142,0.000142,0.6974005558,0.2440901945,0.1950038968
0.000142,0.000142,0.6974005558,0.2440901945,0.2723108433
0.000142,0.000142,0.6974005558,0.2440901945,0.3802651977
0.000142,0.000142,0.6974005558,0.2440901945,0.5310167558
0.000142,0.000142,0.6974005558,0.2440901945,0.7415319537
0.000142,0.000142,0.6974005558,0.2440901945,1.0355033665
0.000142,0.000142,0.6974005558,0.2440901945,1.4460162057
0.000142,0.000142,0.6974005558,0.2440901945,2.0192719162
0.000142,0.000142,0.6974005558,0.2440901945,2.8197879494
0.000142,0.000142,0.6974005558,0.2440901945,3.9376589236
0.000142,0.000142,0.6974005558,0.2440901945,5.498696383
0.000142,0.000142,0.6974005558,0.2440901945,7.6785883437
0.000142,0.000142,0.6974005558,0.2440901945,10.7226722201
0.000142,0.000142,0.6974005558,0.2440901945,14.9735464897
0.000142,0.000142,0.6974005558,0.2440901945,20.9096286705
0.000142,0.000142,0.6974005558,0.2440901945,29.1989991443
0.000142,0.000142,0.6974005558,0.2440901945,40.7745907144
0.000142,0.000142,0.6974005558,0.2440901945,56.9391861586
0.000142,0.000142,0.6974005558,0.2440901945,79.5120407981
0.000142,0.000142,0.6974005558,0.2440901945,111.0336318168
0.000142,0.000142,0.6974005558,0.2440901945,155.0515779833
0.000142,0.000142,0.6974005558,0.2440901945,216.5199088036
0.000142,0.000142,0.6974005558,0.2440901945,302.3566191205
0.000142,0.000142,0.6974005558,0.2440901945,422.2222595195
0.000142,0.000142,0.6974005558,0.2440901945,589.6071895242
0.000142,0.000142,0.6974005558,0.2440901945,823.3498592289
0.000142,0.000142,0.6974005558,0.2440901945,1149.7569953977
0.000142,0.000142,0.6974005558,0.2440901945,1605.5643098112
0.000142,0.000142,0.6974005558,0.2440901945,2242.0709447806
0.000142,0.000142,0.6974005558,0.2440901945,3130.912969796
0.000142,0.000142,0.6974005558,0.2440901945,4372.1257113904
0.000142,0.000142,0.6974005558,0.2440901945,6105.4022965853
0.000142,0.000142,0.6974005558,0.2789602223,0.1
0.000142,0.000142,0.6974005558,0.2789602223,0.1396437957
0.000142,0.000142,0.6974005558,0.2789602223,0.1950038968
0.000142,0.000142,0.6974005558,0.2789602223,0.2723108433
0.000142,0.000142,0.6974005558,0.2789602223,0.3802651977
0.000142,0.000142,0.6974005558,0.2789602223,0.5310167558
0.000142,0.000142,0.6974005558,0.2789602223,0.7415319537
0.000142,0.000142,0.6974005558,0.2789602223,1.0355033665
0.000142,0.000142,0.6974005558,0.2789602223,1.4460162057
0.000142,0.000142,0.6974005558,0.2789602223,2.0192719162
0.000142,0.000142,0.6974005558,0.2789602223,2.8197879494
0.000142,0.000142,0.6974005558,0.2789602223,3.9376589236
0.000142,0.000142,0.6974005558,0.2789602223,5.498696383
0.000142,0.000142,0.6974005558,0.2789602223,7.6785883437
0.000142,0.000142,0.6974005558,0.2789602223,10.7226722201
0.000142,0.000142,0.6974005558,0.2789602223,14.9735464897
0.000142,0.000142,0.6974005558,0.2789602223,20.9096286705
0.000142,0.000142,0.6974005558,0.2789602223,29.1989991443
0.000142,0.000142,0.6974005558,0.2789602223,40.7745907144
0.000142,0.000142,0.6974005558,0.2789602223,56.9391861586
0.000142,0.000142,0.6974005558,0.2789602223,79.5120407981
0.000142,0.000142,0.6974005558,0.2789602223,111.0336318168
0.000142,0.000142,0.6974005558,0.2789602223,155.0515779833
0.000142,0.000142,0.6974005558,0.2789602223,216.5199088036
0.000142,0.000142,0.6974005558,0.2789602223,302.3566191205
0.000142,0.000142,0.6974005558,0.2789602223,422.2222595195
0.000142,0.000142,0.6974005558,0.2789602223,589.6071895242
0.000142,0.000142,0.6974005558,0.2789602223,823.3498592289
0.000142,0.000142,0.6974005558,0.2789602223,1149.7569953977
0.000142,0.000142,0.6974005558,0.2789602223,1605.5643098112
0.000142,0.000142,0.6974005558,0.2789602223,2242.0709447806
0.000142,0.000142,0.6974005558,0.2789602223,3130.912969796
0.000142,0.000142,0.6974005558,0.2789602223,4372.1257113904
0.000142,0.000142,0.6974005558,0.2789602223,6105.4022965853
0.000142,0.000142,0.6974005558,0.3138302501,0.1
0.000142,0.000142,0.6974005558,0.3138302501,0.1396437957
0.000142,0.000142,0.6974005558,0.3138302501,0.1950038968
0.000142,0.000142,0.6974005558,0.3138302501,0.2723108433
0.000142,0.000142,0.6974005558,0.3138302501,0.3802651977
0.000142,0.000142,0.6974005558,0.3138302501,0.5310167558
0.000142,0.000142,0.6974005558,0.3138302501,0.7415319537
0.000142,0.000142,0.6974005558,0.3138302501,1.0355033665
0.000142,0.000142,0.6974005558,0.3138302501,1.4460162057
0.000142,0.000142,0.6974005558,0.3138302501,2.0192719162
0.000142,0.000142,0.6974005558,0.3138302501,2.8197879494
0.000142,0.000142,0.6974005558,0.3138302501,3.9376589236
0.000142,0.000142,0.6974005558,0.3138302501,5.498696383
0.000142,0.000142,0.6974005558,0.3138302501,7.6785883437
0.000142,0.000142,0.6974005558,0.3138302501,10.7226722201
0.000142,0.000142,0.6974005558,0.3138302501,14.9735464897
0.000142,0.000142,0.6974005558,0.3138302501,20.9096286705
0.000142,0.000142,0.6974005558,0.3138302501,29.1989991443
0.000142,0.000142,0.6974005558,0.3138302501,40.7745907144
0.000142,0.000142,0.6974005558,0.3138302501,56.9391861586
0.000142,0.000142,0.6974005558,0.3138302501,79.5120407981
0.000142,0.000142,0.6974005558,0.3138302501,111.0336318168
0.000142,0.000142,0.6974005558,0.3138302501,155.0515779833
0.000142,0.000142,0.6974005558,0.3138302501,216.5199088036
0.000142,0.000142,0.6974005558,0.3138302501,302.3566191205
0.000142,0.000142,0.6974005558,0.3138302501,422.2222595195
0.000142,0.000142,0.6974005558,0.3138302501,589.6071895242
0.000142,0.000142,0.6974005558,0.3138302501,823.3498592289
0.000142,0.000142,0.6974005558,0.3138302501,1149.7569953977
0.000142,0.000142,0.6974005558,0.3138302501,1605.5643098112
0.000142,0.000142,0.6974005558,0.3138302501,2242.0709447806
0.000142,0.000142,0.6974005558,0.3138302501,3130.912969796
0.000142,0.000142,0.6974005558,0.3138302501,4372.1257113904
0.000142,0.000142,0.6974005558,0.3138302501,6105.4022965853
0.000142,0.000142,0.6974005558,0.3487002779,0.1
0.000142,0.000142,0.6974005558,0.3487002779,0.1396437957
0.000142,0.000142,0.6974005558,0.3487002779,0.1950038968
0.000142,0.000142,0.6974005558,0.3487002779,0.2723108433
0.000142,0.000142,0.6974005558,0.3487002779,0.3802651977
0.000142,0.000142,0.6974005558,0.3487002779,0.5310167558
0.000142,0.000142,0.6974005558,0.3487002779,0.7415319537
0.000142,0.000142,0.6974005558,0.3487002779,1.0355033665
0.000142,0.000142,0.6974005558,0.3487002779,1.4460162057
0.000142,0.000142,0.6974005558,0.3487002779,2.0192719162
0.000142,0.000142,0.6974005558,0.3487002779,2.8197879494
0.000142,0.000142,0.6974005558,0.3487002779,3.9376589236
0.000142,0.000142,0.6974005558,0.3487002779,5.498696383
0.000142,0.000142,0.6974005558,0.3487002779,7.6785883437
0.000142,0.000142,0.6974005558,0.3487002779,10.7226722201
0.000142,0.000142,0.6974005558,0.3487002779,14.9735464897
0.000142,0.000142,0.6974005558,0.3487002779,20.9096286705
0.000142,0.000142,0.6974005558,0.3487002779,29.1989991443
0.000142,0.000142,0.6974005558,0.3487002779,40.7745907144
0.000142,0.000142,0.6974005558,0.3487002779,56.9391861586
0.000142,0.000142,0.6974005558,0.3487002779,79.5120407981
0.000142,0.000142,0.6974005558,0.3487002779,111.0336318168
0.000142,0.000142,0.6974005558,0.3487002779,155.0515779833
0.000142,0.000142,0.6974005558,0.3487002779,216.5199088036
0.000142,0.000142,0.6974005558,0.3487002779,302.3566191205
0.000142,0.000142,0.6974005558,0.3487002779,422.2222595195
0.000142,0.000142,0.6974005558,0.3487002779,589.6071895242
0.000142,0.000142,0.6974005558,0.3487002779,823.3498592289
0.000142,0.000142,0.6974005558,0.3487002779,1149.7569953977
0.000142,0.000142,0.6974005558,0.3487002779,1605.5643098112
0.000142,0.000142,0.6974005558,0.3487002779,2242.0709447806
0.000142,0.000142,0.6974005558,0.3487002779,3130.912969796
0.000142,0.000142,0.6974005558,0.3487002779,4372.1257113904
0.000142,0.000142,0.6974005558,0.3487002779,6105.4022965853
0.000142,0.000142,0.6974005558,0.3835703057,0.1
0.000142,0.000142,0.6974005558,0.3835703057,0.1396437957
0.000142,0.000142,0.6974005558,0.3835703057,0.1950038968
0.000142,0.000142,0.6974005558,0.3835703057,0.2723108433
0.000142,0.000142,0.6974005558,0.3835703057,0.3802651977
0.000142,0.000142,0.6974005558,0.3835703057,0.5310167558
0.000142,0.000142,0.6974005558,0.3835703057,0.7415319537
0.000142,0.000142,0.6974005558,0.3835703057,1.0355033665
0.000142,0.000142,0.6974005558,0.3835703057,1.4460162057
0.000142,0.000142,0.6974005558,0.3835703057,2.0192719162
0.000142,0.000142,0.6974005558,0.3835703057,2.8197879494
0.000142,0.000142,0.6974005558,0.3835703057,3.9376589236
0.000142,0.000142,0.6974005558,0.3835703057,5.498696383
0.000142,0.000142,0.6974005558,0.3835703057,7.6785883437
0.000142,0.000142,0.6974005558,0.3835703057,10.7226722201
0.000142,0.000142,0.6974005558,0.3835703057,14.9735464897
0.000142,0.000142,0.6974005558,0.3835703057,20.9096286705
0.000142,0.000142,0.6974005558,0.3835703057,29.1989991443
0.000142,0.000142,0.6974005558,0.3835703057,40.7745907144
0.000142,0.000142,0.6974005558,0.3835703057,56.9391861586
0.000142,0.000142,0.6974005558,0.3835703057,79.5120407981
0.000142,0.000142,0.6974005558,0.3835703057,111.0336318168
0.000142,0.000142,0.6974005558,0.3835703057,155.0515779833
0.000142,0.000142,0.6974005558,0.3835703057,216.5199088036
0.000142,0.000142,0.6974005558,0.3835703057,302.3566191205
0.000142,0.000142,0.6974005558,0.3835703057,422.2222595195
0.000142,0.000142,0.6974005558,0.3835703057,589.6071895242
0.000142,0.000142,0.6974005558,0.3835703057,823.3498592289
0.000142,0.000142,0.6974005558,0.3835703057,1149.7569953977
0.000142,0.000142,0.6974005558,0.3835703057,1605.5643098112
0.000142,0.000142,0.6974005558,0.3835703057,2242.0709447806
0.000142,0.000142,0.6974005558,0.3835703057,3130.912969796
0.000142,0.000142,0.6974005558,0.3835703057,4372.1257113904
0.000142,0.000142,0.6974005558,0.3835703057,6105.4022965853
0.000142,0.000142,0.6974005558,0.4184403335,0.1
0.000142,0.000142,0.6974005558,0.4184403335,0.1396437957
0.000142,0.000142,0.6974005558,0.4184403335,0.1950038968
0.000142,0.000142,0.6974005558,0.4184403335,0.2723108433
0.000142,0.000142,0.6974005558,0.4184403335,0.3802651977
0.000142,0.000142,0.6974005558,0.4184403335,0.5310167558
0.000142,0.000142,0.6974005558,0.4184403335,0.7415319537
0.000142,0.000142,0.6974005558,0.4184403335,1.0355033665
0.000142,0.000142,0.6974005558,0.4184403335,1.4460162057
0.000142,0.000142,0.6974005558,0.4184403335,2.0192719162
0.000142,0.000142,0.6974005558,0.4184403335,2.8197879494
0.000142,0.000142,0.6974005558,0.4184403335,3.9376589236
0.000142,0.000142,0.6974005558,0.4184403335,5.498696383
0.000142,0.000142,0.6974005558,0.4184403335,7.6785883437
0.000142,0.000142,0.6974005558,0.4184403335,10.7226722201
0.000142,0.000142,0.6974005558,0.4184403335,14.9735464897
0.000142,0.000142,0.6974005558,0.4184403335,20.9096286705
0.000142,0.000142,0.6974005558,0.4184403335,29.1989991443
0.000142,0.000142,0.6974005558,0.4184403335,40.7745907144
0.000142,0.000142,0.6974005558,0.4184403335,56.9391861586
0.000142,0.000142,0.6974005558,0.4184403335,79.5120407981
0.000142,0.000142,0.6974005558,0.4184403335,111.0336318168
0.000142,0.000142,0.6974005558,0.4184403335,155.0515779833
0.000142,0.000142,0.6974005558,0.4184403335,216.5199088036
0.000142,0.000142,0.6974005558,0.4184403335,302.3566191205
0.000142,0.000142,0.6974005558,0.4184403335,422.2222595195
0.000142,0.000142,0.6974005558,0.4184403335,589.6071895242
0.000142,0.000142,0.6974005558,0.4184403335,823.3498592289
0.000142,0.000142,0.6974005558,0.4184403335,1149.7569953977
0.000142,0.000142,0.6974005558,0.4184403335,1605.5643098112
0.000142,0.000142,0.6974005558,0.4184403335,2242.0709447806
0.000142,0.000142,0.6974005558,0.4184403335,3130.912969796
0.000142,0.000142,0.6974005558,0.4184403335,4372.1257113904
0.000142,0.000142,0.6974005558,0.4184403335,6105.4022965853
0.000142,0.000142,0.6974005558,0.4533103613,0.1
0.000142,0.000142,0.6974005558,0.4533103613,0.1396437957
0.000142,0.000142,0.6974005558,0.4533103613,0.1950038968
0.000142,0.000142,0.6974005558,0.4533103613,0.2723108433
0.000142,0.000142,0.6974005558,0.4533103613,0.3802651977
0.000142,0.000142,0.6974005558,0.4533103613,0.5310167558
0.000142,0.000142,0.6974005558,0.4533103613,0.7415319537
0.000142,0.000142,0.6974005558,0.4533103613,1.0355033665
0.000142,0.000142,0.6974005558,0.4533103613,1.4460162057
0.000142,0.000142,0.6974005558,0.4533103613,2.0192719162
0.000142,0.000142,0.6974005558,0.4533103613,2.8197879494
0.000142,0.000142,0.6974005558,0.4533103613,3.9376589236
0.000142,0.000142,0.6974005558,0.4533103613,5.498696383
0.000142,0.000142,0.6974005558,0.4533103613,7.6785883437
0.000142,0.000142,0.6974005558,0.4533103613,10.7226722201
0.000142,0.000142,0.6974005558,0.4533103613,14.9735464897
0.000142,0.000142,0.6974005558,0.4533103613,20.9096286705
0.000142,0.000142,0.6974005558,0.4533103613,29.1989991443
0.000142,0.000142,0.6974005558,0.4533103613,40.7745907144
0.000142,0.000142,0.6974005558,0.4533103613,56.9391861586
0.000142,0.000142,0.6974005558,0.4533103613,79.5120407981
0.000142,0.000142,0.6974005558,0.4533103613,111.0336318168
0.000142,0.000142,0.6974005558,0.4533103613,155.0515779833
0.000142,0.000142,0.6974005558,0.4533103613,216.5199088036
0.000142,0.000142,0.6974005558,0.4533103613,302.3566191205
0.000142,0.000142,0.6974005558,0.4533103613,422.2222595195
0.000142,0.000142,0.6974005558,0.4533103613,589.6071895242
0.000142,0.000142,0.6974005558,0.4533103613,823.3498592289
0.000142,0.000142,0.6974005558,0.4533103613,1149.7569953977
0.000142,0.000142,0.6974005558,0.4533103613,1605.5643098112
0.000142,0.000142,0.6974005558,0.4533103613,2242.0709447806
0.000142,0.000142,0.6974005558,0.4533103613,3130.912969796
0.000142,0.000142,0.6974005558,0.4533103613,4372.1257113904
0.000142,0.000142,0.6974005558,0.4533103613,6105.4022965853
0.000142,0.000142,0.6974005558,0.4881803891,0.1
0.000142,0.000142,0.6974005558,0.4881803891,0.1396437957
0.000142,0.000142,0.6974005558,0.4881803891,0.1950038968
0.000142,0.000142,0.6974005558,0.4881803891,0.2723108433
0.000142,0.000142,0.6974005558,0.4881803891,0.3802651977
0.000142,0.000142,0.6974005558,0.4881803891,0.5310167558
0.000142,0.000142,0.6974005558,0.4881803891,0.7415319537
0.000142,0.000142,0.6974005558,0.4881803891,1.0355033665
0.000142,0.000142,0.6974005558,0.4881803891,1.4460162057
0.000142,0.000142,0.6974005558,0.4881803891,2.0192719162
0.000142,0.000142,0.6974005558,0.4881803891,2.8197879494
0.000142,0.000142,0.6974005558,0.4881803891,3.9376589236
0.000142,0.000142,0.6974005558,0.4881803891,5.498696383
0.000142,0.000142,0.6974005558,0.4881803891,7.6785883437
0.000142,0.000142,0.6974005558,0.4881803891,10.7226722201
0.000142,0.000142,0.6974005558,0.4881803891,14.9735464897
0.000142,0.000142,0.6974005558,0.4881803891,20.9096286705
0.000142,0.000142,0.6974005558,0.4881803891,29.1989991443
0.000142,0.000142,0.6974005558,0.4881803891,40.7745907144
0.000142,0.000142,0.6974005558,0.4881803891,56.9391861586
0.000142,0.000142,0.6974005558,0.4881803891,79.5120407981
0.000142,0.000142,0.6974005558,0.4881803891,111.0336318168
0.000142,0.000142,0.6974005558,0.4881803891,155.0515779833
0.000142,0.000142,0.6974005558,0.4881803891,216.5199088036
0.000142,0.000142,0.6974005558,0.4881803891,302.3566191205
0.000142,0.000142,0.6974005558,0.4881803891,422.2222595195
0.000142,0.000142,0.6974005558,0.4881803891,589.6071895242
0.000142,0.000142,0.6974005558,0.4881803891,823.3498592289
0.000142,0.000142,0.6974005558,0.4881803891,1149.7569953977
0.000142,0.000142,0.6974005558,0.4881803891,1605.5643098112
0.000142,0.000142,0.6974005558,0.4881803891,2242.0709447806
0.000142,0.000142,0.6974005558,0.4881803891,3130.912969796
0.000142,0.000142,0.6974005558,0.4881803891,4372.1257113904
0.000142,0.000142,0.6974005558,0.4881803891,6105.4022965853
0.000142,0.000142,0.6974005558,0.5230504169,0.1
0.000142,0.000142,0.6974005558,0.5230504169,0.1396437957
0.000142,0.000142,0.6974005558,0.5230504169,0.1950038968
0.000142,0.000142,0.6974005558,0.5230504169,0.2723108433
0.000142,0.000142,0.6974005558,0.5230504169,0.3802651977
0.000142,0.000142,0.6974005558,0.5230504169,0.5310167558
0.000142,0.000142,0.6974005558,0.5230504169,0.7415319537
0.000142,0.000142,0.6974005558,0.5230504169,1.0355033665
0.000142,0.000142,0.6974005558,0.5230504169,1.4460162057
0.000142,0.000142,0.6974005558,0.5230504169,2.0192719162
0.000142,0.000142,0.6974005558,0.5230504169,2.8197879494
0.000142,0.000142,0.6974005558,0.5230504169,3.9376589236
0.000142,0.000142,0.6974005558,0.5230504169,5.498696383
0.000142,0.000142,0.6974005558,0.5230504169,7.6785883437
0.000142,0.000142,0.6974005558,0.5230504169,10.7226722201
0.000142,0.000142,0.6974005558,0.5230504169,14.9735464897
0.000142,0.000142,0.6974005558,0.5230504169,20.9096286705
0.000142,0.000142,0.6974005558,0.5230504169,29.1989991443
0.000142,0.000142,0.6974005558,0.5230504169,40.7745907144
0.000142,0.000142,0.6974005558,0.5230504169,56.9391861586
0.000142,0.000142,0.6974005558,0.5230504169,79.5120407981
0.000142,0.000142,0.6974005558,0.5230504169,111.0336318168
0.000142,0.000142,0.6974005558,0.5230504169,155.0515779833
0.000142,0.000142,0.6974005558,0.5230504169,216.5199088036
0.000142,0.000142,0.6974005558,0.5230504169,302.3566191205
0.000142,0.000142,0.6974005558,0.5230504169,422.2222595195
0.000142,0.000142,0.6974005558,0.5230504169,589.6071895242
0.000142,0.000142,0.6974005558,0.5230504169,823.3498592289
0.000142,0.000142,0.6974005558,0.5230504169,1149.7569953977
0.000142,0.000142,0.6974005558,0.5230504169,1605.5643098112
0.000142,0.000142,0.6974005558,0.5230504169,2242.0709447806
0.000142,0.000142,0.6974005558,0.5230504169,3130.912969796
0.000142,0.000142,0.6974005558,0.5230504169,4372.1257113904
0.000142,0.000142,0.6974005558,0.5230504169,6105.4022965853
0.000142,0.000142,0.6974005558,0.5579204447,0.1
0.000142,0.000142,0.6974005558,0.5579204447,0.1396437957
0.000142,0.000142,0.6974005558,0.5579204447,0.1950038968
0.000142,0.000142,0.6974005558,0.5579204447,0.2723108433
0.000142,0.000142,0.6974005558,0.5579204447,0.3802651977
0.000142,0.000142,0.6974005558,0.5579204447,0.5310167558
0.000142,0.000142,0.6974005558,0.5579204447,0.7415319537
0.000142,0.000142,0.6974005558,0.5579204447,1.0355033665
0.000142,0.000142,0.6974005558,0.5579204447,1.4460162057
0.000142,0.000142,0.6974005558,0.5579204447,2.0192719162
0.000142,0.000142,0.6974005558,0.5579204447,2.8197879494
0.000142,0.000142,0.6974005558,0.5579204447,3.9376589236
0.000142,0.000142,0.6974005558,0.5579204447,5.498696383
0.000142,0.000142,0.6974005558,0.5579204447,7.6785883437
0.000142,0.000142,0.6974005558,0.5579204447,10.7226722201
0.000142,0.000142,0.6974005558,0.5579204447,14.9735464897
0.000142,0.000142,0.6974005558,0.5579204447,20.9096286705
0.000142,0.000142,0.6974005558,0.5579204447,29.1989991443
0.000142,0.000142,0.6974005558,0.5579204447,40.7745907144
0.000142,0.000142,0.6974005558,0.5579204447,56.9391861586
0.000142,0.000142,0.6974005558,0.5579204447,79.5120407981
0.000142,0.000142,0.6974005558,0.5579204447,111.0336318168
0.000142,0.000142,0.6974005558,0.5579204447,155.0515779833
0.000142,0.000142,0.6974005558,0.5579204447,216.5199088036
0.000142,0.000142,0.6974005558,0.5579204447,302.3566191205
0.000142,0.000142,0.6974005558,0.5579204447,422.2222595195
0.000142,0.000142,0.6974005558,0.5579204447,589.6071895242
0.000142,0.000142,0.6974005558,0.5579204447,823.3498592289
0.000142,0.000142,0.6974005558,0.5579204447,1149.7569953977
0.000142,0.000142,0.6974005558,0.5579204447,1605.5643098112
0.000142,0.000142,0.6974005558,0.5579204447,2242.0709447806
0.000142,0.000142,0.6974005558,0.5579204447,3130.912969796
0.000142,0.000142,0.6974005558,0.5579204447,4372.1257113904
0.000142,0.000142,0.6974005558,0.5579204447,6105.4022965853
0.000142,0.000142,0.6974005558,0.5927904725,0.1
0.000142,0.000142,0.6974005558,0.5927904725,0.1396437957
0.000142,0.000142,0.6974005558,0.5927904725,0.1950038968
0.000142,0.000142,0.6974005558,0.5927904725,0.2723108433
0.000142,0.000142,0.6974005558,0.5927904725,0.3802651977
0.000142,0.000142,0.6974005558,0.5927904725,0.5310167558
0.000142,0.000142,0.6974005558,0.5927904725,0.7415319537
0.000142,0.000142,0.6974005558,0.5927904725,1.0355033665
0.000142,0.000142,0.6974005558,0.5927904725,1.4460162057
0.000142,0.000142,0.6974005558,0.5927904725,2.0192719162
0.000142,0.000142,0.6974005558,0.5927904725,2.8197879494
0.000142,0.000142,0.6974005558,0.5927904725,3.9376589236
0.000142,0.000142,0.6974005558,0.5927904725,5.498696383
0.000142,0.000142,0.6974005558,0.5927904725,7.6785883437
0.000142,0.000142,0.6974005558,0.5927904725,10.7226722201
0.000142,0.000142,0.6974005558,0.5927904725,14.9735464897
0.000142,0.000142,0.6974005558,0.5927904725,20.9096286705
0.000142,0.000142,0.6974005558,0.5927904725,29.1989991443
0.000142,0.000142,0.6974005558,0.5927904725,40.7745907144
0.000142,0.000142,0.6974005558,0.5927904725,56.9391861586
0.000142,0.000142,0.6974005558,0.5927904725,79.5120407981
0.000142,0.000142,0.6974005558,0.5927904725,111.0336318168
0.000142,0.000142,0.6974005558,0.5927904725,155.0515779833
0.000142,0.000142,0.6974005558,0.5927904725,216.5199088036
0.000142,0.000142,0.6974005558,0.5927904725,302.3566191205
0.000142,0.000142,0.6974005558,0.5927904725,422.2222595195
0.000142,0.000142,0.6974005558,0.5927904725,589.6071895242
0.000142,0.000142,0.6974005558,0.5927904725,823.3498592289
0.000142,0.000142,0.6974005558,0.5927904725,1149.7569953977
0.000142,0.000142,0.6974005558,0.5927904725,1605.5643098112
0.000142,0.000142,0.6974005558,0.5927904725,2242.0709447806
0.000142,0.000142,0.6974005558,0.5927904725,3130.912969796
0.000142,0.000142,0.6974005558,0.5927904725,4372.1257113904
0.000142,0.000142,0.6974005558,0.5927904725,6105.4022965853
0.000142,0.000142,0.6974005558,0.6276605002,0.1
0.000142,0.000142,0.6974005558,0.6276605002,0.1396437957
0.000142,0.000142,0.6974005558,0.6276605002,0.1950038968
0.000142,0.000142,0.6974005558,0.6276605002,0.2723108433
0.000142,0.000142,0.6974005558,0.6276605002,0.3802651977
0.000142,0.000142,0.6974005558,0.6276605002,0.5310167558
0.000142,0.000142,0.6974005558,0.6276605002,0.7415319537
0.000142,0.000142,0.6974005558,0.6276605002,1.0355033665
0.000142,0.000142,0.6974005558,0.6276605002,1.4460162057
0.000142,0.000142,0.6974005558,0.6276605002,2.0192719162
0.000142,0.000142,0.6974005558,0.6276605002,2.8197879494
0.000142,0.000142,0.6974005558,0.6276605002,3.9376589236
0.000142,0.000142,0.6974005558,0.6276605002,5.498696383
0.000142,0.000142,0.6974005558,0.6276605002,7.6785883437
0.000142,0.000142,0.6974005558,0.6276605002,10.7226722201
0.000142,0.000142,0.6974005558,0.6276605002,14.9735464897
0.000142,0.000142,0.6974005558,0.6276605002,20.9096286705
0.000142,0.000142,0.6974005558,0.6276605002,29.1989991443
0.000142,0.000142,0.6974005558,0.6276605002,40.7745907144
0.000142,0.000142,0.6974005558,0.6276605002,56.9391861586
0.000142,0.000142,0.6974005558,0.6276605002,79.5120407981
0.000142,0.000142,0.6974005558,0.6276605002,111.0336318168
0.000142,0.000142,0.6974005558,0.6276605002,155.0515779833
0.000142,0.000142,0.6974005558,0.6276605002,216.5199088036
0.000142,0.000142,0.6974005558,0.6276605002,302.3566191205
0.000142,0.000142,0.6974005558,0.6276605002,422.2222595195
0.000142,0.000142,0.6974005558,0.6276605002,589.6071895242
0.000142,0.000142,0.6974005558,0.6276605002,823.3498592289
0.000142,0.000142,0.6974005558,0.6276605002,1149.7569953977
0.000142,0.000142,0.6974005558,0.6276605002,1605.5643098112
0.000142,0.000142,0.6974005558,0.6276605002,2242.0709447806
0.000142,0.000142,0.6974005558,0.6276605002,3130.912969796
0.000142,0.000142,0.6974005558,0.6276605002,4372.1257113904
0.000142,0.000142,0.6974005558,0.6276605002,6105.4022965853
0.000142,0.000142,0.6974005558,0.662530528,0.1
0.000142,0.000142,0.6974005558,0.662530528,0.1396437957
0.000142,0.000142,0.6974005558,0.662530528,0.1950038968
0.000142,0.000142,0.6974005558,0.662530528,0.2723108433
0.000142,0.000142,0.6974005558,0.662530528,0.3802651977
0.000142,0.000142,0.6974005558,0.662530528,0.5310167558
0.000142,0.000142,0.6974005558,0.662530528,0.7415319537
0.000142,0.000142,0.6974005558,0.662530528,1.0355033665
0.000142,0.000142,0.6974005558,0.662530528,1.4460162057
0.000142,0.000142,0.6974005558,0.662530528,2.0192719162
0.000142,0.000142,0.6974005558,0.662530528,2.8197879494
0.000142,0.000142,0.6974005558,0.662530528,3.9376589236
0.000142,0.000142,0.6974005558,0.662530528,5.498696383
0.000142,0.000142,0.6974005558,0.662530528,7.6785883437
0.000142,0.000142,0.6974005558,0.662530528,10.7226722201
0.000142,0.000142,0.6974005558,0.662530528,14.9735464897
0.000142,0.000142,0.6974005558,0.662530528,20.9096286705
0.000142,0.000142,0.6974005558,0.662530528,29.1989991443
0.000142,0.000142,0.6974005558,0.662530528,40.7745907144
0.000142,0.000142,0.6974005558,0.662530528,56.9391861586
0.000142,0.000142,0.6974005558,0.662530528,79.5120407981
0.000142,0.000142,0.6974005558,0.662530528,111.0336318168
0.000142,0.000142,0.6974005558,0.662530528,155.0515779833
0.000142,0.000142,0.6974005558,0.662530528,216.5199088036
0.000142,0.000142,0.6974005558,0.662530528,302.3566191205
0.000142,0.000142,0.6974005558,0.662530528,422.2222595195
0.000142,0.000142,0.6974005558,0.662530528,589.6071895242
0.000142,0.000142,0.6974005558,0.662530528,823.3498592289
0.000142,0.000142,0.6974005558,0.662530528,1149.7569953977
0.000142,0.000142,0.6974005558,0.662530528,1605.5643098112
0.000142,0.000142,0.6974005558,0.662530528,2242.0709447806
0.000142,0.000142,0.6974005558,0.662530528,3130.912969796
0.000142,0.000142,0.6974005558,0.662530528,4372.1257113904
0.000142,0.000142,0.6974005558,0.662530528,6105.4022965853
0.000142,0.000142,0.6974005558,0.6904265503,0.1
0.000142,0.000142,0.6974005558,0.6904265503,0.1396437957
0.000142,0.000142,0.6974005558,0.6904265503,0.1950038968
0.000142,0.000142,0.6974005558,0.6904265503,0.2723108433
0.000142,0.000142,0.6974005558,0.6904265503,0.3802651977
0.000142,0.000142,0.6974005558,0.6904265503,0.5310167558
0.000142,0.000142,0.6974005558,0.6904265503,0.7415319537
0.000142,0.000142,0.6974005558,0.6904265503,1.0355033665
0.000142,0.000142,0.6974005558,0.6904265503,1.4460162057
0.000142,0.000142,0.6974005558,0.6904265503,2.0192719162
0.000142,0.000142,0.6974005558,0.6904265503,2.8197879494
0.000142,0.000142,0.6974005558,0.6904265503,3.9376589236
0.000142,0.000142,0.6974005558,0.6904265503,5.498696383
0.000142,0.000142,0.6974005558,0.6904265503,7.6785883437
0.000142,0.000142,0.6974005558,0.6904265503,10.7226722201
0.000142,0.000142,0.6974005558,0.6904265503,14.9735464897
0.000142,0.000142,0.6974005558,0.6904265503,20.9096286705
0.000142,0.000142,0.6974005558,0.6904265503,29.1989991443
0.000142,0.000142,0.6974005558,0.6904265503,40.7745907144
0.000142,0.000142,0.6974005558,0.6904265503,56.9391861586
0.000142,0.000142,0.6974005558,0.6904265503,79.5120407981
0.000142,0.000142,0.6974005558,0.6904265503,111.0336318168
0.000142,0.000142,0.6974005558,0.6904265503,155.0515779833
0.000142,0.000142,0.6974005558,0.6904265503,216.5199088036
0.000142,0.000142,0.6974005558,0.6904265503,302.3566191205
0.000142,0.000142,0.6974005558,0.6904265503,422.2222595195
0.000142,0.000142,0.6974005558,0.6904265503,589.6071895242
0.000142,0.000142,0.6974005558,0.6904265503,823.3498592289
0.000142,0.000142,0.6974005558,0.6904265503,1149.7569953977
0.000142,0.000142,0.6974005558,0.6904265503,1605.5643098112
0.000142,0.000142,0.6974005558,0.6904265503,2242.0709447806
0.000142,0.000142,0.6974005558,0.6904265503,3130.912969796
0.000142,0.000142,0.6974005558,0.6904265503,4372.1257113904
0.000142,0.000142,0.6974005558,0.6904265503,6105.4022965853
0.000142,0.000142,0.7768593844,0.1165289077,0.1
0.000142,0.000142,0.7768593844,0.1165289077,0.1396437957
0.000142,0.000142,0.7768593844,0.1165289077,0.1950038968
0.000142,0.000142,0.7768593844,0.1165289077,0.2723108433
0.000142,0.000142,0.7768593844,0.1165289077,0.3802651977
0.000142,0.000142,0.7768593844,0.1165289077,0.5310167558
0.000142,0.000142,0.7768593844,0.1165289077,0.7415319537
0.000142,0.000142,0.7768593844,0.1165289077,1.0355033665
0.000142,0.000142,0.7768593844,0.1165289077,1.4460162057
0.000142,0.000142,0.7768593844,0.1165289077,2.0192719162
0.000142,0.000142,0.7768593844,0.1165289077,2.8197879494
0.000142,0.000142,0.7768593844,0.1165289077,3.9376589236
0.000142,0.000142,0.7768593844,0.1165289077,5.498696383
0.000142,0.000142,0.7768593844,0.1165289077,7.6785883437
0.000142,0.000142,0.7768593844,0.1165289077,10.7226722201
0.000142,0.000142,0.7768593844,0.1165289077,14.9735464897
0.000142,0.000142,0.7768593844,0.1165289077,20.9096286705
0.000142,0.000142,0.7768593844,0.1165289077,29.1989991443
0.000142,0.000142,0.7768593844,0.1165289077,40.7745907144
0.000142,0.000142,0.7768593844,0.1165289077,56.9391861586
0.000142,0.000142,0.7768593844,0.1165289077,79.5120407981
0.000142,0.000142,0.7768593844,0.1165289077,111.0336318168
0.000142,0.000142,0.7768593844,0.1165289077,155.0515779833
0.000142,0.000142,0.7768593844,0.1165289077,216.5199088036
0.000142,0.000142,0.7768593844,0.1165289077,302.3566191205
0.000142,0.000142,0.7768593844,0.1165289077,422.2222595195
0.000142,0.000142,0.7768593844,0.1165289077,589.6071895242
0.000142,0.000142,0.7768593844,0.1165289077,823.3498592289
0.000142,0.000142,0.7768593844,0.1165289077,1149.7569953977
0.000142,0.000142,0.7768593844,0.1165289077,1605.5643098112
0.000142,0.000142,0.7768593844,0.1165289077,2242.0709447806
0.000142,0.000142,0.7768593844,0.1165289077,3130.912969796
0.000142,0.000142,0.7768593844,0.1165289077,4372.1257113904
0.000142,0.000142,0.7768593844,0.1165289077,6105.4022965853
0.000142,0.000142,0.7768593844,0.1553718769,0.1
0.000142,0.000142,0.7768593844,0.1553718769,0.1396437957
0.000142,0.000142,0.7768593844,0.1553718769,0.1950038968
0.000142,0.000142,0.7768593844,0.1553718769,0.2723108433
0.000142,0.000142,0.7768593844,0.1553718769,0.3802651977
0.000142,0.000142,0.7768593844,0.1553718769,0.5310167558
0.000142,0.000142,0.7768593844,0.1553718769,0.7415319537
0.000142,0.000142,0.7768593844,0.1553718769,1.0355033665
0.000142,0.000142,0.7768593844,0.1553718769,1.4460162057
0.000142,0.000142,0.7768593844,0.1553718769,2.0192719162
0.000142,0.000142,0.7768593844,0.1553718769,2.8197879494
0.000142,0.000142,0.7768593844,0.1553718769,3.9376589236
0.000142,0.000142,0.7768593844,0.1553718769,5.498696383
0.000142,0.000142,0.7768593844,0.1553718769,7.6785883437
0.000142,0.000142,0.7768593844,0.1553718769,10.7226722201
0.000142,0.000142,0.7768593844,0.1553718769,14.9735464897
0.000142,0.000142,0.7768593844,0.1553718769,20.9096286705
0.000142,0.000142,0.7768593844,0.1553718769,29.1989991443
0.000142,0.000142,0.7768593844,0.1553718769,40.7745907144
0.000142,0.000142,0.7768593844,0.1553718769,56.9391861586
0.000142,0.000142,0.7768593844,0.1553718769,79.5120407981
0.000142,0.000142,0.7768593844,0.1553718769,111.0336318168
0.000142,0.000142,0.7768593844,0.1553718769,155.0515779833
0.000142,0.000142,0.7768593844,0.1553718769,216.5199088036
0.000142,0.000142,0.7768593844,0.1553718769,302.3566191205
0.000142,0.000142,0.7768593844,0.1553718769,422.2222595195
0.000142,0.000142,0.7768593844,0.1553718769,589.6071895242
0.000142,0.000142,0.7768593844,0.1553718769,823.3498592289
0.000142,0.000142,0.7768593844,0.1553718769,1149.7569953977
0.000142,0.000142,0.7768593844,0.1553718769,1605.5643098112
0.000142,0.000142,0.7768593844,0.1553718769,2242.0709447806
0.000142,0.000142,0.7768593844,0.1553718769,3130.912969796
0.000142,0.000142,0.7768593844,0.1553718769,4372.1257113904
0.000142,0.000142,0.7768593844,0.1553718769,6105.4022965853
0.000142,0.000142,0.7768593844,0.1942148461,0.1
0.000142,0.000142,0.7768593844,0.1942148461,0.1396437957
0.000142,0.000142,0.7768593844,0.1942148461,0.1950038968
0.000142,0.000142,0.7768593844,0.1942148461,0.2723108433
0.000142,0.000142,0.7768593844,0.1942148461,0.3802651977
0.000142,0.000142,0.7768593844,0.1942148461,0.5310167558
0.000142,0.000142,0.7768593844,0.1942148461,0.7415319537
0.000142,0.000142,0.7768593844,0.1942148461,1.0355033665
0.000142,0.000142,0.7768593844,0.1942148461,1.4460162057
0.000142,0.000142,0.7768593844,0.1942148461,2.0192719162
0.000142,0.000142,0.7768593844,0.1942148461,2.8197879494
0.000142,0.000142,0.7768593844,0.1942148461,3.9376589236
0.000142,0.000142,0.7768593844,0.1942148461,5.498696383
0.000142,0.000142,0.7768593844,0.1942148461,7.6785883437
0.000142,0.000142,0.7768593844,0.1942148461,10.7226722201
0.000142,0.000142,0.7768593844,0.1942148461,14.9735464897
0.000142,0.000142,0.7768593844,0.1942148461,20.9096286705
0.000142,0.000142,0.7768593844,0.1942148461,29.1989991443
0.000142,0.000142,0.7768593844,0.1942148461,40.7745907144
0.000142,0.000142,0.7768593844,0.1942148461,56.9391861586
0.000142,0.000142,0.7768593844,0.1942148461,79.5120407981
0.000142,0.000142,0.7768593844,0.1942148461,111.0336318168
0.000142,0.000142,0.7768593844,0.1942148461,155.0515779833
0.000142,0.000142,0.7768593844,0.1942148461,216.5199088036
0.000142,0.000142,0.7768593844,0.1942148461,302.3566191205
0.000142,0.000142,0.7768593844,0.1942148461,422.2222595195
0.000142,0.000142,0.7768593844,0.1942148461,589.6071895242
0.000142,0.000142,0.7768593844,0.1942148461,823.3498592289
0.000142,0.000142,0.7768593844,0.1942148461,1149.7569953977
0.000142,0.000142,0.7768593844,0.1942148461,1605.5643098112
0.000142,0.000142,0.7768593844,0.1942148461,2242.0709447806
0.000142,0.000142,0.7768593844,0.1942148461,3130.912969796
0.000142,0.000142,0.7768593844,0.1942148461,4372.1257113904
0.000142,0.000142,0.7768593844,0.1942148461,6105.4022965853
0.000142,0.000142,0.7768593844,0.2330578153,0.1
0.000142,0.000142,0.7768593844,0.2330578153,0.1396437957
0.000142,0.000142,0.7768593844,0.2330578153,0.1950038968
0.000142,0.000142,0.7768593844,0.2330578153,0.2723108433
0.000142,0.000142,0.7768593844,0.2330578153,0.3802651977
0.000142,0.000142,0.7768593844,0.2330578153,0.5310167558
0.000142,0.000142,0.7768593844,0.2330578153,0.7415319537
0.000142,0.000142,0.7768593844,0.2330578153,1.0355033665
0.000142,0.000142,0.7768593844,0.2330578153,1.4460162057
0.000142,0.000142,0.7768593844,0.2330578153,2.0192719162
0.000142,0.000142,0.7768593844,0.2330578153,2.8197879494
0.000142,0.000142,0.7768593844,0.2330578153,3.9376589236
0.000142,0.000142,0.7768593844,0.2330578153,5.498696383
0.000142,0.000142,0.7768593844,0.2330578153,7.6785883437
0.000142,0.000142,0.7768593844,0.2330578153,10.7226722201
0.000142,0.000142,0.7768593844,0.2330578153,14.9735464897
0.000142,0.000142,0.7768593844,0.2330578153,20.9096286705
0.000142,0.000142,0.7768593844,0.2330578153,29.1989991443
0.000142,0.000142,0.7768593844,0.2330578153,40.7745907144
0.000142,0.000142,0.7768593844,0.2330578153,56.9391861586
0.000142,0.000142,0.7768593844,0.2330578153,79.5120407981
0.000142,0.000142,0.7768593844,0.2330578153,111.0336318168
0.000142,0.000142,0.7768593844,0.2330578153,155.0515779833
0.000142,0.000142,0.7768593844,0.2330578153,216.5199088036
0.000142,0.000142,0.7768593844,0.2330578153,302.3566191205
0.000142,0.000142,0.7768593844,0.2330578153,422.2222595195
0.000142,0.000142,0.7768593844,0.2330578153,589.6071895242
0.000142,0.000142,0.7768593844,0.2330578153,823.3498592289
0.000142,0.000142,0.7768593844,0.2330578153,1149.7569953977
0.000142,0.000142,0.7768593844,0.2330578153,1605.5643098112
0.000142,0.000142,0.7768593844,0.2330578153,2242.0709447806
0.000142,0.000142,0.7768593844,0.2330578153,3130.912969796
0.000142,0.000142,0.7768593844,0.2330578153,4372.1257113904
0.000142,0.000142,0.7768593844,0.2330578153,6105.4022965853
0.000142,0.000142,0.7768593844,0.2719007845,0.1
0.000142,0.000142,0.7768593844,0.2719007845,0.1396437957
0.000142,0.000142,0.7768593844,0.2719007845,0.1950038968
0.000142,0.000142,0.7768593844,0.2719007845,0.2723108433
0.000142,0.000142,0.7768593844,0.2719007845,0.3802651977
0.000142,0.000142,0.7768593844,0.2719007845,0.5310167558
0.000142,0.000142,0.7768593844,0.2719007845,0.7415319537
0.000142,0.000142,0.7768593844,0.2719007845,1.0355033665
0.000142,0.000142,0.7768593844,0.2719007845,1.4460162057
0.000142,0.000142,0.7768593844,0.2719007845,2.0192719162
0.000142,0.000142,0.7768593844,0.2719007845,2.8197879494
0.000142,0.000142,0.7768593844,0.2719007845,3.9376589236
0.000142,0.000142,0.7768593844,0.2719007845,5.498696383
0.000142,0.000142,0.7768593844,0.2719007845,7.6785883437
0.000142,0.000142,0.7768593844,0.2719007845,10.7226722201
0.000142,0.000142,0.7768593844,0.2719007845,14.9735464897
0.000142,0.000142,0.7768593844,0.2719007845,20.9096286705
0.000142,0.000142,0.7768593844,0.2719007845,29.1989991443
0.000142,0.000142,0.7768593844,0.2719007845,40.7745907144
0.000142,0.000142,0.7768593844,0.2719007845,56.9391861586
0.000142,0.000142,0.7768593844,0.2719007845,79.5120407981
0.000142,0.000142,0.7768593844,0.2719007845,111.0336318168
0.000142,0.000142,0.7768593844,0.2719007845,155.0515779833
0.000142,0.000142,0.7768593844,0.2719007845,216.5199088036
0.000142,0.000142,0.7768593844,0.2719007845,302.3566191205
0.000142,0.000142,0.7768593844,0.2719007845,422.2222595195
0.000142,0.000142,0.7768593844,0.2719007845,589.6071895242
0.000142,0.000142,0.7768593844,0.2719007845,823.3498592289
0.000142,0.000142,0.7768593844,0.2719007845,1149.7569953977
0.000142,0.000142,0.7768593844,0.2719007845,1605.5643098112
0.000142,0.000142,0.7768593844,0.2719007845,2242.0709447806
0.000142,0.000142,0.7768593844,0.2719007845,3130.912969796
0.000142,0.000142,0.7768593844,0.2719007845,4372.1257113904
0.000142,0.000142,0.7768593844,0.2719007845,6105.4022965853
0.000142,0.000142,0.7768593844,0.3107437538,0.1
0.000142,0.000142,0.7768593844,0.3107437538,0.1396437957
0.000142,0.000142,0.7768593844,0.3107437538,0.1950038968
0.000142,0.000142,0.7768593844,0.3107437538,0.2723108433
0.000142,0.000142,0.7768593844,0.3107437538,0.3802651977
0.000142,0.000142,0.7768593844,0.3107437538,0.5310167558
0.000142,0.000142,0.7768593844,0.3107437538,0.7415319537
0.000142,0.000142,0.7768593844,0.3107437538,1.0355033665
0.000142,0.000142,0.7768593844,0.3107437538,1.4460162057
0.000142,0.000142,0.7768593844,0.3107437538,2.0192719162
0.000142,0.000142,0.7768593844,0.3107437538,2.8197879494
0.000142,0.000142,0.7768593844,0.3107437538,3.9376589236
0.000142,0.000142,0.7768593844,0.3107437538,5.498696383
0.000142,0.000142,0.7768593844,0.3107437538,7.6785883437
0.000142,0.000142,0.7768593844,0.3107437538,10.7226722201
0.000142,0.000142,0.7768593844,0.3107437538,14.9735464897
0.000142,0.000142,0.7768593844,0.3107437538,20.9096286705
0.000142,0.000142,0.7768593844,0.3107437538,29.1989991443
0.000142,0.000142,0.7768593844,0.3107437538,40.7745907144
0.000142,0.000142,0.7768593844,0.3107437538,56.9391861586
0.000142,0.000142,0.7768593844,0.3107437538,79.5120407981
0.000142,0.000142,0.7768593844,0.3107437538,111.0336318168
0.000142,0.000142,0.7768593844,0.3107437538,155.0515779833
0.000142,0.000142,0.7768593844,0.3107437538,216.5199088036
0.000142,0.000142,0.7768593844,0.3107437538,302.3566191205
0.000142,0.000142,0.7768593844,0.3107437538,422.2222595195
0.000142,0.000142,0.7768593844,0.3107437538,589.6071895242
0.000142,0.000142,0.7768593844,0.3107437538,823.3498592289
0.000142,0.000142,0.7768593844,0.3107437538,1149.7569953977
0.000142,0.000142,0.7768593844,0.3107437538,1605.5643098112
0.000142,0.000142,0.7768593844,0.3107437538,2242.0709447806
0.000142,0.000142,0.7768593844,0.3107437538,3130.912969796
0.000142,0.000142,0.7768593844,0.3107437538,4372.1257113904
0.000142,0.000142,0.7768593844,0.3107437538,6105.4022965853
0.000142,0.000142,0.7768593844,0.349586723,0.1
0.000142,0.000142,0.7768593844,0.349586723,0.1396437957
0.000142,0.000142,0.7768593844,0.349586723,0.1950038968
0.000142,0.000142,0.7768593844,0.349586723,0.2723108433
0.000142,0.000142,0.7768593844,0.349586723,0.3802651977
0.000142,0.000142,0.7768593844,0.349586723,0.5310167558
0.000142,0.000142,0.7768593844,0.349586723,0.7415319537
0.000142,0.000142,0.7768593844,0.349586723,1.0355033665
0.000142,0.000142,0.7768593844,0.349586723,1.4460162057
0.000142,0.000142,0.7768593844,0.349586723,2.0192719162
0.000142,0.000142,0.7768593844,0.349586723,2.8197879494
0.000142,0.000142,0.7768593844,0.349586723,3.9376589236
0.000142,0.000142,0.7768593844,0.349586723,5.498696383
0.000142,0.000142,0.7768593844,0.349586723,7.6785883437
0.000142,0.000142,0.7768593844,0.349586723,10.7226722201
0.000142,0.000142,0.7768593844,0.349586723,14.9735464897
0.000142,0.000142,0.7768593844,0.349586723,20.9096286705
0.000142,0.000142,0.7768593844,0.349586723,29.1989991443
0.000142,0.000142,0.7768593844,0.349586723,40.7745907144
0.000142,0.000142,0.7768593844,0.349586723,56.9391861586
0.000142,0.000142,0.7768593844,0.349586723,79.5120407981
0.000142,0.000142,0.7768593844,0.349586723,111.0336318168
0.000142,0.000142,0.7768593844,0.349586723,155.0515779833
0.000142,0.000142,0.7768593844,0.349586723,216.5199088036
0.000142,0.000142,0.7768593844,0.349586723,302.3566191205
0.000142,0.000142,0.7768593844,0.349586723,422.2222595195
0.000142,0.000142,0.7768593844,0.349586723,589.6071895242
0.000142,0.000142,0.7768593844,0.349586723,823.3498592289
0.000142,0.000142,0.7768593844,0.349586723,1149.7569953977
0.000142,0.000142,0.7768593844,0.349586723,1605.5643098112
0.000142,0.000142,0.7768593844,0.349586723,2242.0709447806
0.000142,0.000142,0.7768593844,0.349586723,3130.912969796
0.000142,0.000142,0.7768593844,0.349586723,4372.1257113904
0.000142,0.000142,0.7768593844,0.349586723,6105.4022965853
0.000142,0.000142,0.7768593844,0.3884296922,0.1
0.000142,0.000142,0.7768593844,0.3884296922,0.1396437957
0.000142,0.000142,0.7768593844,0.3884296922,0.1950038968
0.000142,0.000142,0.7768593844,0.3884296922,0.2723108433
0.000142,0.000142,0.7768593844,0.3884296922,0.3802651977
0.000142,0.000142,0.7768593844,0.3884296922,0.5310167558
0.000142,0.000142,0.7768593844,0.3884296922,0.7415319537
0.000142,0.000142,0.7768593844,0.3884296922,1.0355033665
0.000142,0.000142,0.7768593844,0.3884296922,1.4460162057
0.000142,0.000142,0.7768593844,0.3884296922,2.0192719162
0.000142,0.000142,0.7768593844,0.3884296922,2.8197879494
0.000142,0.000142,0.7768593844,0.3884296922,3.9376589236
0.000142,0.000142,0.7768593844,0.3884296922,5.498696383
0.000142,0.000142,0.7768593844,0.3884296922,7.6785883437
0.000142,0.000142,0.7768593844,0.3884296922,10.7226722201
0.000142,0.000142,0.7768593844,0.3884296922,14.9735464897
0.000142,0.000142,0.7768593844,0.3884296922,20.9096286705
0.000142,0.000142,0.7768593844,0.3884296922,29.1989991443
0.000142,0.000142,0.7768593844,0.3884296922,40.7745907144
0.000142,0.000142,0.7768593844,0.3884296922,56.9391861586
0.000142,0.000142,0.7768593844,0.3884296922,79.5120407981
0.000142,0.000142,0.7768593844,0.3884296922,111.0336318168
0.000142,0.000142,0.7768593844,0.3884296922,155.0515779833
0.000142,0.000142,0.7768593844,0.3884296922,216.5199088036
0.000142,0.000142,0.7768593844,0.3884296922,302.3566191205
0.000142,0.000142,0.7768593844,0.3884296922,422.2222595195
0.000142,0.000142,0.7768593844,0.3884296922,589.6071895242
0.000142,0.000142,0.7768593844,0.3884296922,823.3498592289
0.000142,0.000142,0.7768593844,0.3884296922,1149.7569953977
0.000142,0.000142,0.7768593844,0.3884296922,1605.5643098112
0.000142,0.000142,0.7768593844,0.3884296922,2242.0709447806
0.000142,0.000142,0.7768593844,0.3884296922,3130.912969796
0.000142,0.000142,0.7768593844,0.3884296922,4372.1257113904
0.000142,0.000142,0.7768593844,0.3884296922,6105.4022965853
0.000142,0.000142,0.7768593844,0.4272726614,0.1
0.000142,0.000142,0.7768593844,0.4272726614,0.1396437957
0.000142,0.000142,0.7768593844,0.4272726614,0.1950038968
0.000142,0.000142,0.7768593844,0.4272726614,0.2723108433
0.000142,0.000142,0.7768593844,0.4272726614,0.3802651977
0.000142,0.000142,0.7768593844,0.4272726614,0.5310167558
0.000142,0.000142,0.7768593844,0.4272726614,0.7415319537
0.000142,0.000142,0.7768593844,0.4272726614,1.0355033665
0.000142,0.000142,0.7768593844,0.4272726614,1.4460162057
0.000142,0.000142,0.7768593844,0.4272726614,2.0192719162
0.000142,0.000142,0.7768593844,0.4272726614,2.8197879494
0.000142,0.000142,0.7768593844,0.4272726614,3.9376589236
0.000142,0.000142,0.7768593844,0.4272726614,5.498696383
0.000142,0.000142,0.7768593844,0.4272726614,7.6785883437
0.000142,0.000142,0.7768593844,0.4272726614,10.7226722201
0.000142,0.000142,0.7768593844,0.4272726614,14.9735464897
0.000142,0.000142,0.7768593844,0.4272726614,20.9096286705
0.000142,0.000142,0.7768593844,0.4272726614,29.1989991443
0.000142,0.000142,0.7768593844,0.4272726614,40.7745907144
0.000142,0.000142,0.7768593844,0.4272726614,56.9391861586
0.000142,0.000142,0.7768593844,0.4272726614,79.5120407981
0.000142,0.000142,0.7768593844,0.4272726614,111.0336318168
0.000142,0.000142,0.7768593844,0.4272726614,155.0515779833
0.000142,0.000142,0.7768593844,0.4272726614,216.5199088036
0.000142,0.000142,0.7768593844,0.4272726614,302.3566191205
0.000142,0.000142,0.7768593844,0.4272726614,422.2222595195
0.000142,0.000142,0.7768593844,0.4272726614,589.6071895242
0.000142,0.000142,0.7768593844,0.4272726614,823.3498592289
0.000142,0.000142,0.7768593844,0.4272726614,1149.7569953977
0.000142,0.000142,0.7768593844,0.4272726614,1605.5643098112
0.000142,0.000142,0.7768593844,0.4272726614,2242.0709447806
0.000142,0.000142,0.7768593844,0.4272726614,3130.912969796
0.000142,0.000142,0.7768593844,0.4272726614,4372.1257113904
0.000142,0.000142,0.7768593844,0.4272726614,6105.4022965853
0.000142,0.000142,0.7768593844,0.4661156306,0.1
0.000142,0.000142,0.7768593844,0.4661156306,0.1396437957
0.000142,0.000142,0.7768593844,0.4661156306,0.1950038968
0.000142,0.000142,0.7768593844,0.4661156306,0.2723108433
0.000142,0.000142,0.7768593844,0.4661156306,0.3802651977
0.000142,0.000142,0.7768593844,0.4661156306,0.5310167558
0.000142,0.000142,0.7768593844,0.4661156306,0.7415319537
0.000142,0.000142,0.7768593844,0.4661156306,1.0355033665
0.000142,0.000142,0.7768593844,0.4661156306,1.4460162057
0.000142,0.000142,0.7768593844,0.4661156306,2.0192719162
0.000142,0.000142,0.7768593844,0.4661156306,2.8197879494
0.000142,0.000142,0.7768593844,0.4661156306,3.9376589236
0.000142,0.000142,0.7768593844,0.4661156306,5.498696383
0.000142,0.000142,0.7768593844,0.4661156306,7.6785883437
0.000142,0.000142,0.7768593844,0.4661156306,10.7226722201
0.000142,0.000142,0.7768593844,0.4661156306,14.9735464897
0.000142,0.000142,0.7768593844,0.4661156306,20.9096286705
0.000142,0.000142,0.7768593844,0.4661156306,29.1989991443
0.000142,0.000142,0.7768593844,0.4661156306,40.7745907144
0.000142,0.000142,0.7768593844,0.4661156306,56.9391861586
0.000142,0.000142,0.7768593844,0.4661156306,79.5120407981
0.000142,0.000142,0.7768593844,0.4661156306,111.0336318168
0.000142,0.000142,0.7768593844,0.4661156306,155.0515779833
0.000142,0.000142,0.7768593844,0.4661156306,216.5199088036
0.000142,0.000142,0.7768593844,0.4661156306,302.3566191205
0.000142,0.000142,0.7768593844,0.4661156306,422.2222595195
0.000142,0.000142,0.7768593844,0.4661156306,589.6071895242
0.000142,0.000142,0.7768593844,0.4661156306,823.3498592289
0.000142,0.000142,0.7768593844,0.4661156306,1149.7569953977
0.000142,0.000142,0.7768593844,0.4661156306,1605.5643098112
0.000142,0.000142,0.7768593844,0.4661156306,2242.0709447806
0.000142,0.000142,0.7768593844,0.4661156306,3130.912969796
0.000142,0.000142,0.7768593844,0.4661156306,4372.1257113904
0.000142,0.000142,0.7768593844,0.4661156306,6105.4022965853
0.000142,0.000142,0.7768593844,0.5049585999,0.1
0.000142,0.000142,0.7768593844,0.5049585999,0.1396437957
0.000142,0.000142,0.7768593844,0.5049585999,0.1950038968
0.000142,0.000142,0.7768593844,0.5049585999,0.2723108433
0.000142,0.000142,0.7768593844,0.5049585999,0.3802651977
0.000142,0.000142,0.7768593844,0.5049585999,0.5310167558
0.000142,0.000142,0.7768593844,0.5049585999,0.7415319537
0.000142,0.000142,0.7768593844,0.5049585999,1.0355033665
0.000142,0.000142,0.7768593844,0.5049585999,1.4460162057
0.000142,0.000142,0.7768593844,0.5049585999,2.0192719162
0.000142,0.000142,0.7768593844,0.5049585999,2.8197879494
0.000142,0.000142,0.7768593844,0.5049585999,3.9376589236
0.000142,0.000142,0.7768593844,0.5049585999,5.498696383
0.000142,0.000142,0.7768593844,0.5049585999,7.6785883437
0.000142,0.000142,0.7768593844,0.5049585999,10.7226722201
0.000142,0.000142,0.7768593844,0.5049585999,14.9735464897
0.000142,0.000142,0.7768593844,0.5049585999,20.9096286705
0.000142,0.000142,0.7768593844,0.5049585999,29.1989991443
0.000142,0.000142,0.7768593844,0.5049585999,40.7745907144
0.000142,0.000142,0.7768593844,0.5049585999,56.9391861586
0.000142,0.000142,0.7768593844,0.5049585999,79.5120407981
0.000142,0.000142,0.7768593844,0.5049585999,111.0336318168
0.000142,0.000142,0.7768593844,0.5049585999,155.0515779833
0.000142,0.000142,0.7768593844,0.5049585999,216.5199088036
0.000142,0.000142,0.7768593844,0.5049585999,302.3566191205
0.000142,0.000142,0.7768593844,0.5049585999,422.2222595195
0.000142,0.000142,0.7768593844,0.5049585999,589.6071895242
0.000142,0.000142,0.7768593844,0.5049585999,823.3498592289
0.000142,0.000142,0.7768593844,0.5049585999,1149.7569953977
0.000142,0.000142,0.7768593844,0.5049585999,1605.5643098112
0.000142,0.000142,0.7768593844,0.5049585999,2242.0709447806
0.000142,0.000142,0.7768593844,0.5049585999,3130.912969796
0.000142,0.000142,0.7768593844,0.5049585999,4372.1257113904
0.000142,0.000142,0.7768593844,0.5049585999,6105.4022965853
0.000142,0.000142,0.7768593844,0.5438015691,0.1
0.000142,0.000142,0.7768593844,0.5438015691,0.1396437957
0.000142,0.000142,0.7768593844,0.5438015691,0.1950038968
0.000142,0.000142,0.7768593844,0.5438015691,0.2723108433
0.000142,0.000142,0.7768593844,0.5438015691,0.3802651977
0.000142,0.000142,0.7768593844,0.5438015691,0.5310167558
0.000142,0.000142,0.7768593844,0.5438015691,0.7415319537
0.000142,0.000142,0.7768593844,0.5438015691,1.0355033665
0.000142,0.000142,0.7768593844,0.5438015691,1.4460162057
0.000142,0.000142,0.7768593844,0.5438015691,2.0192719162
0.000142,0.000142,0.7768593844,0.5438015691,2.8197879494
0.000142,0.000142,0.7768593844,0.5438015691,3.9376589236
0.000142,0.000142,0.7768593844,0.5438015691,5.498696383
0.000142,0.000142,0.7768593844,0.5438015691,7.6785883437
0.000142,0.000142,0.7768593844,0.5438015691,10.7226722201
0.000142,0.000142,0.7768593844,0.5438015691,14.9735464897
0.000142,0.000142,0.7768593844,0.5438015691,20.9096286705
0.000142,0.000142,0.7768593844,0.5438015691,29.1989991443
0.000142,0.000142,0.7768593844,0.5438015691,40.7745907144
0.000142,0.000142,0.7768593844,0.5438015691,56.9391861586
0.000142,0.000142,0.7768593844,0.5438015691,79.5120407981
0.000142,0.000142,0.7768593844,0.5438015691,111.0336318168
0.000142,0.000142,0.7768593844,0.5438015691,155.0515779833
0.000142,0.000142,0.7768593844,0.5438015691,216.5199088036
0.000142,0.000142,0.7768593844,0.5438015691,302.3566191205
0.000142,0.000142,0.7768593844,0.5438015691,422.2222595195
0.000142,0.000142,0.7768593844,0.5438015691,589.6071895242
0.000142,0.000142,0.7768593844,0.5438015691,823.3498592289
0.000142,0.000142,0.7768593844,0.5438015691,1149.7569953977
0.000142,0.000142,0.7768593844,0.5438015691,1605.5643098112
0.000142,0.000142,0.7768593844,0.5438015691,2242.0709447806
0.000142,0.000142,0.7768593844,0.5438015691,3130.912969796
0.000142,0.000142,0.7768593844,0.5438015691,4372.1257113904
0.000142,0.000142,0.7768593844,0.5438015691,6105.4022965853
0.000142,0.000142,0.7768593844,0.5826445383,0.1
0.000142,0.000142,0.7768593844,0.5826445383,0.1396437957
0.000142,0.000142,0.7768593844,0.5826445383,0.1950038968
0.000142,0.000142,0.7768593844,0.5826445383,0.2723108433
0.000142,0.000142,0.7768593844,0.5826445383,0.3802651977
0.000142,0.000142,0.7768593844,0.5826445383,0.5310167558
0.000142,0.000142,0.7768593844,0.5826445383,0.7415319537
0.000142,0.000142,0.7768593844,0.5826445383,1.0355033665
0.000142,0.000142,0.7768593844,0.5826445383,1.4460162057
0.000142,0.000142,0.7768593844,0.5826445383,2.0192719162
0.000142,0.000142,0.7768593844,0.5826445383,2.8197879494
0.000142,0.000142,0.7768593844,0.5826445383,3.9376589236
0.000142,0.000142,0.7768593844,0.5826445383,5.498696383
0.000142,0.000142,0.7768593844,0.5826445383,7.6785883437
0.000142,0.000142,0.7768593844,0.5826445383,10.7226722201
0.000142,0.000142,0.7768593844,0.5826445383,14.9735464897
0.000142,0.000142,0.7768593844,0.5826445383,20.9096286705
0.000142,0.000142,0.7768593844,0.5826445383,29.1989991443
0.000142,0.000142,0.7768593844,0.5826445383,40.7745907144
0.000142,0.000142,0.7768593844,0.5826445383,56.9391861586
0.000142,0.000142,0.7768593844,0.5826445383,79.5120407981
0.000142,0.000142,0.7768593844,0.5826445383,111.0336318168
0.000142,0.000142,0.7768593844,0.5826445383,155.0515779833
0.000142,0.000142,0.7768593844,0.5826445383,216.5199088036
0.000142,0.000142,0.7768593844,0.5826445383,302.3566191205
0.000142,0.000142,0.7768593844,0.5826445383,422.2222595195
0.000142,0.000142,0.7768593844,0.5826445383,589.6071895242
0.000142,0.000142,0.7768593844,0.5826445383,823.3498592289
0.000142,0.000142,0.7768593844,0.5826445383,1149.7569953977
0.000142,0.000142,0.7768593844,0.5826445383,1605.5643098112
0.000142,0.000142,0.7768593844,0.5826445383,2242.0709447806
0.000142,0.000142,0.7768593844,0.5826445383,3130.912969796
0.000142,0.000142,0.7768593844,0.5826445383,4372.1257113904
0.000142,0.000142,0.7768593844,0.5826445383,6105.4022965853
0.000142,0.000142,0.7768593844,0.6214875075,0.1
0.000142,0.000142,0.7768593844,0.6214875075,0.1396437957
0.000142,0.000142,0.7768593844,0.6214875075,0.1950038968
0.000142,0.000142,0.7768593844,0.6214875075,0.2723108433
0.000142,0.000142,0.7768593844,0.6214875075,0.3802651977
0.000142,0.000142,0.7768593844,0.6214875075,0.5310167558
0.000142,0.000142,0.7768593844,0.6214875075,0.7415319537
0.000142,0.000142,0.7768593844,0.6214875075,1.0355033665
0.000142,0.000142,0.7768593844,0.6214875075,1.4460162057
0.000142,0.000142,0.7768593844,0.6214875075,2.0192719162
0.000142,0.000142,0.7768593844,0.6214875075,2.8197879494
0.000142,0.000142,0.7768593844,0.6214875075,3.9376589236
0.000142,0.000142,0.7768593844,0.6214875075,5.498696383
0.000142,0.000142,0.7768593844,0.6214875075,7.6785883437
0.000142,0.000142,0.7768593844,0.6214875075,10.7226722201
0.000142,0.000142,0.7768593844,0.6214875075,14.9735464897
0.000142,0.000142,0.7768593844,0.6214875075,20.9096286705
0.000142,0.000142,0.7768593844,0.6214875075,29.1989991443
0.000142,0.000142,0.7768593844,0.6214875075,40.7745907144
0.000142,0.000142,0.7768593844,0.6214875075,56.9391861586
0.000142,0.000142,0.7768593844,0.6214875075,79.5120407981
0.000142,0.000142,0.7768593844,0.6214875075,111.0336318168
0.000142,0.000142,0.7768593844,0.6214875075,155.0515779833
0.000142,0.000142,0.7768593844,0.6214875075,216.5199088036
0.000142,0.000142,0.7768593844,0.6214875075,302.3566191205
0.000142,0.000142,0.7768593844,0.6214875075,422.2222595195
0.000142,0.000142,0.7768593844,0.6214875075,589.6071895242
0.000142,0.000142,0.7768593844,0.6214875075,823.3498592289
0.000142,0.000142,0.7768593844,0.6214875075,1149.7569953977
0.000142,0.000142,0.7768593844,0.6214875075,1605.5643098112
0.000142,0.000142,0.7768593844,0.6214875075,2242.0709447806
0.000142,0.000142,0.7768593844,0.6214875075,3130.912969796
0.000142,0.000142,0.7768593844,0.6214875075,4372.1257113904
0.000142,0.000142,0.7768593844,0.6214875075,6105.4022965853
0.000142,0.000142,0.7768593844,0.6603304767,0.1
0.000142,0.000142,0.7768593844,0.6603304767,0.1396437957
0.000142,0.000142,0.7768593844,0.6603304767,0.1950038968
0.000142,0.000142,0.7768593844,0.6603304767,0.2723108433
0.000142,0.000142,0.7768593844,0.6603304767,0.3802651977
0.000142,0.000142,0.7768593844,0.6603304767,0.5310167558
0.000142,0.000142,0.7768593844,0.6603304767,0.7415319537
0.000142,0.000142,0.7768593844,0.6603304767,1.0355033665
0.000142,0.000142,0.7768593844,0.6603304767,1.4460162057
0.000142,0.000142,0.7768593844,0.6603304767,2.0192719162
0.000142,0.000142,0.7768593844,0.6603304767,2.8197879494
0.000142,0.000142,0.7768593844,0.6603304767,3.9376589236
0.000142,0.000142,0.7768593844,0.6603304767,5.498696383
0.000142,0.000142,0.7768593844,0.6603304767,7.6785883437
0.000142,0.000142,0.7768593844,0.6603304767,10.7226722201
0.000142,0.000142,0.7768593844,0.6603304767,14.9735464897
0.000142,0.000142,0.7768593844,0.6603304767,20.9096286705
0.000142,0.000142,0.7768593844,0.6603304767,29.1989991443
0.000142,0.000142,0.7768593844,0.6603304767,40.7745907144
0.000142,0.000142,0.7768593844,0.6603304767,56.9391861586
0.000142,0.000142,0.7768593844,0.6603304767,79.5120407981
0.000142,0.000142,0.7768593844,0.6603304767,111.0336318168
0.000142,0.000142,0.7768593844,0.6603304767,155.0515779833
0.000142,0.000142,0.7768593844,0.6603304767,216.5199088036
0.000142,0.000142,0.7768593844,0.6603304767,302.3566191205
0.000142,0.000142,0.7768593844,0.6603304767,422.2222595195
0.000142,0.000142,0.7768593844,0.6603304767,589.6071895242
0.000142,0.000142,0.7768593844,0.6603304767,823.3498592289
0.000142,0.000142,0.7768593844,0.6603304767,1149.7569953977
0.000142,0.000142,0.7768593844,0.6603304767,1605.5643098112
0.000142,0.000142,0.7768593844,0.6603304767,2242.0709447806
0.000142,0.000142,0.7768593844,0.6603304767,3130.912969796
0.000142,0.000142,0.7768593844,0.6603304767,4372.1257113904
0.000142,0.000142,0.7768593844,0.6603304767,6105.4022965853
0.000142,0.000142,0.7768593844,0.699173446,0.1
0.000142,0.000142,0.7768593844,0.699173446,0.1396437957
0.000142,0.000142,0.7768593844,0.699173446,0.1950038968
0.000142,0.000142,0.7768593844,0.699173446,0.2723108433
0.000142,0.000142,0.7768593844,0.699173446,0.3802651977
0.000142,0.000142,0.7768593844,0.699173446,0.5310167558
0.000142,0.000142,0.7768593844,0.699173446,0.7415319537
0.000142,0.000142,0.7768593844,0.699173446,1.0355033665
0.000142,0.000142,0.7768593844,0.699173446,1.4460162057
0.000142,0.000142,0.7768593844,0.699173446,2.0192719162
0.000142,0.000142,0.7768593844,0.699173446,2.8197879494
0.000142,0.000142,0.7768593844,0.699173446,3.9376589236
0.000142,0.000142,0.7768593844,0.699173446,5.498696383
0.000142,0.000142,0.7768593844,0.699173446,7.6785883437
0.000142,0.000142,0.7768593844,0.699173446,10.7226722201
0.000142,0.000142,0.7768593844,0.699173446,14.9735464897
0.000142,0.000142,0.7768593844,0.699173446,20.9096286705
0.000142,0.000142,0.7768593844,0.699173446,29.1989991443
0.000142,0.000142,0.7768593844,0.699173446,40.7745907144
0.000142,0.000142,0.7768593844,0.699173446,56.9391861586
0.000142,0.000142,0.7768593844,0.699173446,79.5120407981
0.000142,0.000142,0.7768593844,0.699173446,111.0336318168
0.000142,0.000142,0.7768593844,0.699173446,155.0515779833
0.000142,0.000142,0.7768593844,0.699173446,216.5199088036
0.000142,0.000142,0.7768593844,0.699173446,302.3566191205
0.000142,0.000142,0.7768593844,0.699173446,422.2222595195
0.000142,0.000142,0.7768593844,0.699173446,589.6071895242
0.000142,0.000142,0.7768593844,0.699173446,823.3498592289
0.000142,0.000142,0.7768593844,0.699173446,1149.7569953977
0.000142,0.000142,0.7768593844,0.699173446,1605.5643098112
0.000142,0.000142,0.7768593844,0.699173446,2242.0709447806
0.000142,0.000142,0.7768593844,0.699173446,3130.912969796
0.000142,0.000142,0.7768593844,0.699173446,4372.1257113904
0.000142,0.000142,0.7768593844,0.699173446,6105.4022965853
0.000142,0.000142,0.7768593844,0.7380164152,0.1
0.000142,0.000142,0.7768593844,0.7380164152,0.1396437957
0.000142,0.000142,0.7768593844,0.7380164152,0.1950038968
0.000142,0.000142,0.7768593844,0.7380164152,0.2723108433
0.000142,0.000142,0.7768593844,0.7380164152,0.3802651977
0.000142,0.000142,0.7768593844,0.7380164152,0.5310167558
0.000142,0.000142,0.7768593844,0.7380164152,0.7415319537
0.000142,0.000142,0.7768593844,0.7380164152,1.0355033665
0.000142,0.000142,0.7768593844,0.7380164152,1.4460162057
0.000142,0.000142,0.7768593844,0.7380164152,2.0192719162
0.000142,0.000142,0.7768593844,0.7380164152,2.8197879494
0.000142,0.000142,0.7768593844,0.7380164152,3.9376589236
0.000142,0.000142,0.7768593844,0.7380164152,5.498696383
0.000142,0.000142,0.7768593844,0.7380164152,7.6785883437
0.000142,0.000142,0.7768593844,0.7380164152,10.7226722201
0.000142,0.000142,0.7768593844,0.7380164152,14.9735464897
0.000142,0.000142,0.7768593844,0.7380164152,20.9096286705
0.000142,0.000142,0.7768593844,0.7380164152,29.1989991443
0.000142,0.000142,0.7768593844,0.7380164152,40.7745907144
0.000142,0.000142,0.7768593844,0.7380164152,56.9391861586
0.000142,0.000142,0.7768593844,0.7380164152,79.5120407981
0.000142,0.000142,0.7768593844,0.7380164152,111.0336318168
0.000142,0.000142,0.7768593844,0.7380164152,155.0515779833
0.000142,0.000142,0.7768593844,0.7380164152,216.5199088036
0.000142,0.000142,0.7768593844,0.7380164152,302.3566191205
0.000142,0.000142,0.7768593844,0.7380164152,422.2222595195
0.000142,0.000142,0.7768593844,0.7380164152,589.6071895242
0.000142,0.000142,0.7768593844,0.7380164152,823.3498592289
0.000142,0.000142,0.7768593844,0.7380164152,1149.7569953977
0.000142,0.000142,0.7768593844,0.7380164152,1605.5643098112
0.000142,0.000142,0.7768593844,0.7380164152,2242.0709447806
0.000142,0.000142,0.7768593844,0.7380164152,3130.912969796
0.000142,0.000142,0.7768593844,0.7380164152,4372.1257113904
0.000142,0.000142,0.7768593844,0.7380164152,6105.4022965853
0.000142,0.000142,0.7768593844,0.7690907906,0.1
0.000142,0.000142,0.7768593844,0.7690907906,0.1396437957
0.000142,0.000142,0.7768593844,0.7690907906,0.1950038968
0.000142,0.000142,0.7768593844,0.7690907906,0.2723108433
0.000142,0.000142,0.7768593844,0.7690907906,0.3802651977
0.000142,0.000142,0.7768593844,0.7690907906,0.5310167558
0.000142,0.000142,0.7768593844,0.7690907906,0.7415319537
0.000142,0.000142,0.7768593844,0.7690907906,1.0355033665
0.000142,0.000142,0.7768593844,0.7690907906,1.4460162057
0.000142,0.000142,0.7768593844,0.7690907906,2.0192719162
0.000142,0.000142,0.7768593844,0.7690907906,2.8197879494
0.000142,0.000142,0.7768593844,0.7690907906,3.9376589236
0.000142,0.000142,0.7768593844,0.7690907906,5.498696383
0.000142,0.000142,0.7768593844,0.7690907906,7.6785883437
0.000142,0.000142,0.7768593844,0.7690907906,10.7226722201
0.000142,0.000142,0.7768593844,0.7690907906,14.9735464897
0.000142,0.000142,0.7768593844,0.7690907906,20.9096286705
0.000142,0.000142,0.7768593844,0.7690907906,29.1989991443
0.000142,0.000142,0.7768593844,0.7690907906,40.7745907144
0.000142,0.000142,0.7768593844,0.7690907906,56.9391861586
0.000142,0.000142,0.7768593844,0.7690907906,79.5120407981
0.000142,0.000142,0.7768593844,0.7690907906,111.0336318168
0.000142,0.000142,0.7768593844,0.7690907906,155.0515779833
0.000142,0.000142,0.7768593844,0.7690907906,216.5199088036
0.000142,0.000142,0.7768593844,0.7690907906,302.3566191205
0.000142,0.000142,0.7768593844,0.7690907906,422.2222595195
0.000142,0.000142,0.7768593844,0.7690907906,589.6071895242
0.000142,0.000142,0.7768593844,0.7690907906,823.3498592289
0.000142,0.000142,0.7768593844,0.7690907906,1149.7569953977
0.000142,0.000142,0.7768593844,0.7690907906,1605.5643098112
0.000142,0.000142,0.7768593844,0.7690907906,2242.0709447806
0.000142,0.000142,0.7768593844,0.7690907906,3130.912969796
0.000142,0.000142,0.7768593844,0.7690907906,4372.1257113904
0.000142,0.000142,0.7768593844,0.7690907906,6105.4022965853
0.000142,0.000142,0.8653714112,0.1298057117,0.1
0.000142,0.000142,0.8653714112,0.1298057117,0.1396437957
0.000142,0.000142,0.8653714112,0.1298057117,0.1950038968
