initial_z,Zbase,m1,m2,initial_period_in_days
0.00142,0.00142,0.5620332831,0.4496266264,216.5199088036
0.00142,0.00142,0.5620332831,0.4496266264,302.3566191205
0.00142,0.00142,0.5620332831,0.4496266264,422.2222595195
0.00142,0.00142,0.5620332831,0.4496266264,589.6071895242
0.00142,0.00142,0.5620332831,0.4496266264,823.3498592289
0.00142,0.00142,0.5620332831,0.4496266264,1149.7569953977
0.00142,0.00142,0.5620332831,0.4496266264,1605.5643098112
0.00142,0.00142,0.5620332831,0.4496266264,2242.0709447806
0.00142,0.00142,0.5620332831,0.4496266264,3130.912969796
0.00142,0.00142,0.5620332831,0.4496266264,4372.1257113904
0.00142,0.00142,0.5620332831,0.4496266264,6105.4022965853
0.00142,0.00142,0.5620332831,0.4777282906,0.1
0.00142,0.00142,0.5620332831,0.4777282906,0.1396437957
0.00142,0.00142,0.5620332831,0.4777282906,0.1950038968
0.00142,0.00142,0.5620332831,0.4777282906,0.2723108433
0.00142,0.00142,0.5620332831,0.4777282906,0.3802651977
0.00142,0.00142,0.5620332831,0.4777282906,0.5310167558
0.00142,0.00142,0.5620332831,0.4777282906,0.7415319537
0.00142,0.00142,0.5620332831,0.4777282906,1.0355033665
0.00142,0.00142,0.5620332831,0.4777282906,1.4460162057
0.00142,0.00142,0.5620332831,0.4777282906,2.0192719162
0.00142,0.00142,0.5620332831,0.4777282906,2.8197879494
0.00142,0.00142,0.5620332831,0.4777282906,3.9376589236
0.00142,0.00142,0.5620332831,0.4777282906,5.498696383
0.00142,0.00142,0.5620332831,0.4777282906,7.6785883437
0.00142,0.00142,0.5620332831,0.4777282906,10.7226722201
0.00142,0.00142,0.5620332831,0.4777282906,14.9735464897
0.00142,0.00142,0.5620332831,0.4777282906,20.9096286705
0.00142,0.00142,0.5620332831,0.4777282906,29.1989991443
0.00142,0.00142,0.5620332831,0.4777282906,40.7745907144
0.00142,0.00142,0.5620332831,0.4777282906,56.9391861586
0.00142,0.00142,0.5620332831,0.4777282906,79.5120407981
0.00142,0.00142,0.5620332831,0.4777282906,111.0336318168
0.00142,0.00142,0.5620332831,0.4777282906,155.0515779833
0.00142,0.00142,0.5620332831,0.4777282906,216.5199088036
0.00142,0.00142,0.5620332831,0.4777282906,302.3566191205
0.00142,0.00142,0.5620332831,0.4777282906,422.2222595195
0.00142,0.00142,0.5620332831,0.4777282906,589.6071895242
0.00142,0.00142,0.5620332831,0.4777282906,823.3498592289
0.00142,0.00142,0.5620332831,0.4777282906,1149.7569953977
0.00142,0.00142,0.5620332831,0.4777282906,1605.5643098112
0.00142,0.00142,0.5620332831,0.4777282906,2242.0709447806
0.00142,0.00142,0.5620332831,0.4777282906,3130.912969796
0.00142,0.00142,0.5620332831,0.4777282906,4372.1257113904
0.00142,0.00142,0.5620332831,0.4777282906,6105.4022965853
0.00142,0.00142,0.5620332831,0.5058299548,0.1
0.00142,0.00142,0.5620332831,0.5058299548,0.1396437957
0.00142,0.00142,0.5620332831,0.5058299548,0.1950038968
0.00142,0.00142,0.5620332831,0.5058299548,0.2723108433
0.00142,0.00142,0.5620332831,0.5058299548,0.3802651977
0.00142,0.00142,0.5620332831,0.5058299548,0.5310167558
0.00142,0.00142,0.5620332831,0.5058299548,0.7415319537
0.00142,0.00142,0.5620332831,0.5058299548,1.0355033665
0.00142,0.00142,0.5620332831,0.5058299548,1.4460162057
0.00142,0.00142,0.5620332831,0.5058299548,2.0192719162
0.00142,0.00142,0.5620332831,0.5058299548,2.8197879494
0.00142,0.00142,0.5620332831,0.5058299548,3.9376589236
0.00142,0.00142,0.5620332831,0.5058299548,5.498696383
0.00142,0.00142,0.5620332831,0.5058299548,7.6785883437
0.00142,0.00142,0.5620332831,0.5058299548,10.7226722201
0.00142,0.00142,0.5620332831,0.5058299548,14.9735464897
0.00142,0.00142,0.5620332831,0.5058299548,20.9096286705
0.00142,0.00142,0.5620332831,0.5058299548,29.1989991443
0.00142,0.00142,0.5620332831,0.5058299548,40.7745907144
0.00142,0.00142,0.5620332831,0.5058299548,56.9391861586
0.00142,0.00142,0.5620332831,0.5058299548,79.5120407981
0.00142,0.00142,0.5620332831,0.5058299548,111.0336318168
0.00142,0.00142,0.5620332831,0.5058299548,155.0515779833
0.00142,0.00142,0.5620332831,0.5058299548,216.5199088036
0.00142,0.00142,0.5620332831,0.5058299548,302.3566191205
0.00142,0.00142,0.5620332831,0.5058299548,422.2222595195
0.00142,0.00142,0.5620332831,0.5058299548,589.6071895242
0.00142,0.00142,0.5620332831,0.5058299548,823.3498592289
0.00142,0.00142,0.5620332831,0.5058299548,1149.7569953977
0.00142,0.00142,0.5620332831,0.5058299548,1605.5643098112
0.00142,0.00142,0.5620332831,0.5058299548,2242.0709447806
0.00142,0.00142,0.5620332831,0.5058299548,3130.912969796
0.00142,0.00142,0.5620332831,0.5058299548,4372.1257113904
0.00142,0.00142,0.5620332831,0.5058299548,6105.4022965853
0.00142,0.00142,0.5620332831,0.5339316189,0.1
0.00142,0.00142,0.5620332831,0.5339316189,0.1396437957
0.00142,0.00142,0.5620332831,0.5339316189,0.1950038968
0.00142,0.00142,0.5620332831,0.5339316189,0.2723108433
0.00142,0.00142,0.5620332831,0.5339316189,0.3802651977
0.00142,0.00142,0.5620332831,0.5339316189,0.5310167558
0.00142,0.00142,0.5620332831,0.5339316189,0.7415319537
0.00142,0.00142,0.5620332831,0.5339316189,1.0355033665
0.00142,0.00142,0.5620332831,0.5339316189,1.4460162057
0.00142,0.00142,0.5620332831,0.5339316189,2.0192719162
0.00142,0.00142,0.5620332831,0.5339316189,2.8197879494
0.00142,0.00142,0.5620332831,0.5339316189,3.9376589236
0.00142,0.00142,0.5620332831,0.5339316189,5.498696383
0.00142,0.00142,0.5620332831,0.5339316189,7.6785883437
0.00142,0.00142,0.5620332831,0.5339316189,10.7226722201
0.00142,0.00142,0.5620332831,0.5339316189,14.9735464897
0.00142,0.00142,0.5620332831,0.5339316189,20.9096286705
0.00142,0.00142,0.5620332831,0.5339316189,29.1989991443
0.00142,0.00142,0.5620332831,0.5339316189,40.7745907144
0.00142,0.00142,0.5620332831,0.5339316189,56.9391861586
0.00142,0.00142,0.5620332831,0.5339316189,79.5120407981
0.00142,0.00142,0.5620332831,0.5339316189,111.0336318168
0.00142,0.00142,0.5620332831,0.5339316189,155.0515779833
0.00142,0.00142,0.5620332831,0.5339316189,216.5199088036
0.00142,0.00142,0.5620332831,0.5339316189,302.3566191205
0.00142,0.00142,0.5620332831,0.5339316189,422.2222595195
0.00142,0.00142,0.5620332831,0.5339316189,589.6071895242
0.00142,0.00142,0.5620332831,0.5339316189,823.3498592289
0.00142,0.00142,0.5620332831,0.5339316189,1149.7569953977
0.00142,0.00142,0.5620332831,0.5339316189,1605.5643098112
0.00142,0.00142,0.5620332831,0.5339316189,2242.0709447806
0.00142,0.00142,0.5620332831,0.5339316189,3130.912969796
0.00142,0.00142,0.5620332831,0.5339316189,4372.1257113904
0.00142,0.00142,0.5620332831,0.5339316189,6105.4022965853
0.00142,0.00142,0.5620332831,0.5564129502,0.1
0.00142,0.00142,0.5620332831,0.5564129502,0.1396437957
0.00142,0.00142,0.5620332831,0.5564129502,0.1950038968
0.00142,0.00142,0.5620332831,0.5564129502,0.2723108433
0.00142,0.00142,0.5620332831,0.5564129502,0.3802651977
0.00142,0.00142,0.5620332831,0.5564129502,0.5310167558
0.00142,0.00142,0.5620332831,0.5564129502,0.7415319537
0.00142,0.00142,0.5620332831,0.5564129502,1.0355033665
0.00142,0.00142,0.5620332831,0.5564129502,1.4460162057
0.00142,0.00142,0.5620332831,0.5564129502,2.0192719162
0.00142,0.00142,0.5620332831,0.5564129502,2.8197879494
0.00142,0.00142,0.5620332831,0.5564129502,3.9376589236
0.00142,0.00142,0.5620332831,0.5564129502,5.498696383
0.00142,0.00142,0.5620332831,0.5564129502,7.6785883437
0.00142,0.00142,0.5620332831,0.5564129502,10.7226722201
0.00142,0.00142,0.5620332831,0.5564129502,14.9735464897
0.00142,0.00142,0.5620332831,0.5564129502,20.9096286705
0.00142,0.00142,0.5620332831,0.5564129502,29.1989991443
0.00142,0.00142,0.5620332831,0.5564129502,40.7745907144
0.00142,0.00142,0.5620332831,0.5564129502,56.9391861586
0.00142,0.00142,0.5620332831,0.5564129502,79.5120407981
0.00142,0.00142,0.5620332831,0.5564129502,111.0336318168
0.00142,0.00142,0.5620332831,0.5564129502,155.0515779833
0.00142,0.00142,0.5620332831,0.5564129502,216.5199088036
0.00142,0.00142,0.5620332831,0.5564129502,302.3566191205
0.00142,0.00142,0.5620332831,0.5564129502,422.2222595195
0.00142,0.00142,0.5620332831,0.5564129502,589.6071895242
0.00142,0.00142,0.5620332831,0.5564129502,823.3498592289
0.00142,0.00142,0.5620332831,0.5564129502,1149.7569953977
0.00142,0.00142,0.5620332831,0.5564129502,1605.5643098112
0.00142,0.00142,0.5620332831,0.5564129502,2242.0709447806
0.00142,0.00142,0.5620332831,0.5564129502,3130.912969796
0.00142,0.00142,0.5620332831,0.5564129502,4372.1257113904
0.00142,0.00142,0.5620332831,0.5564129502,6105.4022965853
0.00142,0.00142,0.6260689451,0.125213789,0.1
0.00142,0.00142,0.6260689451,0.125213789,0.1396437957
0.00142,0.00142,0.6260689451,0.125213789,0.1950038968
0.00142,0.00142,0.6260689451,0.125213789,0.2723108433
0.00142,0.00142,0.6260689451,0.125213789,0.3802651977
0.00142,0.00142,0.6260689451,0.125213789,0.5310167558
0.00142,0.00142,0.6260689451,0.125213789,0.7415319537
0.00142,0.00142,0.6260689451,0.125213789,1.0355033665
0.00142,0.00142,0.6260689451,0.125213789,1.4460162057
0.00142,0.00142,0.6260689451,0.125213789,2.0192719162
0.00142,0.00142,0.6260689451,0.125213789,2.8197879494
0.00142,0.00142,0.6260689451,0.125213789,3.9376589236
0.00142,0.00142,0.6260689451,0.125213789,5.498696383
0.00142,0.00142,0.6260689451,0.125213789,7.6785883437
0.00142,0.00142,0.6260689451,0.125213789,10.7226722201
0.00142,0.00142,0.6260689451,0.125213789,14.9735464897
0.00142,0.00142,0.6260689451,0.125213789,20.9096286705
0.00142,0.00142,0.6260689451,0.125213789,29.1989991443
0.00142,0.00142,0.6260689451,0.125213789,40.7745907144
0.00142,0.00142,0.6260689451,0.125213789,56.9391861586
0.00142,0.00142,0.6260689451,0.125213789,79.5120407981
0.00142,0.00142,0.6260689451,0.125213789,111.0336318168
0.00142,0.00142,0.6260689451,0.125213789,155.0515779833
0.00142,0.00142,0.6260689451,0.125213789,216.5199088036
0.00142,0.00142,0.6260689451,0.125213789,302.3566191205
0.00142,0.00142,0.6260689451,0.125213789,422.2222595195
0.00142,0.00142,0.6260689451,0.125213789,589.6071895242
0.00142,0.00142,0.6260689451,0.125213789,823.3498592289
0.00142,0.00142,0.6260689451,0.125213789,1149.7569953977
0.00142,0.00142,0.6260689451,0.125213789,1605.5643098112
0.00142,0.00142,0.6260689451,0.125213789,2242.0709447806
0.00142,0.00142,0.6260689451,0.125213789,3130.912969796
0.00142,0.00142,0.6260689451,0.125213789,4372.1257113904
0.00142,0.00142,0.6260689451,0.125213789,6105.4022965853
0.00142,0.00142,0.6260689451,0.1565172363,0.1
0.00142,0.00142,0.6260689451,0.1565172363,0.1396437957
0.00142,0.00142,0.6260689451,0.1565172363,0.1950038968
0.00142,0.00142,0.6260689451,0.1565172363,0.2723108433
0.00142,0.00142,0.6260689451,0.1565172363,0.3802651977
0.00142,0.00142,0.6260689451,0.1565172363,0.5310167558
0.00142,0.00142,0.6260689451,0.1565172363,0.7415319537
0.00142,0.00142,0.6260689451,0.1565172363,1.0355033665
0.00142,0.00142,0.6260689451,0.1565172363,1.4460162057
0.00142,0.00142,0.6260689451,0.1565172363,2.0192719162
0.00142,0.00142,0.6260689451,0.1565172363,2.8197879494
0.00142,0.00142,0.6260689451,0.1565172363,3.9376589236
0.00142,0.00142,0.6260689451,0.1565172363,5.498696383
0.00142,0.00142,0.6260689451,0.1565172363,7.6785883437
0.00142,0.00142,0.6260689451,0.1565172363,10.7226722201
0.00142,0.00142,0.6260689451,0.1565172363,14.9735464897
0.00142,0.00142,0.6260689451,0.1565172363,20.9096286705
0.00142,0.00142,0.6260689451,0.1565172363,29.1989991443
0.00142,0.00142,0.6260689451,0.1565172363,40.7745907144
0.00142,0.00142,0.6260689451,0.1565172363,56.9391861586
0.00142,0.00142,0.6260689451,0.1565172363,79.5120407981
0.00142,0.00142,0.6260689451,0.1565172363,111.0336318168
0.00142,0.00142,0.6260689451,0.1565172363,155.0515779833
0.00142,0.00142,0.6260689451,0.1565172363,216.5199088036
0.00142,0.00142,0.6260689451,0.1565172363,302.3566191205
0.00142,0.00142,0.6260689451,0.1565172363,422.2222595195
0.00142,0.00142,0.6260689451,0.1565172363,589.6071895242
0.00142,0.00142,0.6260689451,0.1565172363,823.3498592289
0.00142,0.00142,0.6260689451,0.1565172363,1149.7569953977
0.00142,0.00142,0.6260689451,0.1565172363,1605.5643098112
0.00142,0.00142,0.6260689451,0.1565172363,2242.0709447806
0.00142,0.00142,0.6260689451,0.1565172363,3130.912969796
0.00142,0.00142,0.6260689451,0.1565172363,4372.1257113904
0.00142,0.00142,0.6260689451,0.1565172363,6105.4022965853
0.00142,0.00142,0.6260689451,0.1878206835,0.1
0.00142,0.00142,0.6260689451,0.1878206835,0.1396437957
0.00142,0.00142,0.6260689451,0.1878206835,0.1950038968
0.00142,0.00142,0.6260689451,0.1878206835,0.2723108433
0.00142,0.00142,0.6260689451,0.1878206835,0.3802651977
0.00142,0.00142,0.6260689451,0.1878206835,0.5310167558
0.00142,0.00142,0.6260689451,0.1878206835,0.7415319537
0.00142,0.00142,0.6260689451,0.1878206835,1.0355033665
0.00142,0.00142,0.6260689451,0.1878206835,1.4460162057
0.00142,0.00142,0.6260689451,0.1878206835,2.0192719162
0.00142,0.00142,0.6260689451,0.1878206835,2.8197879494
0.00142,0.00142,0.6260689451,0.1878206835,3.9376589236
0.00142,0.00142,0.6260689451,0.1878206835,5.498696383
0.00142,0.00142,0.6260689451,0.1878206835,7.6785883437
0.00142,0.00142,0.6260689451,0.1878206835,10.7226722201
0.00142,0.00142,0.6260689451,0.1878206835,14.9735464897
0.00142,0.00142,0.6260689451,0.1878206835,20.9096286705
0.00142,0.00142,0.6260689451,0.1878206835,29.1989991443
0.00142,0.00142,0.6260689451,0.1878206835,40.7745907144
0.00142,0.00142,0.6260689451,0.1878206835,56.9391861586
0.00142,0.00142,0.6260689451,0.1878206835,79.5120407981
0.00142,0.00142,0.6260689451,0.1878206835,111.0336318168
0.00142,0.00142,0.6260689451,0.1878206835,155.0515779833
0.00142,0.00142,0.6260689451,0.1878206835,216.5199088036
0.00142,0.00142,0.6260689451,0.1878206835,302.3566191205
0.00142,0.00142,0.6260689451,0.1878206835,422.2222595195
0.00142,0.00142,0.6260689451,0.1878206835,589.6071895242
0.00142,0.00142,0.6260689451,0.1878206835,823.3498592289
0.00142,0.00142,0.6260689451,0.1878206835,1149.7569953977
0.00142,0.00142,0.6260689451,0.1878206835,1605.5643098112
0.00142,0.00142,0.6260689451,0.1878206835,2242.0709447806
0.00142,0.00142,0.6260689451,0.1878206835,3130.912969796
0.00142,0.00142,0.6260689451,0.1878206835,4372.1257113904
0.00142,0.00142,0.6260689451,0.1878206835,6105.4022965853
0.00142,0.00142,0.6260689451,0.2191241308,0.1
0.00142,0.00142,0.6260689451,0.2191241308,0.1396437957
0.00142,0.00142,0.6260689451,0.2191241308,0.1950038968
0.00142,0.00142,0.6260689451,0.2191241308,0.2723108433
0.00142,0.00142,0.6260689451,0.2191241308,0.3802651977
0.00142,0.00142,0.6260689451,0.2191241308,0.5310167558
0.00142,0.00142,0.6260689451,0.2191241308,0.7415319537
0.00142,0.00142,0.6260689451,0.2191241308,1.0355033665
0.00142,0.00142,0.6260689451,0.2191241308,1.4460162057
0.00142,0.00142,0.6260689451,0.2191241308,2.0192719162
0.00142,0.00142,0.6260689451,0.2191241308,2.8197879494
0.00142,0.00142,0.6260689451,0.2191241308,3.9376589236
0.00142,0.00142,0.6260689451,0.2191241308,5.498696383
0.00142,0.00142,0.6260689451,0.2191241308,7.6785883437
0.00142,0.00142,0.6260689451,0.2191241308,10.7226722201
0.00142,0.00142,0.6260689451,0.2191241308,14.9735464897
0.00142,0.00142,0.6260689451,0.2191241308,20.9096286705
0.00142,0.00142,0.6260689451,0.2191241308,29.1989991443
0.00142,0.00142,0.6260689451,0.2191241308,40.7745907144
0.00142,0.00142,0.6260689451,0.2191241308,56.9391861586
0.00142,0.00142,0.6260689451,0.2191241308,79.5120407981
0.00142,0.00142,0.6260689451,0.2191241308,111.0336318168
0.00142,0.00142,0.6260689451,0.2191241308,155.0515779833
0.00142,0.00142,0.6260689451,0.2191241308,216.5199088036
0.00142,0.00142,0.6260689451,0.2191241308,302.3566191205
0.00142,0.00142,0.6260689451,0.2191241308,422.2222595195
0.00142,0.00142,0.6260689451,0.2191241308,589.6071895242
0.00142,0.00142,0.6260689451,0.2191241308,823.3498592289
0.00142,0.00142,0.6260689451,0.2191241308,1149.7569953977
0.00142,0.00142,0.6260689451,0.2191241308,1605.5643098112
0.00142,0.00142,0.6260689451,0.2191241308,2242.0709447806
0.00142,0.00142,0.6260689451,0.2191241308,3130.912969796
0.00142,0.00142,0.6260689451,0.2191241308,4372.1257113904
0.00142,0.00142,0.6260689451,0.2191241308,6105.4022965853
0.00142,0.00142,0.6260689451,0.250427578,0.1
0.00142,0.00142,0.6260689451,0.250427578,0.1396437957
0.00142,0.00142,0.6260689451,0.250427578,0.1950038968
0.00142,0.00142,0.6260689451,0.250427578,0.2723108433
0.00142,0.00142,0.6260689451,0.250427578,0.3802651977
0.00142,0.00142,0.6260689451,0.250427578,0.5310167558
0.00142,0.00142,0.6260689451,0.250427578,0.7415319537
0.00142,0.00142,0.6260689451,0.250427578,1.0355033665
0.00142,0.00142,0.6260689451,0.250427578,1.4460162057
0.00142,0.00142,0.6260689451,0.250427578,2.0192719162
0.00142,0.00142,0.6260689451,0.250427578,2.8197879494
0.00142,0.00142,0.6260689451,0.250427578,3.9376589236
0.00142,0.00142,0.6260689451,0.250427578,5.498696383
0.00142,0.00142,0.6260689451,0.250427578,7.6785883437
0.00142,0.00142,0.6260689451,0.250427578,10.7226722201
0.00142,0.00142,0.6260689451,0.250427578,14.9735464897
0.00142,0.00142,0.6260689451,0.250427578,20.9096286705
0.00142,0.00142,0.6260689451,0.250427578,29.1989991443
0.00142,0.00142,0.6260689451,0.250427578,40.7745907144
0.00142,0.00142,0.6260689451,0.250427578,56.9391861586
0.00142,0.00142,0.6260689451,0.250427578,79.5120407981
0.00142,0.00142,0.6260689451,0.250427578,111.0336318168
0.00142,0.00142,0.6260689451,0.250427578,155.0515779833
0.00142,0.00142,0.6260689451,0.250427578,216.5199088036
0.00142,0.00142,0.6260689451,0.250427578,302.3566191205
0.00142,0.00142,0.6260689451,0.250427578,422.2222595195
0.00142,0.00142,0.6260689451,0.250427578,589.6071895242
0.00142,0.00142,0.6260689451,0.250427578,823.3498592289
0.00142,0.00142,0.6260689451,0.250427578,1149.7569953977
0.00142,0.00142,0.6260689451,0.250427578,1605.5643098112
0.00142,0.00142,0.6260689451,0.250427578,2242.0709447806
0.00142,0.00142,0.6260689451,0.250427578,3130.912969796
0.00142,0.00142,0.6260689451,0.250427578,4372.1257113904
0.00142,0.00142,0.6260689451,0.250427578,6105.4022965853
0.00142,0.00142,0.6260689451,0.2817310253,0.1
0.00142,0.00142,0.6260689451,0.2817310253,0.1396437957
0.00142,0.00142,0.6260689451,0.2817310253,0.1950038968
0.00142,0.00142,0.6260689451,0.2817310253,0.2723108433
0.00142,0.00142,0.6260689451,0.2817310253,0.3802651977
0.00142,0.00142,0.6260689451,0.2817310253,0.5310167558
0.00142,0.00142,0.6260689451,0.2817310253,0.7415319537
0.00142,0.00142,0.6260689451,0.2817310253,1.0355033665
0.00142,0.00142,0.6260689451,0.2817310253,1.4460162057
0.00142,0.00142,0.6260689451,0.2817310253,2.0192719162
0.00142,0.00142,0.6260689451,0.2817310253,2.8197879494
0.00142,0.00142,0.6260689451,0.2817310253,3.9376589236
0.00142,0.00142,0.6260689451,0.2817310253,5.498696383
0.00142,0.00142,0.6260689451,0.2817310253,7.6785883437
0.00142,0.00142,0.6260689451,0.2817310253,10.7226722201
0.00142,0.00142,0.6260689451,0.2817310253,14.9735464897
0.00142,0.00142,0.6260689451,0.2817310253,20.9096286705
0.00142,0.00142,0.6260689451,0.2817310253,29.1989991443
0.00142,0.00142,0.6260689451,0.2817310253,40.7745907144
0.00142,0.00142,0.6260689451,0.2817310253,56.9391861586
0.00142,0.00142,0.6260689451,0.2817310253,79.5120407981
0.00142,0.00142,0.6260689451,0.2817310253,111.0336318168
0.00142,0.00142,0.6260689451,0.2817310253,155.0515779833
0.00142,0.00142,0.6260689451,0.2817310253,216.5199088036
0.00142,0.00142,0.6260689451,0.2817310253,302.3566191205
0.00142,0.00142,0.6260689451,0.2817310253,422.2222595195
0.00142,0.00142,0.6260689451,0.2817310253,589.6071895242
0.00142,0.00142,0.6260689451,0.2817310253,823.3498592289
0.00142,0.00142,0.6260689451,0.2817310253,1149.7569953977
0.00142,0.00142,0.6260689451,0.2817310253,1605.5643098112
0.00142,0.00142,0.6260689451,0.2817310253,2242.0709447806
0.00142,0.00142,0.6260689451,0.2817310253,3130.912969796
0.00142,0.00142,0.6260689451,0.2817310253,4372.1257113904
0.00142,0.00142,0.6260689451,0.2817310253,6105.4022965853
0.00142,0.00142,0.6260689451,0.3130344725,0.1
0.00142,0.00142,0.6260689451,0.3130344725,0.1396437957
0.00142,0.00142,0.6260689451,0.3130344725,0.1950038968
0.00142,0.00142,0.6260689451,0.3130344725,0.2723108433
0.00142,0.00142,0.6260689451,0.3130344725,0.3802651977
0.00142,0.00142,0.6260689451,0.3130344725,0.5310167558
0.00142,0.00142,0.6260689451,0.3130344725,0.7415319537
0.00142,0.00142,0.6260689451,0.3130344725,1.0355033665
0.00142,0.00142,0.6260689451,0.3130344725,1.4460162057
0.00142,0.00142,0.6260689451,0.3130344725,2.0192719162
0.00142,0.00142,0.6260689451,0.3130344725,2.8197879494
0.00142,0.00142,0.6260689451,0.3130344725,3.9376589236
0.00142,0.00142,0.6260689451,0.3130344725,5.498696383
0.00142,0.00142,0.6260689451,0.3130344725,7.6785883437
0.00142,0.00142,0.6260689451,0.3130344725,10.7226722201
0.00142,0.00142,0.6260689451,0.3130344725,14.9735464897
0.00142,0.00142,0.6260689451,0.3130344725,20.9096286705
0.00142,0.00142,0.6260689451,0.3130344725,29.1989991443
0.00142,0.00142,0.6260689451,0.3130344725,40.7745907144
0.00142,0.00142,0.6260689451,0.3130344725,56.9391861586
0.00142,0.00142,0.6260689451,0.3130344725,79.5120407981
0.00142,0.00142,0.6260689451,0.3130344725,111.0336318168
0.00142,0.00142,0.6260689451,0.3130344725,155.0515779833
0.00142,0.00142,0.6260689451,0.3130344725,216.5199088036
0.00142,0.00142,0.6260689451,0.3130344725,302.3566191205
0.00142,0.00142,0.6260689451,0.3130344725,422.2222595195
0.00142,0.00142,0.6260689451,0.3130344725,589.6071895242
0.00142,0.00142,0.6260689451,0.3130344725,823.3498592289
0.00142,0.00142,0.6260689451,0.3130344725,1149.7569953977
0.00142,0.00142,0.6260689451,0.3130344725,1605.5643098112
0.00142,0.00142,0.6260689451,0.3130344725,2242.0709447806
0.00142,0.00142,0.6260689451,0.3130344725,3130.912969796
0.00142,0.00142,0.6260689451,0.3130344725,4372.1257113904
0.00142,0.00142,0.6260689451,0.3130344725,6105.4022965853
0.00142,0.00142,0.6260689451,0.3443379198,0.1
0.00142,0.00142,0.6260689451,0.3443379198,0.1396437957
0.00142,0.00142,0.6260689451,0.3443379198,0.1950038968
0.00142,0.00142,0.6260689451,0.3443379198,0.2723108433
0.00142,0.00142,0.6260689451,0.3443379198,0.3802651977
0.00142,0.00142,0.6260689451,0.3443379198,0.5310167558
0.00142,0.00142,0.6260689451,0.3443379198,0.7415319537
0.00142,0.00142,0.6260689451,0.3443379198,1.0355033665
0.00142,0.00142,0.6260689451,0.3443379198,1.4460162057
0.00142,0.00142,0.6260689451,0.3443379198,2.0192719162
0.00142,0.00142,0.6260689451,0.3443379198,2.8197879494
0.00142,0.00142,0.6260689451,0.3443379198,3.9376589236
0.00142,0.00142,0.6260689451,0.3443379198,5.498696383
0.00142,0.00142,0.6260689451,0.3443379198,7.6785883437
0.00142,0.00142,0.6260689451,0.3443379198,10.7226722201
0.00142,0.00142,0.6260689451,0.3443379198,14.9735464897
0.00142,0.00142,0.6260689451,0.3443379198,20.9096286705
0.00142,0.00142,0.6260689451,0.3443379198,29.1989991443
0.00142,0.00142,0.6260689451,0.3443379198,40.7745907144
0.00142,0.00142,0.6260689451,0.3443379198,56.9391861586
0.00142,0.00142,0.6260689451,0.3443379198,79.5120407981
0.00142,0.00142,0.6260689451,0.3443379198,111.0336318168
0.00142,0.00142,0.6260689451,0.3443379198,155.0515779833
0.00142,0.00142,0.6260689451,0.3443379198,216.5199088036
0.00142,0.00142,0.6260689451,0.3443379198,302.3566191205
0.00142,0.00142,0.6260689451,0.3443379198,422.2222595195
0.00142,0.00142,0.6260689451,0.3443379198,589.6071895242
0.00142,0.00142,0.6260689451,0.3443379198,823.3498592289
0.00142,0.00142,0.6260689451,0.3443379198,1149.7569953977
0.00142,0.00142,0.6260689451,0.3443379198,1605.5643098112
0.00142,0.00142,0.6260689451,0.3443379198,2242.0709447806
0.00142,0.00142,0.6260689451,0.3443379198,3130.912969796
0.00142,0.00142,0.6260689451,0.3443379198,4372.1257113904
0.00142,0.00142,0.6260689451,0.3443379198,6105.4022965853
0.00142,0.00142,0.6260689451,0.3756413671,0.1
0.00142,0.00142,0.6260689451,0.3756413671,0.1396437957
0.00142,0.00142,0.6260689451,0.3756413671,0.1950038968
0.00142,0.00142,0.6260689451,0.3756413671,0.2723108433
0.00142,0.00142,0.6260689451,0.3756413671,0.3802651977
0.00142,0.00142,0.6260689451,0.3756413671,0.5310167558
0.00142,0.00142,0.6260689451,0.3756413671,0.7415319537
0.00142,0.00142,0.6260689451,0.3756413671,1.0355033665
0.00142,0.00142,0.6260689451,0.3756413671,1.4460162057
0.00142,0.00142,0.6260689451,0.3756413671,2.0192719162
0.00142,0.00142,0.6260689451,0.3756413671,2.8197879494
0.00142,0.00142,0.6260689451,0.3756413671,3.9376589236
0.00142,0.00142,0.6260689451,0.3756413671,5.498696383
0.00142,0.00142,0.6260689451,0.3756413671,7.6785883437
0.00142,0.00142,0.6260689451,0.3756413671,10.7226722201
0.00142,0.00142,0.6260689451,0.3756413671,14.9735464897
0.00142,0.00142,0.6260689451,0.3756413671,20.9096286705
0.00142,0.00142,0.6260689451,0.3756413671,29.1989991443
0.00142,0.00142,0.6260689451,0.3756413671,40.7745907144
0.00142,0.00142,0.6260689451,0.3756413671,56.9391861586
0.00142,0.00142,0.6260689451,0.3756413671,79.5120407981
0.00142,0.00142,0.6260689451,0.3756413671,111.0336318168
0.00142,0.00142,0.6260689451,0.3756413671,155.0515779833
0.00142,0.00142,0.6260689451,0.3756413671,216.5199088036
0.00142,0.00142,0.6260689451,0.3756413671,302.3566191205
0.00142,0.00142,0.6260689451,0.3756413671,422.2222595195
0.00142,0.00142,0.6260689451,0.3756413671,589.6071895242
0.00142,0.00142,0.6260689451,0.3756413671,823.3498592289
0.00142,0.00142,0.6260689451,0.3756413671,1149.7569953977
0.00142,0.00142,0.6260689451,0.3756413671,1605.5643098112
0.00142,0.00142,0.6260689451,0.3756413671,2242.0709447806
0.00142,0.00142,0.6260689451,0.3756413671,3130.912969796
0.00142,0.00142,0.6260689451,0.3756413671,4372.1257113904
0.00142,0.00142,0.6260689451,0.3756413671,6105.4022965853
0.00142,0.00142,0.6260689451,0.4069448143,0.1
0.00142,0.00142,0.6260689451,0.4069448143,0.1396437957
0.00142,0.00142,0.6260689451,0.4069448143,0.1950038968
0.00142,0.00142,0.6260689451,0.4069448143,0.2723108433
0.00142,0.00142,0.6260689451,0.4069448143,0.3802651977
0.00142,0.00142,0.6260689451,0.4069448143,0.5310167558
0.00142,0.00142,0.6260689451,0.4069448143,0.7415319537
0.00142,0.00142,0.6260689451,0.4069448143,1.0355033665
0.00142,0.00142,0.6260689451,0.4069448143,1.4460162057
0.00142,0.00142,0.6260689451,0.4069448143,2.0192719162
0.00142,0.00142,0.6260689451,0.4069448143,2.8197879494
0.00142,0.00142,0.6260689451,0.4069448143,3.9376589236
0.00142,0.00142,0.6260689451,0.4069448143,5.498696383
0.00142,0.00142,0.6260689451,0.4069448143,7.6785883437
0.00142,0.00142,0.6260689451,0.4069448143,10.7226722201
0.00142,0.00142,0.6260689451,0.4069448143,14.9735464897
0.00142,0.00142,0.6260689451,0.4069448143,20.9096286705
0.00142,0.00142,0.6260689451,0.4069448143,29.1989991443
0.00142,0.00142,0.6260689451,0.4069448143,40.7745907144
0.00142,0.00142,0.6260689451,0.4069448143,56.9391861586
0.00142,0.00142,0.6260689451,0.4069448143,79.5120407981
0.00142,0.00142,0.6260689451,0.4069448143,111.0336318168
0.00142,0.00142,0.6260689451,0.4069448143,155.0515779833
0.00142,0.00142,0.6260689451,0.4069448143,216.5199088036
0.00142,0.00142,0.6260689451,0.4069448143,302.3566191205
0.00142,0.00142,0.6260689451,0.4069448143,422.2222595195
0.00142,0.00142,0.6260689451,0.4069448143,589.6071895242
0.00142,0.00142,0.6260689451,0.4069448143,823.3498592289
0.00142,0.00142,0.6260689451,0.4069448143,1149.7569953977
0.00142,0.00142,0.6260689451,0.4069448143,1605.5643098112
0.00142,0.00142,0.6260689451,0.4069448143,2242.0709447806
0.00142,0.00142,0.6260689451,0.4069448143,3130.912969796
0.00142,0.00142,0.6260689451,0.4069448143,4372.1257113904
0.00142,0.00142,0.6260689451,0.4069448143,6105.4022965853
0.00142,0.00142,0.6260689451,0.4382482616,0.1
0.00142,0.00142,0.6260689451,0.4382482616,0.1396437957
0.00142,0.00142,0.6260689451,0.4382482616,0.1950038968
0.00142,0.00142,0.6260689451,0.4382482616,0.2723108433
0.00142,0.00142,0.6260689451,0.4382482616,0.3802651977
0.00142,0.00142,0.6260689451,0.4382482616,0.5310167558
0.00142,0.00142,0.6260689451,0.4382482616,0.7415319537
0.00142,0.00142,0.6260689451,0.4382482616,1.0355033665
0.00142,0.00142,0.6260689451,0.4382482616,1.4460162057
0.00142,0.00142,0.6260689451,0.4382482616,2.0192719162
0.00142,0.00142,0.6260689451,0.4382482616,2.8197879494
0.00142,0.00142,0.6260689451,0.4382482616,3.9376589236
0.00142,0.00142,0.6260689451,0.4382482616,5.498696383
0.00142,0.00142,0.6260689451,0.4382482616,7.6785883437
0.00142,0.00142,0.6260689451,0.4382482616,10.7226722201
0.00142,0.00142,0.6260689451,0.4382482616,14.9735464897
0.00142,0.00142,0.6260689451,0.4382482616,20.9096286705
0.00142,0.00142,0.6260689451,0.4382482616,29.1989991443
0.00142,0.00142,0.6260689451,0.4382482616,40.7745907144
0.00142,0.00142,0.6260689451,0.4382482616,56.9391861586
0.00142,0.00142,0.6260689451,0.4382482616,79.5120407981
0.00142,0.00142,0.6260689451,0.4382482616,111.0336318168
0.00142,0.00142,0.6260689451,0.4382482616,155.0515779833
0.00142,0.00142,0.6260689451,0.4382482616,216.5199088036
0.00142,0.00142,0.6260689451,0.4382482616,302.3566191205
0.00142,0.00142,0.6260689451,0.4382482616,422.2222595195
0.00142,0.00142,0.6260689451,0.4382482616,589.6071895242
0.00142,0.00142,0.6260689451,0.4382482616,823.3498592289
0.00142,0.00142,0.6260689451,0.4382482616,1149.7569953977
0.00142,0.00142,0.6260689451,0.4382482616,1605.5643098112
0.00142,0.00142,0.6260689451,0.4382482616,2242.0709447806
0.00142,0.00142,0.6260689451,0.4382482616,3130.912969796
0.00142,0.00142,0.6260689451,0.4382482616,4372.1257113904
0.00142,0.00142,0.6260689451,0.4382482616,6105.4022965853
0.00142,0.00142,0.6260689451,0.4695517088,0.1
0.00142,0.00142,0.6260689451,0.4695517088,0.1396437957
0.00142,0.00142,0.6260689451,0.4695517088,0.1950038968
0.00142,0.00142,0.6260689451,0.4695517088,0.2723108433
0.00142,0.00142,0.6260689451,0.4695517088,0.3802651977
0.00142,0.00142,0.6260689451,0.4695517088,0.5310167558
0.00142,0.00142,0.6260689451,0.4695517088,0.7415319537
0.00142,0.00142,0.6260689451,0.4695517088,1.0355033665
0.00142,0.00142,0.6260689451,0.4695517088,1.4460162057
0.00142,0.00142,0.6260689451,0.4695517088,2.0192719162
0.00142,0.00142,0.6260689451,0.4695517088,2.8197879494
0.00142,0.00142,0.6260689451,0.4695517088,3.9376589236
0.00142,0.00142,0.6260689451,0.4695517088,5.498696383
0.00142,0.00142,0.6260689451,0.4695517088,7.6785883437
0.00142,0.00142,0.6260689451,0.4695517088,10.7226722201
0.00142,0.00142,0.6260689451,0.4695517088,14.9735464897
0.00142,0.00142,0.6260689451,0.4695517088,20.9096286705
0.00142,0.00142,0.6260689451,0.4695517088,29.1989991443
0.00142,0.00142,0.6260689451,0.4695517088,40.7745907144
0.00142,0.00142,0.6260689451,0.4695517088,56.9391861586
0.00142,0.00142,0.6260689451,0.4695517088,79.5120407981
0.00142,0.00142,0.6260689451,0.4695517088,111.0336318168
0.00142,0.00142,0.6260689451,0.4695517088,155.0515779833
0.00142,0.00142,0.6260689451,0.4695517088,216.5199088036
0.00142,0.00142,0.6260689451,0.4695517088,302.3566191205
0.00142,0.00142,0.6260689451,0.4695517088,422.2222595195
0.00142,0.00142,0.6260689451,0.4695517088,589.6071895242
0.00142,0.00142,0.6260689451,0.4695517088,823.3498592289
0.00142,0.00142,0.6260689451,0.4695517088,1149.7569953977
0.00142,0.00142,0.6260689451,0.4695517088,1605.5643098112
0.00142,0.00142,0.6260689451,0.4695517088,2242.0709447806
0.00142,0.00142,0.6260689451,0.4695517088,3130.912969796
0.00142,0.00142,0.6260689451,0.4695517088,4372.1257113904
0.00142,0.00142,0.6260689451,0.4695517088,6105.4022965853
0.00142,0.00142,0.6260689451,0.5008551561,0.1
0.00142,0.00142,0.6260689451,0.5008551561,0.1396437957
0.00142,0.00142,0.6260689451,0.5008551561,0.1950038968
0.00142,0.00142,0.6260689451,0.5008551561,0.2723108433
0.00142,0.00142,0.6260689451,0.5008551561,0.3802651977
0.00142,0.00142,0.6260689451,0.5008551561,0.5310167558
0.00142,0.00142,0.6260689451,0.5008551561,0.7415319537
0.00142,0.00142,0.6260689451,0.5008551561,1.0355033665
0.00142,0.00142,0.6260689451,0.5008551561,1.4460162057
0.00142,0.00142,0.6260689451,0.5008551561,2.0192719162
0.00142,0.00142,0.6260689451,0.5008551561,2.8197879494
0.00142,0.00142,0.6260689451,0.5008551561,3.9376589236
0.00142,0.00142,0.6260689451,0.5008551561,5.498696383
0.00142,0.00142,0.6260689451,0.5008551561,7.6785883437
0.00142,0.00142,0.6260689451,0.5008551561,10.7226722201
0.00142,0.00142,0.6260689451,0.5008551561,14.9735464897
0.00142,0.00142,0.6260689451,0.5008551561,20.9096286705
0.00142,0.00142,0.6260689451,0.5008551561,29.1989991443
0.00142,0.00142,0.6260689451,0.5008551561,40.7745907144
0.00142,0.00142,0.6260689451,0.5008551561,56.9391861586
0.00142,0.00142,0.6260689451,0.5008551561,79.5120407981
0.00142,0.00142,0.6260689451,0.5008551561,111.0336318168
0.00142,0.00142,0.6260689451,0.5008551561,155.0515779833
0.00142,0.00142,0.6260689451,0.5008551561,216.5199088036
0.00142,0.00142,0.6260689451,0.5008551561,302.3566191205
0.00142,0.00142,0.6260689451,0.5008551561,422.2222595195
0.00142,0.00142,0.6260689451,0.5008551561,589.6071895242
0.00142,0.00142,0.6260689451,0.5008551561,823.3498592289
0.00142,0.00142,0.6260689451,0.5008551561,1149.7569953977
0.00142,0.00142,0.6260689451,0.5008551561,1605.5643098112
0.00142,0.00142,0.6260689451,0.5008551561,2242.0709447806
0.00142,0.00142,0.6260689451,0.5008551561,3130.912969796
0.00142,0.00142,0.6260689451,0.5008551561,4372.1257113904
0.00142,0.00142,0.6260689451,0.5008551561,6105.4022965853
0.00142,0.00142,0.6260689451,0.5321586033,0.1
0.00142,0.00142,0.6260689451,0.5321586033,0.1396437957
0.00142,0.00142,0.6260689451,0.5321586033,0.1950038968
0.00142,0.00142,0.6260689451,0.5321586033,0.2723108433
0.00142,0.00142,0.6260689451,0.5321586033,0.3802651977
0.00142,0.00142,0.6260689451,0.5321586033,0.5310167558
0.00142,0.00142,0.6260689451,0.5321586033,0.7415319537
0.00142,0.00142,0.6260689451,0.5321586033,1.0355033665
0.00142,0.00142,0.6260689451,0.5321586033,1.4460162057
0.00142,0.00142,0.6260689451,0.5321586033,2.0192719162
0.00142,0.00142,0.6260689451,0.5321586033,2.8197879494
0.00142,0.00142,0.6260689451,0.5321586033,3.9376589236
0.00142,0.00142,0.6260689451,0.5321586033,5.498696383
0.00142,0.00142,0.6260689451,0.5321586033,7.6785883437
0.00142,0.00142,0.6260689451,0.5321586033,10.7226722201
0.00142,0.00142,0.6260689451,0.5321586033,14.9735464897
0.00142,0.00142,0.6260689451,0.5321586033,20.9096286705
0.00142,0.00142,0.6260689451,0.5321586033,29.1989991443
0.00142,0.00142,0.6260689451,0.5321586033,40.7745907144
0.00142,0.00142,0.6260689451,0.5321586033,56.9391861586
0.00142,0.00142,0.6260689451,0.5321586033,79.5120407981
0.00142,0.00142,0.6260689451,0.5321586033,111.0336318168
0.00142,0.00142,0.6260689451,0.5321586033,155.0515779833
0.00142,0.00142,0.6260689451,0.5321586033,216.5199088036
0.00142,0.00142,0.6260689451,0.5321586033,302.3566191205
0.00142,0.00142,0.6260689451,0.5321586033,422.2222595195
0.00142,0.00142,0.6260689451,0.5321586033,589.6071895242
0.00142,0.00142,0.6260689451,0.5321586033,823.3498592289
0.00142,0.00142,0.6260689451,0.5321586033,1149.7569953977
0.00142,0.00142,0.6260689451,0.5321586033,1605.5643098112
0.00142,0.00142,0.6260689451,0.5321586033,2242.0709447806
0.00142,0.00142,0.6260689451,0.5321586033,3130.912969796
0.00142,0.00142,0.6260689451,0.5321586033,4372.1257113904
0.00142,0.00142,0.6260689451,0.5321586033,6105.4022965853
0.00142,0.00142,0.6260689451,0.5634620506,0.1
0.00142,0.00142,0.6260689451,0.5634620506,0.1396437957
0.00142,0.00142,0.6260689451,0.5634620506,0.1950038968
0.00142,0.00142,0.6260689451,0.5634620506,0.2723108433
0.00142,0.00142,0.6260689451,0.5634620506,0.3802651977
0.00142,0.00142,0.6260689451,0.5634620506,0.5310167558
0.00142,0.00142,0.6260689451,0.5634620506,0.7415319537
0.00142,0.00142,0.6260689451,0.5634620506,1.0355033665
0.00142,0.00142,0.6260689451,0.5634620506,1.4460162057
0.00142,0.00142,0.6260689451,0.5634620506,2.0192719162
0.00142,0.00142,0.6260689451,0.5634620506,2.8197879494
0.00142,0.00142,0.6260689451,0.5634620506,3.9376589236
0.00142,0.00142,0.6260689451,0.5634620506,5.498696383
0.00142,0.00142,0.6260689451,0.5634620506,7.6785883437
0.00142,0.00142,0.6260689451,0.5634620506,10.7226722201
0.00142,0.00142,0.6260689451,0.5634620506,14.9735464897
0.00142,0.00142,0.6260689451,0.5634620506,20.9096286705
0.00142,0.00142,0.6260689451,0.5634620506,29.1989991443
0.00142,0.00142,0.6260689451,0.5634620506,40.7745907144
0.00142,0.00142,0.6260689451,0.5634620506,56.9391861586
0.00142,0.00142,0.6260689451,0.5634620506,79.5120407981
0.00142,0.00142,0.6260689451,0.5634620506,111.0336318168
0.00142,0.00142,0.6260689451,0.5634620506,155.0515779833
0.00142,0.00142,0.6260689451,0.5634620506,216.5199088036
0.00142,0.00142,0.6260689451,0.5634620506,302.3566191205
0.00142,0.00142,0.6260689451,0.5634620506,422.2222595195
0.00142,0.00142,0.6260689451,0.5634620506,589.6071895242
0.00142,0.00142,0.6260689451,0.5634620506,823.3498592289
0.00142,0.00142,0.6260689451,0.5634620506,1149.7569953977
0.00142,0.00142,0.6260689451,0.5634620506,1605.5643098112
0.00142,0.00142,0.6260689451,0.5634620506,2242.0709447806
0.00142,0.00142,0.6260689451,0.5634620506,3130.912969796
0.00142,0.00142,0.6260689451,0.5634620506,4372.1257113904
0.00142,0.00142,0.6260689451,0.5634620506,6105.4022965853
0.00142,0.00142,0.6260689451,0.5947654978,0.1
0.00142,0.00142,0.6260689451,0.5947654978,0.1396437957
0.00142,0.00142,0.6260689451,0.5947654978,0.1950038968
0.00142,0.00142,0.6260689451,0.5947654978,0.2723108433
0.00142,0.00142,0.6260689451,0.5947654978,0.3802651977
0.00142,0.00142,0.6260689451,0.5947654978,0.5310167558
0.00142,0.00142,0.6260689451,0.5947654978,0.7415319537
0.00142,0.00142,0.6260689451,0.5947654978,1.0355033665
0.00142,0.00142,0.6260689451,0.5947654978,1.4460162057
0.00142,0.00142,0.6260689451,0.5947654978,2.0192719162
0.00142,0.00142,0.6260689451,0.5947654978,2.8197879494
0.00142,0.00142,0.6260689451,0.5947654978,3.9376589236
0.00142,0.00142,0.6260689451,0.5947654978,5.498696383
0.00142,0.00142,0.6260689451,0.5947654978,7.6785883437
0.00142,0.00142,0.6260689451,0.5947654978,10.7226722201
0.00142,0.00142,0.6260689451,0.5947654978,14.9735464897
0.00142,0.00142,0.6260689451,0.5947654978,20.9096286705
0.00142,0.00142,0.6260689451,0.5947654978,29.1989991443
0.00142,0.00142,0.6260689451,0.5947654978,40.7745907144
0.00142,0.00142,0.6260689451,0.5947654978,56.9391861586
0.00142,0.00142,0.6260689451,0.5947654978,79.5120407981
0.00142,0.00142,0.6260689451,0.5947654978,111.0336318168
0.00142,0.00142,0.6260689451,0.5947654978,155.0515779833
0.00142,0.00142,0.6260689451,0.5947654978,216.5199088036
0.00142,0.00142,0.6260689451,0.5947654978,302.3566191205
0.00142,0.00142,0.6260689451,0.5947654978,422.2222595195
0.00142,0.00142,0.6260689451,0.5947654978,589.6071895242
0.00142,0.00142,0.6260689451,0.5947654978,823.3498592289
0.00142,0.00142,0.6260689451,0.5947654978,1149.7569953977
0.00142,0.00142,0.6260689451,0.5947654978,1605.5643098112
0.00142,0.00142,0.6260689451,0.5947654978,2242.0709447806
0.00142,0.00142,0.6260689451,0.5947654978,3130.912969796
0.00142,0.00142,0.6260689451,0.5947654978,4372.1257113904
0.00142,0.00142,0.6260689451,0.5947654978,6105.4022965853
0.00142,0.00142,0.6260689451,0.6198082556,0.1
0.00142,0.00142,0.6260689451,0.6198082556,0.1396437957
0.00142,0.00142,0.6260689451,0.6198082556,0.1950038968
0.00142,0.00142,0.6260689451,0.6198082556,0.2723108433
0.00142,0.00142,0.6260689451,0.6198082556,0.3802651977
0.00142,0.00142,0.6260689451,0.6198082556,0.5310167558
0.00142,0.00142,0.6260689451,0.6198082556,0.7415319537
0.00142,0.00142,0.6260689451,0.6198082556,1.0355033665
0.00142,0.00142,0.6260689451,0.6198082556,1.4460162057
0.00142,0.00142,0.6260689451,0.6198082556,2.0192719162
0.00142,0.00142,0.6260689451,0.6198082556,2.8197879494
0.00142,0.00142,0.6260689451,0.6198082556,3.9376589236
0.00142,0.00142,0.6260689451,0.6198082556,5.498696383
0.00142,0.00142,0.6260689451,0.6198082556,7.6785883437
0.00142,0.00142,0.6260689451,0.6198082556,10.7226722201
0.00142,0.00142,0.6260689451,0.6198082556,14.9735464897
0.00142,0.00142,0.6260689451,0.6198082556,20.9096286705
0.00142,0.00142,0.6260689451,0.6198082556,29.1989991443
0.00142,0.00142,0.6260689451,0.6198082556,40.7745907144
0.00142,0.00142,0.6260689451,0.6198082556,56.9391861586
0.00142,0.00142,0.6260689451,0.6198082556,79.5120407981
0.00142,0.00142,0.6260689451,0.6198082556,111.0336318168
0.00142,0.00142,0.6260689451,0.6198082556,155.0515779833
0.00142,0.00142,0.6260689451,0.6198082556,216.5199088036
0.00142,0.00142,0.6260689451,0.6198082556,302.3566191205
0.00142,0.00142,0.6260689451,0.6198082556,422.2222595195
0.00142,0.00142,0.6260689451,0.6198082556,589.6071895242
0.00142,0.00142,0.6260689451,0.6198082556,823.3498592289
0.00142,0.00142,0.6260689451,0.6198082556,1149.7569953977
0.00142,0.00142,0.6260689451,0.6198082556,1605.5643098112
0.00142,0.00142,0.6260689451,0.6198082556,2242.0709447806
0.00142,0.00142,0.6260689451,0.6198082556,3130.912969796
0.00142,0.00142,0.6260689451,0.6198082556,4372.1257113904
0.00142,0.00142,0.6260689451,0.6198082556,6105.4022965853
0.00142,0.00142,0.6974005558,0.1046100834,0.1
0.00142,0.00142,0.6974005558,0.1046100834,0.1396437957
0.00142,0.00142,0.6974005558,0.1046100834,0.1950038968
0.00142,0.00142,0.6974005558,0.1046100834,0.2723108433
0.00142,0.00142,0.6974005558,0.1046100834,0.3802651977
0.00142,0.00142,0.6974005558,0.1046100834,0.5310167558
0.00142,0.00142,0.6974005558,0.1046100834,0.7415319537
0.00142,0.00142,0.6974005558,0.1046100834,1.0355033665
0.00142,0.00142,0.6974005558,0.1046100834,1.4460162057
0.00142,0.00142,0.6974005558,0.1046100834,2.0192719162
0.00142,0.00142,0.6974005558,0.1046100834,2.8197879494
0.00142,0.00142,0.6974005558,0.1046100834,3.9376589236
0.00142,0.00142,0.6974005558,0.1046100834,5.498696383
0.00142,0.00142,0.6974005558,0.1046100834,7.6785883437
0.00142,0.00142,0.6974005558,0.1046100834,10.7226722201
0.00142,0.00142,0.6974005558,0.1046100834,14.9735464897
0.00142,0.00142,0.6974005558,0.1046100834,20.9096286705
0.00142,0.00142,0.6974005558,0.1046100834,29.1989991443
0.00142,0.00142,0.6974005558,0.1046100834,40.7745907144
0.00142,0.00142,0.6974005558,0.1046100834,56.9391861586
0.00142,0.00142,0.6974005558,0.1046100834,79.5120407981
0.00142,0.00142,0.6974005558,0.1046100834,111.0336318168
0.00142,0.00142,0.6974005558,0.1046100834,155.0515779833
0.00142,0.00142,0.6974005558,0.1046100834,216.5199088036
0.00142,0.00142,0.6974005558,0.1046100834,302.3566191205
0.00142,0.00142,0.6974005558,0.1046100834,422.2222595195
0.00142,0.00142,0.6974005558,0.1046100834,589.6071895242
0.00142,0.00142,0.6974005558,0.1046100834,823.3498592289
0.00142,0.00142,0.6974005558,0.1046100834,1149.7569953977
0.00142,0.00142,0.6974005558,0.1046100834,1605.5643098112
0.00142,0.00142,0.6974005558,0.1046100834,2242.0709447806
0.00142,0.00142,0.6974005558,0.1046100834,3130.912969796
0.00142,0.00142,0.6974005558,0.1046100834,4372.1257113904
0.00142,0.00142,0.6974005558,0.1046100834,6105.4022965853
0.00142,0.00142,0.6974005558,0.1394801112,0.1
0.00142,0.00142,0.6974005558,0.1394801112,0.1396437957
0.00142,0.00142,0.6974005558,0.1394801112,0.1950038968
0.00142,0.00142,0.6974005558,0.1394801112,0.2723108433
0.00142,0.00142,0.6974005558,0.1394801112,0.3802651977
0.00142,0.00142,0.6974005558,0.1394801112,0.5310167558
0.00142,0.00142,0.6974005558,0.1394801112,0.7415319537
0.00142,0.00142,0.6974005558,0.1394801112,1.0355033665
0.00142,0.00142,0.6974005558,0.1394801112,1.4460162057
0.00142,0.00142,0.6974005558,0.1394801112,2.0192719162
0.00142,0.00142,0.6974005558,0.1394801112,2.8197879494
0.00142,0.00142,0.6974005558,0.1394801112,3.9376589236
0.00142,0.00142,0.6974005558,0.1394801112,5.498696383
0.00142,0.00142,0.6974005558,0.1394801112,7.6785883437
0.00142,0.00142,0.6974005558,0.1394801112,10.7226722201
0.00142,0.00142,0.6974005558,0.1394801112,14.9735464897
0.00142,0.00142,0.6974005558,0.1394801112,20.9096286705
0.00142,0.00142,0.6974005558,0.1394801112,29.1989991443
0.00142,0.00142,0.6974005558,0.1394801112,40.7745907144
0.00142,0.00142,0.6974005558,0.1394801112,56.9391861586
0.00142,0.00142,0.6974005558,0.1394801112,79.5120407981
0.00142,0.00142,0.6974005558,0.1394801112,111.0336318168
0.00142,0.00142,0.6974005558,0.1394801112,155.0515779833
0.00142,0.00142,0.6974005558,0.1394801112,216.5199088036
0.00142,0.00142,0.6974005558,0.1394801112,302.3566191205
0.00142,0.00142,0.6974005558,0.1394801112,422.2222595195
0.00142,0.00142,0.6974005558,0.1394801112,589.6071895242
0.00142,0.00142,0.6974005558,0.1394801112,823.3498592289
0.00142,0.00142,0.6974005558,0.1394801112,1149.7569953977
0.00142,0.00142,0.6974005558,0.1394801112,1605.5643098112
0.00142,0.00142,0.6974005558,0.1394801112,2242.0709447806
0.00142,0.00142,0.6974005558,0.1394801112,3130.912969796
0.00142,0.00142,0.6974005558,0.1394801112,4372.1257113904
0.00142,0.00142,0.6974005558,0.1394801112,6105.4022965853
0.00142,0.00142,0.6974005558,0.174350139,0.1
0.00142,0.00142,0.6974005558,0.174350139,0.1396437957
0.00142,0.00142,0.6974005558,0.174350139,0.1950038968
0.00142,0.00142,0.6974005558,0.174350139,0.2723108433
0.00142,0.00142,0.6974005558,0.174350139,0.3802651977
0.00142,0.00142,0.6974005558,0.174350139,0.5310167558
0.00142,0.00142,0.6974005558,0.174350139,0.7415319537
0.00142,0.00142,0.6974005558,0.174350139,1.0355033665
0.00142,0.00142,0.6974005558,0.174350139,1.4460162057
0.00142,0.00142,0.6974005558,0.174350139,2.0192719162
0.00142,0.00142,0.6974005558,0.174350139,2.8197879494
0.00142,0.00142,0.6974005558,0.174350139,3.9376589236
0.00142,0.00142,0.6974005558,0.174350139,5.498696383
0.00142,0.00142,0.6974005558,0.174350139,7.6785883437
0.00142,0.00142,0.6974005558,0.174350139,10.7226722201
0.00142,0.00142,0.6974005558,0.174350139,14.9735464897
0.00142,0.00142,0.6974005558,0.174350139,20.9096286705
0.00142,0.00142,0.6974005558,0.174350139,29.1989991443
0.00142,0.00142,0.6974005558,0.174350139,40.7745907144
0.00142,0.00142,0.6974005558,0.174350139,56.9391861586
0.00142,0.00142,0.6974005558,0.174350139,79.5120407981
0.00142,0.00142,0.6974005558,0.174350139,111.0336318168
0.00142,0.00142,0.6974005558,0.174350139,155.0515779833
0.00142,0.00142,0.6974005558,0.174350139,216.5199088036
0.00142,0.00142,0.6974005558,0.174350139,302.3566191205
0.00142,0.00142,0.6974005558,0.174350139,422.2222595195
0.00142,0.00142,0.6974005558,0.174350139,589.6071895242
0.00142,0.00142,0.6974005558,0.174350139,823.3498592289
0.00142,0.00142,0.6974005558,0.174350139,1149.7569953977
0.00142,0.00142,0.6974005558,0.174350139,1605.5643098112
0.00142,0.00142,0.6974005558,0.174350139,2242.0709447806
0.00142,0.00142,0.6974005558,0.174350139,3130.912969796
0.00142,0.00142,0.6974005558,0.174350139,4372.1257113904
0.00142,0.00142,0.6974005558,0.174350139,6105.4022965853
0.00142,0.00142,0.6974005558,0.2092201667,0.1
0.00142,0.00142,0.6974005558,0.2092201667,0.1396437957
0.00142,0.00142,0.6974005558,0.2092201667,0.1950038968
0.00142,0.00142,0.6974005558,0.2092201667,0.2723108433
0.00142,0.00142,0.6974005558,0.2092201667,0.3802651977
0.00142,0.00142,0.6974005558,0.2092201667,0.5310167558
0.00142,0.00142,0.6974005558,0.2092201667,0.7415319537
0.00142,0.00142,0.6974005558,0.2092201667,1.0355033665
0.00142,0.00142,0.6974005558,0.2092201667,1.4460162057
0.00142,0.00142,0.6974005558,0.2092201667,2.0192719162
0.00142,0.00142,0.6974005558,0.2092201667,2.8197879494
0.00142,0.00142,0.6974005558,0.2092201667,3.9376589236
0.00142,0.00142,0.6974005558,0.2092201667,5.498696383
0.00142,0.00142,0.6974005558,0.2092201667,7.6785883437
0.00142,0.00142,0.6974005558,0.2092201667,10.7226722201
0.00142,0.00142,0.6974005558,0.2092201667,14.9735464897
0.00142,0.00142,0.6974005558,0.2092201667,20.9096286705
0.00142,0.00142,0.6974005558,0.2092201667,29.1989991443
0.00142,0.00142,0.6974005558,0.2092201667,40.7745907144
0.00142,0.00142,0.6974005558,0.2092201667,56.9391861586
0.00142,0.00142,0.6974005558,0.2092201667,79.5120407981
0.00142,0.00142,0.6974005558,0.2092201667,111.0336318168
0.00142,0.00142,0.6974005558,0.2092201667,155.0515779833
0.00142,0.00142,0.6974005558,0.2092201667,216.5199088036
0.00142,0.00142,0.6974005558,0.2092201667,302.3566191205
0.00142,0.00142,0.6974005558,0.2092201667,422.2222595195
0.00142,0.00142,0.6974005558,0.2092201667,589.6071895242
0.00142,0.00142,0.6974005558,0.2092201667,823.3498592289
0.00142,0.00142,0.6974005558,0.2092201667,1149.7569953977
0.00142,0.00142,0.6974005558,0.2092201667,1605.5643098112
0.00142,0.00142,0.6974005558,0.2092201667,2242.0709447806
0.00142,0.00142,0.6974005558,0.2092201667,3130.912969796
0.00142,0.00142,0.6974005558,0.2092201667,4372.1257113904
0.00142,0.00142,0.6974005558,0.2092201667,6105.4022965853
0.00142,0.00142,0.6974005558,0.2440901945,0.1
0.00142,0.00142,0.6974005558,0.2440901945,0.1396437957
0.00142,0.00142,0.6974005558,0.2440901945,0.1950038968
0.00142,0.00142,0.6974005558,0.2440901945,0.2723108433
0.00142,0.00142,0.6974005558,0.2440901945,0.3802651977
0.00142,0.00142,0.6974005558,0.2440901945,0.5310167558
0.00142,0.00142,0.6974005558,0.2440901945,0.7415319537
0.00142,0.00142,0.6974005558,0.2440901945,1.0355033665
0.00142,0.00142,0.6974005558,0.2440901945,1.4460162057
0.00142,0.00142,0.6974005558,0.2440901945,2.0192719162
0.00142,0.00142,0.6974005558,0.2440901945,2.8197879494
0.00142,0.00142,0.6974005558,0.2440901945,3.9376589236
0.00142,0.00142,0.6974005558,0.2440901945,5.498696383
0.00142,0.00142,0.6974005558,0.2440901945,7.6785883437
0.00142,0.00142,0.6974005558,0.2440901945,10.7226722201
0.00142,0.00142,0.6974005558,0.2440901945,14.9735464897
0.00142,0.00142,0.6974005558,0.2440901945,20.9096286705
0.00142,0.00142,0.6974005558,0.2440901945,29.1989991443
0.00142,0.00142,0.6974005558,0.2440901945,40.7745907144
0.00142,0.00142,0.6974005558,0.2440901945,56.9391861586
0.00142,0.00142,0.6974005558,0.2440901945,79.5120407981
0.00142,0.00142,0.6974005558,0.2440901945,111.0336318168
0.00142,0.00142,0.6974005558,0.2440901945,155.0515779833
0.00142,0.00142,0.6974005558,0.2440901945,216.5199088036
0.00142,0.00142,0.6974005558,0.2440901945,302.3566191205
0.00142,0.00142,0.6974005558,0.2440901945,422.2222595195
0.00142,0.00142,0.6974005558,0.2440901945,589.6071895242
0.00142,0.00142,0.6974005558,0.2440901945,823.3498592289
0.00142,0.00142,0.6974005558,0.2440901945,1149.7569953977
0.00142,0.00142,0.6974005558,0.2440901945,1605.5643098112
0.00142,0.00142,0.6974005558,0.2440901945,2242.0709447806
0.00142,0.00142,0.6974005558,0.2440901945,3130.912969796
0.00142,0.00142,0.6974005558,0.2440901945,4372.1257113904
0.00142,0.00142,0.6974005558,0.2440901945,6105.4022965853
0.00142,0.00142,0.6974005558,0.2789602223,0.1
0.00142,0.00142,0.6974005558,0.2789602223,0.1396437957
0.00142,0.00142,0.6974005558,0.2789602223,0.1950038968
0.00142,0.00142,0.6974005558,0.2789602223,0.2723108433
0.00142,0.00142,0.6974005558,0.2789602223,0.3802651977
0.00142,0.00142,0.6974005558,0.2789602223,0.5310167558
0.00142,0.00142,0.6974005558,0.2789602223,0.7415319537
0.00142,0.00142,0.6974005558,0.2789602223,1.0355033665
0.00142,0.00142,0.6974005558,0.2789602223,1.4460162057
0.00142,0.00142,0.6974005558,0.2789602223,2.0192719162
0.00142,0.00142,0.6974005558,0.2789602223,2.8197879494
0.00142,0.00142,0.6974005558,0.2789602223,3.9376589236
0.00142,0.00142,0.6974005558,0.2789602223,5.498696383
0.00142,0.00142,0.6974005558,0.2789602223,7.6785883437
0.00142,0.00142,0.6974005558,0.2789602223,10.7226722201
0.00142,0.00142,0.6974005558,0.2789602223,14.9735464897
0.00142,0.00142,0.6974005558,0.2789602223,20.9096286705
0.00142,0.00142,0.6974005558,0.2789602223,29.1989991443
0.00142,0.00142,0.6974005558,0.2789602223,40.7745907144
0.00142,0.00142,0.6974005558,0.2789602223,56.9391861586
0.00142,0.00142,0.6974005558,0.2789602223,79.5120407981
0.00142,0.00142,0.6974005558,0.2789602223,111.0336318168
0.00142,0.00142,0.6974005558,0.2789602223,155.0515779833
0.00142,0.00142,0.6974005558,0.2789602223,216.5199088036
0.00142,0.00142,0.6974005558,0.2789602223,302.3566191205
0.00142,0.00142,0.6974005558,0.2789602223,422.2222595195
0.00142,0.00142,0.6974005558,0.2789602223,589.6071895242
0.00142,0.00142,0.6974005558,0.2789602223,823.3498592289
0.00142,0.00142,0.6974005558,0.2789602223,1149.7569953977
0.00142,0.00142,0.6974005558,0.2789602223,1605.5643098112
0.00142,0.00142,0.6974005558,0.2789602223,2242.0709447806
0.00142,0.00142,0.6974005558,0.2789602223,3130.912969796
0.00142,0.00142,0.6974005558,0.2789602223,4372.1257113904
0.00142,0.00142,0.6974005558,0.2789602223,6105.4022965853
0.00142,0.00142,0.6974005558,0.3138302501,0.1
0.00142,0.00142,0.6974005558,0.3138302501,0.1396437957
0.00142,0.00142,0.6974005558,0.3138302501,0.1950038968
0.00142,0.00142,0.6974005558,0.3138302501,0.2723108433
0.00142,0.00142,0.6974005558,0.3138302501,0.3802651977
0.00142,0.00142,0.6974005558,0.3138302501,0.5310167558
0.00142,0.00142,0.6974005558,0.3138302501,0.7415319537
0.00142,0.00142,0.6974005558,0.3138302501,1.0355033665
0.00142,0.00142,0.6974005558,0.3138302501,1.4460162057
0.00142,0.00142,0.6974005558,0.3138302501,2.0192719162
0.00142,0.00142,0.6974005558,0.3138302501,2.8197879494
0.00142,0.00142,0.6974005558,0.3138302501,3.9376589236
0.00142,0.00142,0.6974005558,0.3138302501,5.498696383
0.00142,0.00142,0.6974005558,0.3138302501,7.6785883437
0.00142,0.00142,0.6974005558,0.3138302501,10.7226722201
0.00142,0.00142,0.6974005558,0.3138302501,14.9735464897
0.00142,0.00142,0.6974005558,0.3138302501,20.9096286705
0.00142,0.00142,0.6974005558,0.3138302501,29.1989991443
0.00142,0.00142,0.6974005558,0.3138302501,40.7745907144
0.00142,0.00142,0.6974005558,0.3138302501,56.9391861586
0.00142,0.00142,0.6974005558,0.3138302501,79.5120407981
0.00142,0.00142,0.6974005558,0.3138302501,111.0336318168
0.00142,0.00142,0.6974005558,0.3138302501,155.0515779833
0.00142,0.00142,0.6974005558,0.3138302501,216.5199088036
0.00142,0.00142,0.6974005558,0.3138302501,302.3566191205
0.00142,0.00142,0.6974005558,0.3138302501,422.2222595195
0.00142,0.00142,0.6974005558,0.3138302501,589.6071895242
0.00142,0.00142,0.6974005558,0.3138302501,823.3498592289
0.00142,0.00142,0.6974005558,0.3138302501,1149.7569953977
0.00142,0.00142,0.6974005558,0.3138302501,1605.5643098112
0.00142,0.00142,0.6974005558,0.3138302501,2242.0709447806
0.00142,0.00142,0.6974005558,0.3138302501,3130.912969796
0.00142,0.00142,0.6974005558,0.3138302501,4372.1257113904
0.00142,0.00142,0.6974005558,0.3138302501,6105.4022965853
0.00142,0.00142,0.6974005558,0.3487002779,0.1
0.00142,0.00142,0.6974005558,0.3487002779,0.1396437957
0.00142,0.00142,0.6974005558,0.3487002779,0.1950038968
0.00142,0.00142,0.6974005558,0.3487002779,0.2723108433
0.00142,0.00142,0.6974005558,0.3487002779,0.3802651977
0.00142,0.00142,0.6974005558,0.3487002779,0.5310167558
0.00142,0.00142,0.6974005558,0.3487002779,0.7415319537
0.00142,0.00142,0.6974005558,0.3487002779,1.0355033665
0.00142,0.00142,0.6974005558,0.3487002779,1.4460162057
0.00142,0.00142,0.6974005558,0.3487002779,2.0192719162
0.00142,0.00142,0.6974005558,0.3487002779,2.8197879494
0.00142,0.00142,0.6974005558,0.3487002779,3.9376589236
0.00142,0.00142,0.6974005558,0.3487002779,5.498696383
0.00142,0.00142,0.6974005558,0.3487002779,7.6785883437
0.00142,0.00142,0.6974005558,0.3487002779,10.7226722201
0.00142,0.00142,0.6974005558,0.3487002779,14.9735464897
0.00142,0.00142,0.6974005558,0.3487002779,20.9096286705
0.00142,0.00142,0.6974005558,0.3487002779,29.1989991443
0.00142,0.00142,0.6974005558,0.3487002779,40.7745907144
0.00142,0.00142,0.6974005558,0.3487002779,56.9391861586
0.00142,0.00142,0.6974005558,0.3487002779,79.5120407981
0.00142,0.00142,0.6974005558,0.3487002779,111.0336318168
0.00142,0.00142,0.6974005558,0.3487002779,155.0515779833
0.00142,0.00142,0.6974005558,0.3487002779,216.5199088036
0.00142,0.00142,0.6974005558,0.3487002779,302.3566191205
0.00142,0.00142,0.6974005558,0.3487002779,422.2222595195
0.00142,0.00142,0.6974005558,0.3487002779,589.6071895242
0.00142,0.00142,0.6974005558,0.3487002779,823.3498592289
0.00142,0.00142,0.6974005558,0.3487002779,1149.7569953977
0.00142,0.00142,0.6974005558,0.3487002779,1605.5643098112
0.00142,0.00142,0.6974005558,0.3487002779,2242.0709447806
0.00142,0.00142,0.6974005558,0.3487002779,3130.912969796
0.00142,0.00142,0.6974005558,0.3487002779,4372.1257113904
0.00142,0.00142,0.6974005558,0.3487002779,6105.4022965853
0.00142,0.00142,0.6974005558,0.3835703057,0.1
0.00142,0.00142,0.6974005558,0.3835703057,0.1396437957
0.00142,0.00142,0.6974005558,0.3835703057,0.1950038968
0.00142,0.00142,0.6974005558,0.3835703057,0.2723108433
0.00142,0.00142,0.6974005558,0.3835703057,0.3802651977
0.00142,0.00142,0.6974005558,0.3835703057,0.5310167558
0.00142,0.00142,0.6974005558,0.3835703057,0.7415319537
0.00142,0.00142,0.6974005558,0.3835703057,1.0355033665
0.00142,0.00142,0.6974005558,0.3835703057,1.4460162057
0.00142,0.00142,0.6974005558,0.3835703057,2.0192719162
0.00142,0.00142,0.6974005558,0.3835703057,2.8197879494
0.00142,0.00142,0.6974005558,0.3835703057,3.9376589236
0.00142,0.00142,0.6974005558,0.3835703057,5.498696383
0.00142,0.00142,0.6974005558,0.3835703057,7.6785883437
0.00142,0.00142,0.6974005558,0.3835703057,10.7226722201
0.00142,0.00142,0.6974005558,0.3835703057,14.9735464897
0.00142,0.00142,0.6974005558,0.3835703057,20.9096286705
0.00142,0.00142,0.6974005558,0.3835703057,29.1989991443
0.00142,0.00142,0.6974005558,0.3835703057,40.7745907144
0.00142,0.00142,0.6974005558,0.3835703057,56.9391861586
0.00142,0.00142,0.6974005558,0.3835703057,79.5120407981
0.00142,0.00142,0.6974005558,0.3835703057,111.0336318168
0.00142,0.00142,0.6974005558,0.3835703057,155.0515779833
0.00142,0.00142,0.6974005558,0.3835703057,216.5199088036
0.00142,0.00142,0.6974005558,0.3835703057,302.3566191205
0.00142,0.00142,0.6974005558,0.3835703057,422.2222595195
0.00142,0.00142,0.6974005558,0.3835703057,589.6071895242
0.00142,0.00142,0.6974005558,0.3835703057,823.3498592289
0.00142,0.00142,0.6974005558,0.3835703057,1149.7569953977
0.00142,0.00142,0.6974005558,0.3835703057,1605.5643098112
0.00142,0.00142,0.6974005558,0.3835703057,2242.0709447806
0.00142,0.00142,0.6974005558,0.3835703057,3130.912969796
0.00142,0.00142,0.6974005558,0.3835703057,4372.1257113904
0.00142,0.00142,0.6974005558,0.3835703057,6105.4022965853
0.00142,0.00142,0.6974005558,0.4184403335,0.1
0.00142,0.00142,0.6974005558,0.4184403335,0.1396437957
0.00142,0.00142,0.6974005558,0.4184403335,0.1950038968
0.00142,0.00142,0.6974005558,0.4184403335,0.2723108433
0.00142,0.00142,0.6974005558,0.4184403335,0.3802651977
0.00142,0.00142,0.6974005558,0.4184403335,0.5310167558
0.00142,0.00142,0.6974005558,0.4184403335,0.7415319537
0.00142,0.00142,0.6974005558,0.4184403335,1.0355033665
0.00142,0.00142,0.6974005558,0.4184403335,1.4460162057
0.00142,0.00142,0.6974005558,0.4184403335,2.0192719162
0.00142,0.00142,0.6974005558,0.4184403335,2.8197879494
0.00142,0.00142,0.6974005558,0.4184403335,3.9376589236
0.00142,0.00142,0.6974005558,0.4184403335,5.498696383
0.00142,0.00142,0.6974005558,0.4184403335,7.6785883437
0.00142,0.00142,0.6974005558,0.4184403335,10.7226722201
0.00142,0.00142,0.6974005558,0.4184403335,14.9735464897
0.00142,0.00142,0.6974005558,0.4184403335,20.9096286705
0.00142,0.00142,0.6974005558,0.4184403335,29.1989991443
0.00142,0.00142,0.6974005558,0.4184403335,40.7745907144
0.00142,0.00142,0.6974005558,0.4184403335,56.9391861586
0.00142,0.00142,0.6974005558,0.4184403335,79.5120407981
0.00142,0.00142,0.6974005558,0.4184403335,111.0336318168
0.00142,0.00142,0.6974005558,0.4184403335,155.0515779833
0.00142,0.00142,0.6974005558,0.4184403335,216.5199088036
0.00142,0.00142,0.6974005558,0.4184403335,302.3566191205
0.00142,0.00142,0.6974005558,0.4184403335,422.2222595195
0.00142,0.00142,0.6974005558,0.4184403335,589.6071895242
0.00142,0.00142,0.6974005558,0.4184403335,823.3498592289
0.00142,0.00142,0.6974005558,0.4184403335,1149.7569953977
0.00142,0.00142,0.6974005558,0.4184403335,1605.5643098112
0.00142,0.00142,0.6974005558,0.4184403335,2242.0709447806
0.00142,0.00142,0.6974005558,0.4184403335,3130.912969796
0.00142,0.00142,0.6974005558,0.4184403335,4372.1257113904
0.00142,0.00142,0.6974005558,0.4184403335,6105.4022965853
0.00142,0.00142,0.6974005558,0.4533103613,0.1
0.00142,0.00142,0.6974005558,0.4533103613,0.1396437957
0.00142,0.00142,0.6974005558,0.4533103613,0.1950038968
0.00142,0.00142,0.6974005558,0.4533103613,0.2723108433
0.00142,0.00142,0.6974005558,0.4533103613,0.3802651977
0.00142,0.00142,0.6974005558,0.4533103613,0.5310167558
0.00142,0.00142,0.6974005558,0.4533103613,0.7415319537
0.00142,0.00142,0.6974005558,0.4533103613,1.0355033665
0.00142,0.00142,0.6974005558,0.4533103613,1.4460162057
0.00142,0.00142,0.6974005558,0.4533103613,2.0192719162
0.00142,0.00142,0.6974005558,0.4533103613,2.8197879494
0.00142,0.00142,0.6974005558,0.4533103613,3.9376589236
0.00142,0.00142,0.6974005558,0.4533103613,5.498696383
0.00142,0.00142,0.6974005558,0.4533103613,7.6785883437
0.00142,0.00142,0.6974005558,0.4533103613,10.7226722201
0.00142,0.00142,0.6974005558,0.4533103613,14.9735464897
0.00142,0.00142,0.6974005558,0.4533103613,20.9096286705
0.00142,0.00142,0.6974005558,0.4533103613,29.1989991443
0.00142,0.00142,0.6974005558,0.4533103613,40.7745907144
0.00142,0.00142,0.6974005558,0.4533103613,56.9391861586
0.00142,0.00142,0.6974005558,0.4533103613,79.5120407981
0.00142,0.00142,0.6974005558,0.4533103613,111.0336318168
0.00142,0.00142,0.6974005558,0.4533103613,155.0515779833
0.00142,0.00142,0.6974005558,0.4533103613,216.5199088036
0.00142,0.00142,0.6974005558,0.4533103613,302.3566191205
0.00142,0.00142,0.6974005558,0.4533103613,422.2222595195
0.00142,0.00142,0.6974005558,0.4533103613,589.6071895242
0.00142,0.00142,0.6974005558,0.4533103613,823.3498592289
0.00142,0.00142,0.6974005558,0.4533103613,1149.7569953977
0.00142,0.00142,0.6974005558,0.4533103613,1605.5643098112
0.00142,0.00142,0.6974005558,0.4533103613,2242.0709447806
0.00142,0.00142,0.6974005558,0.4533103613,3130.912969796
0.00142,0.00142,0.6974005558,0.4533103613,4372.1257113904
0.00142,0.00142,0.6974005558,0.4533103613,6105.4022965853
0.00142,0.00142,0.6974005558,0.4881803891,0.1
0.00142,0.00142,0.6974005558,0.4881803891,0.1396437957
0.00142,0.00142,0.6974005558,0.4881803891,0.1950038968
0.00142,0.00142,0.6974005558,0.4881803891,0.2723108433
0.00142,0.00142,0.6974005558,0.4881803891,0.3802651977
0.00142,0.00142,0.6974005558,0.4881803891,0.5310167558
0.00142,0.00142,0.6974005558,0.4881803891,0.7415319537
0.00142,0.00142,0.6974005558,0.4881803891,1.0355033665
0.00142,0.00142,0.6974005558,0.4881803891,1.4460162057
0.00142,0.00142,0.6974005558,0.4881803891,2.0192719162
0.00142,0.00142,0.6974005558,0.4881803891,2.8197879494
0.00142,0.00142,0.6974005558,0.4881803891,3.9376589236
0.00142,0.00142,0.6974005558,0.4881803891,5.498696383
0.00142,0.00142,0.6974005558,0.4881803891,7.6785883437
0.00142,0.00142,0.6974005558,0.4881803891,10.7226722201
0.00142,0.00142,0.6974005558,0.4881803891,14.9735464897
0.00142,0.00142,0.6974005558,0.4881803891,20.9096286705
0.00142,0.00142,0.6974005558,0.4881803891,29.1989991443
0.00142,0.00142,0.6974005558,0.4881803891,40.7745907144
0.00142,0.00142,0.6974005558,0.4881803891,56.9391861586
0.00142,0.00142,0.6974005558,0.4881803891,79.5120407981
0.00142,0.00142,0.6974005558,0.4881803891,111.0336318168
0.00142,0.00142,0.6974005558,0.4881803891,155.0515779833
0.00142,0.00142,0.6974005558,0.4881803891,216.5199088036
0.00142,0.00142,0.6974005558,0.4881803891,302.3566191205
0.00142,0.00142,0.6974005558,0.4881803891,422.2222595195
0.00142,0.00142,0.6974005558,0.4881803891,589.6071895242
0.00142,0.00142,0.6974005558,0.4881803891,823.3498592289
0.00142,0.00142,0.6974005558,0.4881803891,1149.7569953977
0.00142,0.00142,0.6974005558,0.4881803891,1605.5643098112
0.00142,0.00142,0.6974005558,0.4881803891,2242.0709447806
0.00142,0.00142,0.6974005558,0.4881803891,3130.912969796
0.00142,0.00142,0.6974005558,0.4881803891,4372.1257113904
0.00142,0.00142,0.6974005558,0.4881803891,6105.4022965853
0.00142,0.00142,0.6974005558,0.5230504169,0.1
0.00142,0.00142,0.6974005558,0.5230504169,0.1396437957
0.00142,0.00142,0.6974005558,0.5230504169,0.1950038968
0.00142,0.00142,0.6974005558,0.5230504169,0.2723108433
0.00142,0.00142,0.6974005558,0.5230504169,0.3802651977
0.00142,0.00142,0.6974005558,0.5230504169,0.5310167558
0.00142,0.00142,0.6974005558,0.5230504169,0.7415319537
0.00142,0.00142,0.6974005558,0.5230504169,1.0355033665
0.00142,0.00142,0.6974005558,0.5230504169,1.4460162057
0.00142,0.00142,0.6974005558,0.5230504169,2.0192719162
0.00142,0.00142,0.6974005558,0.5230504169,2.8197879494
0.00142,0.00142,0.6974005558,0.5230504169,3.9376589236
0.00142,0.00142,0.6974005558,0.5230504169,5.498696383
0.00142,0.00142,0.6974005558,0.5230504169,7.6785883437
0.00142,0.00142,0.6974005558,0.5230504169,10.7226722201
0.00142,0.00142,0.6974005558,0.5230504169,14.9735464897
0.00142,0.00142,0.6974005558,0.5230504169,20.9096286705
0.00142,0.00142,0.6974005558,0.5230504169,29.1989991443
0.00142,0.00142,0.6974005558,0.5230504169,40.7745907144
0.00142,0.00142,0.6974005558,0.5230504169,56.9391861586
0.00142,0.00142,0.6974005558,0.5230504169,79.5120407981
0.00142,0.00142,0.6974005558,0.5230504169,111.0336318168
0.00142,0.00142,0.6974005558,0.5230504169,155.0515779833
0.00142,0.00142,0.6974005558,0.5230504169,216.5199088036
0.00142,0.00142,0.6974005558,0.5230504169,302.3566191205
0.00142,0.00142,0.6974005558,0.5230504169,422.2222595195
0.00142,0.00142,0.6974005558,0.5230504169,589.6071895242
0.00142,0.00142,0.6974005558,0.5230504169,823.3498592289
0.00142,0.00142,0.6974005558,0.5230504169,1149.7569953977
0.00142,0.00142,0.6974005558,0.5230504169,1605.5643098112
0.00142,0.00142,0.6974005558,0.5230504169,2242.0709447806
0.00142,0.00142,0.6974005558,0.5230504169,3130.912969796
0.00142,0.00142,0.6974005558,0.5230504169,4372.1257113904
0.00142,0.00142,0.6974005558,0.5230504169,6105.4022965853
0.00142,0.00142,0.6974005558,0.5579204447,0.1
0.00142,0.00142,0.6974005558,0.5579204447,0.1396437957
0.00142,0.00142,0.6974005558,0.5579204447,0.1950038968
0.00142,0.00142,0.6974005558,0.5579204447,0.2723108433
0.00142,0.00142,0.6974005558,0.5579204447,0.3802651977
0.00142,0.00142,0.6974005558,0.5579204447,0.5310167558
0.00142,0.00142,0.6974005558,0.5579204447,0.7415319537
0.00142,0.00142,0.6974005558,0.5579204447,1.0355033665
0.00142,0.00142,0.6974005558,0.5579204447,1.4460162057
0.00142,0.00142,0.6974005558,0.5579204447,2.0192719162
0.00142,0.00142,0.6974005558,0.5579204447,2.8197879494
0.00142,0.00142,0.6974005558,0.5579204447,3.9376589236
0.00142,0.00142,0.6974005558,0.5579204447,5.498696383
0.00142,0.00142,0.6974005558,0.5579204447,7.6785883437
0.00142,0.00142,0.6974005558,0.5579204447,10.7226722201
0.00142,0.00142,0.6974005558,0.5579204447,14.9735464897
0.00142,0.00142,0.6974005558,0.5579204447,20.9096286705
0.00142,0.00142,0.6974005558,0.5579204447,29.1989991443
0.00142,0.00142,0.6974005558,0.5579204447,40.7745907144
0.00142,0.00142,0.6974005558,0.5579204447,56.9391861586
0.00142,0.00142,0.6974005558,0.5579204447,79.5120407981
0.00142,0.00142,0.6974005558,0.5579204447,111.0336318168
0.00142,0.00142,0.6974005558,0.5579204447,155.0515779833
0.00142,0.00142,0.6974005558,0.5579204447,216.5199088036
0.00142,0.00142,0.6974005558,0.5579204447,302.3566191205
0.00142,0.00142,0.6974005558,0.5579204447,422.2222595195
0.00142,0.00142,0.6974005558,0.5579204447,589.6071895242
0.00142,0.00142,0.6974005558,0.5579204447,823.3498592289
0.00142,0.00142,0.6974005558,0.5579204447,1149.7569953977
0.00142,0.00142,0.6974005558,0.5579204447,1605.5643098112
0.00142,0.00142,0.6974005558,0.5579204447,2242.0709447806
0.00142,0.00142,0.6974005558,0.5579204447,3130.912969796
0.00142,0.00142,0.6974005558,0.5579204447,4372.1257113904
0.00142,0.00142,0.6974005558,0.5579204447,6105.4022965853
0.00142,0.00142,0.6974005558,0.5927904725,0.1
0.00142,0.00142,0.6974005558,0.5927904725,0.1396437957
0.00142,0.00142,0.6974005558,0.5927904725,0.1950038968
0.00142,0.00142,0.6974005558,0.5927904725,0.2723108433
0.00142,0.00142,0.6974005558,0.5927904725,0.3802651977
0.00142,0.00142,0.6974005558,0.5927904725,0.5310167558
0.00142,0.00142,0.6974005558,0.5927904725,0.7415319537
0.00142,0.00142,0.6974005558,0.5927904725,1.0355033665
0.00142,0.00142,0.6974005558,0.5927904725,1.4460162057
0.00142,0.00142,0.6974005558,0.5927904725,2.0192719162
0.00142,0.00142,0.6974005558,0.5927904725,2.8197879494
0.00142,0.00142,0.6974005558,0.5927904725,3.9376589236
0.00142,0.00142,0.6974005558,0.5927904725,5.498696383
0.00142,0.00142,0.6974005558,0.5927904725,7.6785883437
0.00142,0.00142,0.6974005558,0.5927904725,10.7226722201
0.00142,0.00142,0.6974005558,0.5927904725,14.9735464897
0.00142,0.00142,0.6974005558,0.5927904725,20.9096286705
0.00142,0.00142,0.6974005558,0.5927904725,29.1989991443
0.00142,0.00142,0.6974005558,0.5927904725,40.7745907144
0.00142,0.00142,0.6974005558,0.5927904725,56.9391861586
0.00142,0.00142,0.6974005558,0.5927904725,79.5120407981
0.00142,0.00142,0.6974005558,0.5927904725,111.0336318168
0.00142,0.00142,0.6974005558,0.5927904725,155.0515779833
0.00142,0.00142,0.6974005558,0.5927904725,216.5199088036
0.00142,0.00142,0.6974005558,0.5927904725,302.3566191205
0.00142,0.00142,0.6974005558,0.5927904725,422.2222595195
0.00142,0.00142,0.6974005558,0.5927904725,589.6071895242
0.00142,0.00142,0.6974005558,0.5927904725,823.3498592289
0.00142,0.00142,0.6974005558,0.5927904725,1149.7569953977
0.00142,0.00142,0.6974005558,0.5927904725,1605.5643098112
0.00142,0.00142,0.6974005558,0.5927904725,2242.0709447806
0.00142,0.00142,0.6974005558,0.5927904725,3130.912969796
0.00142,0.00142,0.6974005558,0.5927904725,4372.1257113904
0.00142,0.00142,0.6974005558,0.5927904725,6105.4022965853
0.00142,0.00142,0.6974005558,0.6276605002,0.1
0.00142,0.00142,0.6974005558,0.6276605002,0.1396437957
0.00142,0.00142,0.6974005558,0.6276605002,0.1950038968
0.00142,0.00142,0.6974005558,0.6276605002,0.2723108433
0.00142,0.00142,0.6974005558,0.6276605002,0.3802651977
0.00142,0.00142,0.6974005558,0.6276605002,0.5310167558
0.00142,0.00142,0.6974005558,0.6276605002,0.7415319537
0.00142,0.00142,0.6974005558,0.6276605002,1.0355033665
0.00142,0.00142,0.6974005558,0.6276605002,1.4460162057
0.00142,0.00142,0.6974005558,0.6276605002,2.0192719162
0.00142,0.00142,0.6974005558,0.6276605002,2.8197879494
0.00142,0.00142,0.6974005558,0.6276605002,3.9376589236
0.00142,0.00142,0.6974005558,0.6276605002,5.498696383
0.00142,0.00142,0.6974005558,0.6276605002,7.6785883437
0.00142,0.00142,0.6974005558,0.6276605002,10.7226722201
0.00142,0.00142,0.6974005558,0.6276605002,14.9735464897
0.00142,0.00142,0.6974005558,0.6276605002,20.9096286705
0.00142,0.00142,0.6974005558,0.6276605002,29.1989991443
0.00142,0.00142,0.6974005558,0.6276605002,40.7745907144
0.00142,0.00142,0.6974005558,0.6276605002,56.9391861586
0.00142,0.00142,0.6974005558,0.6276605002,79.5120407981
0.00142,0.00142,0.6974005558,0.6276605002,111.0336318168
0.00142,0.00142,0.6974005558,0.6276605002,155.0515779833
0.00142,0.00142,0.6974005558,0.6276605002,216.5199088036
0.00142,0.00142,0.6974005558,0.6276605002,302.3566191205
0.00142,0.00142,0.6974005558,0.6276605002,422.2222595195
0.00142,0.00142,0.6974005558,0.6276605002,589.6071895242
0.00142,0.00142,0.6974005558,0.6276605002,823.3498592289
0.00142,0.00142,0.6974005558,0.6276605002,1149.7569953977
0.00142,0.00142,0.6974005558,0.6276605002,1605.5643098112
0.00142,0.00142,0.6974005558,0.6276605002,2242.0709447806
0.00142,0.00142,0.6974005558,0.6276605002,3130.912969796
0.00142,0.00142,0.6974005558,0.6276605002,4372.1257113904
0.00142,0.00142,0.6974005558,0.6276605002,6105.4022965853
0.00142,0.00142,0.6974005558,0.662530528,0.1
0.00142,0.00142,0.6974005558,0.662530528,0.1396437957
0.00142,0.00142,0.6974005558,0.662530528,0.1950038968
0.00142,0.00142,0.6974005558,0.662530528,0.2723108433
0.00142,0.00142,0.6974005558,0.662530528,0.3802651977
0.00142,0.00142,0.6974005558,0.662530528,0.5310167558
0.00142,0.00142,0.6974005558,0.662530528,0.7415319537
0.00142,0.00142,0.6974005558,0.662530528,1.0355033665
0.00142,0.00142,0.6974005558,0.662530528,1.4460162057
0.00142,0.00142,0.6974005558,0.662530528,2.0192719162
0.00142,0.00142,0.6974005558,0.662530528,2.8197879494
0.00142,0.00142,0.6974005558,0.662530528,3.9376589236
0.00142,0.00142,0.6974005558,0.662530528,5.498696383
0.00142,0.00142,0.6974005558,0.662530528,7.6785883437
0.00142,0.00142,0.6974005558,0.662530528,10.7226722201
0.00142,0.00142,0.6974005558,0.662530528,14.9735464897
0.00142,0.00142,0.6974005558,0.662530528,20.9096286705
0.00142,0.00142,0.6974005558,0.662530528,29.1989991443
0.00142,0.00142,0.6974005558,0.662530528,40.7745907144
0.00142,0.00142,0.6974005558,0.662530528,56.9391861586
0.00142,0.00142,0.6974005558,0.662530528,79.5120407981
0.00142,0.00142,0.6974005558,0.662530528,111.0336318168
0.00142,0.00142,0.6974005558,0.662530528,155.0515779833
0.00142,0.00142,0.6974005558,0.662530528,216.5199088036
0.00142,0.00142,0.6974005558,0.662530528,302.3566191205
0.00142,0.00142,0.6974005558,0.662530528,422.2222595195
0.00142,0.00142,0.6974005558,0.662530528,589.6071895242
0.00142,0.00142,0.6974005558,0.662530528,823.3498592289
0.00142,0.00142,0.6974005558,0.662530528,1149.7569953977
0.00142,0.00142,0.6974005558,0.662530528,1605.5643098112
0.00142,0.00142,0.6974005558,0.662530528,2242.0709447806
0.00142,0.00142,0.6974005558,0.662530528,3130.912969796
0.00142,0.00142,0.6974005558,0.662530528,4372.1257113904
0.00142,0.00142,0.6974005558,0.662530528,6105.4022965853
0.00142,0.00142,0.6974005558,0.6904265503,0.1
0.00142,0.00142,0.6974005558,0.6904265503,0.1396437957
0.00142,0.00142,0.6974005558,0.6904265503,0.1950038968
0.00142,0.00142,0.6974005558,0.6904265503,0.2723108433
0.00142,0.00142,0.6974005558,0.6904265503,0.3802651977
0.00142,0.00142,0.6974005558,0.6904265503,0.5310167558
0.00142,0.00142,0.6974005558,0.6904265503,0.7415319537
0.00142,0.00142,0.6974005558,0.6904265503,1.0355033665
0.00142,0.00142,0.6974005558,0.6904265503,1.4460162057
0.00142,0.00142,0.6974005558,0.6904265503,2.0192719162
0.00142,0.00142,0.6974005558,0.6904265503,2.8197879494
0.00142,0.00142,0.6974005558,0.6904265503,3.9376589236
0.00142,0.00142,0.6974005558,0.6904265503,5.498696383
0.00142,0.00142,0.6974005558,0.6904265503,7.6785883437
0.00142,0.00142,0.6974005558,0.6904265503,10.7226722201
0.00142,0.00142,0.6974005558,0.6904265503,14.9735464897
0.00142,0.00142,0.6974005558,0.6904265503,20.9096286705
0.00142,0.00142,0.6974005558,0.6904265503,29.1989991443
0.00142,0.00142,0.6974005558,0.6904265503,40.7745907144
0.00142,0.00142,0.6974005558,0.6904265503,56.9391861586
0.00142,0.00142,0.6974005558,0.6904265503,79.5120407981
0.00142,0.00142,0.6974005558,0.6904265503,111.0336318168
0.00142,0.00142,0.6974005558,0.6904265503,155.0515779833
0.00142,0.00142,0.6974005558,0.6904265503,216.5199088036
0.00142,0.00142,0.6974005558,0.6904265503,302.3566191205
0.00142,0.00142,0.6974005558,0.6904265503,422.2222595195
0.00142,0.00142,0.6974005558,0.6904265503,589.6071895242
0.00142,0.00142,0.6974005558,0.6904265503,823.3498592289
0.00142,0.00142,0.6974005558,0.6904265503,1149.7569953977
0.00142,0.00142,0.6974005558,0.6904265503,1605.5643098112
0.00142,0.00142,0.6974005558,0.6904265503,2242.0709447806
0.00142,0.00142,0.6974005558,0.6904265503,3130.912969796
0.00142,0.00142,0.6974005558,0.6904265503,4372.1257113904
0.00142,0.00142,0.6974005558,0.6904265503,6105.4022965853
0.00142,0.00142,0.7768593844,0.1165289077,0.1
0.00142,0.00142,0.7768593844,0.1165289077,0.1396437957
0.00142,0.00142,0.7768593844,0.1165289077,0.1950038968
0.00142,0.00142,0.7768593844,0.1165289077,0.2723108433
0.00142,0.00142,0.7768593844,0.1165289077,0.3802651977
0.00142,0.00142,0.7768593844,0.1165289077,0.5310167558
0.00142,0.00142,0.7768593844,0.1165289077,0.7415319537
0.00142,0.00142,0.7768593844,0.1165289077,1.0355033665
0.00142,0.00142,0.7768593844,0.1165289077,1.4460162057
0.00142,0.00142,0.7768593844,0.1165289077,2.0192719162
0.00142,0.00142,0.7768593844,0.1165289077,2.8197879494
0.00142,0.00142,0.7768593844,0.1165289077,3.9376589236
0.00142,0.00142,0.7768593844,0.1165289077,5.498696383
0.00142,0.00142,0.7768593844,0.1165289077,7.6785883437
0.00142,0.00142,0.7768593844,0.1165289077,10.7226722201
0.00142,0.00142,0.7768593844,0.1165289077,14.9735464897
0.00142,0.00142,0.7768593844,0.1165289077,20.9096286705
0.00142,0.00142,0.7768593844,0.1165289077,29.1989991443
0.00142,0.00142,0.7768593844,0.1165289077,40.7745907144
0.00142,0.00142,0.7768593844,0.1165289077,56.9391861586
0.00142,0.00142,0.7768593844,0.1165289077,79.5120407981
0.00142,0.00142,0.7768593844,0.1165289077,111.0336318168
0.00142,0.00142,0.7768593844,0.1165289077,155.0515779833
0.00142,0.00142,0.7768593844,0.1165289077,216.5199088036
0.00142,0.00142,0.7768593844,0.1165289077,302.3566191205
0.00142,0.00142,0.7768593844,0.1165289077,422.2222595195
0.00142,0.00142,0.7768593844,0.1165289077,589.6071895242
0.00142,0.00142,0.7768593844,0.1165289077,823.3498592289
0.00142,0.00142,0.7768593844,0.1165289077,1149.7569953977
0.00142,0.00142,0.7768593844,0.1165289077,1605.5643098112
0.00142,0.00142,0.7768593844,0.1165289077,2242.0709447806
0.00142,0.00142,0.7768593844,0.1165289077,3130.912969796
0.00142,0.00142,0.7768593844,0.1165289077,4372.1257113904
0.00142,0.00142,0.7768593844,0.1165289077,6105.4022965853
0.00142,0.00142,0.7768593844,0.1553718769,0.1
0.00142,0.00142,0.7768593844,0.1553718769,0.1396437957
0.00142,0.00142,0.7768593844,0.1553718769,0.1950038968
0.00142,0.00142,0.7768593844,0.1553718769,0.2723108433
0.00142,0.00142,0.7768593844,0.1553718769,0.3802651977
0.00142,0.00142,0.7768593844,0.1553718769,0.5310167558
0.00142,0.00142,0.7768593844,0.1553718769,0.7415319537
0.00142,0.00142,0.7768593844,0.1553718769,1.0355033665
0.00142,0.00142,0.7768593844,0.1553718769,1.4460162057
0.00142,0.00142,0.7768593844,0.1553718769,2.0192719162
0.00142,0.00142,0.7768593844,0.1553718769,2.8197879494
0.00142,0.00142,0.7768593844,0.1553718769,3.9376589236
0.00142,0.00142,0.7768593844,0.1553718769,5.498696383
0.00142,0.00142,0.7768593844,0.1553718769,7.6785883437
0.00142,0.00142,0.7768593844,0.1553718769,10.7226722201
0.00142,0.00142,0.7768593844,0.1553718769,14.9735464897
0.00142,0.00142,0.7768593844,0.1553718769,20.9096286705
0.00142,0.00142,0.7768593844,0.1553718769,29.1989991443
0.00142,0.00142,0.7768593844,0.1553718769,40.7745907144
0.00142,0.00142,0.7768593844,0.1553718769,56.9391861586
0.00142,0.00142,0.7768593844,0.1553718769,79.5120407981
0.00142,0.00142,0.7768593844,0.1553718769,111.0336318168
0.00142,0.00142,0.7768593844,0.1553718769,155.0515779833
0.00142,0.00142,0.7768593844,0.1553718769,216.5199088036
0.00142,0.00142,0.7768593844,0.1553718769,302.3566191205
0.00142,0.00142,0.7768593844,0.1553718769,422.2222595195
0.00142,0.00142,0.7768593844,0.1553718769,589.6071895242
0.00142,0.00142,0.7768593844,0.1553718769,823.3498592289
0.00142,0.00142,0.7768593844,0.1553718769,1149.7569953977
0.00142,0.00142,0.7768593844,0.1553718769,1605.5643098112
0.00142,0.00142,0.7768593844,0.1553718769,2242.0709447806
0.00142,0.00142,0.7768593844,0.1553718769,3130.912969796
0.00142,0.00142,0.7768593844,0.1553718769,4372.1257113904
0.00142,0.00142,0.7768593844,0.1553718769,6105.4022965853
0.00142,0.00142,0.7768593844,0.1942148461,0.1
0.00142,0.00142,0.7768593844,0.1942148461,0.1396437957
0.00142,0.00142,0.7768593844,0.1942148461,0.1950038968
0.00142,0.00142,0.7768593844,0.1942148461,0.2723108433
0.00142,0.00142,0.7768593844,0.1942148461,0.3802651977
0.00142,0.00142,0.7768593844,0.1942148461,0.5310167558
0.00142,0.00142,0.7768593844,0.1942148461,0.7415319537
0.00142,0.00142,0.7768593844,0.1942148461,1.0355033665
0.00142,0.00142,0.7768593844,0.1942148461,1.4460162057
0.00142,0.00142,0.7768593844,0.1942148461,2.0192719162
0.00142,0.00142,0.7768593844,0.1942148461,2.8197879494
0.00142,0.00142,0.7768593844,0.1942148461,3.9376589236
0.00142,0.00142,0.7768593844,0.1942148461,5.498696383
0.00142,0.00142,0.7768593844,0.1942148461,7.6785883437
0.00142,0.00142,0.7768593844,0.1942148461,10.7226722201
0.00142,0.00142,0.7768593844,0.1942148461,14.9735464897
0.00142,0.00142,0.7768593844,0.1942148461,20.9096286705
0.00142,0.00142,0.7768593844,0.1942148461,29.1989991443
0.00142,0.00142,0.7768593844,0.1942148461,40.7745907144
0.00142,0.00142,0.7768593844,0.1942148461,56.9391861586
0.00142,0.00142,0.7768593844,0.1942148461,79.5120407981
0.00142,0.00142,0.7768593844,0.1942148461,111.0336318168
0.00142,0.00142,0.7768593844,0.1942148461,155.0515779833
0.00142,0.00142,0.7768593844,0.1942148461,216.5199088036
0.00142,0.00142,0.7768593844,0.1942148461,302.3566191205
0.00142,0.00142,0.7768593844,0.1942148461,422.2222595195
0.00142,0.00142,0.7768593844,0.1942148461,589.6071895242
0.00142,0.00142,0.7768593844,0.1942148461,823.3498592289
0.00142,0.00142,0.7768593844,0.1942148461,1149.7569953977
0.00142,0.00142,0.7768593844,0.1942148461,1605.5643098112
0.00142,0.00142,0.7768593844,0.1942148461,2242.0709447806
0.00142,0.00142,0.7768593844,0.1942148461,3130.912969796
0.00142,0.00142,0.7768593844,0.1942148461,4372.1257113904
0.00142,0.00142,0.7768593844,0.1942148461,6105.4022965853
0.00142,0.00142,0.7768593844,0.2330578153,0.1
0.00142,0.00142,0.7768593844,0.2330578153,0.1396437957
0.00142,0.00142,0.7768593844,0.2330578153,0.1950038968
0.00142,0.00142,0.7768593844,0.2330578153,0.2723108433
0.00142,0.00142,0.7768593844,0.2330578153,0.3802651977
0.00142,0.00142,0.7768593844,0.2330578153,0.5310167558
0.00142,0.00142,0.7768593844,0.2330578153,0.7415319537
0.00142,0.00142,0.7768593844,0.2330578153,1.0355033665
0.00142,0.00142,0.7768593844,0.2330578153,1.4460162057
0.00142,0.00142,0.7768593844,0.2330578153,2.0192719162
0.00142,0.00142,0.7768593844,0.2330578153,2.8197879494
0.00142,0.00142,0.7768593844,0.2330578153,3.9376589236
0.00142,0.00142,0.7768593844,0.2330578153,5.498696383
0.00142,0.00142,0.7768593844,0.2330578153,7.6785883437
0.00142,0.00142,0.7768593844,0.2330578153,10.7226722201
0.00142,0.00142,0.7768593844,0.2330578153,14.9735464897
0.00142,0.00142,0.7768593844,0.2330578153,20.9096286705
0.00142,0.00142,0.7768593844,0.2330578153,29.1989991443
0.00142,0.00142,0.7768593844,0.2330578153,40.7745907144
0.00142,0.00142,0.7768593844,0.2330578153,56.9391861586
0.00142,0.00142,0.7768593844,0.2330578153,79.5120407981
0.00142,0.00142,0.7768593844,0.2330578153,111.0336318168
0.00142,0.00142,0.7768593844,0.2330578153,155.0515779833
0.00142,0.00142,0.7768593844,0.2330578153,216.5199088036
0.00142,0.00142,0.7768593844,0.2330578153,302.3566191205
0.00142,0.00142,0.7768593844,0.2330578153,422.2222595195
0.00142,0.00142,0.7768593844,0.2330578153,589.6071895242
0.00142,0.00142,0.7768593844,0.2330578153,823.3498592289
0.00142,0.00142,0.7768593844,0.2330578153,1149.7569953977
0.00142,0.00142,0.7768593844,0.2330578153,1605.5643098112
0.00142,0.00142,0.7768593844,0.2330578153,2242.0709447806
0.00142,0.00142,0.7768593844,0.2330578153,3130.912969796
0.00142,0.00142,0.7768593844,0.2330578153,4372.1257113904
0.00142,0.00142,0.7768593844,0.2330578153,6105.4022965853
0.00142,0.00142,0.7768593844,0.2719007845,0.1
0.00142,0.00142,0.7768593844,0.2719007845,0.1396437957
0.00142,0.00142,0.7768593844,0.2719007845,0.1950038968
0.00142,0.00142,0.7768593844,0.2719007845,0.2723108433
0.00142,0.00142,0.7768593844,0.2719007845,0.3802651977
0.00142,0.00142,0.7768593844,0.2719007845,0.5310167558
0.00142,0.00142,0.7768593844,0.2719007845,0.7415319537
0.00142,0.00142,0.7768593844,0.2719007845,1.0355033665
0.00142,0.00142,0.7768593844,0.2719007845,1.4460162057
0.00142,0.00142,0.7768593844,0.2719007845,2.0192719162
0.00142,0.00142,0.7768593844,0.2719007845,2.8197879494
0.00142,0.00142,0.7768593844,0.2719007845,3.9376589236
0.00142,0.00142,0.7768593844,0.2719007845,5.498696383
0.00142,0.00142,0.7768593844,0.2719007845,7.6785883437
0.00142,0.00142,0.7768593844,0.2719007845,10.7226722201
0.00142,0.00142,0.7768593844,0.2719007845,14.9735464897
0.00142,0.00142,0.7768593844,0.2719007845,20.9096286705
0.00142,0.00142,0.7768593844,0.2719007845,29.1989991443
0.00142,0.00142,0.7768593844,0.2719007845,40.7745907144
0.00142,0.00142,0.7768593844,0.2719007845,56.9391861586
0.00142,0.00142,0.7768593844,0.2719007845,79.5120407981
0.00142,0.00142,0.7768593844,0.2719007845,111.0336318168
0.00142,0.00142,0.7768593844,0.2719007845,155.0515779833
0.00142,0.00142,0.7768593844,0.2719007845,216.5199088036
0.00142,0.00142,0.7768593844,0.2719007845,302.3566191205
0.00142,0.00142,0.7768593844,0.2719007845,422.2222595195
0.00142,0.00142,0.7768593844,0.2719007845,589.6071895242
0.00142,0.00142,0.7768593844,0.2719007845,823.3498592289
0.00142,0.00142,0.7768593844,0.2719007845,1149.7569953977
0.00142,0.00142,0.7768593844,0.2719007845,1605.5643098112
0.00142,0.00142,0.7768593844,0.2719007845,2242.0709447806
0.00142,0.00142,0.7768593844,0.2719007845,3130.912969796
0.00142,0.00142,0.7768593844,0.2719007845,4372.1257113904
0.00142,0.00142,0.7768593844,0.2719007845,6105.4022965853
0.00142,0.00142,0.7768593844,0.3107437538,0.1
0.00142,0.00142,0.7768593844,0.3107437538,0.1396437957
0.00142,0.00142,0.7768593844,0.3107437538,0.1950038968
0.00142,0.00142,0.7768593844,0.3107437538,0.2723108433
0.00142,0.00142,0.7768593844,0.3107437538,0.3802651977
0.00142,0.00142,0.7768593844,0.3107437538,0.5310167558
0.00142,0.00142,0.7768593844,0.3107437538,0.7415319537
0.00142,0.00142,0.7768593844,0.3107437538,1.0355033665
0.00142,0.00142,0.7768593844,0.3107437538,1.4460162057
0.00142,0.00142,0.7768593844,0.3107437538,2.0192719162
0.00142,0.00142,0.7768593844,0.3107437538,2.8197879494
0.00142,0.00142,0.7768593844,0.3107437538,3.9376589236
0.00142,0.00142,0.7768593844,0.3107437538,5.498696383
0.00142,0.00142,0.7768593844,0.3107437538,7.6785883437
0.00142,0.00142,0.7768593844,0.3107437538,10.7226722201
0.00142,0.00142,0.7768593844,0.3107437538,14.9735464897
0.00142,0.00142,0.7768593844,0.3107437538,20.9096286705
0.00142,0.00142,0.7768593844,0.3107437538,29.1989991443
0.00142,0.00142,0.7768593844,0.3107437538,40.7745907144
0.00142,0.00142,0.7768593844,0.3107437538,56.9391861586
0.00142,0.00142,0.7768593844,0.3107437538,79.5120407981
0.00142,0.00142,0.7768593844,0.3107437538,111.0336318168
0.00142,0.00142,0.7768593844,0.3107437538,155.0515779833
0.00142,0.00142,0.7768593844,0.3107437538,216.5199088036
0.00142,0.00142,0.7768593844,0.3107437538,302.3566191205
0.00142,0.00142,0.7768593844,0.3107437538,422.2222595195
0.00142,0.00142,0.7768593844,0.3107437538,589.6071895242
0.00142,0.00142,0.7768593844,0.3107437538,823.3498592289
0.00142,0.00142,0.7768593844,0.3107437538,1149.7569953977
0.00142,0.00142,0.7768593844,0.3107437538,1605.5643098112
0.00142,0.00142,0.7768593844,0.3107437538,2242.0709447806
0.00142,0.00142,0.7768593844,0.3107437538,3130.912969796
0.00142,0.00142,0.7768593844,0.3107437538,4372.1257113904
0.00142,0.00142,0.7768593844,0.3107437538,6105.4022965853
0.00142,0.00142,0.7768593844,0.349586723,0.1
0.00142,0.00142,0.7768593844,0.349586723,0.1396437957
0.00142,0.00142,0.7768593844,0.349586723,0.1950038968
0.00142,0.00142,0.7768593844,0.349586723,0.2723108433
0.00142,0.00142,0.7768593844,0.349586723,0.3802651977
0.00142,0.00142,0.7768593844,0.349586723,0.5310167558
0.00142,0.00142,0.7768593844,0.349586723,0.7415319537
0.00142,0.00142,0.7768593844,0.349586723,1.0355033665
0.00142,0.00142,0.7768593844,0.349586723,1.4460162057
0.00142,0.00142,0.7768593844,0.349586723,2.0192719162
0.00142,0.00142,0.7768593844,0.349586723,2.8197879494
0.00142,0.00142,0.7768593844,0.349586723,3.9376589236
0.00142,0.00142,0.7768593844,0.349586723,5.498696383
0.00142,0.00142,0.7768593844,0.349586723,7.6785883437
0.00142,0.00142,0.7768593844,0.349586723,10.7226722201
0.00142,0.00142,0.7768593844,0.349586723,14.9735464897
0.00142,0.00142,0.7768593844,0.349586723,20.9096286705
0.00142,0.00142,0.7768593844,0.349586723,29.1989991443
0.00142,0.00142,0.7768593844,0.349586723,40.7745907144
0.00142,0.00142,0.7768593844,0.349586723,56.9391861586
0.00142,0.00142,0.7768593844,0.349586723,79.5120407981
0.00142,0.00142,0.7768593844,0.349586723,111.0336318168
0.00142,0.00142,0.7768593844,0.349586723,155.0515779833
0.00142,0.00142,0.7768593844,0.349586723,216.5199088036
0.00142,0.00142,0.7768593844,0.349586723,302.3566191205
0.00142,0.00142,0.7768593844,0.349586723,422.2222595195
0.00142,0.00142,0.7768593844,0.349586723,589.6071895242
0.00142,0.00142,0.7768593844,0.349586723,823.3498592289
0.00142,0.00142,0.7768593844,0.349586723,1149.7569953977
0.00142,0.00142,0.7768593844,0.349586723,1605.5643098112
0.00142,0.00142,0.7768593844,0.349586723,2242.0709447806
0.00142,0.00142,0.7768593844,0.349586723,3130.912969796
0.00142,0.00142,0.7768593844,0.349586723,4372.1257113904
0.00142,0.00142,0.7768593844,0.349586723,6105.4022965853
0.00142,0.00142,0.7768593844,0.3884296922,0.1
0.00142,0.00142,0.7768593844,0.3884296922,0.1396437957
0.00142,0.00142,0.7768593844,0.3884296922,0.1950038968
0.00142,0.00142,0.7768593844,0.3884296922,0.2723108433
0.00142,0.00142,0.7768593844,0.3884296922,0.3802651977
0.00142,0.00142,0.7768593844,0.3884296922,0.5310167558
0.00142,0.00142,0.7768593844,0.3884296922,0.7415319537
0.00142,0.00142,0.7768593844,0.3884296922,1.0355033665
0.00142,0.00142,0.7768593844,0.3884296922,1.4460162057
0.00142,0.00142,0.7768593844,0.3884296922,2.0192719162
0.00142,0.00142,0.7768593844,0.3884296922,2.8197879494
0.00142,0.00142,0.7768593844,0.3884296922,3.9376589236
0.00142,0.00142,0.7768593844,0.3884296922,5.498696383
0.00142,0.00142,0.7768593844,0.3884296922,7.6785883437
0.00142,0.00142,0.7768593844,0.3884296922,10.7226722201
0.00142,0.00142,0.7768593844,0.3884296922,14.9735464897
0.00142,0.00142,0.7768593844,0.3884296922,20.9096286705
0.00142,0.00142,0.7768593844,0.3884296922,29.1989991443
0.00142,0.00142,0.7768593844,0.3884296922,40.7745907144
0.00142,0.00142,0.7768593844,0.3884296922,56.9391861586
0.00142,0.00142,0.7768593844,0.3884296922,79.5120407981
0.00142,0.00142,0.7768593844,0.3884296922,111.0336318168
0.00142,0.00142,0.7768593844,0.3884296922,155.0515779833
0.00142,0.00142,0.7768593844,0.3884296922,216.5199088036
0.00142,0.00142,0.7768593844,0.3884296922,302.3566191205
0.00142,0.00142,0.7768593844,0.3884296922,422.2222595195
0.00142,0.00142,0.7768593844,0.3884296922,589.6071895242
0.00142,0.00142,0.7768593844,0.3884296922,823.3498592289
0.00142,0.00142,0.7768593844,0.3884296922,1149.7569953977
0.00142,0.00142,0.7768593844,0.3884296922,1605.5643098112
0.00142,0.00142,0.7768593844,0.3884296922,2242.0709447806
0.00142,0.00142,0.7768593844,0.3884296922,3130.912969796
0.00142,0.00142,0.7768593844,0.3884296922,4372.1257113904
0.00142,0.00142,0.7768593844,0.3884296922,6105.4022965853
0.00142,0.00142,0.7768593844,0.4272726614,0.1
0.00142,0.00142,0.7768593844,0.4272726614,0.1396437957
0.00142,0.00142,0.7768593844,0.4272726614,0.1950038968
0.00142,0.00142,0.7768593844,0.4272726614,0.2723108433
0.00142,0.00142,0.7768593844,0.4272726614,0.3802651977
0.00142,0.00142,0.7768593844,0.4272726614,0.5310167558
0.00142,0.00142,0.7768593844,0.4272726614,0.7415319537
0.00142,0.00142,0.7768593844,0.4272726614,1.0355033665
0.00142,0.00142,0.7768593844,0.4272726614,1.4460162057
0.00142,0.00142,0.7768593844,0.4272726614,2.0192719162
0.00142,0.00142,0.7768593844,0.4272726614,2.8197879494
0.00142,0.00142,0.7768593844,0.4272726614,3.9376589236
0.00142,0.00142,0.7768593844,0.4272726614,5.498696383
0.00142,0.00142,0.7768593844,0.4272726614,7.6785883437
0.00142,0.00142,0.7768593844,0.4272726614,10.7226722201
0.00142,0.00142,0.7768593844,0.4272726614,14.9735464897
0.00142,0.00142,0.7768593844,0.4272726614,20.9096286705
0.00142,0.00142,0.7768593844,0.4272726614,29.1989991443
0.00142,0.00142,0.7768593844,0.4272726614,40.7745907144
0.00142,0.00142,0.7768593844,0.4272726614,56.9391861586
0.00142,0.00142,0.7768593844,0.4272726614,79.5120407981
0.00142,0.00142,0.7768593844,0.4272726614,111.0336318168
0.00142,0.00142,0.7768593844,0.4272726614,155.0515779833
0.00142,0.00142,0.7768593844,0.4272726614,216.5199088036
0.00142,0.00142,0.7768593844,0.4272726614,302.3566191205
0.00142,0.00142,0.7768593844,0.4272726614,422.2222595195
0.00142,0.00142,0.7768593844,0.4272726614,589.6071895242
0.00142,0.00142,0.7768593844,0.4272726614,823.3498592289
0.00142,0.00142,0.7768593844,0.4272726614,1149.7569953977
0.00142,0.00142,0.7768593844,0.4272726614,1605.5643098112
0.00142,0.00142,0.7768593844,0.4272726614,2242.0709447806
0.00142,0.00142,0.7768593844,0.4272726614,3130.912969796
0.00142,0.00142,0.7768593844,0.4272726614,4372.1257113904
0.00142,0.00142,0.7768593844,0.4272726614,6105.4022965853
0.00142,0.00142,0.7768593844,0.4661156306,0.1
0.00142,0.00142,0.7768593844,0.4661156306,0.1396437957
0.00142,0.00142,0.7768593844,0.4661156306,0.1950038968
0.00142,0.00142,0.7768593844,0.4661156306,0.2723108433
0.00142,0.00142,0.7768593844,0.4661156306,0.3802651977
0.00142,0.00142,0.7768593844,0.4661156306,0.5310167558
0.00142,0.00142,0.7768593844,0.4661156306,0.7415319537
0.00142,0.00142,0.7768593844,0.4661156306,1.0355033665
0.00142,0.00142,0.7768593844,0.4661156306,1.4460162057
0.00142,0.00142,0.7768593844,0.4661156306,2.0192719162
0.00142,0.00142,0.7768593844,0.4661156306,2.8197879494
0.00142,0.00142,0.7768593844,0.4661156306,3.9376589236
0.00142,0.00142,0.7768593844,0.4661156306,5.498696383
0.00142,0.00142,0.7768593844,0.4661156306,7.6785883437
0.00142,0.00142,0.7768593844,0.4661156306,10.7226722201
0.00142,0.00142,0.7768593844,0.4661156306,14.9735464897
0.00142,0.00142,0.7768593844,0.4661156306,20.9096286705
0.00142,0.00142,0.7768593844,0.4661156306,29.1989991443
0.00142,0.00142,0.7768593844,0.4661156306,40.7745907144
0.00142,0.00142,0.7768593844,0.4661156306,56.9391861586
0.00142,0.00142,0.7768593844,0.4661156306,79.5120407981
0.00142,0.00142,0.7768593844,0.4661156306,111.0336318168
0.00142,0.00142,0.7768593844,0.4661156306,155.0515779833
0.00142,0.00142,0.7768593844,0.4661156306,216.5199088036
0.00142,0.00142,0.7768593844,0.4661156306,302.3566191205
0.00142,0.00142,0.7768593844,0.4661156306,422.2222595195
0.00142,0.00142,0.7768593844,0.4661156306,589.6071895242
0.00142,0.00142,0.7768593844,0.4661156306,823.3498592289
0.00142,0.00142,0.7768593844,0.4661156306,1149.7569953977
0.00142,0.00142,0.7768593844,0.4661156306,1605.5643098112
0.00142,0.00142,0.7768593844,0.4661156306,2242.0709447806
0.00142,0.00142,0.7768593844,0.4661156306,3130.912969796
0.00142,0.00142,0.7768593844,0.4661156306,4372.1257113904
0.00142,0.00142,0.7768593844,0.4661156306,6105.4022965853
0.00142,0.00142,0.7768593844,0.5049585999,0.1
0.00142,0.00142,0.7768593844,0.5049585999,0.1396437957
0.00142,0.00142,0.7768593844,0.5049585999,0.1950038968
0.00142,0.00142,0.7768593844,0.5049585999,0.2723108433
0.00142,0.00142,0.7768593844,0.5049585999,0.3802651977
0.00142,0.00142,0.7768593844,0.5049585999,0.5310167558
0.00142,0.00142,0.7768593844,0.5049585999,0.7415319537
0.00142,0.00142,0.7768593844,0.5049585999,1.0355033665
0.00142,0.00142,0.7768593844,0.5049585999,1.4460162057
0.00142,0.00142,0.7768593844,0.5049585999,2.0192719162
0.00142,0.00142,0.7768593844,0.5049585999,2.8197879494
0.00142,0.00142,0.7768593844,0.5049585999,3.9376589236
0.00142,0.00142,0.7768593844,0.5049585999,5.498696383
0.00142,0.00142,0.7768593844,0.5049585999,7.6785883437
0.00142,0.00142,0.7768593844,0.5049585999,10.7226722201
0.00142,0.00142,0.7768593844,0.5049585999,14.9735464897
0.00142,0.00142,0.7768593844,0.5049585999,20.9096286705
0.00142,0.00142,0.7768593844,0.5049585999,29.1989991443
0.00142,0.00142,0.7768593844,0.5049585999,40.7745907144
0.00142,0.00142,0.7768593844,0.5049585999,56.9391861586
0.00142,0.00142,0.7768593844,0.5049585999,79.5120407981
0.00142,0.00142,0.7768593844,0.5049585999,111.0336318168
0.00142,0.00142,0.7768593844,0.5049585999,155.0515779833
0.00142,0.00142,0.7768593844,0.5049585999,216.5199088036
0.00142,0.00142,0.7768593844,0.5049585999,302.3566191205
0.00142,0.00142,0.7768593844,0.5049585999,422.2222595195
0.00142,0.00142,0.7768593844,0.5049585999,589.6071895242
0.00142,0.00142,0.7768593844,0.5049585999,823.3498592289
0.00142,0.00142,0.7768593844,0.5049585999,1149.7569953977
0.00142,0.00142,0.7768593844,0.5049585999,1605.5643098112
0.00142,0.00142,0.7768593844,0.5049585999,2242.0709447806
0.00142,0.00142,0.7768593844,0.5049585999,3130.912969796
0.00142,0.00142,0.7768593844,0.5049585999,4372.1257113904
0.00142,0.00142,0.7768593844,0.5049585999,6105.4022965853
0.00142,0.00142,0.7768593844,0.5438015691,0.1
0.00142,0.00142,0.7768593844,0.5438015691,0.1396437957
0.00142,0.00142,0.7768593844,0.5438015691,0.1950038968
0.00142,0.00142,0.7768593844,0.5438015691,0.2723108433
0.00142,0.00142,0.7768593844,0.5438015691,0.3802651977
0.00142,0.00142,0.7768593844,0.5438015691,0.5310167558
0.00142,0.00142,0.7768593844,0.5438015691,0.7415319537
0.00142,0.00142,0.7768593844,0.5438015691,1.0355033665
0.00142,0.00142,0.7768593844,0.5438015691,1.4460162057
0.00142,0.00142,0.7768593844,0.5438015691,2.0192719162
0.00142,0.00142,0.7768593844,0.5438015691,2.8197879494
0.00142,0.00142,0.7768593844,0.5438015691,3.9376589236
0.00142,0.00142,0.7768593844,0.5438015691,5.498696383
0.00142,0.00142,0.7768593844,0.5438015691,7.6785883437
0.00142,0.00142,0.7768593844,0.5438015691,10.7226722201
0.00142,0.00142,0.7768593844,0.5438015691,14.9735464897
0.00142,0.00142,0.7768593844,0.5438015691,20.9096286705
0.00142,0.00142,0.7768593844,0.5438015691,29.1989991443
0.00142,0.00142,0.7768593844,0.5438015691,40.7745907144
0.00142,0.00142,0.7768593844,0.5438015691,56.9391861586
0.00142,0.00142,0.7768593844,0.5438015691,79.5120407981
0.00142,0.00142,0.7768593844,0.5438015691,111.0336318168
0.00142,0.00142,0.7768593844,0.5438015691,155.0515779833
0.00142,0.00142,0.7768593844,0.5438015691,216.5199088036
0.00142,0.00142,0.7768593844,0.5438015691,302.3566191205
0.00142,0.00142,0.7768593844,0.5438015691,422.2222595195
0.00142,0.00142,0.7768593844,0.5438015691,589.6071895242
0.00142,0.00142,0.7768593844,0.5438015691,823.3498592289
0.00142,0.00142,0.7768593844,0.5438015691,1149.7569953977
0.00142,0.00142,0.7768593844,0.5438015691,1605.5643098112
0.00142,0.00142,0.7768593844,0.5438015691,2242.0709447806
0.00142,0.00142,0.7768593844,0.5438015691,3130.912969796
0.00142,0.00142,0.7768593844,0.5438015691,4372.1257113904
0.00142,0.00142,0.7768593844,0.5438015691,6105.4022965853
0.00142,0.00142,0.7768593844,0.5826445383,0.1
0.00142,0.00142,0.7768593844,0.5826445383,0.1396437957
0.00142,0.00142,0.7768593844,0.5826445383,0.1950038968
0.00142,0.00142,0.7768593844,0.5826445383,0.2723108433
0.00142,0.00142,0.7768593844,0.5826445383,0.3802651977
0.00142,0.00142,0.7768593844,0.5826445383,0.5310167558
0.00142,0.00142,0.7768593844,0.5826445383,0.7415319537
0.00142,0.00142,0.7768593844,0.5826445383,1.0355033665
0.00142,0.00142,0.7768593844,0.5826445383,1.4460162057
0.00142,0.00142,0.7768593844,0.5826445383,2.0192719162
0.00142,0.00142,0.7768593844,0.5826445383,2.8197879494
0.00142,0.00142,0.7768593844,0.5826445383,3.9376589236
0.00142,0.00142,0.7768593844,0.5826445383,5.498696383
0.00142,0.00142,0.7768593844,0.5826445383,7.6785883437
0.00142,0.00142,0.7768593844,0.5826445383,10.7226722201
0.00142,0.00142,0.7768593844,0.5826445383,14.9735464897
0.00142,0.00142,0.7768593844,0.5826445383,20.9096286705
0.00142,0.00142,0.7768593844,0.5826445383,29.1989991443
0.00142,0.00142,0.7768593844,0.5826445383,40.7745907144
0.00142,0.00142,0.7768593844,0.5826445383,56.9391861586
0.00142,0.00142,0.7768593844,0.5826445383,79.5120407981
0.00142,0.00142,0.7768593844,0.5826445383,111.0336318168
0.00142,0.00142,0.7768593844,0.5826445383,155.0515779833
0.00142,0.00142,0.7768593844,0.5826445383,216.5199088036
0.00142,0.00142,0.7768593844,0.5826445383,302.3566191205
0.00142,0.00142,0.7768593844,0.5826445383,422.2222595195
0.00142,0.00142,0.7768593844,0.5826445383,589.6071895242
0.00142,0.00142,0.7768593844,0.5826445383,823.3498592289
0.00142,0.00142,0.7768593844,0.5826445383,1149.7569953977
0.00142,0.00142,0.7768593844,0.5826445383,1605.5643098112
0.00142,0.00142,0.7768593844,0.5826445383,2242.0709447806
0.00142,0.00142,0.7768593844,0.5826445383,3130.912969796
0.00142,0.00142,0.7768593844,0.5826445383,4372.1257113904
0.00142,0.00142,0.7768593844,0.5826445383,6105.4022965853
0.00142,0.00142,0.7768593844,0.6214875075,0.1
0.00142,0.00142,0.7768593844,0.6214875075,0.1396437957
0.00142,0.00142,0.7768593844,0.6214875075,0.1950038968
0.00142,0.00142,0.7768593844,0.6214875075,0.2723108433
0.00142,0.00142,0.7768593844,0.6214875075,0.3802651977
0.00142,0.00142,0.7768593844,0.6214875075,0.5310167558
0.00142,0.00142,0.7768593844,0.6214875075,0.7415319537
0.00142,0.00142,0.7768593844,0.6214875075,1.0355033665
0.00142,0.00142,0.7768593844,0.6214875075,1.4460162057
0.00142,0.00142,0.7768593844,0.6214875075,2.0192719162
0.00142,0.00142,0.7768593844,0.6214875075,2.8197879494
0.00142,0.00142,0.7768593844,0.6214875075,3.9376589236
0.00142,0.00142,0.7768593844,0.6214875075,5.498696383
0.00142,0.00142,0.7768593844,0.6214875075,7.6785883437
0.00142,0.00142,0.7768593844,0.6214875075,10.7226722201
0.00142,0.00142,0.7768593844,0.6214875075,14.9735464897
0.00142,0.00142,0.7768593844,0.6214875075,20.9096286705
0.00142,0.00142,0.7768593844,0.6214875075,29.1989991443
0.00142,0.00142,0.7768593844,0.6214875075,40.7745907144
0.00142,0.00142,0.7768593844,0.6214875075,56.9391861586
0.00142,0.00142,0.7768593844,0.6214875075,79.5120407981
0.00142,0.00142,0.7768593844,0.6214875075,111.0336318168
0.00142,0.00142,0.7768593844,0.6214875075,155.0515779833
0.00142,0.00142,0.7768593844,0.6214875075,216.5199088036
0.00142,0.00142,0.7768593844,0.6214875075,302.3566191205
0.00142,0.00142,0.7768593844,0.6214875075,422.2222595195
0.00142,0.00142,0.7768593844,0.6214875075,589.6071895242
0.00142,0.00142,0.7768593844,0.6214875075,823.3498592289
0.00142,0.00142,0.7768593844,0.6214875075,1149.7569953977
0.00142,0.00142,0.7768593844,0.6214875075,1605.5643098112
0.00142,0.00142,0.7768593844,0.6214875075,2242.0709447806
0.00142,0.00142,0.7768593844,0.6214875075,3130.912969796
0.00142,0.00142,0.7768593844,0.6214875075,4372.1257113904
0.00142,0.00142,0.7768593844,0.6214875075,6105.4022965853
0.00142,0.00142,0.7768593844,0.6603304767,0.1
0.00142,0.00142,0.7768593844,0.6603304767,0.1396437957
0.00142,0.00142,0.7768593844,0.6603304767,0.1950038968
0.00142,0.00142,0.7768593844,0.6603304767,0.2723108433
0.00142,0.00142,0.7768593844,0.6603304767,0.3802651977
0.00142,0.00142,0.7768593844,0.6603304767,0.5310167558
0.00142,0.00142,0.7768593844,0.6603304767,0.7415319537
0.00142,0.00142,0.7768593844,0.6603304767,1.0355033665
0.00142,0.00142,0.7768593844,0.6603304767,1.4460162057
0.00142,0.00142,0.7768593844,0.6603304767,2.0192719162
0.00142,0.00142,0.7768593844,0.6603304767,2.8197879494
0.00142,0.00142,0.7768593844,0.6603304767,3.9376589236
0.00142,0.00142,0.7768593844,0.6603304767,5.498696383
0.00142,0.00142,0.7768593844,0.6603304767,7.6785883437
0.00142,0.00142,0.7768593844,0.6603304767,10.7226722201
0.00142,0.00142,0.7768593844,0.6603304767,14.9735464897
0.00142,0.00142,0.7768593844,0.6603304767,20.9096286705
0.00142,0.00142,0.7768593844,0.6603304767,29.1989991443
0.00142,0.00142,0.7768593844,0.6603304767,40.7745907144
0.00142,0.00142,0.7768593844,0.6603304767,56.9391861586
0.00142,0.00142,0.7768593844,0.6603304767,79.5120407981
0.00142,0.00142,0.7768593844,0.6603304767,111.0336318168
0.00142,0.00142,0.7768593844,0.6603304767,155.0515779833
0.00142,0.00142,0.7768593844,0.6603304767,216.5199088036
0.00142,0.00142,0.7768593844,0.6603304767,302.3566191205
0.00142,0.00142,0.7768593844,0.6603304767,422.2222595195
0.00142,0.00142,0.7768593844,0.6603304767,589.6071895242
0.00142,0.00142,0.7768593844,0.6603304767,823.3498592289
0.00142,0.00142,0.7768593844,0.6603304767,1149.7569953977
0.00142,0.00142,0.7768593844,0.6603304767,1605.5643098112
0.00142,0.00142,0.7768593844,0.6603304767,2242.0709447806
0.00142,0.00142,0.7768593844,0.6603304767,3130.912969796
0.00142,0.00142,0.7768593844,0.6603304767,4372.1257113904
0.00142,0.00142,0.7768593844,0.6603304767,6105.4022965853
0.00142,0.00142,0.7768593844,0.699173446,0.1
0.00142,0.00142,0.7768593844,0.699173446,0.1396437957
0.00142,0.00142,0.7768593844,0.699173446,0.1950038968
0.00142,0.00142,0.7768593844,0.699173446,0.2723108433
0.00142,0.00142,0.7768593844,0.699173446,0.3802651977
0.00142,0.00142,0.7768593844,0.699173446,0.5310167558
0.00142,0.00142,0.7768593844,0.699173446,0.7415319537
0.00142,0.00142,0.7768593844,0.699173446,1.0355033665
0.00142,0.00142,0.7768593844,0.699173446,1.4460162057
0.00142,0.00142,0.7768593844,0.699173446,2.0192719162
0.00142,0.00142,0.7768593844,0.699173446,2.8197879494
0.00142,0.00142,0.7768593844,0.699173446,3.9376589236
0.00142,0.00142,0.7768593844,0.699173446,5.498696383
0.00142,0.00142,0.7768593844,0.699173446,7.6785883437
0.00142,0.00142,0.7768593844,0.699173446,10.7226722201
0.00142,0.00142,0.7768593844,0.699173446,14.9735464897
0.00142,0.00142,0.7768593844,0.699173446,20.9096286705
0.00142,0.00142,0.7768593844,0.699173446,29.1989991443
0.00142,0.00142,0.7768593844,0.699173446,40.7745907144
0.00142,0.00142,0.7768593844,0.699173446,56.9391861586
0.00142,0.00142,0.7768593844,0.699173446,79.5120407981
0.00142,0.00142,0.7768593844,0.699173446,111.0336318168
0.00142,0.00142,0.7768593844,0.699173446,155.0515779833
0.00142,0.00142,0.7768593844,0.699173446,216.5199088036
0.00142,0.00142,0.7768593844,0.699173446,302.3566191205
0.00142,0.00142,0.7768593844,0.699173446,422.2222595195
0.00142,0.00142,0.7768593844,0.699173446,589.6071895242
0.00142,0.00142,0.7768593844,0.699173446,823.3498592289
0.00142,0.00142,0.7768593844,0.699173446,1149.7569953977
0.00142,0.00142,0.7768593844,0.699173446,1605.5643098112
0.00142,0.00142,0.7768593844,0.699173446,2242.0709447806
0.00142,0.00142,0.7768593844,0.699173446,3130.912969796
0.00142,0.00142,0.7768593844,0.699173446,4372.1257113904
0.00142,0.00142,0.7768593844,0.699173446,6105.4022965853
0.00142,0.00142,0.7768593844,0.7380164152,0.1
0.00142,0.00142,0.7768593844,0.7380164152,0.1396437957
0.00142,0.00142,0.7768593844,0.7380164152,0.1950038968
0.00142,0.00142,0.7768593844,0.7380164152,0.2723108433
0.00142,0.00142,0.7768593844,0.7380164152,0.3802651977
0.00142,0.00142,0.7768593844,0.7380164152,0.5310167558
0.00142,0.00142,0.7768593844,0.7380164152,0.7415319537
0.00142,0.00142,0.7768593844,0.7380164152,1.0355033665
0.00142,0.00142,0.7768593844,0.7380164152,1.4460162057
0.00142,0.00142,0.7768593844,0.7380164152,2.0192719162
0.00142,0.00142,0.7768593844,0.7380164152,2.8197879494
0.00142,0.00142,0.7768593844,0.7380164152,3.9376589236
0.00142,0.00142,0.7768593844,0.7380164152,5.498696383
0.00142,0.00142,0.7768593844,0.7380164152,7.6785883437
0.00142,0.00142,0.7768593844,0.7380164152,10.7226722201
0.00142,0.00142,0.7768593844,0.7380164152,14.9735464897
0.00142,0.00142,0.7768593844,0.7380164152,20.9096286705
0.00142,0.00142,0.7768593844,0.7380164152,29.1989991443
0.00142,0.00142,0.7768593844,0.7380164152,40.7745907144
0.00142,0.00142,0.7768593844,0.7380164152,56.9391861586
0.00142,0.00142,0.7768593844,0.7380164152,79.5120407981
0.00142,0.00142,0.7768593844,0.7380164152,111.0336318168
0.00142,0.00142,0.7768593844,0.7380164152,155.0515779833
0.00142,0.00142,0.7768593844,0.7380164152,216.5199088036
0.00142,0.00142,0.7768593844,0.7380164152,302.3566191205
0.00142,0.00142,0.7768593844,0.7380164152,422.2222595195
0.00142,0.00142,0.7768593844,0.7380164152,589.6071895242
0.00142,0.00142,0.7768593844,0.7380164152,823.3498592289
0.00142,0.00142,0.7768593844,0.7380164152,1149.7569953977
0.00142,0.00142,0.7768593844,0.7380164152,1605.5643098112
0.00142,0.00142,0.7768593844,0.7380164152,2242.0709447806
0.00142,0.00142,0.7768593844,0.7380164152,3130.912969796
0.00142,0.00142,0.7768593844,0.7380164152,4372.1257113904
0.00142,0.00142,0.7768593844,0.7380164152,6105.4022965853
0.00142,0.00142,0.7768593844,0.7690907906,0.1
0.00142,0.00142,0.7768593844,0.7690907906,0.1396437957
0.00142,0.00142,0.7768593844,0.7690907906,0.1950038968
0.00142,0.00142,0.7768593844,0.7690907906,0.2723108433
0.00142,0.00142,0.7768593844,0.7690907906,0.3802651977
0.00142,0.00142,0.7768593844,0.7690907906,0.5310167558
0.00142,0.00142,0.7768593844,0.7690907906,0.7415319537
0.00142,0.00142,0.7768593844,0.7690907906,1.0355033665
0.00142,0.00142,0.7768593844,0.7690907906,1.4460162057
0.00142,0.00142,0.7768593844,0.7690907906,2.0192719162
0.00142,0.00142,0.7768593844,0.7690907906,2.8197879494
0.00142,0.00142,0.7768593844,0.7690907906,3.9376589236
0.00142,0.00142,0.7768593844,0.7690907906,5.498696383
0.00142,0.00142,0.7768593844,0.7690907906,7.6785883437
0.00142,0.00142,0.7768593844,0.7690907906,10.7226722201
0.00142,0.00142,0.7768593844,0.7690907906,14.9735464897
0.00142,0.00142,0.7768593844,0.7690907906,20.9096286705
0.00142,0.00142,0.7768593844,0.7690907906,29.1989991443
0.00142,0.00142,0.7768593844,0.7690907906,40.7745907144
0.00142,0.00142,0.7768593844,0.7690907906,56.9391861586
0.00142,0.00142,0.7768593844,0.7690907906,79.5120407981
0.00142,0.00142,0.7768593844,0.7690907906,111.0336318168
0.00142,0.00142,0.7768593844,0.7690907906,155.0515779833
0.00142,0.00142,0.7768593844,0.7690907906,216.5199088036
0.00142,0.00142,0.7768593844,0.7690907906,302.3566191205
0.00142,0.00142,0.7768593844,0.7690907906,422.2222595195
0.00142,0.00142,0.7768593844,0.7690907906,589.6071895242
0.00142,0.00142,0.7768593844,0.7690907906,823.3498592289
0.00142,0.00142,0.7768593844,0.7690907906,1149.7569953977
0.00142,0.00142,0.7768593844,0.7690907906,1605.5643098112
0.00142,0.00142,0.7768593844,0.7690907906,2242.0709447806
0.00142,0.00142,0.7768593844,0.7690907906,3130.912969796
0.00142,0.00142,0.7768593844,0.7690907906,4372.1257113904
0.00142,0.00142,0.7768593844,0.7690907906,6105.4022965853
0.00142,0.00142,0.8653714112,0.1298057117,0.1
0.00142,0.00142,0.8653714112,0.1298057117,0.1396437957
0.00142,0.00142,0.8653714112,0.1298057117,0.1950038968
0.00142,0.00142,0.8653714112,0.1298057117,0.2723108433
0.00142,0.00142,0.8653714112,0.1298057117,0.3802651977
0.00142,0.00142,0.8653714112,0.1298057117,0.5310167558
0.00142,0.00142,0.8653714112,0.1298057117,0.7415319537
0.00142,0.00142,0.8653714112,0.1298057117,1.0355033665
0.00142,0.00142,0.8653714112,0.1298057117,1.4460162057
0.00142,0.00142,0.8653714112,0.1298057117,2.0192719162
0.00142,0.00142,0.8653714112,0.1298057117,2.8197879494
0.00142,0.00142,0.8653714112,0.1298057117,3.9376589236
0.00142,0.00142,0.8653714112,0.1298057117,5.498696383
0.00142,0.00142,0.8653714112,0.1298057117,7.6785883437
0.00142,0.00142,0.8653714112,0.1298057117,10.7226722201
0.00142,0.00142,0.8653714112,0.1298057117,14.9735464897
0.00142,0.00142,0.8653714112,0.1298057117,20.9096286705
0.00142,0.00142,0.8653714112,0.1298057117,29.1989991443
0.00142,0.00142,0.8653714112,0.1298057117,40.7745907144
0.00142,0.00142,0.8653714112,0.1298057117,56.9391861586
0.00142,0.00142,0.8653714112,0.1298057117,79.5120407981
0.00142,0.00142,0.8653714112,0.1298057117,111.0336318168
0.00142,0.00142,0.8653714112,0.1298057117,155.0515779833
0.00142,0.00142,0.8653714112,0.1298057117,216.5199088036
0.00142,0.00142,0.8653714112,0.1298057117,302.3566191205
0.00142,0.00142,0.8653714112,0.1298057117,422.2222595195
0.00142,0.00142,0.8653714112,0.1298057117,589.6071895242
0.00142,0.00142,0.8653714112,0.1298057117,823.3498592289
0.00142,0.00142,0.8653714112,0.1298057117,1149.7569953977
0.00142,0.00142,0.8653714112,0.1298057117,1605.5643098112
0.00142,0.00142,0.8653714112,0.1298057117,2242.0709447806
0.00142,0.00142,0.8653714112,0.1298057117,3130.912969796
0.00142,0.00142,0.8653714112,0.1298057117,4372.1257113904
0.00142,0.00142,0.8653714112,0.1298057117,6105.4022965853
0.00142,0.00142,0.8653714112,0.1730742822,0.1
0.00142,0.00142,0.8653714112,0.1730742822,0.1396437957
0.00142,0.00142,0.8653714112,0.1730742822,0.1950038968
0.00142,0.00142,0.8653714112,0.1730742822,0.2723108433
0.00142,0.00142,0.8653714112,0.1730742822,0.3802651977
0.00142,0.00142,0.8653714112,0.1730742822,0.5310167558
0.00142,0.00142,0.8653714112,0.1730742822,0.7415319537
0.00142,0.00142,0.8653714112,0.1730742822,1.0355033665
0.00142,0.00142,0.8653714112,0.1730742822,1.4460162057
0.00142,0.00142,0.8653714112,0.1730742822,2.0192719162
0.00142,0.00142,0.8653714112,0.1730742822,2.8197879494
0.00142,0.00142,0.8653714112,0.1730742822,3.9376589236
0.00142,0.00142,0.8653714112,0.1730742822,5.498696383
0.00142,0.00142,0.8653714112,0.1730742822,7.6785883437
0.00142,0.00142,0.8653714112,0.1730742822,10.7226722201
0.00142,0.00142,0.8653714112,0.1730742822,14.9735464897
0.00142,0.00142,0.8653714112,0.1730742822,20.9096286705
0.00142,0.00142,0.8653714112,0.1730742822,29.1989991443
0.00142,0.00142,0.8653714112,0.1730742822,40.7745907144
0.00142,0.00142,0.8653714112,0.1730742822,56.9391861586
0.00142,0.00142,0.8653714112,0.1730742822,79.5120407981
0.00142,0.00142,0.8653714112,0.1730742822,111.0336318168
0.00142,0.00142,0.8653714112,0.1730742822,155.0515779833
0.00142,0.00142,0.8653714112,0.1730742822,216.5199088036
0.00142,0.00142,0.8653714112,0.1730742822,302.3566191205
0.00142,0.00142,0.8653714112,0.1730742822,422.2222595195
0.00142,0.00142,0.8653714112,0.1730742822,589.6071895242
0.00142,0.00142,0.8653714112,0.1730742822,823.3498592289
0.00142,0.00142,0.8653714112,0.1730742822,1149.7569953977
0.00142,0.00142,0.8653714112,0.1730742822,1605.5643098112
0.00142,0.00142,0.8653714112,0.1730742822,2242.0709447806
0.00142,0.00142,0.8653714112,0.1730742822,3130.912969796
0.00142,0.00142,0.8653714112,0.1730742822,4372.1257113904
0.00142,0.00142,0.8653714112,0.1730742822,6105.4022965853
0.00142,0.00142,0.8653714112,0.2163428528,0.1
0.00142,0.00142,0.8653714112,0.2163428528,0.1396437957
0.00142,0.00142,0.8653714112,0.2163428528,0.1950038968
0.00142,0.00142,0.8653714112,0.2163428528,0.2723108433
0.00142,0.00142,0.8653714112,0.2163428528,0.3802651977
0.00142,0.00142,0.8653714112,0.2163428528,0.5310167558
0.00142,0.00142,0.8653714112,0.2163428528,0.7415319537
0.00142,0.00142,0.8653714112,0.2163428528,1.0355033665
0.00142,0.00142,0.8653714112,0.2163428528,1.4460162057
0.00142,0.00142,0.8653714112,0.2163428528,2.0192719162
0.00142,0.00142,0.8653714112,0.2163428528,2.8197879494
0.00142,0.00142,0.8653714112,0.2163428528,3.9376589236
0.00142,0.00142,0.8653714112,0.2163428528,5.498696383
0.00142,0.00142,0.8653714112,0.2163428528,7.6785883437
0.00142,0.00142,0.8653714112,0.2163428528,10.7226722201
0.00142,0.00142,0.8653714112,0.2163428528,14.9735464897
0.00142,0.00142,0.8653714112,0.2163428528,20.9096286705
0.00142,0.00142,0.8653714112,0.2163428528,29.1989991443
0.00142,0.00142,0.8653714112,0.2163428528,40.7745907144
0.00142,0.00142,0.8653714112,0.2163428528,56.9391861586
0.00142,0.00142,0.8653714112,0.2163428528,79.5120407981
0.00142,0.00142,0.8653714112,0.2163428528,111.0336318168
0.00142,0.00142,0.8653714112,0.2163428528,155.0515779833
0.00142,0.00142,0.8653714112,0.2163428528,216.5199088036
0.00142,0.00142,0.8653714112,0.2163428528,302.3566191205
0.00142,0.00142,0.8653714112,0.2163428528,422.2222595195
0.00142,0.00142,0.8653714112,0.2163428528,589.6071895242
0.00142,0.00142,0.8653714112,0.2163428528,823.3498592289
0.00142,0.00142,0.8653714112,0.2163428528,1149.7569953977
0.00142,0.00142,0.8653714112,0.2163428528,1605.5643098112
0.00142,0.00142,0.8653714112,0.2163428528,2242.0709447806
0.00142,0.00142,0.8653714112,0.2163428528,3130.912969796
0.00142,0.00142,0.8653714112,0.2163428528,4372.1257113904
0.00142,0.00142,0.8653714112,0.2163428528,6105.4022965853
0.00142,0.00142,0.8653714112,0.2596114233,0.1
0.00142,0.00142,0.8653714112,0.2596114233,0.1396437957
0.00142,0.00142,0.8653714112,0.2596114233,0.1950038968
0.00142,0.00142,0.8653714112,0.2596114233,0.2723108433
0.00142,0.00142,0.8653714112,0.2596114233,0.3802651977
0.00142,0.00142,0.8653714112,0.2596114233,0.5310167558
0.00142,0.00142,0.8653714112,0.2596114233,0.7415319537
0.00142,0.00142,0.8653714112,0.2596114233,1.0355033665
0.00142,0.00142,0.8653714112,0.2596114233,1.4460162057
0.00142,0.00142,0.8653714112,0.2596114233,2.0192719162
0.00142,0.00142,0.8653714112,0.2596114233,2.8197879494
0.00142,0.00142,0.8653714112,0.2596114233,3.9376589236
0.00142,0.00142,0.8653714112,0.2596114233,5.498696383
0.00142,0.00142,0.8653714112,0.2596114233,7.6785883437
0.00142,0.00142,0.8653714112,0.2596114233,10.7226722201
0.00142,0.00142,0.8653714112,0.2596114233,14.9735464897
0.00142,0.00142,0.8653714112,0.2596114233,20.9096286705
0.00142,0.00142,0.8653714112,0.2596114233,29.1989991443
0.00142,0.00142,0.8653714112,0.2596114233,40.7745907144
0.00142,0.00142,0.8653714112,0.2596114233,56.9391861586
0.00142,0.00142,0.8653714112,0.2596114233,79.5120407981
0.00142,0.00142,0.8653714112,0.2596114233,111.0336318168
0.00142,0.00142,0.8653714112,0.2596114233,155.0515779833
0.00142,0.00142,0.8653714112,0.2596114233,216.5199088036
0.00142,0.00142,0.8653714112,0.2596114233,302.3566191205
0.00142,0.00142,0.8653714112,0.2596114233,422.2222595195
0.00142,0.00142,0.8653714112,0.2596114233,589.6071895242
0.00142,0.00142,0.8653714112,0.2596114233,823.3498592289
0.00142,0.00142,0.8653714112,0.2596114233,1149.7569953977
0.00142,0.00142,0.8653714112,0.2596114233,1605.5643098112
0.00142,0.00142,0.8653714112,0.2596114233,2242.0709447806
0.00142,0.00142,0.8653714112,0.2596114233,3130.912969796
0.00142,0.00142,0.8653714112,0.2596114233,4372.1257113904
0.00142,0.00142,0.8653714112,0.2596114233,6105.4022965853
0.00142,0.00142,0.8653714112,0.3028799939,0.1
0.00142,0.00142,0.8653714112,0.3028799939,0.1396437957
0.00142,0.00142,0.8653714112,0.3028799939,0.1950038968
0.00142,0.00142,0.8653714112,0.3028799939,0.2723108433
0.00142,0.00142,0.8653714112,0.3028799939,0.3802651977
0.00142,0.00142,0.8653714112,0.3028799939,0.5310167558
0.00142,0.00142,0.8653714112,0.3028799939,0.7415319537
0.00142,0.00142,0.8653714112,0.3028799939,1.0355033665
0.00142,0.00142,0.8653714112,0.3028799939,1.4460162057
0.00142,0.00142,0.8653714112,0.3028799939,2.0192719162
0.00142,0.00142,0.8653714112,0.3028799939,2.8197879494
0.00142,0.00142,0.8653714112,0.3028799939,3.9376589236
0.00142,0.00142,0.8653714112,0.3028799939,5.498696383
0.00142,0.00142,0.8653714112,0.3028799939,7.6785883437
0.00142,0.00142,0.8653714112,0.3028799939,10.7226722201
0.00142,0.00142,0.8653714112,0.3028799939,14.9735464897
0.00142,0.00142,0.8653714112,0.3028799939,20.9096286705
0.00142,0.00142,0.8653714112,0.3028799939,29.1989991443
0.00142,0.00142,0.8653714112,0.3028799939,40.7745907144
0.00142,0.00142,0.8653714112,0.3028799939,56.9391861586
0.00142,0.00142,0.8653714112,0.3028799939,79.5120407981
0.00142,0.00142,0.8653714112,0.3028799939,111.0336318168
0.00142,0.00142,0.8653714112,0.3028799939,155.0515779833
0.00142,0.00142,0.8653714112,0.3028799939,216.5199088036
0.00142,0.00142,0.8653714112,0.3028799939,302.3566191205
0.00142,0.00142,0.8653714112,0.3028799939,422.2222595195
0.00142,0.00142,0.8653714112,0.3028799939,589.6071895242
0.00142,0.00142,0.8653714112,0.3028799939,823.3498592289
0.00142,0.00142,0.8653714112,0.3028799939,1149.7569953977
0.00142,0.00142,0.8653714112,0.3028799939,1605.5643098112
0.00142,0.00142,0.8653714112,0.3028799939,2242.0709447806
0.00142,0.00142,0.8653714112,0.3028799939,3130.912969796
0.00142,0.00142,0.8653714112,0.3028799939,4372.1257113904
0.00142,0.00142,0.8653714112,0.3028799939,6105.4022965853
0.00142,0.00142,0.8653714112,0.3461485645,0.1
0.00142,0.00142,0.8653714112,0.3461485645,0.1396437957
0.00142,0.00142,0.8653714112,0.3461485645,0.1950038968
0.00142,0.00142,0.8653714112,0.3461485645,0.2723108433
0.00142,0.00142,0.8653714112,0.3461485645,0.3802651977
0.00142,0.00142,0.8653714112,0.3461485645,0.5310167558
0.00142,0.00142,0.8653714112,0.3461485645,0.7415319537
0.00142,0.00142,0.8653714112,0.3461485645,1.0355033665
0.00142,0.00142,0.8653714112,0.3461485645,1.4460162057
0.00142,0.00142,0.8653714112,0.3461485645,2.0192719162
0.00142,0.00142,0.8653714112,0.3461485645,2.8197879494
0.00142,0.00142,0.8653714112,0.3461485645,3.9376589236
0.00142,0.00142,0.8653714112,0.3461485645,5.498696383
0.00142,0.00142,0.8653714112,0.3461485645,7.6785883437
0.00142,0.00142,0.8653714112,0.3461485645,10.7226722201
0.00142,0.00142,0.8653714112,0.3461485645,14.9735464897
0.00142,0.00142,0.8653714112,0.3461485645,20.9096286705
0.00142,0.00142,0.8653714112,0.3461485645,29.1989991443
0.00142,0.00142,0.8653714112,0.3461485645,40.7745907144
0.00142,0.00142,0.8653714112,0.3461485645,56.9391861586
0.00142,0.00142,0.8653714112,0.3461485645,79.5120407981
0.00142,0.00142,0.8653714112,0.3461485645,111.0336318168
0.00142,0.00142,0.8653714112,0.3461485645,155.0515779833
0.00142,0.00142,0.8653714112,0.3461485645,216.5199088036
0.00142,0.00142,0.8653714112,0.3461485645,302.3566191205
0.00142,0.00142,0.8653714112,0.3461485645,422.2222595195
0.00142,0.00142,0.8653714112,0.3461485645,589.6071895242
0.00142,0.00142,0.8653714112,0.3461485645,823.3498592289
0.00142,0.00142,0.8653714112,0.3461485645,1149.7569953977
0.00142,0.00142,0.8653714112,0.3461485645,1605.5643098112
0.00142,0.00142,0.8653714112,0.3461485645,2242.0709447806
0.00142,0.00142,0.8653714112,0.3461485645,3130.912969796
0.00142,0.00142,0.8653714112,0.3461485645,4372.1257113904
0.00142,0.00142,0.8653714112,0.3461485645,6105.4022965853
0.00142,0.00142,0.8653714112,0.389417135,0.1
0.00142,0.00142,0.8653714112,0.389417135,0.1396437957
0.00142,0.00142,0.8653714112,0.389417135,0.1950038968
0.00142,0.00142,0.8653714112,0.389417135,0.2723108433
0.00142,0.00142,0.8653714112,0.389417135,0.3802651977
0.00142,0.00142,0.8653714112,0.389417135,0.5310167558
0.00142,0.00142,0.8653714112,0.389417135,0.7415319537
0.00142,0.00142,0.8653714112,0.389417135,1.0355033665
0.00142,0.00142,0.8653714112,0.389417135,1.4460162057
0.00142,0.00142,0.8653714112,0.389417135,2.0192719162
0.00142,0.00142,0.8653714112,0.389417135,2.8197879494
0.00142,0.00142,0.8653714112,0.389417135,3.9376589236
0.00142,0.00142,0.8653714112,0.389417135,5.498696383
0.00142,0.00142,0.8653714112,0.389417135,7.6785883437
0.00142,0.00142,0.8653714112,0.389417135,10.7226722201
0.00142,0.00142,0.8653714112,0.389417135,14.9735464897
0.00142,0.00142,0.8653714112,0.389417135,20.9096286705
0.00142,0.00142,0.8653714112,0.389417135,29.1989991443
0.00142,0.00142,0.8653714112,0.389417135,40.7745907144
0.00142,0.00142,0.8653714112,0.389417135,56.9391861586
0.00142,0.00142,0.8653714112,0.389417135,79.5120407981
0.00142,0.00142,0.8653714112,0.389417135,111.0336318168
0.00142,0.00142,0.8653714112,0.389417135,155.0515779833
0.00142,0.00142,0.8653714112,0.389417135,216.5199088036
0.00142,0.00142,0.8653714112,0.389417135,302.3566191205
0.00142,0.00142,0.8653714112,0.389417135,422.2222595195
0.00142,0.00142,0.8653714112,0.389417135,589.6071895242
0.00142,0.00142,0.8653714112,0.389417135,823.3498592289
0.00142,0.00142,0.8653714112,0.389417135,1149.7569953977
0.00142,0.00142,0.8653714112,0.389417135,1605.5643098112
0.00142,0.00142,0.8653714112,0.389417135,2242.0709447806
0.00142,0.00142,0.8653714112,0.389417135,3130.912969796
0.00142,0.00142,0.8653714112,0.389417135,4372.1257113904
0.00142,0.00142,0.8653714112,0.389417135,6105.4022965853
0.00142,0.00142,0.8653714112,0.4326857056,0.1
0.00142,0.00142,0.8653714112,0.4326857056,0.1396437957
0.00142,0.00142,0.8653714112,0.4326857056,0.1950038968
0.00142,0.00142,0.8653714112,0.4326857056,0.2723108433
0.00142,0.00142,0.8653714112,0.4326857056,0.3802651977
0.00142,0.00142,0.8653714112,0.4326857056,0.5310167558
0.00142,0.00142,0.8653714112,0.4326857056,0.7415319537
0.00142,0.00142,0.8653714112,0.4326857056,1.0355033665
0.00142,0.00142,0.8653714112,0.4326857056,1.4460162057
0.00142,0.00142,0.8653714112,0.4326857056,2.0192719162
0.00142,0.00142,0.8653714112,0.4326857056,2.8197879494
0.00142,0.00142,0.8653714112,0.4326857056,3.9376589236
0.00142,0.00142,0.8653714112,0.4326857056,5.498696383
0.00142,0.00142,0.8653714112,0.4326857056,7.6785883437
0.00142,0.00142,0.8653714112,0.4326857056,10.7226722201
0.00142,0.00142,0.8653714112,0.4326857056,14.9735464897
0.00142,0.00142,0.8653714112,0.4326857056,20.9096286705
0.00142,0.00142,0.8653714112,0.4326857056,29.1989991443
0.00142,0.00142,0.8653714112,0.4326857056,40.7745907144
0.00142,0.00142,0.8653714112,0.4326857056,56.9391861586
0.00142,0.00142,0.8653714112,0.4326857056,79.5120407981
0.00142,0.00142,0.8653714112,0.4326857056,111.0336318168
0.00142,0.00142,0.8653714112,0.4326857056,155.0515779833
0.00142,0.00142,0.8653714112,0.4326857056,216.5199088036
0.00142,0.00142,0.8653714112,0.4326857056,302.3566191205
0.00142,0.00142,0.8653714112,0.4326857056,422.2222595195
0.00142,0.00142,0.8653714112,0.4326857056,589.6071895242
0.00142,0.00142,0.8653714112,0.4326857056,823.3498592289
0.00142,0.00142,0.8653714112,0.4326857056,1149.7569953977
0.00142,0.00142,0.8653714112,0.4326857056,1605.5643098112
0.00142,0.00142,0.8653714112,0.4326857056,2242.0709447806
0.00142,0.00142,0.8653714112,0.4326857056,3130.912969796
0.00142,0.00142,0.8653714112,0.4326857056,4372.1257113904
0.00142,0.00142,0.8653714112,0.4326857056,6105.4022965853
0.00142,0.00142,0.8653714112,0.4759542761,0.1
0.00142,0.00142,0.8653714112,0.4759542761,0.1396437957
0.00142,0.00142,0.8653714112,0.4759542761,0.1950038968
0.00142,0.00142,0.8653714112,0.4759542761,0.2723108433
0.00142,0.00142,0.8653714112,0.4759542761,0.3802651977
0.00142,0.00142,0.8653714112,0.4759542761,0.5310167558
0.00142,0.00142,0.8653714112,0.4759542761,0.7415319537
0.00142,0.00142,0.8653714112,0.4759542761,1.0355033665
0.00142,0.00142,0.8653714112,0.4759542761,1.4460162057
0.00142,0.00142,0.8653714112,0.4759542761,2.0192719162
0.00142,0.00142,0.8653714112,0.4759542761,2.8197879494
0.00142,0.00142,0.8653714112,0.4759542761,3.9376589236
0.00142,0.00142,0.8653714112,0.4759542761,5.498696383
0.00142,0.00142,0.8653714112,0.4759542761,7.6785883437
0.00142,0.00142,0.8653714112,0.4759542761,10.7226722201
0.00142,0.00142,0.8653714112,0.4759542761,14.9735464897
0.00142,0.00142,0.8653714112,0.4759542761,20.9096286705
0.00142,0.00142,0.8653714112,0.4759542761,29.1989991443
0.00142,0.00142,0.8653714112,0.4759542761,40.7745907144
0.00142,0.00142,0.8653714112,0.4759542761,56.9391861586
0.00142,0.00142,0.8653714112,0.4759542761,79.5120407981
0.00142,0.00142,0.8653714112,0.4759542761,111.0336318168
0.00142,0.00142,0.8653714112,0.4759542761,155.0515779833
0.00142,0.00142,0.8653714112,0.4759542761,216.5199088036
0.00142,0.00142,0.8653714112,0.4759542761,302.3566191205
0.00142,0.00142,0.8653714112,0.4759542761,422.2222595195
0.00142,0.00142,0.8653714112,0.4759542761,589.6071895242
0.00142,0.00142,0.8653714112,0.4759542761,823.3498592289
0.00142,0.00142,0.8653714112,0.4759542761,1149.7569953977
0.00142,0.00142,0.8653714112,0.4759542761,1605.5643098112
0.00142,0.00142,0.8653714112,0.4759542761,2242.0709447806
0.00142,0.00142,0.8653714112,0.4759542761,3130.912969796
0.00142,0.00142,0.8653714112,0.4759542761,4372.1257113904
0.00142,0.00142,0.8653714112,0.4759542761,6105.4022965853
0.00142,0.00142,0.8653714112,0.5192228467,0.1
0.00142,0.00142,0.8653714112,0.5192228467,0.1396437957
0.00142,0.00142,0.8653714112,0.5192228467,0.1950038968
0.00142,0.00142,0.8653714112,0.5192228467,0.2723108433
0.00142,0.00142,0.8653714112,0.5192228467,0.3802651977
0.00142,0.00142,0.8653714112,0.5192228467,0.5310167558
0.00142,0.00142,0.8653714112,0.5192228467,0.7415319537
0.00142,0.00142,0.8653714112,0.5192228467,1.0355033665
0.00142,0.00142,0.8653714112,0.5192228467,1.4460162057
0.00142,0.00142,0.8653714112,0.5192228467,2.0192719162
0.00142,0.00142,0.8653714112,0.5192228467,2.8197879494
0.00142,0.00142,0.8653714112,0.5192228467,3.9376589236
0.00142,0.00142,0.8653714112,0.5192228467,5.498696383
0.00142,0.00142,0.8653714112,0.5192228467,7.6785883437
0.00142,0.00142,0.8653714112,0.5192228467,10.7226722201
0.00142,0.00142,0.8653714112,0.5192228467,14.9735464897
0.00142,0.00142,0.8653714112,0.5192228467,20.9096286705
0.00142,0.00142,0.8653714112,0.5192228467,29.1989991443
0.00142,0.00142,0.8653714112,0.5192228467,40.7745907144
0.00142,0.00142,0.8653714112,0.5192228467,56.9391861586
0.00142,0.00142,0.8653714112,0.5192228467,79.5120407981
0.00142,0.00142,0.8653714112,0.5192228467,111.0336318168
0.00142,0.00142,0.8653714112,0.5192228467,155.0515779833
0.00142,0.00142,0.8653714112,0.5192228467,216.5199088036
0.00142,0.00142,0.8653714112,0.5192228467,302.3566191205
0.00142,0.00142,0.8653714112,0.5192228467,422.2222595195
0.00142,0.00142,0.8653714112,0.5192228467,589.6071895242
0.00142,0.00142,0.8653714112,0.5192228467,823.3498592289
0.00142,0.00142,0.8653714112,0.5192228467,1149.7569953977
0.00142,0.00142,0.8653714112,0.5192228467,1605.5643098112
0.00142,0.00142,0.8653714112,0.5192228467,2242.0709447806
0.00142,0.00142,0.8653714112,0.5192228467,3130.912969796
0.00142,0.00142,0.8653714112,0.5192228467,4372.1257113904
0.00142,0.00142,0.8653714112,0.5192228467,6105.4022965853
0.00142,0.00142,0.8653714112,0.5624914172,0.1
0.00142,0.00142,0.8653714112,0.5624914172,0.1396437957
0.00142,0.00142,0.8653714112,0.5624914172,0.1950038968
0.00142,0.00142,0.8653714112,0.5624914172,0.2723108433
0.00142,0.00142,0.8653714112,0.5624914172,0.3802651977
0.00142,0.00142,0.8653714112,0.5624914172,0.5310167558
0.00142,0.00142,0.8653714112,0.5624914172,0.7415319537
0.00142,0.00142,0.8653714112,0.5624914172,1.0355033665
0.00142,0.00142,0.8653714112,0.5624914172,1.4460162057
0.00142,0.00142,0.8653714112,0.5624914172,2.0192719162
0.00142,0.00142,0.8653714112,0.5624914172,2.8197879494
0.00142,0.00142,0.8653714112,0.5624914172,3.9376589236
0.00142,0.00142,0.8653714112,0.5624914172,5.498696383
0.00142,0.00142,0.8653714112,0.5624914172,7.6785883437
0.00142,0.00142,0.8653714112,0.5624914172,10.7226722201
0.00142,0.00142,0.8653714112,0.5624914172,14.9735464897
0.00142,0.00142,0.8653714112,0.5624914172,20.9096286705
0.00142,0.00142,0.8653714112,0.5624914172,29.1989991443
0.00142,0.00142,0.8653714112,0.5624914172,40.7745907144
0.00142,0.00142,0.8653714112,0.5624914172,56.9391861586
0.00142,0.00142,0.8653714112,0.5624914172,79.5120407981
0.00142,0.00142,0.8653714112,0.5624914172,111.0336318168
0.00142,0.00142,0.8653714112,0.5624914172,155.0515779833
0.00142,0.00142,0.8653714112,0.5624914172,216.5199088036
0.00142,0.00142,0.8653714112,0.5624914172,302.3566191205
0.00142,0.00142,0.8653714112,0.5624914172,422.2222595195
0.00142,0.00142,0.8653714112,0.5624914172,589.6071895242
0.00142,0.00142,0.8653714112,0.5624914172,823.3498592289
0.00142,0.00142,0.8653714112,0.5624914172,1149.7569953977
0.00142,0.00142,0.8653714112,0.5624914172,1605.5643098112
0.00142,0.00142,0.8653714112,0.5624914172,2242.0709447806
0.00142,0.00142,0.8653714112,0.5624914172,3130.912969796
0.00142,0.00142,0.8653714112,0.5624914172,4372.1257113904
0.00142,0.00142,0.8653714112,0.5624914172,6105.4022965853
0.00142,0.00142,0.8653714112,0.6057599878,0.1
0.00142,0.00142,0.8653714112,0.6057599878,0.1396437957
0.00142,0.00142,0.8653714112,0.6057599878,0.1950038968
0.00142,0.00142,0.8653714112,0.6057599878,0.2723108433
0.00142,0.00142,0.8653714112,0.6057599878,0.3802651977
0.00142,0.00142,0.8653714112,0.6057599878,0.5310167558
0.00142,0.00142,0.8653714112,0.6057599878,0.7415319537
0.00142,0.00142,0.8653714112,0.6057599878,1.0355033665
0.00142,0.00142,0.8653714112,0.6057599878,1.4460162057
0.00142,0.00142,0.8653714112,0.6057599878,2.0192719162
0.00142,0.00142,0.8653714112,0.6057599878,2.8197879494
0.00142,0.00142,0.8653714112,0.6057599878,3.9376589236
0.00142,0.00142,0.8653714112,0.6057599878,5.498696383
0.00142,0.00142,0.8653714112,0.6057599878,7.6785883437
0.00142,0.00142,0.8653714112,0.6057599878,10.7226722201
0.00142,0.00142,0.8653714112,0.6057599878,14.9735464897
0.00142,0.00142,0.8653714112,0.6057599878,20.9096286705
0.00142,0.00142,0.8653714112,0.6057599878,29.1989991443
0.00142,0.00142,0.8653714112,0.6057599878,40.7745907144
0.00142,0.00142,0.8653714112,0.6057599878,56.9391861586
0.00142,0.00142,0.8653714112,0.6057599878,79.5120407981
0.00142,0.00142,0.8653714112,0.6057599878,111.0336318168
0.00142,0.00142,0.8653714112,0.6057599878,155.0515779833
0.00142,0.00142,0.8653714112,0.6057599878,216.5199088036
0.00142,0.00142,0.8653714112,0.6057599878,302.3566191205
0.00142,0.00142,0.8653714112,0.6057599878,422.2222595195
0.00142,0.00142,0.8653714112,0.6057599878,589.6071895242
0.00142,0.00142,0.8653714112,0.6057599878,823.3498592289
0.00142,0.00142,0.8653714112,0.6057599878,1149.7569953977
0.00142,0.00142,0.8653714112,0.6057599878,1605.5643098112
0.00142,0.00142,0.8653714112,0.6057599878,2242.0709447806
0.00142,0.00142,0.8653714112,0.6057599878,3130.912969796
0.00142,0.00142,0.8653714112,0.6057599878,4372.1257113904
0.00142,0.00142,0.8653714112,0.6057599878,6105.4022965853
0.00142,0.00142,0.8653714112,0.6490285584,0.1
0.00142,0.00142,0.8653714112,0.6490285584,0.1396437957
0.00142,0.00142,0.8653714112,0.6490285584,0.1950038968
0.00142,0.00142,0.8653714112,0.6490285584,0.2723108433
0.00142,0.00142,0.8653714112,0.6490285584,0.3802651977
0.00142,0.00142,0.8653714112,0.6490285584,0.5310167558
0.00142,0.00142,0.8653714112,0.6490285584,0.7415319537
0.00142,0.00142,0.8653714112,0.6490285584,1.0355033665
0.00142,0.00142,0.8653714112,0.6490285584,1.4460162057
0.00142,0.00142,0.8653714112,0.6490285584,2.0192719162
0.00142,0.00142,0.8653714112,0.6490285584,2.8197879494
0.00142,0.00142,0.8653714112,0.6490285584,3.9376589236
0.00142,0.00142,0.8653714112,0.6490285584,5.498696383
0.00142,0.00142,0.8653714112,0.6490285584,7.6785883437
0.00142,0.00142,0.8653714112,0.6490285584,10.7226722201
0.00142,0.00142,0.8653714112,0.6490285584,14.9735464897
0.00142,0.00142,0.8653714112,0.6490285584,20.9096286705
0.00142,0.00142,0.8653714112,0.6490285584,29.1989991443
0.00142,0.00142,0.8653714112,0.6490285584,40.7745907144
0.00142,0.00142,0.8653714112,0.6490285584,56.9391861586
0.00142,0.00142,0.8653714112,0.6490285584,79.5120407981
0.00142,0.00142,0.8653714112,0.6490285584,111.0336318168
0.00142,0.00142,0.8653714112,0.6490285584,155.0515779833
0.00142,0.00142,0.8653714112,0.6490285584,216.5199088036
0.00142,0.00142,0.8653714112,0.6490285584,302.3566191205
0.00142,0.00142,0.8653714112,0.6490285584,422.2222595195
0.00142,0.00142,0.8653714112,0.6490285584,589.6071895242
0.00142,0.00142,0.8653714112,0.6490285584,823.3498592289
0.00142,0.00142,0.8653714112,0.6490285584,1149.7569953977
0.00142,0.00142,0.8653714112,0.6490285584,1605.5643098112
0.00142,0.00142,0.8653714112,0.6490285584,2242.0709447806
0.00142,0.00142,0.8653714112,0.6490285584,3130.912969796
0.00142,0.00142,0.8653714112,0.6490285584,4372.1257113904
0.00142,0.00142,0.8653714112,0.6490285584,6105.4022965853
0.00142,0.00142,0.8653714112,0.6922971289,0.1
0.00142,0.00142,0.8653714112,0.6922971289,0.1396437957
0.00142,0.00142,0.8653714112,0.6922971289,0.1950038968
0.00142,0.00142,0.8653714112,0.6922971289,0.2723108433
0.00142,0.00142,0.8653714112,0.6922971289,0.3802651977
0.00142,0.00142,0.8653714112,0.6922971289,0.5310167558
0.00142,0.00142,0.8653714112,0.6922971289,0.7415319537
0.00142,0.00142,0.8653714112,0.6922971289,1.0355033665
0.00142,0.00142,0.8653714112,0.6922971289,1.4460162057
0.00142,0.00142,0.8653714112,0.6922971289,2.0192719162
0.00142,0.00142,0.8653714112,0.6922971289,2.8197879494
0.00142,0.00142,0.8653714112,0.6922971289,3.9376589236
0.00142,0.00142,0.8653714112,0.6922971289,5.498696383
0.00142,0.00142,0.8653714112,0.6922971289,7.6785883437
0.00142,0.00142,0.8653714112,0.6922971289,10.7226722201
0.00142,0.00142,0.8653714112,0.6922971289,14.9735464897
0.00142,0.00142,0.8653714112,0.6922971289,20.9096286705
0.00142,0.00142,0.8653714112,0.6922971289,29.1989991443
0.00142,0.00142,0.8653714112,0.6922971289,40.7745907144
0.00142,0.00142,0.8653714112,0.6922971289,56.9391861586
0.00142,0.00142,0.8653714112,0.6922971289,79.5120407981
0.00142,0.00142,0.8653714112,0.6922971289,111.0336318168
0.00142,0.00142,0.8653714112,0.6922971289,155.0515779833
0.00142,0.00142,0.8653714112,0.6922971289,216.5199088036
0.00142,0.00142,0.8653714112,0.6922971289,302.3566191205
0.00142,0.00142,0.8653714112,0.6922971289,422.2222595195
0.00142,0.00142,0.8653714112,0.6922971289,589.6071895242
0.00142,0.00142,0.8653714112,0.6922971289,823.3498592289
0.00142,0.00142,0.8653714112,0.6922971289,1149.7569953977
0.00142,0.00142,0.8653714112,0.6922971289,1605.5643098112
0.00142,0.00142,0.8653714112,0.6922971289,2242.0709447806
0.00142,0.00142,0.8653714112,0.6922971289,3130.912969796
0.00142,0.00142,0.8653714112,0.6922971289,4372.1257113904
0.00142,0.00142,0.8653714112,0.6922971289,6105.4022965853
0.00142,0.00142,0.8653714112,0.7355656995,0.1
0.00142,0.00142,0.8653714112,0.7355656995,0.1396437957
0.00142,0.00142,0.8653714112,0.7355656995,0.1950038968
0.00142,0.00142,0.8653714112,0.7355656995,0.2723108433
0.00142,0.00142,0.8653714112,0.7355656995,0.3802651977
0.00142,0.00142,0.8653714112,0.7355656995,0.5310167558
0.00142,0.00142,0.8653714112,0.7355656995,0.7415319537
0.00142,0.00142,0.8653714112,0.7355656995,1.0355033665
0.00142,0.00142,0.8653714112,0.7355656995,1.4460162057
0.00142,0.00142,0.8653714112,0.7355656995,2.0192719162
0.00142,0.00142,0.8653714112,0.7355656995,2.8197879494
0.00142,0.00142,0.8653714112,0.7355656995,3.9376589236
0.00142,0.00142,0.8653714112,0.7355656995,5.498696383
0.00142,0.00142,0.8653714112,0.7355656995,7.6785883437
0.00142,0.00142,0.8653714112,0.7355656995,10.7226722201
0.00142,0.00142,0.8653714112,0.7355656995,14.9735464897
0.00142,0.00142,0.8653714112,0.7355656995,20.9096286705
0.00142,0.00142,0.8653714112,0.7355656995,29.1989991443
0.00142,0.00142,0.8653714112,0.7355656995,40.7745907144
0.00142,0.00142,0.8653714112,0.7355656995,56.9391861586
0.00142,0.00142,0.8653714112,0.7355656995,79.5120407981
0.00142,0.00142,0.8653714112,0.7355656995,111.0336318168
0.00142,0.00142,0.8653714112,0.7355656995,155.0515779833
0.00142,0.00142,0.8653714112,0.7355656995,216.5199088036
0.00142,0.00142,0.8653714112,0.7355656995,302.3566191205
0.00142,0.00142,0.8653714112,0.7355656995,422.2222595195
0.00142,0.00142,0.8653714112,0.7355656995,589.6071895242
0.00142,0.00142,0.8653714112,0.7355656995,823.3498592289
0.00142,0.00142,0.8653714112,0.7355656995,1149.7569953977
0.00142,0.00142,0.8653714112,0.7355656995,1605.5643098112
0.00142,0.00142,0.8653714112,0.7355656995,2242.0709447806
0.00142,0.00142,0.8653714112,0.7355656995,3130.912969796
0.00142,0.00142,0.8653714112,0.7355656995,4372.1257113904
0.00142,0.00142,0.8653714112,0.7355656995,6105.4022965853
0.00142,0.00142,0.8653714112,0.77883427,0.1
0.00142,0.00142,0.8653714112,0.77883427,0.1396437957
0.00142,0.00142,0.8653714112,0.77883427,0.1950038968
0.00142,0.00142,0.8653714112,0.77883427,0.2723108433
0.00142,0.00142,0.8653714112,0.77883427,0.3802651977
0.00142,0.00142,0.8653714112,0.77883427,0.5310167558
0.00142,0.00142,0.8653714112,0.77883427,0.7415319537
0.00142,0.00142,0.8653714112,0.77883427,1.0355033665
0.00142,0.00142,0.8653714112,0.77883427,1.4460162057
0.00142,0.00142,0.8653714112,0.77883427,2.0192719162
0.00142,0.00142,0.8653714112,0.77883427,2.8197879494
0.00142,0.00142,0.8653714112,0.77883427,3.9376589236
0.00142,0.00142,0.8653714112,0.77883427,5.498696383
0.00142,0.00142,0.8653714112,0.77883427,7.6785883437
0.00142,0.00142,0.8653714112,0.77883427,10.7226722201
0.00142,0.00142,0.8653714112,0.77883427,14.9735464897
0.00142,0.00142,0.8653714112,0.77883427,20.9096286705
0.00142,0.00142,0.8653714112,0.77883427,29.1989991443
0.00142,0.00142,0.8653714112,0.77883427,40.7745907144
0.00142,0.00142,0.8653714112,0.77883427,56.9391861586
0.00142,0.00142,0.8653714112,0.77883427,79.5120407981
0.00142,0.00142,0.8653714112,0.77883427,111.0336318168
0.00142,0.00142,0.8653714112,0.77883427,155.0515779833
0.00142,0.00142,0.8653714112,0.77883427,216.5199088036
0.00142,0.00142,0.8653714112,0.77883427,302.3566191205
0.00142,0.00142,0.8653714112,0.77883427,422.2222595195
0.00142,0.00142,0.8653714112,0.77883427,589.6071895242
0.00142,0.00142,0.8653714112,0.77883427,823.3498592289
0.00142,0.00142,0.8653714112,0.77883427,1149.7569953977
0.00142,0.00142,0.8653714112,0.77883427,1605.5643098112
0.00142,0.00142,0.8653714112,0.77883427,2242.0709447806
0.00142,0.00142,0.8653714112,0.77883427,3130.912969796
0.00142,0.00142,0.8653714112,0.77883427,4372.1257113904
0.00142,0.00142,0.8653714112,0.77883427,6105.4022965853
0.00142,0.00142,0.8653714112,0.8221028406,0.1
0.00142,0.00142,0.8653714112,0.8221028406,0.1396437957
0.00142,0.00142,0.8653714112,0.8221028406,0.1950038968
0.00142,0.00142,0.8653714112,0.8221028406,0.2723108433
0.00142,0.00142,0.8653714112,0.8221028406,0.3802651977
0.00142,0.00142,0.8653714112,0.8221028406,0.5310167558
0.00142,0.00142,0.8653714112,0.8221028406,0.7415319537
0.00142,0.00142,0.8653714112,0.8221028406,1.0355033665
0.00142,0.00142,0.8653714112,0.8221028406,1.4460162057
0.00142,0.00142,0.8653714112,0.8221028406,2.0192719162
0.00142,0.00142,0.8653714112,0.8221028406,2.8197879494
0.00142,0.00142,0.8653714112,0.8221028406,3.9376589236
0.00142,0.00142,0.8653714112,0.8221028406,5.498696383
0.00142,0.00142,0.8653714112,0.8221028406,7.6785883437
0.00142,0.00142,0.8653714112,0.8221028406,10.7226722201
0.00142,0.00142,0.8653714112,0.8221028406,14.9735464897
0.00142,0.00142,0.8653714112,0.8221028406,20.9096286705
0.00142,0.00142,0.8653714112,0.8221028406,29.1989991443
0.00142,0.00142,0.8653714112,0.8221028406,40.7745907144
0.00142,0.00142,0.8653714112,0.8221028406,56.9391861586
0.00142,0.00142,0.8653714112,0.8221028406,79.5120407981
0.00142,0.00142,0.8653714112,0.8221028406,111.0336318168
0.00142,0.00142,0.8653714112,0.8221028406,155.0515779833
0.00142,0.00142,0.8653714112,0.8221028406,216.5199088036
0.00142,0.00142,0.8653714112,0.8221028406,302.3566191205
0.00142,0.00142,0.8653714112,0.8221028406,422.2222595195
0.00142,0.00142,0.8653714112,0.8221028406,589.6071895242
0.00142,0.00142,0.8653714112,0.8221028406,823.3498592289
0.00142,0.00142,0.8653714112,0.8221028406,1149.7569953977
0.00142,0.00142,0.8653714112,0.8221028406,1605.5643098112
0.00142,0.00142,0.8653714112,0.8221028406,2242.0709447806
0.00142,0.00142,0.8653714112,0.8221028406,3130.912969796
0.00142,0.00142,0.8653714112,0.8221028406,4372.1257113904
0.00142,0.00142,0.8653714112,0.8221028406,6105.4022965853
0.00142,0.00142,0.8653714112,0.856717697,0.1
0.00142,0.00142,0.8653714112,0.856717697,0.1396437957
0.00142,0.00142,0.8653714112,0.856717697,0.1950038968
0.00142,0.00142,0.8653714112,0.856717697,0.2723108433
0.00142,0.00142,0.8653714112,0.856717697,0.3802651977
0.00142,0.00142,0.8653714112,0.856717697,0.5310167558
0.00142,0.00142,0.8653714112,0.856717697,0.7415319537
0.00142,0.00142,0.8653714112,0.856717697,1.0355033665
0.00142,0.00142,0.8653714112,0.856717697,1.4460162057
0.00142,0.00142,0.8653714112,0.856717697,2.0192719162
0.00142,0.00142,0.8653714112,0.856717697,2.8197879494
0.00142,0.00142,0.8653714112,0.856717697,3.9376589236
0.00142,0.00142,0.8653714112,0.856717697,5.498696383
0.00142,0.00142,0.8653714112,0.856717697,7.6785883437
0.00142,0.00142,0.8653714112,0.856717697,10.7226722201
0.00142,0.00142,0.8653714112,0.856717697,14.9735464897
0.00142,0.00142,0.8653714112,0.856717697,20.9096286705
0.00142,0.00142,0.8653714112,0.856717697,29.1989991443
0.00142,0.00142,0.8653714112,0.856717697,40.7745907144
0.00142,0.00142,0.8653714112,0.856717697,56.9391861586
0.00142,0.00142,0.8653714112,0.856717697,79.5120407981
0.00142,0.00142,0.8653714112,0.856717697,111.0336318168
0.00142,0.00142,0.8653714112,0.856717697,155.0515779833
0.00142,0.00142,0.8653714112,0.856717697,216.5199088036
0.00142,0.00142,0.8653714112,0.856717697,302.3566191205
0.00142,0.00142,0.8653714112,0.856717697,422.2222595195
0.00142,0.00142,0.8653714112,0.856717697,589.6071895242
0.00142,0.00142,0.8653714112,0.856717697,823.3498592289
0.00142,0.00142,0.8653714112,0.856717697,1149.7569953977
0.00142,0.00142,0.8653714112,0.856717697,1605.5643098112
0.00142,0.00142,0.8653714112,0.856717697,2242.0709447806
0.00142,0.00142,0.8653714112,0.856717697,3130.912969796
0.00142,0.00142,0.8653714112,0.856717697,4372.1257113904
0.00142,0.00142,0.8653714112,0.856717697,6105.4022965853
0.00142,0.00142,0.9639681186,0.1445952178,0.1
0.00142,0.00142,0.9639681186,0.1445952178,0.1396437957
0.00142,0.00142,0.9639681186,0.1445952178,0.1950038968
0.00142,0.00142,0.9639681186,0.1445952178,0.2723108433
0.00142,0.00142,0.9639681186,0.1445952178,0.3802651977
0.00142,0.00142,0.9639681186,0.1445952178,0.5310167558
0.00142,0.00142,0.9639681186,0.1445952178,0.7415319537
0.00142,0.00142,0.9639681186,0.1445952178,1.0355033665
0.00142,0.00142,0.9639681186,0.1445952178,1.4460162057
0.00142,0.00142,0.9639681186,0.1445952178,2.0192719162
0.00142,0.00142,0.9639681186,0.1445952178,2.8197879494
0.00142,0.00142,0.9639681186,0.1445952178,3.9376589236
0.00142,0.00142,0.9639681186,0.1445952178,5.498696383
0.00142,0.00142,0.9639681186,0.1445952178,7.6785883437
0.00142,0.00142,0.9639681186,0.1445952178,10.7226722201
0.00142,0.00142,0.9639681186,0.1445952178,14.9735464897
0.00142,0.00142,0.9639681186,0.1445952178,20.9096286705
0.00142,0.00142,0.9639681186,0.1445952178,29.1989991443
0.00142,0.00142,0.9639681186,0.1445952178,40.7745907144
0.00142,0.00142,0.9639681186,0.1445952178,56.9391861586
0.00142,0.00142,0.9639681186,0.1445952178,79.5120407981
0.00142,0.00142,0.9639681186,0.1445952178,111.0336318168
0.00142,0.00142,0.9639681186,0.1445952178,155.0515779833
0.00142,0.00142,0.9639681186,0.1445952178,216.5199088036
0.00142,0.00142,0.9639681186,0.1445952178,302.3566191205
0.00142,0.00142,0.9639681186,0.1445952178,422.2222595195
0.00142,0.00142,0.9639681186,0.1445952178,589.6071895242
0.00142,0.00142,0.9639681186,0.1445952178,823.3498592289
0.00142,0.00142,0.9639681186,0.1445952178,1149.7569953977
0.00142,0.00142,0.9639681186,0.1445952178,1605.5643098112
0.00142,0.00142,0.9639681186,0.1445952178,2242.0709447806
0.00142,0.00142,0.9639681186,0.1445952178,3130.912969796
0.00142,0.00142,0.9639681186,0.1445952178,4372.1257113904
0.00142,0.00142,0.9639681186,0.1445952178,6105.4022965853
0.00142,0.00142,0.9639681186,0.1927936237,0.1
0.00142,0.00142,0.9639681186,0.1927936237,0.1396437957
0.00142,0.00142,0.9639681186,0.1927936237,0.1950038968
0.00142,0.00142,0.9639681186,0.1927936237,0.2723108433
0.00142,0.00142,0.9639681186,0.1927936237,0.3802651977
0.00142,0.00142,0.9639681186,0.1927936237,0.5310167558
0.00142,0.00142,0.9639681186,0.1927936237,0.7415319537
0.00142,0.00142,0.9639681186,0.1927936237,1.0355033665
0.00142,0.00142,0.9639681186,0.1927936237,1.4460162057
0.00142,0.00142,0.9639681186,0.1927936237,2.0192719162
0.00142,0.00142,0.9639681186,0.1927936237,2.8197879494
0.00142,0.00142,0.9639681186,0.1927936237,3.9376589236
0.00142,0.00142,0.9639681186,0.1927936237,5.498696383
0.00142,0.00142,0.9639681186,0.1927936237,7.6785883437
0.00142,0.00142,0.9639681186,0.1927936237,10.7226722201
0.00142,0.00142,0.9639681186,0.1927936237,14.9735464897
0.00142,0.00142,0.9639681186,0.1927936237,20.9096286705
0.00142,0.00142,0.9639681186,0.1927936237,29.1989991443
0.00142,0.00142,0.9639681186,0.1927936237,40.7745907144
0.00142,0.00142,0.9639681186,0.1927936237,56.9391861586
0.00142,0.00142,0.9639681186,0.1927936237,79.5120407981
0.00142,0.00142,0.9639681186,0.1927936237,111.0336318168
0.00142,0.00142,0.9639681186,0.1927936237,155.0515779833
0.00142,0.00142,0.9639681186,0.1927936237,216.5199088036
0.00142,0.00142,0.9639681186,0.1927936237,302.3566191205
0.00142,0.00142,0.9639681186,0.1927936237,422.2222595195
0.00142,0.00142,0.9639681186,0.1927936237,589.6071895242
0.00142,0.00142,0.9639681186,0.1927936237,823.3498592289
0.00142,0.00142,0.9639681186,0.1927936237,1149.7569953977
0.00142,0.00142,0.9639681186,0.1927936237,1605.5643098112
0.00142,0.00142,0.9639681186,0.1927936237,2242.0709447806
0.00142,0.00142,0.9639681186,0.1927936237,3130.912969796
0.00142,0.00142,0.9639681186,0.1927936237,4372.1257113904
0.00142,0.00142,0.9639681186,0.1927936237,6105.4022965853
0.00142,0.00142,0.9639681186,0.2409920297,0.1
0.00142,0.00142,0.9639681186,0.2409920297,0.1396437957
0.00142,0.00142,0.9639681186,0.2409920297,0.1950038968
0.00142,0.00142,0.9639681186,0.2409920297,0.2723108433
0.00142,0.00142,0.9639681186,0.2409920297,0.3802651977
0.00142,0.00142,0.9639681186,0.2409920297,0.5310167558
0.00142,0.00142,0.9639681186,0.2409920297,0.7415319537
0.00142,0.00142,0.9639681186,0.2409920297,1.0355033665
0.00142,0.00142,0.9639681186,0.2409920297,1.4460162057
0.00142,0.00142,0.9639681186,0.2409920297,2.0192719162
0.00142,0.00142,0.9639681186,0.2409920297,2.8197879494
0.00142,0.00142,0.9639681186,0.2409920297,3.9376589236
0.00142,0.00142,0.9639681186,0.2409920297,5.498696383
0.00142,0.00142,0.9639681186,0.2409920297,7.6785883437
0.00142,0.00142,0.9639681186,0.2409920297,10.7226722201
0.00142,0.00142,0.9639681186,0.2409920297,14.9735464897
0.00142,0.00142,0.9639681186,0.2409920297,20.9096286705
0.00142,0.00142,0.9639681186,0.2409920297,29.1989991443
0.00142,0.00142,0.9639681186,0.2409920297,40.7745907144
0.00142,0.00142,0.9639681186,0.2409920297,56.9391861586
0.00142,0.00142,0.9639681186,0.2409920297,79.5120407981
0.00142,0.00142,0.9639681186,0.2409920297,111.0336318168
0.00142,0.00142,0.9639681186,0.2409920297,155.0515779833
0.00142,0.00142,0.9639681186,0.2409920297,216.5199088036
0.00142,0.00142,0.9639681186,0.2409920297,302.3566191205
0.00142,0.00142,0.9639681186,0.2409920297,422.2222595195
0.00142,0.00142,0.9639681186,0.2409920297,589.6071895242
0.00142,0.00142,0.9639681186,0.2409920297,823.3498592289
0.00142,0.00142,0.9639681186,0.2409920297,1149.7569953977
0.00142,0.00142,0.9639681186,0.2409920297,1605.5643098112
0.00142,0.00142,0.9639681186,0.2409920297,2242.0709447806
0.00142,0.00142,0.9639681186,0.2409920297,3130.912969796
0.00142,0.00142,0.9639681186,0.2409920297,4372.1257113904
0.00142,0.00142,0.9639681186,0.2409920297,6105.4022965853
0.00142,0.00142,0.9639681186,0.2891904356,0.1
0.00142,0.00142,0.9639681186,0.2891904356,0.1396437957
0.00142,0.00142,0.9639681186,0.2891904356,0.1950038968
0.00142,0.00142,0.9639681186,0.2891904356,0.2723108433
0.00142,0.00142,0.9639681186,0.2891904356,0.3802651977
0.00142,0.00142,0.9639681186,0.2891904356,0.5310167558
0.00142,0.00142,0.9639681186,0.2891904356,0.7415319537
0.00142,0.00142,0.9639681186,0.2891904356,1.0355033665
0.00142,0.00142,0.9639681186,0.2891904356,1.4460162057
0.00142,0.00142,0.9639681186,0.2891904356,2.0192719162
0.00142,0.00142,0.9639681186,0.2891904356,2.8197879494
0.00142,0.00142,0.9639681186,0.2891904356,3.9376589236
0.00142,0.00142,0.9639681186,0.2891904356,5.498696383
0.00142,0.00142,0.9639681186,0.2891904356,7.6785883437
0.00142,0.00142,0.9639681186,0.2891904356,10.7226722201
0.00142,0.00142,0.9639681186,0.2891904356,14.9735464897
0.00142,0.00142,0.9639681186,0.2891904356,20.9096286705
0.00142,0.00142,0.9639681186,0.2891904356,29.1989991443
0.00142,0.00142,0.9639681186,0.2891904356,40.7745907144
0.00142,0.00142,0.9639681186,0.2891904356,56.9391861586
0.00142,0.00142,0.9639681186,0.2891904356,79.5120407981
0.00142,0.00142,0.9639681186,0.2891904356,111.0336318168
0.00142,0.00142,0.9639681186,0.2891904356,155.0515779833
0.00142,0.00142,0.9639681186,0.2891904356,216.5199088036
0.00142,0.00142,0.9639681186,0.2891904356,302.3566191205
0.00142,0.00142,0.9639681186,0.2891904356,422.2222595195
0.00142,0.00142,0.9639681186,0.2891904356,589.6071895242
0.00142,0.00142,0.9639681186,0.2891904356,823.3498592289
0.00142,0.00142,0.9639681186,0.2891904356,1149.7569953977
0.00142,0.00142,0.9639681186,0.2891904356,1605.5643098112
0.00142,0.00142,0.9639681186,0.2891904356,2242.0709447806
0.00142,0.00142,0.9639681186,0.2891904356,3130.912969796
0.00142,0.00142,0.9639681186,0.2891904356,4372.1257113904
0.00142,0.00142,0.9639681186,0.2891904356,6105.4022965853
0.00142,0.00142,0.9639681186,0.3373888415,0.1
0.00142,0.00142,0.9639681186,0.3373888415,0.1396437957
0.00142,0.00142,0.9639681186,0.3373888415,0.1950038968
0.00142,0.00142,0.9639681186,0.3373888415,0.2723108433
0.00142,0.00142,0.9639681186,0.3373888415,0.3802651977
0.00142,0.00142,0.9639681186,0.3373888415,0.5310167558
0.00142,0.00142,0.9639681186,0.3373888415,0.7415319537
0.00142,0.00142,0.9639681186,0.3373888415,1.0355033665
0.00142,0.00142,0.9639681186,0.3373888415,1.4460162057
0.00142,0.00142,0.9639681186,0.3373888415,2.0192719162
0.00142,0.00142,0.9639681186,0.3373888415,2.8197879494
0.00142,0.00142,0.9639681186,0.3373888415,3.9376589236
0.00142,0.00142,0.9639681186,0.3373888415,5.498696383
0.00142,0.00142,0.9639681186,0.3373888415,7.6785883437
0.00142,0.00142,0.9639681186,0.3373888415,10.7226722201
0.00142,0.00142,0.9639681186,0.3373888415,14.9735464897
0.00142,0.00142,0.9639681186,0.3373888415,20.9096286705
0.00142,0.00142,0.9639681186,0.3373888415,29.1989991443
0.00142,0.00142,0.9639681186,0.3373888415,40.7745907144
0.00142,0.00142,0.9639681186,0.3373888415,56.9391861586
0.00142,0.00142,0.9639681186,0.3373888415,79.5120407981
0.00142,0.00142,0.9639681186,0.3373888415,111.0336318168
0.00142,0.00142,0.9639681186,0.3373888415,155.0515779833
0.00142,0.00142,0.9639681186,0.3373888415,216.5199088036
0.00142,0.00142,0.9639681186,0.3373888415,302.3566191205
0.00142,0.00142,0.9639681186,0.3373888415,422.2222595195
0.00142,0.00142,0.9639681186,0.3373888415,589.6071895242
0.00142,0.00142,0.9639681186,0.3373888415,823.3498592289
0.00142,0.00142,0.9639681186,0.3373888415,1149.7569953977
0.00142,0.00142,0.9639681186,0.3373888415,1605.5643098112
0.00142,0.00142,0.9639681186,0.3373888415,2242.0709447806
0.00142,0.00142,0.9639681186,0.3373888415,3130.912969796
0.00142,0.00142,0.9639681186,0.3373888415,4372.1257113904
0.00142,0.00142,0.9639681186,0.3373888415,6105.4022965853
0.00142,0.00142,0.9639681186,0.3855872475,0.1
0.00142,0.00142,0.9639681186,0.3855872475,0.1396437957
0.00142,0.00142,0.9639681186,0.3855872475,0.1950038968
0.00142,0.00142,0.9639681186,0.3855872475,0.2723108433
0.00142,0.00142,0.9639681186,0.3855872475,0.3802651977
0.00142,0.00142,0.9639681186,0.3855872475,0.5310167558
0.00142,0.00142,0.9639681186,0.3855872475,0.7415319537
0.00142,0.00142,0.9639681186,0.3855872475,1.0355033665
0.00142,0.00142,0.9639681186,0.3855872475,1.4460162057
0.00142,0.00142,0.9639681186,0.3855872475,2.0192719162
0.00142,0.00142,0.9639681186,0.3855872475,2.8197879494
0.00142,0.00142,0.9639681186,0.3855872475,3.9376589236
0.00142,0.00142,0.9639681186,0.3855872475,5.498696383
0.00142,0.00142,0.9639681186,0.3855872475,7.6785883437
0.00142,0.00142,0.9639681186,0.3855872475,10.7226722201
0.00142,0.00142,0.9639681186,0.3855872475,14.9735464897
0.00142,0.00142,0.9639681186,0.3855872475,20.9096286705
0.00142,0.00142,0.9639681186,0.3855872475,29.1989991443
0.00142,0.00142,0.9639681186,0.3855872475,40.7745907144
0.00142,0.00142,0.9639681186,0.3855872475,56.9391861586
0.00142,0.00142,0.9639681186,0.3855872475,79.5120407981
0.00142,0.00142,0.9639681186,0.3855872475,111.0336318168
0.00142,0.00142,0.9639681186,0.3855872475,155.0515779833
0.00142,0.00142,0.9639681186,0.3855872475,216.5199088036
0.00142,0.00142,0.9639681186,0.3855872475,302.3566191205
0.00142,0.00142,0.9639681186,0.3855872475,422.2222595195
0.00142,0.00142,0.9639681186,0.3855872475,589.6071895242
0.00142,0.00142,0.9639681186,0.3855872475,823.3498592289
0.00142,0.00142,0.9639681186,0.3855872475,1149.7569953977
0.00142,0.00142,0.9639681186,0.3855872475,1605.5643098112
0.00142,0.00142,0.9639681186,0.3855872475,2242.0709447806
0.00142,0.00142,0.9639681186,0.3855872475,3130.912969796
0.00142,0.00142,0.9639681186,0.3855872475,4372.1257113904
0.00142,0.00142,0.9639681186,0.3855872475,6105.4022965853
0.00142,0.00142,0.9639681186,0.4337856534,0.1
0.00142,0.00142,0.9639681186,0.4337856534,0.1396437957
0.00142,0.00142,0.9639681186,0.4337856534,0.1950038968
0.00142,0.00142,0.9639681186,0.4337856534,0.2723108433
0.00142,0.00142,0.9639681186,0.4337856534,0.3802651977
0.00142,0.00142,0.9639681186,0.4337856534,0.5310167558
0.00142,0.00142,0.9639681186,0.4337856534,0.7415319537
0.00142,0.00142,0.9639681186,0.4337856534,1.0355033665
0.00142,0.00142,0.9639681186,0.4337856534,1.4460162057
0.00142,0.00142,0.9639681186,0.4337856534,2.0192719162
0.00142,0.00142,0.9639681186,0.4337856534,2.8197879494
0.00142,0.00142,0.9639681186,0.4337856534,3.9376589236
0.00142,0.00142,0.9639681186,0.4337856534,5.498696383
0.00142,0.00142,0.9639681186,0.4337856534,7.6785883437
0.00142,0.00142,0.9639681186,0.4337856534,10.7226722201
0.00142,0.00142,0.9639681186,0.4337856534,14.9735464897
0.00142,0.00142,0.9639681186,0.4337856534,20.9096286705
0.00142,0.00142,0.9639681186,0.4337856534,29.1989991443
0.00142,0.00142,0.9639681186,0.4337856534,40.7745907144
0.00142,0.00142,0.9639681186,0.4337856534,56.9391861586
0.00142,0.00142,0.9639681186,0.4337856534,79.5120407981
0.00142,0.00142,0.9639681186,0.4337856534,111.0336318168
0.00142,0.00142,0.9639681186,0.4337856534,155.0515779833
0.00142,0.00142,0.9639681186,0.4337856534,216.5199088036
0.00142,0.00142,0.9639681186,0.4337856534,302.3566191205
0.00142,0.00142,0.9639681186,0.4337856534,422.2222595195
0.00142,0.00142,0.9639681186,0.4337856534,589.6071895242
0.00142,0.00142,0.9639681186,0.4337856534,823.3498592289
0.00142,0.00142,0.9639681186,0.4337856534,1149.7569953977
0.00142,0.00142,0.9639681186,0.4337856534,1605.5643098112
0.00142,0.00142,0.9639681186,0.4337856534,2242.0709447806
0.00142,0.00142,0.9639681186,0.4337856534,3130.912969796
0.00142,0.00142,0.9639681186,0.4337856534,4372.1257113904
0.00142,0.00142,0.9639681186,0.4337856534,6105.4022965853
0.00142,0.00142,0.9639681186,0.4819840593,0.1
0.00142,0.00142,0.9639681186,0.4819840593,0.1396437957
0.00142,0.00142,0.9639681186,0.4819840593,0.1950038968
0.00142,0.00142,0.9639681186,0.4819840593,0.2723108433
0.00142,0.00142,0.9639681186,0.4819840593,0.3802651977
0.00142,0.00142,0.9639681186,0.4819840593,0.5310167558
0.00142,0.00142,0.9639681186,0.4819840593,0.7415319537
0.00142,0.00142,0.9639681186,0.4819840593,1.0355033665
0.00142,0.00142,0.9639681186,0.4819840593,1.4460162057
0.00142,0.00142,0.9639681186,0.4819840593,2.0192719162
0.00142,0.00142,0.9639681186,0.4819840593,2.8197879494
0.00142,0.00142,0.9639681186,0.4819840593,3.9376589236
0.00142,0.00142,0.9639681186,0.4819840593,5.498696383
0.00142,0.00142,0.9639681186,0.4819840593,7.6785883437
0.00142,0.00142,0.9639681186,0.4819840593,10.7226722201
0.00142,0.00142,0.9639681186,0.4819840593,14.9735464897
0.00142,0.00142,0.9639681186,0.4819840593,20.9096286705
0.00142,0.00142,0.9639681186,0.4819840593,29.1989991443
0.00142,0.00142,0.9639681186,0.4819840593,40.7745907144
0.00142,0.00142,0.9639681186,0.4819840593,56.9391861586
0.00142,0.00142,0.9639681186,0.4819840593,79.5120407981
0.00142,0.00142,0.9639681186,0.4819840593,111.0336318168
0.00142,0.00142,0.9639681186,0.4819840593,155.0515779833
0.00142,0.00142,0.9639681186,0.4819840593,216.5199088036
0.00142,0.00142,0.9639681186,0.4819840593,302.3566191205
0.00142,0.00142,0.9639681186,0.4819840593,422.2222595195
0.00142,0.00142,0.9639681186,0.4819840593,589.6071895242
0.00142,0.00142,0.9639681186,0.4819840593,823.3498592289
0.00142,0.00142,0.9639681186,0.4819840593,1149.7569953977
0.00142,0.00142,0.9639681186,0.4819840593,1605.5643098112
0.00142,0.00142,0.9639681186,0.4819840593,2242.0709447806
0.00142,0.00142,0.9639681186,0.4819840593,3130.912969796
0.00142,0.00142,0.9639681186,0.4819840593,4372.1257113904
0.00142,0.00142,0.9639681186,0.4819840593,6105.4022965853
0.00142,0.00142,0.9639681186,0.5301824653,0.1
0.00142,0.00142,0.9639681186,0.5301824653,0.1396437957
0.00142,0.00142,0.9639681186,0.5301824653,0.1950038968
0.00142,0.00142,0.9639681186,0.5301824653,0.2723108433
0.00142,0.00142,0.9639681186,0.5301824653,0.3802651977
0.00142,0.00142,0.9639681186,0.5301824653,0.5310167558
0.00142,0.00142,0.9639681186,0.5301824653,0.7415319537
0.00142,0.00142,0.9639681186,0.5301824653,1.0355033665
0.00142,0.00142,0.9639681186,0.5301824653,1.4460162057
0.00142,0.00142,0.9639681186,0.5301824653,2.0192719162
0.00142,0.00142,0.9639681186,0.5301824653,2.8197879494
0.00142,0.00142,0.9639681186,0.5301824653,3.9376589236
0.00142,0.00142,0.9639681186,0.5301824653,5.498696383
0.00142,0.00142,0.9639681186,0.5301824653,7.6785883437
0.00142,0.00142,0.9639681186,0.5301824653,10.7226722201
0.00142,0.00142,0.9639681186,0.5301824653,14.9735464897
0.00142,0.00142,0.9639681186,0.5301824653,20.9096286705
0.00142,0.00142,0.9639681186,0.5301824653,29.1989991443
0.00142,0.00142,0.9639681186,0.5301824653,40.7745907144
0.00142,0.00142,0.9639681186,0.5301824653,56.9391861586
0.00142,0.00142,0.9639681186,0.5301824653,79.5120407981
0.00142,0.00142,0.9639681186,0.5301824653,111.0336318168
0.00142,0.00142,0.9639681186,0.5301824653,155.0515779833
0.00142,0.00142,0.9639681186,0.5301824653,216.5199088036
0.00142,0.00142,0.9639681186,0.5301824653,302.3566191205
0.00142,0.00142,0.9639681186,0.5301824653,422.2222595195
0.00142,0.00142,0.9639681186,0.5301824653,589.6071895242
0.00142,0.00142,0.9639681186,0.5301824653,823.3498592289
0.00142,0.00142,0.9639681186,0.5301824653,1149.7569953977
0.00142,0.00142,0.9639681186,0.5301824653,1605.5643098112
0.00142,0.00142,0.9639681186,0.5301824653,2242.0709447806
0.00142,0.00142,0.9639681186,0.5301824653,3130.912969796
0.00142,0.00142,0.9639681186,0.5301824653,4372.1257113904
0.00142,0.00142,0.9639681186,0.5301824653,6105.4022965853
0.00142,0.00142,0.9639681186,0.5783808712,0.1
0.00142,0.00142,0.9639681186,0.5783808712,0.1396437957
0.00142,0.00142,0.9639681186,0.5783808712,0.1950038968
0.00142,0.00142,0.9639681186,0.5783808712,0.2723108433
0.00142,0.00142,0.9639681186,0.5783808712,0.3802651977
0.00142,0.00142,0.9639681186,0.5783808712,0.5310167558
0.00142,0.00142,0.9639681186,0.5783808712,0.7415319537
0.00142,0.00142,0.9639681186,0.5783808712,1.0355033665
0.00142,0.00142,0.9639681186,0.5783808712,1.4460162057
0.00142,0.00142,0.9639681186,0.5783808712,2.0192719162
0.00142,0.00142,0.9639681186,0.5783808712,2.8197879494
0.00142,0.00142,0.9639681186,0.5783808712,3.9376589236
0.00142,0.00142,0.9639681186,0.5783808712,5.498696383
0.00142,0.00142,0.9639681186,0.5783808712,7.6785883437
0.00142,0.00142,0.9639681186,0.5783808712,10.7226722201
0.00142,0.00142,0.9639681186,0.5783808712,14.9735464897
0.00142,0.00142,0.9639681186,0.5783808712,20.9096286705
0.00142,0.00142,0.9639681186,0.5783808712,29.1989991443
0.00142,0.00142,0.9639681186,0.5783808712,40.7745907144
0.00142,0.00142,0.9639681186,0.5783808712,56.9391861586
0.00142,0.00142,0.9639681186,0.5783808712,79.5120407981
0.00142,0.00142,0.9639681186,0.5783808712,111.0336318168
0.00142,0.00142,0.9639681186,0.5783808712,155.0515779833
0.00142,0.00142,0.9639681186,0.5783808712,216.5199088036
0.00142,0.00142,0.9639681186,0.5783808712,302.3566191205
0.00142,0.00142,0.9639681186,0.5783808712,422.2222595195
0.00142,0.00142,0.9639681186,0.5783808712,589.6071895242
0.00142,0.00142,0.9639681186,0.5783808712,823.3498592289
0.00142,0.00142,0.9639681186,0.5783808712,1149.7569953977
0.00142,0.00142,0.9639681186,0.5783808712,1605.5643098112
0.00142,0.00142,0.9639681186,0.5783808712,2242.0709447806
0.00142,0.00142,0.9639681186,0.5783808712,3130.912969796
0.00142,0.00142,0.9639681186,0.5783808712,4372.1257113904
0.00142,0.00142,0.9639681186,0.5783808712,6105.4022965853
0.00142,0.00142,0.9639681186,0.6265792771,0.1
0.00142,0.00142,0.9639681186,0.6265792771,0.1396437957
0.00142,0.00142,0.9639681186,0.6265792771,0.1950038968
0.00142,0.00142,0.9639681186,0.6265792771,0.2723108433
0.00142,0.00142,0.9639681186,0.6265792771,0.3802651977
0.00142,0.00142,0.9639681186,0.6265792771,0.5310167558
0.00142,0.00142,0.9639681186,0.6265792771,0.7415319537
0.00142,0.00142,0.9639681186,0.6265792771,1.0355033665
0.00142,0.00142,0.9639681186,0.6265792771,1.4460162057
0.00142,0.00142,0.9639681186,0.6265792771,2.0192719162
0.00142,0.00142,0.9639681186,0.6265792771,2.8197879494
0.00142,0.00142,0.9639681186,0.6265792771,3.9376589236
0.00142,0.00142,0.9639681186,0.6265792771,5.498696383
0.00142,0.00142,0.9639681186,0.6265792771,7.6785883437
0.00142,0.00142,0.9639681186,0.6265792771,10.7226722201
0.00142,0.00142,0.9639681186,0.6265792771,14.9735464897
0.00142,0.00142,0.9639681186,0.6265792771,20.9096286705
0.00142,0.00142,0.9639681186,0.6265792771,29.1989991443
0.00142,0.00142,0.9639681186,0.6265792771,40.7745907144
0.00142,0.00142,0.9639681186,0.6265792771,56.9391861586
0.00142,0.00142,0.9639681186,0.6265792771,79.5120407981
0.00142,0.00142,0.9639681186,0.6265792771,111.0336318168
0.00142,0.00142,0.9639681186,0.6265792771,155.0515779833
0.00142,0.00142,0.9639681186,0.6265792771,216.5199088036
0.00142,0.00142,0.9639681186,0.6265792771,302.3566191205
0.00142,0.00142,0.9639681186,0.6265792771,422.2222595195
0.00142,0.00142,0.9639681186,0.6265792771,589.6071895242
0.00142,0.00142,0.9639681186,0.6265792771,823.3498592289
0.00142,0.00142,0.9639681186,0.6265792771,1149.7569953977
0.00142,0.00142,0.9639681186,0.6265792771,1605.5643098112
0.00142,0.00142,0.9639681186,0.6265792771,2242.0709447806
0.00142,0.00142,0.9639681186,0.6265792771,3130.912969796
0.00142,0.00142,0.9639681186,0.6265792771,4372.1257113904
0.00142,0.00142,0.9639681186,0.6265792771,6105.4022965853
0.00142,0.00142,0.9639681186,0.6747776831,0.1
0.00142,0.00142,0.9639681186,0.6747776831,0.1396437957
0.00142,0.00142,0.9639681186,0.6747776831,0.1950038968
0.00142,0.00142,0.9639681186,0.6747776831,0.2723108433
0.00142,0.00142,0.9639681186,0.6747776831,0.3802651977
0.00142,0.00142,0.9639681186,0.6747776831,0.5310167558
0.00142,0.00142,0.9639681186,0.6747776831,0.7415319537
0.00142,0.00142,0.9639681186,0.6747776831,1.0355033665
0.00142,0.00142,0.9639681186,0.6747776831,1.4460162057
0.00142,0.00142,0.9639681186,0.6747776831,2.0192719162
0.00142,0.00142,0.9639681186,0.6747776831,2.8197879494
0.00142,0.00142,0.9639681186,0.6747776831,3.9376589236
0.00142,0.00142,0.9639681186,0.6747776831,5.498696383
0.00142,0.00142,0.9639681186,0.6747776831,7.6785883437
0.00142,0.00142,0.9639681186,0.6747776831,10.7226722201
0.00142,0.00142,0.9639681186,0.6747776831,14.9735464897
0.00142,0.00142,0.9639681186,0.6747776831,20.9096286705
0.00142,0.00142,0.9639681186,0.6747776831,29.1989991443
0.00142,0.00142,0.9639681186,0.6747776831,40.7745907144
0.00142,0.00142,0.9639681186,0.6747776831,56.9391861586
0.00142,0.00142,0.9639681186,0.6747776831,79.5120407981
0.00142,0.00142,0.9639681186,0.6747776831,111.0336318168
0.00142,0.00142,0.9639681186,0.6747776831,155.0515779833
0.00142,0.00142,0.9639681186,0.6747776831,216.5199088036
0.00142,0.00142,0.9639681186,0.6747776831,302.3566191205
0.00142,0.00142,0.9639681186,0.6747776831,422.2222595195
0.00142,0.00142,0.9639681186,0.6747776831,589.6071895242
0.00142,0.00142,0.9639681186,0.6747776831,823.3498592289
0.00142,0.00142,0.9639681186,0.6747776831,1149.7569953977
0.00142,0.00142,0.9639681186,0.6747776831,1605.5643098112
0.00142,0.00142,0.9639681186,0.6747776831,2242.0709447806
0.00142,0.00142,0.9639681186,0.6747776831,3130.912969796
0.00142,0.00142,0.9639681186,0.6747776831,4372.1257113904
0.00142,0.00142,0.9639681186,0.6747776831,6105.4022965853
0.00142,0.00142,0.9639681186,0.722976089,0.1
0.00142,0.00142,0.9639681186,0.722976089,0.1396437957
0.00142,0.00142,0.9639681186,0.722976089,0.1950038968
0.00142,0.00142,0.9639681186,0.722976089,0.2723108433
0.00142,0.00142,0.9639681186,0.722976089,0.3802651977
0.00142,0.00142,0.9639681186,0.722976089,0.5310167558
0.00142,0.00142,0.9639681186,0.722976089,0.7415319537
0.00142,0.00142,0.9639681186,0.722976089,1.0355033665
0.00142,0.00142,0.9639681186,0.722976089,1.4460162057
0.00142,0.00142,0.9639681186,0.722976089,2.0192719162
0.00142,0.00142,0.9639681186,0.722976089,2.8197879494
0.00142,0.00142,0.9639681186,0.722976089,3.9376589236
0.00142,0.00142,0.9639681186,0.722976089,5.498696383
0.00142,0.00142,0.9639681186,0.722976089,7.6785883437
0.00142,0.00142,0.9639681186,0.722976089,10.7226722201
0.00142,0.00142,0.9639681186,0.722976089,14.9735464897
0.00142,0.00142,0.9639681186,0.722976089,20.9096286705
0.00142,0.00142,0.9639681186,0.722976089,29.1989991443
0.00142,0.00142,0.9639681186,0.722976089,40.7745907144
0.00142,0.00142,0.9639681186,0.722976089,56.9391861586
0.00142,0.00142,0.9639681186,0.722976089,79.5120407981
0.00142,0.00142,0.9639681186,0.722976089,111.0336318168
0.00142,0.00142,0.9639681186,0.722976089,155.0515779833
0.00142,0.00142,0.9639681186,0.722976089,216.5199088036
0.00142,0.00142,0.9639681186,0.722976089,302.3566191205
0.00142,0.00142,0.9639681186,0.722976089,422.2222595195
0.00142,0.00142,0.9639681186,0.722976089,589.6071895242
0.00142,0.00142,0.9639681186,0.722976089,823.3498592289
0.00142,0.00142,0.9639681186,0.722976089,1149.7569953977
0.00142,0.00142,0.9639681186,0.722976089,1605.5643098112
0.00142,0.00142,0.9639681186,0.722976089,2242.0709447806
0.00142,0.00142,0.9639681186,0.722976089,3130.912969796
0.00142,0.00142,0.9639681186,0.722976089,4372.1257113904
0.00142,0.00142,0.9639681186,0.722976089,6105.4022965853
0.00142,0.00142,0.9639681186,0.7711744949,0.1
0.00142,0.00142,0.9639681186,0.7711744949,0.1396437957
0.00142,0.00142,0.9639681186,0.7711744949,0.1950038968
0.00142,0.00142,0.9639681186,0.7711744949,0.2723108433
0.00142,0.00142,0.9639681186,0.7711744949,0.3802651977
0.00142,0.00142,0.9639681186,0.7711744949,0.5310167558
0.00142,0.00142,0.9639681186,0.7711744949,0.7415319537
0.00142,0.00142,0.9639681186,0.7711744949,1.0355033665
0.00142,0.00142,0.9639681186,0.7711744949,1.4460162057
0.00142,0.00142,0.9639681186,0.7711744949,2.0192719162
0.00142,0.00142,0.9639681186,0.7711744949,2.8197879494
0.00142,0.00142,0.9639681186,0.7711744949,3.9376589236
0.00142,0.00142,0.9639681186,0.7711744949,5.498696383
0.00142,0.00142,0.9639681186,0.7711744949,7.6785883437
0.00142,0.00142,0.9639681186,0.7711744949,10.7226722201
0.00142,0.00142,0.9639681186,0.7711744949,14.9735464897
0.00142,0.00142,0.9639681186,0.7711744949,20.9096286705
0.00142,0.00142,0.9639681186,0.7711744949,29.1989991443
0.00142,0.00142,0.9639681186,0.7711744949,40.7745907144
0.00142,0.00142,0.9639681186,0.7711744949,56.9391861586
0.00142,0.00142,0.9639681186,0.7711744949,79.5120407981
0.00142,0.00142,0.9639681186,0.7711744949,111.0336318168
0.00142,0.00142,0.9639681186,0.7711744949,155.0515779833
0.00142,0.00142,0.9639681186,0.7711744949,216.5199088036
0.00142,0.00142,0.9639681186,0.7711744949,302.3566191205
0.00142,0.00142,0.9639681186,0.7711744949,422.2222595195
0.00142,0.00142,0.9639681186,0.7711744949,589.6071895242
0.00142,0.00142,0.9639681186,0.7711744949,823.3498592289
0.00142,0.00142,0.9639681186,0.7711744949,1149.7569953977
0.00142,0.00142,0.9639681186,0.7711744949,1605.5643098112
0.00142,0.00142,0.9639681186,0.7711744949,2242.0709447806
0.00142,0.00142,0.9639681186,0.7711744949,3130.912969796
0.00142,0.00142,0.9639681186,0.7711744949,4372.1257113904
0.00142,0.00142,0.9639681186,0.7711744949,6105.4022965853
0.00142,0.00142,0.9639681186,0.8193729009,0.1
0.00142,0.00142,0.9639681186,0.8193729009,0.1396437957
0.00142,0.00142,0.9639681186,0.8193729009,0.1950038968
0.00142,0.00142,0.9639681186,0.8193729009,0.2723108433
0.00142,0.00142,0.9639681186,0.8193729009,0.3802651977
0.00142,0.00142,0.9639681186,0.8193729009,0.5310167558
0.00142,0.00142,0.9639681186,0.8193729009,0.7415319537
0.00142,0.00142,0.9639681186,0.8193729009,1.0355033665
0.00142,0.00142,0.9639681186,0.8193729009,1.4460162057
0.00142,0.00142,0.9639681186,0.8193729009,2.0192719162
0.00142,0.00142,0.9639681186,0.8193729009,2.8197879494
0.00142,0.00142,0.9639681186,0.8193729009,3.9376589236
0.00142,0.00142,0.9639681186,0.8193729009,5.498696383
0.00142,0.00142,0.9639681186,0.8193729009,7.6785883437
0.00142,0.00142,0.9639681186,0.8193729009,10.7226722201
0.00142,0.00142,0.9639681186,0.8193729009,14.9735464897
0.00142,0.00142,0.9639681186,0.8193729009,20.9096286705
0.00142,0.00142,0.9639681186,0.8193729009,29.1989991443
0.00142,0.00142,0.9639681186,0.8193729009,40.7745907144
0.00142,0.00142,0.9639681186,0.8193729009,56.9391861586
0.00142,0.00142,0.9639681186,0.8193729009,79.5120407981
0.00142,0.00142,0.9639681186,0.8193729009,111.0336318168
0.00142,0.00142,0.9639681186,0.8193729009,155.0515779833
0.00142,0.00142,0.9639681186,0.8193729009,216.5199088036
0.00142,0.00142,0.9639681186,0.8193729009,302.3566191205
0.00142,0.00142,0.9639681186,0.8193729009,422.2222595195
0.00142,0.00142,0.9639681186,0.8193729009,589.6071895242
0.00142,0.00142,0.9639681186,0.8193729009,823.3498592289
0.00142,0.00142,0.9639681186,0.8193729009,1149.7569953977
0.00142,0.00142,0.9639681186,0.8193729009,1605.5643098112
0.00142,0.00142,0.9639681186,0.8193729009,2242.0709447806
0.00142,0.00142,0.9639681186,0.8193729009,3130.912969796
0.00142,0.00142,0.9639681186,0.8193729009,4372.1257113904
0.00142,0.00142,0.9639681186,0.8193729009,6105.4022965853
0.00142,0.00142,0.9639681186,0.8675713068,0.1
0.00142,0.00142,0.9639681186,0.8675713068,0.1396437957
0.00142,0.00142,0.9639681186,0.8675713068,0.1950038968
0.00142,0.00142,0.9639681186,0.8675713068,0.2723108433
0.00142,0.00142,0.9639681186,0.8675713068,0.3802651977
0.00142,0.00142,0.9639681186,0.8675713068,0.5310167558
0.00142,0.00142,0.9639681186,0.8675713068,0.7415319537
0.00142,0.00142,0.9639681186,0.8675713068,1.0355033665
0.00142,0.00142,0.9639681186,0.8675713068,1.4460162057
0.00142,0.00142,0.9639681186,0.8675713068,2.0192719162
0.00142,0.00142,0.9639681186,0.8675713068,2.8197879494
0.00142,0.00142,0.9639681186,0.8675713068,3.9376589236
0.00142,0.00142,0.9639681186,0.8675713068,5.498696383
0.00142,0.00142,0.9639681186,0.8675713068,7.6785883437
0.00142,0.00142,0.9639681186,0.8675713068,10.7226722201
0.00142,0.00142,0.9639681186,0.8675713068,14.9735464897
0.00142,0.00142,0.9639681186,0.8675713068,20.9096286705
0.00142,0.00142,0.9639681186,0.8675713068,29.1989991443
0.00142,0.00142,0.9639681186,0.8675713068,40.7745907144
0.00142,0.00142,0.9639681186,0.8675713068,56.9391861586
0.00142,0.00142,0.9639681186,0.8675713068,79.5120407981
0.00142,0.00142,0.9639681186,0.8675713068,111.0336318168
0.00142,0.00142,0.9639681186,0.8675713068,155.0515779833
0.00142,0.00142,0.9639681186,0.8675713068,216.5199088036
0.00142,0.00142,0.9639681186,0.8675713068,302.3566191205
0.00142,0.00142,0.9639681186,0.8675713068,422.2222595195
0.00142,0.00142,0.9639681186,0.8675713068,589.6071895242
0.00142,0.00142,0.9639681186,0.8675713068,823.3498592289
0.00142,0.00142,0.9639681186,0.8675713068,1149.7569953977
0.00142,0.00142,0.9639681186,0.8675713068,1605.5643098112
0.00142,0.00142,0.9639681186,0.8675713068,2242.0709447806
0.00142,0.00142,0.9639681186,0.8675713068,3130.912969796
0.00142,0.00142,0.9639681186,0.8675713068,4372.1257113904
0.00142,0.00142,0.9639681186,0.8675713068,6105.4022965853
0.00142,0.00142,0.9639681186,0.9157697127,0.1
0.00142,0.00142,0.9639681186,0.9157697127,0.1396437957
0.00142,0.00142,0.9639681186,0.9157697127,0.1950038968
0.00142,0.00142,0.9639681186,0.9157697127,0.2723108433
0.00142,0.00142,0.9639681186,0.9157697127,0.3802651977
0.00142,0.00142,0.9639681186,0.9157697127,0.5310167558
0.00142,0.00142,0.9639681186,0.9157697127,0.7415319537
0.00142,0.00142,0.9639681186,0.9157697127,1.0355033665
0.00142,0.00142,0.9639681186,0.9157697127,1.4460162057
0.00142,0.00142,0.9639681186,0.9157697127,2.0192719162
0.00142,0.00142,0.9639681186,0.9157697127,2.8197879494
0.00142,0.00142,0.9639681186,0.9157697127,3.9376589236
0.00142,0.00142,0.9639681186,0.9157697127,5.498696383
0.00142,0.00142,0.9639681186,0.9157697127,7.6785883437
0.00142,0.00142,0.9639681186,0.9157697127,10.7226722201
0.00142,0.00142,0.9639681186,0.9157697127,14.9735464897
0.00142,0.00142,0.9639681186,0.9157697127,20.9096286705
0.00142,0.00142,0.9639681186,0.9157697127,29.1989991443
0.00142,0.00142,0.9639681186,0.9157697127,40.7745907144
0.00142,0.00142,0.9639681186,0.9157697127,56.9391861586
0.00142,0.00142,0.9639681186,0.9157697127,79.5120407981
0.00142,0.00142,0.9639681186,0.9157697127,111.0336318168
0.00142,0.00142,0.9639681186,0.9157697127,155.0515779833
0.00142,0.00142,0.9639681186,0.9157697127,216.5199088036
0.00142,0.00142,0.9639681186,0.9157697127,302.3566191205
0.00142,0.00142,0.9639681186,0.9157697127,422.2222595195
0.00142,0.00142,0.9639681186,0.9157697127,589.6071895242
0.00142,0.00142,0.9639681186,0.9157697127,823.3498592289
0.00142,0.00142,0.9639681186,0.9157697127,1149.7569953977
0.00142,0.00142,0.9639681186,0.9157697127,1605.5643098112
0.00142,0.00142,0.9639681186,0.9157697127,2242.0709447806
0.00142,0.00142,0.9639681186,0.9157697127,3130.912969796
0.00142,0.00142,0.9639681186,0.9157697127,4372.1257113904
0.00142,0.00142,0.9639681186,0.9157697127,6105.4022965853
0.00142,0.00142,0.9639681186,0.9543284375,0.1
0.00142,0.00142,0.9639681186,0.9543284375,0.1396437957
0.00142,0.00142,0.9639681186,0.9543284375,0.1950038968
0.00142,0.00142,0.9639681186,0.9543284375,0.2723108433
0.00142,0.00142,0.9639681186,0.9543284375,0.3802651977
0.00142,0.00142,0.9639681186,0.9543284375,0.5310167558
0.00142,0.00142,0.9639681186,0.9543284375,0.7415319537
0.00142,0.00142,0.9639681186,0.9543284375,1.0355033665
0.00142,0.00142,0.9639681186,0.9543284375,1.4460162057
0.00142,0.00142,0.9639681186,0.9543284375,2.0192719162
0.00142,0.00142,0.9639681186,0.9543284375,2.8197879494
0.00142,0.00142,0.9639681186,0.9543284375,3.9376589236
0.00142,0.00142,0.9639681186,0.9543284375,5.498696383
0.00142,0.00142,0.9639681186,0.9543284375,7.6785883437
0.00142,0.00142,0.9639681186,0.9543284375,10.7226722201
0.00142,0.00142,0.9639681186,0.9543284375,14.9735464897
0.00142,0.00142,0.9639681186,0.9543284375,20.9096286705
0.00142,0.00142,0.9639681186,0.9543284375,29.1989991443
0.00142,0.00142,0.9639681186,0.9543284375,40.7745907144
0.00142,0.00142,0.9639681186,0.9543284375,56.9391861586
0.00142,0.00142,0.9639681186,0.9543284375,79.5120407981
0.00142,0.00142,0.9639681186,0.9543284375,111.0336318168
0.00142,0.00142,0.9639681186,0.9543284375,155.0515779833
0.00142,0.00142,0.9639681186,0.9543284375,216.5199088036
0.00142,0.00142,0.9639681186,0.9543284375,302.3566191205
0.00142,0.00142,0.9639681186,0.9543284375,422.2222595195
0.00142,0.00142,0.9639681186,0.9543284375,589.6071895242
0.00142,0.00142,0.9639681186,0.9543284375,823.3498592289
0.00142,0.00142,0.9639681186,0.9543284375,1149.7569953977
0.00142,0.00142,0.9639681186,0.9543284375,1605.5643098112
0.00142,0.00142,0.9639681186,0.9543284375,2242.0709447806
0.00142,0.00142,0.9639681186,0.9543284375,3130.912969796
0.00142,0.00142,0.9639681186,0.9543284375,4372.1257113904
0.00142,0.00142,0.9639681186,0.9543284375,6105.4022965853
0.00142,0.00142,1.0737985122,0.1073798512,0.1
0.00142,0.00142,1.0737985122,0.1073798512,0.1396437957
0.00142,0.00142,1.0737985122,0.1073798512,0.1950038968
0.00142,0.00142,1.0737985122,0.1073798512,0.2723108433
0.00142,0.00142,1.0737985122,0.1073798512,0.3802651977
0.00142,0.00142,1.0737985122,0.1073798512,0.5310167558
0.00142,0.00142,1.0737985122,0.1073798512,0.7415319537
0.00142,0.00142,1.0737985122,0.1073798512,1.0355033665
0.00142,0.00142,1.0737985122,0.1073798512,1.4460162057
0.00142,0.00142,1.0737985122,0.1073798512,2.0192719162
0.00142,0.00142,1.0737985122,0.1073798512,2.8197879494
0.00142,0.00142,1.0737985122,0.1073798512,3.9376589236
0.00142,0.00142,1.0737985122,0.1073798512,5.498696383
0.00142,0.00142,1.0737985122,0.1073798512,7.6785883437
0.00142,0.00142,1.0737985122,0.1073798512,10.7226722201
0.00142,0.00142,1.0737985122,0.1073798512,14.9735464897
0.00142,0.00142,1.0737985122,0.1073798512,20.9096286705
0.00142,0.00142,1.0737985122,0.1073798512,29.1989991443
0.00142,0.00142,1.0737985122,0.1073798512,40.7745907144
0.00142,0.00142,1.0737985122,0.1073798512,56.9391861586
0.00142,0.00142,1.0737985122,0.1073798512,79.5120407981
0.00142,0.00142,1.0737985122,0.1073798512,111.0336318168
0.00142,0.00142,1.0737985122,0.1073798512,155.0515779833
0.00142,0.00142,1.0737985122,0.1073798512,216.5199088036
0.00142,0.00142,1.0737985122,0.1073798512,302.3566191205
0.00142,0.00142,1.0737985122,0.1073798512,422.2222595195
0.00142,0.00142,1.0737985122,0.1073798512,589.6071895242
0.00142,0.00142,1.0737985122,0.1073798512,823.3498592289
0.00142,0.00142,1.0737985122,0.1073798512,1149.7569953977
0.00142,0.00142,1.0737985122,0.1073798512,1605.5643098112
0.00142,0.00142,1.0737985122,0.1073798512,2242.0709447806
0.00142,0.00142,1.0737985122,0.1073798512,3130.912969796
0.00142,0.00142,1.0737985122,0.1073798512,4372.1257113904
0.00142,0.00142,1.0737985122,0.1073798512,6105.4022965853
0.00142,0.00142,1.0737985122,0.1610697768,0.1
0.00142,0.00142,1.0737985122,0.1610697768,0.1396437957
0.00142,0.00142,1.0737985122,0.1610697768,0.1950038968
0.00142,0.00142,1.0737985122,0.1610697768,0.2723108433
0.00142,0.00142,1.0737985122,0.1610697768,0.3802651977
0.00142,0.00142,1.0737985122,0.1610697768,0.5310167558
0.00142,0.00142,1.0737985122,0.1610697768,0.7415319537
0.00142,0.00142,1.0737985122,0.1610697768,1.0355033665
0.00142,0.00142,1.0737985122,0.1610697768,1.4460162057
0.00142,0.00142,1.0737985122,0.1610697768,2.0192719162
0.00142,0.00142,1.0737985122,0.1610697768,2.8197879494
0.00142,0.00142,1.0737985122,0.1610697768,3.9376589236
0.00142,0.00142,1.0737985122,0.1610697768,5.498696383
0.00142,0.00142,1.0737985122,0.1610697768,7.6785883437
0.00142,0.00142,1.0737985122,0.1610697768,10.7226722201
0.00142,0.00142,1.0737985122,0.1610697768,14.9735464897
0.00142,0.00142,1.0737985122,0.1610697768,20.9096286705
0.00142,0.00142,1.0737985122,0.1610697768,29.1989991443
0.00142,0.00142,1.0737985122,0.1610697768,40.7745907144
0.00142,0.00142,1.0737985122,0.1610697768,56.9391861586
0.00142,0.00142,1.0737985122,0.1610697768,79.5120407981
0.00142,0.00142,1.0737985122,0.1610697768,111.0336318168
0.00142,0.00142,1.0737985122,0.1610697768,155.0515779833
0.00142,0.00142,1.0737985122,0.1610697768,216.5199088036
0.00142,0.00142,1.0737985122,0.1610697768,302.3566191205
0.00142,0.00142,1.0737985122,0.1610697768,422.2222595195
0.00142,0.00142,1.0737985122,0.1610697768,589.6071895242
0.00142,0.00142,1.0737985122,0.1610697768,823.3498592289
0.00142,0.00142,1.0737985122,0.1610697768,1149.7569953977
0.00142,0.00142,1.0737985122,0.1610697768,1605.5643098112
0.00142,0.00142,1.0737985122,0.1610697768,2242.0709447806
0.00142,0.00142,1.0737985122,0.1610697768,3130.912969796
0.00142,0.00142,1.0737985122,0.1610697768,4372.1257113904
0.00142,0.00142,1.0737985122,0.1610697768,6105.4022965853
0.00142,0.00142,1.0737985122,0.2147597024,0.1
0.00142,0.00142,1.0737985122,0.2147597024,0.1396437957
0.00142,0.00142,1.0737985122,0.2147597024,0.1950038968
0.00142,0.00142,1.0737985122,0.2147597024,0.2723108433
0.00142,0.00142,1.0737985122,0.2147597024,0.3802651977
0.00142,0.00142,1.0737985122,0.2147597024,0.5310167558
0.00142,0.00142,1.0737985122,0.2147597024,0.7415319537
0.00142,0.00142,1.0737985122,0.2147597024,1.0355033665
0.00142,0.00142,1.0737985122,0.2147597024,1.4460162057
0.00142,0.00142,1.0737985122,0.2147597024,2.0192719162
0.00142,0.00142,1.0737985122,0.2147597024,2.8197879494
0.00142,0.00142,1.0737985122,0.2147597024,3.9376589236
0.00142,0.00142,1.0737985122,0.2147597024,5.498696383
0.00142,0.00142,1.0737985122,0.2147597024,7.6785883437
0.00142,0.00142,1.0737985122,0.2147597024,10.7226722201
0.00142,0.00142,1.0737985122,0.2147597024,14.9735464897
0.00142,0.00142,1.0737985122,0.2147597024,20.9096286705
0.00142,0.00142,1.0737985122,0.2147597024,29.1989991443
0.00142,0.00142,1.0737985122,0.2147597024,40.7745907144
0.00142,0.00142,1.0737985122,0.2147597024,56.9391861586
0.00142,0.00142,1.0737985122,0.2147597024,79.5120407981
0.00142,0.00142,1.0737985122,0.2147597024,111.0336318168
0.00142,0.00142,1.0737985122,0.2147597024,155.0515779833
0.00142,0.00142,1.0737985122,0.2147597024,216.5199088036
0.00142,0.00142,1.0737985122,0.2147597024,302.3566191205
0.00142,0.00142,1.0737985122,0.2147597024,422.2222595195
0.00142,0.00142,1.0737985122,0.2147597024,589.6071895242
0.00142,0.00142,1.0737985122,0.2147597024,823.3498592289
0.00142,0.00142,1.0737985122,0.2147597024,1149.7569953977
0.00142,0.00142,1.0737985122,0.2147597024,1605.5643098112
0.00142,0.00142,1.0737985122,0.2147597024,2242.0709447806
0.00142,0.00142,1.0737985122,0.2147597024,3130.912969796
0.00142,0.00142,1.0737985122,0.2147597024,4372.1257113904
0.00142,0.00142,1.0737985122,0.2147597024,6105.4022965853
0.00142,0.00142,1.0737985122,0.268449628,0.1
0.00142,0.00142,1.0737985122,0.268449628,0.1396437957
0.00142,0.00142,1.0737985122,0.268449628,0.1950038968
0.00142,0.00142,1.0737985122,0.268449628,0.2723108433
0.00142,0.00142,1.0737985122,0.268449628,0.3802651977
0.00142,0.00142,1.0737985122,0.268449628,0.5310167558
0.00142,0.00142,1.0737985122,0.268449628,0.7415319537
0.00142,0.00142,1.0737985122,0.268449628,1.0355033665
0.00142,0.00142,1.0737985122,0.268449628,1.4460162057
0.00142,0.00142,1.0737985122,0.268449628,2.0192719162
0.00142,0.00142,1.0737985122,0.268449628,2.8197879494
0.00142,0.00142,1.0737985122,0.268449628,3.9376589236
0.00142,0.00142,1.0737985122,0.268449628,5.498696383
0.00142,0.00142,1.0737985122,0.268449628,7.6785883437
0.00142,0.00142,1.0737985122,0.268449628,10.7226722201
0.00142,0.00142,1.0737985122,0.268449628,14.9735464897
0.00142,0.00142,1.0737985122,0.268449628,20.9096286705
0.00142,0.00142,1.0737985122,0.268449628,29.1989991443
0.00142,0.00142,1.0737985122,0.268449628,40.7745907144
0.00142,0.00142,1.0737985122,0.268449628,56.9391861586
0.00142,0.00142,1.0737985122,0.268449628,79.5120407981
0.00142,0.00142,1.0737985122,0.268449628,111.0336318168
0.00142,0.00142,1.0737985122,0.268449628,155.0515779833
0.00142,0.00142,1.0737985122,0.268449628,216.5199088036
0.00142,0.00142,1.0737985122,0.268449628,302.3566191205
0.00142,0.00142,1.0737985122,0.268449628,422.2222595195
0.00142,0.00142,1.0737985122,0.268449628,589.6071895242
0.00142,0.00142,1.0737985122,0.268449628,823.3498592289
0.00142,0.00142,1.0737985122,0.268449628,1149.7569953977
0.00142,0.00142,1.0737985122,0.268449628,1605.5643098112
0.00142,0.00142,1.0737985122,0.268449628,2242.0709447806
0.00142,0.00142,1.0737985122,0.268449628,3130.912969796
0.00142,0.00142,1.0737985122,0.268449628,4372.1257113904
0.00142,0.00142,1.0737985122,0.268449628,6105.4022965853
0.00142,0.00142,1.0737985122,0.3221395537,0.1
0.00142,0.00142,1.0737985122,0.3221395537,0.1396437957
0.00142,0.00142,1.0737985122,0.3221395537,0.1950038968
0.00142,0.00142,1.0737985122,0.3221395537,0.2723108433
0.00142,0.00142,1.0737985122,0.3221395537,0.3802651977
0.00142,0.00142,1.0737985122,0.3221395537,0.5310167558
0.00142,0.00142,1.0737985122,0.3221395537,0.7415319537
0.00142,0.00142,1.0737985122,0.3221395537,1.0355033665
0.00142,0.00142,1.0737985122,0.3221395537,1.4460162057
0.00142,0.00142,1.0737985122,0.3221395537,2.0192719162
0.00142,0.00142,1.0737985122,0.3221395537,2.8197879494
0.00142,0.00142,1.0737985122,0.3221395537,3.9376589236
0.00142,0.00142,1.0737985122,0.3221395537,5.498696383
0.00142,0.00142,1.0737985122,0.3221395537,7.6785883437
0.00142,0.00142,1.0737985122,0.3221395537,10.7226722201
0.00142,0.00142,1.0737985122,0.3221395537,14.9735464897
0.00142,0.00142,1.0737985122,0.3221395537,20.9096286705
0.00142,0.00142,1.0737985122,0.3221395537,29.1989991443
0.00142,0.00142,1.0737985122,0.3221395537,40.7745907144
0.00142,0.00142,1.0737985122,0.3221395537,56.9391861586
0.00142,0.00142,1.0737985122,0.3221395537,79.5120407981
0.00142,0.00142,1.0737985122,0.3221395537,111.0336318168
0.00142,0.00142,1.0737985122,0.3221395537,155.0515779833
0.00142,0.00142,1.0737985122,0.3221395537,216.5199088036
0.00142,0.00142,1.0737985122,0.3221395537,302.3566191205
0.00142,0.00142,1.0737985122,0.3221395537,422.2222595195
0.00142,0.00142,1.0737985122,0.3221395537,589.6071895242
0.00142,0.00142,1.0737985122,0.3221395537,823.3498592289
0.00142,0.00142,1.0737985122,0.3221395537,1149.7569953977
0.00142,0.00142,1.0737985122,0.3221395537,1605.5643098112
0.00142,0.00142,1.0737985122,0.3221395537,2242.0709447806
0.00142,0.00142,1.0737985122,0.3221395537,3130.912969796
0.00142,0.00142,1.0737985122,0.3221395537,4372.1257113904
0.00142,0.00142,1.0737985122,0.3221395537,6105.4022965853
0.00142,0.00142,1.0737985122,0.3758294793,0.1
0.00142,0.00142,1.0737985122,0.3758294793,0.1396437957
0.00142,0.00142,1.0737985122,0.3758294793,0.1950038968
0.00142,0.00142,1.0737985122,0.3758294793,0.2723108433
0.00142,0.00142,1.0737985122,0.3758294793,0.3802651977
0.00142,0.00142,1.0737985122,0.3758294793,0.5310167558
0.00142,0.00142,1.0737985122,0.3758294793,0.7415319537
0.00142,0.00142,1.0737985122,0.3758294793,1.0355033665
0.00142,0.00142,1.0737985122,0.3758294793,1.4460162057
0.00142,0.00142,1.0737985122,0.3758294793,2.0192719162
0.00142,0.00142,1.0737985122,0.3758294793,2.8197879494
0.00142,0.00142,1.0737985122,0.3758294793,3.9376589236
0.00142,0.00142,1.0737985122,0.3758294793,5.498696383
0.00142,0.00142,1.0737985122,0.3758294793,7.6785883437
0.00142,0.00142,1.0737985122,0.3758294793,10.7226722201
0.00142,0.00142,1.0737985122,0.3758294793,14.9735464897
0.00142,0.00142,1.0737985122,0.3758294793,20.9096286705
0.00142,0.00142,1.0737985122,0.3758294793,29.1989991443
0.00142,0.00142,1.0737985122,0.3758294793,40.7745907144
0.00142,0.00142,1.0737985122,0.3758294793,56.9391861586
0.00142,0.00142,1.0737985122,0.3758294793,79.5120407981
0.00142,0.00142,1.0737985122,0.3758294793,111.0336318168
0.00142,0.00142,1.0737985122,0.3758294793,155.0515779833
0.00142,0.00142,1.0737985122,0.3758294793,216.5199088036
0.00142,0.00142,1.0737985122,0.3758294793,302.3566191205
0.00142,0.00142,1.0737985122,0.3758294793,422.2222595195
0.00142,0.00142,1.0737985122,0.3758294793,589.6071895242
0.00142,0.00142,1.0737985122,0.3758294793,823.3498592289
0.00142,0.00142,1.0737985122,0.3758294793,1149.7569953977
0.00142,0.00142,1.0737985122,0.3758294793,1605.5643098112
0.00142,0.00142,1.0737985122,0.3758294793,2242.0709447806
0.00142,0.00142,1.0737985122,0.3758294793,3130.912969796
0.00142,0.00142,1.0737985122,0.3758294793,4372.1257113904
0.00142,0.00142,1.0737985122,0.3758294793,6105.4022965853
0.00142,0.00142,1.0737985122,0.4295194049,0.1
0.00142,0.00142,1.0737985122,0.4295194049,0.1396437957
0.00142,0.00142,1.0737985122,0.4295194049,0.1950038968
0.00142,0.00142,1.0737985122,0.4295194049,0.2723108433
0.00142,0.00142,1.0737985122,0.4295194049,0.3802651977
0.00142,0.00142,1.0737985122,0.4295194049,0.5310167558
0.00142,0.00142,1.0737985122,0.4295194049,0.7415319537
0.00142,0.00142,1.0737985122,0.4295194049,1.0355033665
0.00142,0.00142,1.0737985122,0.4295194049,1.4460162057
0.00142,0.00142,1.0737985122,0.4295194049,2.0192719162
0.00142,0.00142,1.0737985122,0.4295194049,2.8197879494
0.00142,0.00142,1.0737985122,0.4295194049,3.9376589236
0.00142,0.00142,1.0737985122,0.4295194049,5.498696383
0.00142,0.00142,1.0737985122,0.4295194049,7.6785883437
0.00142,0.00142,1.0737985122,0.4295194049,10.7226722201
0.00142,0.00142,1.0737985122,0.4295194049,14.9735464897
0.00142,0.00142,1.0737985122,0.4295194049,20.9096286705
0.00142,0.00142,1.0737985122,0.4295194049,29.1989991443
0.00142,0.00142,1.0737985122,0.4295194049,40.7745907144
0.00142,0.00142,1.0737985122,0.4295194049,56.9391861586
0.00142,0.00142,1.0737985122,0.4295194049,79.5120407981
0.00142,0.00142,1.0737985122,0.4295194049,111.0336318168
0.00142,0.00142,1.0737985122,0.4295194049,155.0515779833
0.00142,0.00142,1.0737985122,0.4295194049,216.5199088036
0.00142,0.00142,1.0737985122,0.4295194049,302.3566191205
0.00142,0.00142,1.0737985122,0.4295194049,422.2222595195
0.00142,0.00142,1.0737985122,0.4295194049,589.6071895242
0.00142,0.00142,1.0737985122,0.4295194049,823.3498592289
0.00142,0.00142,1.0737985122,0.4295194049,1149.7569953977
0.00142,0.00142,1.0737985122,0.4295194049,1605.5643098112
0.00142,0.00142,1.0737985122,0.4295194049,2242.0709447806
0.00142,0.00142,1.0737985122,0.4295194049,3130.912969796
0.00142,0.00142,1.0737985122,0.4295194049,4372.1257113904
0.00142,0.00142,1.0737985122,0.4295194049,6105.4022965853
0.00142,0.00142,1.0737985122,0.4832093305,0.1
0.00142,0.00142,1.0737985122,0.4832093305,0.1396437957
0.00142,0.00142,1.0737985122,0.4832093305,0.1950038968
0.00142,0.00142,1.0737985122,0.4832093305,0.2723108433
0.00142,0.00142,1.0737985122,0.4832093305,0.3802651977
0.00142,0.00142,1.0737985122,0.4832093305,0.5310167558
0.00142,0.00142,1.0737985122,0.4832093305,0.7415319537
0.00142,0.00142,1.0737985122,0.4832093305,1.0355033665
0.00142,0.00142,1.0737985122,0.4832093305,1.4460162057
0.00142,0.00142,1.0737985122,0.4832093305,2.0192719162
0.00142,0.00142,1.0737985122,0.4832093305,2.8197879494
0.00142,0.00142,1.0737985122,0.4832093305,3.9376589236
0.00142,0.00142,1.0737985122,0.4832093305,5.498696383
0.00142,0.00142,1.0737985122,0.4832093305,7.6785883437
0.00142,0.00142,1.0737985122,0.4832093305,10.7226722201
0.00142,0.00142,1.0737985122,0.4832093305,14.9735464897
0.00142,0.00142,1.0737985122,0.4832093305,20.9096286705
0.00142,0.00142,1.0737985122,0.4832093305,29.1989991443
0.00142,0.00142,1.0737985122,0.4832093305,40.7745907144
0.00142,0.00142,1.0737985122,0.4832093305,56.9391861586
0.00142,0.00142,1.0737985122,0.4832093305,79.5120407981
0.00142,0.00142,1.0737985122,0.4832093305,111.0336318168
0.00142,0.00142,1.0737985122,0.4832093305,155.0515779833
0.00142,0.00142,1.0737985122,0.4832093305,216.5199088036
0.00142,0.00142,1.0737985122,0.4832093305,302.3566191205
0.00142,0.00142,1.0737985122,0.4832093305,422.2222595195
0.00142,0.00142,1.0737985122,0.4832093305,589.6071895242
0.00142,0.00142,1.0737985122,0.4832093305,823.3498592289
0.00142,0.00142,1.0737985122,0.4832093305,1149.7569953977
0.00142,0.00142,1.0737985122,0.4832093305,1605.5643098112
0.00142,0.00142,1.0737985122,0.4832093305,2242.0709447806
0.00142,0.00142,1.0737985122,0.4832093305,3130.912969796
0.00142,0.00142,1.0737985122,0.4832093305,4372.1257113904
0.00142,0.00142,1.0737985122,0.4832093305,6105.4022965853
0.00142,0.00142,1.0737985122,0.5368992561,0.1
0.00142,0.00142,1.0737985122,0.5368992561,0.1396437957
0.00142,0.00142,1.0737985122,0.5368992561,0.1950038968
0.00142,0.00142,1.0737985122,0.5368992561,0.2723108433
0.00142,0.00142,1.0737985122,0.5368992561,0.3802651977
0.00142,0.00142,1.0737985122,0.5368992561,0.5310167558
0.00142,0.00142,1.0737985122,0.5368992561,0.7415319537
0.00142,0.00142,1.0737985122,0.5368992561,1.0355033665
0.00142,0.00142,1.0737985122,0.5368992561,1.4460162057
0.00142,0.00142,1.0737985122,0.5368992561,2.0192719162
0.00142,0.00142,1.0737985122,0.5368992561,2.8197879494
0.00142,0.00142,1.0737985122,0.5368992561,3.9376589236
0.00142,0.00142,1.0737985122,0.5368992561,5.498696383
0.00142,0.00142,1.0737985122,0.5368992561,7.6785883437
0.00142,0.00142,1.0737985122,0.5368992561,10.7226722201
0.00142,0.00142,1.0737985122,0.5368992561,14.9735464897
0.00142,0.00142,1.0737985122,0.5368992561,20.9096286705
0.00142,0.00142,1.0737985122,0.5368992561,29.1989991443
0.00142,0.00142,1.0737985122,0.5368992561,40.7745907144
0.00142,0.00142,1.0737985122,0.5368992561,56.9391861586
0.00142,0.00142,1.0737985122,0.5368992561,79.5120407981
0.00142,0.00142,1.0737985122,0.5368992561,111.0336318168
0.00142,0.00142,1.0737985122,0.5368992561,155.0515779833
0.00142,0.00142,1.0737985122,0.5368992561,216.5199088036
0.00142,0.00142,1.0737985122,0.5368992561,302.3566191205
0.00142,0.00142,1.0737985122,0.5368992561,422.2222595195
0.00142,0.00142,1.0737985122,0.5368992561,589.6071895242
0.00142,0.00142,1.0737985122,0.5368992561,823.3498592289
0.00142,0.00142,1.0737985122,0.5368992561,1149.7569953977
0.00142,0.00142,1.0737985122,0.5368992561,1605.5643098112
0.00142,0.00142,1.0737985122,0.5368992561,2242.0709447806
0.00142,0.00142,1.0737985122,0.5368992561,3130.912969796
0.00142,0.00142,1.0737985122,0.5368992561,4372.1257113904
0.00142,0.00142,1.0737985122,0.5368992561,6105.4022965853
0.00142,0.00142,1.0737985122,0.5905891817,0.1
0.00142,0.00142,1.0737985122,0.5905891817,0.1396437957
0.00142,0.00142,1.0737985122,0.5905891817,0.1950038968
0.00142,0.00142,1.0737985122,0.5905891817,0.2723108433
0.00142,0.00142,1.0737985122,0.5905891817,0.3802651977
0.00142,0.00142,1.0737985122,0.5905891817,0.5310167558
0.00142,0.00142,1.0737985122,0.5905891817,0.7415319537
0.00142,0.00142,1.0737985122,0.5905891817,1.0355033665
0.00142,0.00142,1.0737985122,0.5905891817,1.4460162057
0.00142,0.00142,1.0737985122,0.5905891817,2.0192719162
0.00142,0.00142,1.0737985122,0.5905891817,2.8197879494
0.00142,0.00142,1.0737985122,0.5905891817,3.9376589236
0.00142,0.00142,1.0737985122,0.5905891817,5.498696383
0.00142,0.00142,1.0737985122,0.5905891817,7.6785883437
0.00142,0.00142,1.0737985122,0.5905891817,10.7226722201
0.00142,0.00142,1.0737985122,0.5905891817,14.9735464897
0.00142,0.00142,1.0737985122,0.5905891817,20.9096286705
0.00142,0.00142,1.0737985122,0.5905891817,29.1989991443
0.00142,0.00142,1.0737985122,0.5905891817,40.7745907144
0.00142,0.00142,1.0737985122,0.5905891817,56.9391861586
0.00142,0.00142,1.0737985122,0.5905891817,79.5120407981
0.00142,0.00142,1.0737985122,0.5905891817,111.0336318168
0.00142,0.00142,1.0737985122,0.5905891817,155.0515779833
0.00142,0.00142,1.0737985122,0.5905891817,216.5199088036
0.00142,0.00142,1.0737985122,0.5905891817,302.3566191205
0.00142,0.00142,1.0737985122,0.5905891817,422.2222595195
0.00142,0.00142,1.0737985122,0.5905891817,589.6071895242
0.00142,0.00142,1.0737985122,0.5905891817,823.3498592289
0.00142,0.00142,1.0737985122,0.5905891817,1149.7569953977
0.00142,0.00142,1.0737985122,0.5905891817,1605.5643098112
0.00142,0.00142,1.0737985122,0.5905891817,2242.0709447806
0.00142,0.00142,1.0737985122,0.5905891817,3130.912969796
0.00142,0.00142,1.0737985122,0.5905891817,4372.1257113904
0.00142,0.00142,1.0737985122,0.5905891817,6105.4022965853
0.00142,0.00142,1.0737985122,0.6442791073,0.1
0.00142,0.00142,1.0737985122,0.6442791073,0.1396437957
0.00142,0.00142,1.0737985122,0.6442791073,0.1950038968
0.00142,0.00142,1.0737985122,0.6442791073,0.2723108433
0.00142,0.00142,1.0737985122,0.6442791073,0.3802651977
0.00142,0.00142,1.0737985122,0.6442791073,0.5310167558
0.00142,0.00142,1.0737985122,0.6442791073,0.7415319537
0.00142,0.00142,1.0737985122,0.6442791073,1.0355033665
0.00142,0.00142,1.0737985122,0.6442791073,1.4460162057
0.00142,0.00142,1.0737985122,0.6442791073,2.0192719162
0.00142,0.00142,1.0737985122,0.6442791073,2.8197879494
0.00142,0.00142,1.0737985122,0.6442791073,3.9376589236
0.00142,0.00142,1.0737985122,0.6442791073,5.498696383
0.00142,0.00142,1.0737985122,0.6442791073,7.6785883437
0.00142,0.00142,1.0737985122,0.6442791073,10.7226722201
0.00142,0.00142,1.0737985122,0.6442791073,14.9735464897
0.00142,0.00142,1.0737985122,0.6442791073,20.9096286705
0.00142,0.00142,1.0737985122,0.6442791073,29.1989991443
0.00142,0.00142,1.0737985122,0.6442791073,40.7745907144
0.00142,0.00142,1.0737985122,0.6442791073,56.9391861586
0.00142,0.00142,1.0737985122,0.6442791073,79.5120407981
0.00142,0.00142,1.0737985122,0.6442791073,111.0336318168
0.00142,0.00142,1.0737985122,0.6442791073,155.0515779833
0.00142,0.00142,1.0737985122,0.6442791073,216.5199088036
0.00142,0.00142,1.0737985122,0.6442791073,302.3566191205
0.00142,0.00142,1.0737985122,0.6442791073,422.2222595195
0.00142,0.00142,1.0737985122,0.6442791073,589.6071895242
0.00142,0.00142,1.0737985122,0.6442791073,823.3498592289
0.00142,0.00142,1.0737985122,0.6442791073,1149.7569953977
0.00142,0.00142,1.0737985122,0.6442791073,1605.5643098112
0.00142,0.00142,1.0737985122,0.6442791073,2242.0709447806
0.00142,0.00142,1.0737985122,0.6442791073,3130.912969796
0.00142,0.00142,1.0737985122,0.6442791073,4372.1257113904
0.00142,0.00142,1.0737985122,0.6442791073,6105.4022965853
0.00142,0.00142,1.0737985122,0.6979690329,0.1
0.00142,0.00142,1.0737985122,0.6979690329,0.1396437957
0.00142,0.00142,1.0737985122,0.6979690329,0.1950038968
0.00142,0.00142,1.0737985122,0.6979690329,0.2723108433
0.00142,0.00142,1.0737985122,0.6979690329,0.3802651977
0.00142,0.00142,1.0737985122,0.6979690329,0.5310167558
0.00142,0.00142,1.0737985122,0.6979690329,0.7415319537
0.00142,0.00142,1.0737985122,0.6979690329,1.0355033665
0.00142,0.00142,1.0737985122,0.6979690329,1.4460162057
0.00142,0.00142,1.0737985122,0.6979690329,2.0192719162
0.00142,0.00142,1.0737985122,0.6979690329,2.8197879494
0.00142,0.00142,1.0737985122,0.6979690329,3.9376589236
0.00142,0.00142,1.0737985122,0.6979690329,5.498696383
0.00142,0.00142,1.0737985122,0.6979690329,7.6785883437
0.00142,0.00142,1.0737985122,0.6979690329,10.7226722201
0.00142,0.00142,1.0737985122,0.6979690329,14.9735464897
0.00142,0.00142,1.0737985122,0.6979690329,20.9096286705
0.00142,0.00142,1.0737985122,0.6979690329,29.1989991443
0.00142,0.00142,1.0737985122,0.6979690329,40.7745907144
0.00142,0.00142,1.0737985122,0.6979690329,56.9391861586
0.00142,0.00142,1.0737985122,0.6979690329,79.5120407981
0.00142,0.00142,1.0737985122,0.6979690329,111.0336318168
0.00142,0.00142,1.0737985122,0.6979690329,155.0515779833
0.00142,0.00142,1.0737985122,0.6979690329,216.5199088036
0.00142,0.00142,1.0737985122,0.6979690329,302.3566191205
0.00142,0.00142,1.0737985122,0.6979690329,422.2222595195
0.00142,0.00142,1.0737985122,0.6979690329,589.6071895242
0.00142,0.00142,1.0737985122,0.6979690329,823.3498592289
0.00142,0.00142,1.0737985122,0.6979690329,1149.7569953977
0.00142,0.00142,1.0737985122,0.6979690329,1605.5643098112
0.00142,0.00142,1.0737985122,0.6979690329,2242.0709447806
0.00142,0.00142,1.0737985122,0.6979690329,3130.912969796
0.00142,0.00142,1.0737985122,0.6979690329,4372.1257113904
0.00142,0.00142,1.0737985122,0.6979690329,6105.4022965853
0.00142,0.00142,1.0737985122,0.7516589585,0.1
0.00142,0.00142,1.0737985122,0.7516589585,0.1396437957
0.00142,0.00142,1.0737985122,0.7516589585,0.1950038968
0.00142,0.00142,1.0737985122,0.7516589585,0.2723108433
0.00142,0.00142,1.0737985122,0.7516589585,0.3802651977
0.00142,0.00142,1.0737985122,0.7516589585,0.5310167558
0.00142,0.00142,1.0737985122,0.7516589585,0.7415319537
0.00142,0.00142,1.0737985122,0.7516589585,1.0355033665
0.00142,0.00142,1.0737985122,0.7516589585,1.4460162057
0.00142,0.00142,1.0737985122,0.7516589585,2.0192719162
0.00142,0.00142,1.0737985122,0.7516589585,2.8197879494
0.00142,0.00142,1.0737985122,0.7516589585,3.9376589236
0.00142,0.00142,1.0737985122,0.7516589585,5.498696383
0.00142,0.00142,1.0737985122,0.7516589585,7.6785883437
0.00142,0.00142,1.0737985122,0.7516589585,10.7226722201
0.00142,0.00142,1.0737985122,0.7516589585,14.9735464897
0.00142,0.00142,1.0737985122,0.7516589585,20.9096286705
0.00142,0.00142,1.0737985122,0.7516589585,29.1989991443
0.00142,0.00142,1.0737985122,0.7516589585,40.7745907144
0.00142,0.00142,1.0737985122,0.7516589585,56.9391861586
0.00142,0.00142,1.0737985122,0.7516589585,79.5120407981
0.00142,0.00142,1.0737985122,0.7516589585,111.0336318168
0.00142,0.00142,1.0737985122,0.7516589585,155.0515779833
0.00142,0.00142,1.0737985122,0.7516589585,216.5199088036
0.00142,0.00142,1.0737985122,0.7516589585,302.3566191205
0.00142,0.00142,1.0737985122,0.7516589585,422.2222595195
0.00142,0.00142,1.0737985122,0.7516589585,589.6071895242
0.00142,0.00142,1.0737985122,0.7516589585,823.3498592289
0.00142,0.00142,1.0737985122,0.7516589585,1149.7569953977
0.00142,0.00142,1.0737985122,0.7516589585,1605.5643098112
0.00142,0.00142,1.0737985122,0.7516589585,2242.0709447806
0.00142,0.00142,1.0737985122,0.7516589585,3130.912969796
0.00142,0.00142,1.0737985122,0.7516589585,4372.1257113904
0.00142,0.00142,1.0737985122,0.7516589585,6105.4022965853
0.00142,0.00142,1.0737985122,0.8053488841,0.1
0.00142,0.00142,1.0737985122,0.8053488841,0.1396437957
0.00142,0.00142,1.0737985122,0.8053488841,0.1950038968
0.00142,0.00142,1.0737985122,0.8053488841,0.2723108433
0.00142,0.00142,1.0737985122,0.8053488841,0.3802651977
0.00142,0.00142,1.0737985122,0.8053488841,0.5310167558
0.00142,0.00142,1.0737985122,0.8053488841,0.7415319537
0.00142,0.00142,1.0737985122,0.8053488841,1.0355033665
0.00142,0.00142,1.0737985122,0.8053488841,1.4460162057
0.00142,0.00142,1.0737985122,0.8053488841,2.0192719162
0.00142,0.00142,1.0737985122,0.8053488841,2.8197879494
0.00142,0.00142,1.0737985122,0.8053488841,3.9376589236
0.00142,0.00142,1.0737985122,0.8053488841,5.498696383
0.00142,0.00142,1.0737985122,0.8053488841,7.6785883437
0.00142,0.00142,1.0737985122,0.8053488841,10.7226722201
0.00142,0.00142,1.0737985122,0.8053488841,14.9735464897
0.00142,0.00142,1.0737985122,0.8053488841,20.9096286705
0.00142,0.00142,1.0737985122,0.8053488841,29.1989991443
0.00142,0.00142,1.0737985122,0.8053488841,40.7745907144
0.00142,0.00142,1.0737985122,0.8053488841,56.9391861586
0.00142,0.00142,1.0737985122,0.8053488841,79.5120407981
0.00142,0.00142,1.0737985122,0.8053488841,111.0336318168
0.00142,0.00142,1.0737985122,0.8053488841,155.0515779833
0.00142,0.00142,1.0737985122,0.8053488841,216.5199088036
0.00142,0.00142,1.0737985122,0.8053488841,302.3566191205
0.00142,0.00142,1.0737985122,0.8053488841,422.2222595195
0.00142,0.00142,1.0737985122,0.8053488841,589.6071895242
0.00142,0.00142,1.0737985122,0.8053488841,823.3498592289
0.00142,0.00142,1.0737985122,0.8053488841,1149.7569953977
0.00142,0.00142,1.0737985122,0.8053488841,1605.5643098112
0.00142,0.00142,1.0737985122,0.8053488841,2242.0709447806
0.00142,0.00142,1.0737985122,0.8053488841,3130.912969796
0.00142,0.00142,1.0737985122,0.8053488841,4372.1257113904
0.00142,0.00142,1.0737985122,0.8053488841,6105.4022965853
0.00142,0.00142,1.0737985122,0.8590388097,0.1
0.00142,0.00142,1.0737985122,0.8590388097,0.1396437957
0.00142,0.00142,1.0737985122,0.8590388097,0.1950038968
0.00142,0.00142,1.0737985122,0.8590388097,0.2723108433
0.00142,0.00142,1.0737985122,0.8590388097,0.3802651977
0.00142,0.00142,1.0737985122,0.8590388097,0.5310167558
0.00142,0.00142,1.0737985122,0.8590388097,0.7415319537
0.00142,0.00142,1.0737985122,0.8590388097,1.0355033665
0.00142,0.00142,1.0737985122,0.8590388097,1.4460162057
0.00142,0.00142,1.0737985122,0.8590388097,2.0192719162
0.00142,0.00142,1.0737985122,0.8590388097,2.8197879494
0.00142,0.00142,1.0737985122,0.8590388097,3.9376589236
0.00142,0.00142,1.0737985122,0.8590388097,5.498696383
0.00142,0.00142,1.0737985122,0.8590388097,7.6785883437
0.00142,0.00142,1.0737985122,0.8590388097,10.7226722201
0.00142,0.00142,1.0737985122,0.8590388097,14.9735464897
0.00142,0.00142,1.0737985122,0.8590388097,20.9096286705
0.00142,0.00142,1.0737985122,0.8590388097,29.1989991443
0.00142,0.00142,1.0737985122,0.8590388097,40.7745907144
0.00142,0.00142,1.0737985122,0.8590388097,56.9391861586
0.00142,0.00142,1.0737985122,0.8590388097,79.5120407981
0.00142,0.00142,1.0737985122,0.8590388097,111.0336318168
0.00142,0.00142,1.0737985122,0.8590388097,155.0515779833
0.00142,0.00142,1.0737985122,0.8590388097,216.5199088036
0.00142,0.00142,1.0737985122,0.8590388097,302.3566191205
0.00142,0.00142,1.0737985122,0.8590388097,422.2222595195
0.00142,0.00142,1.0737985122,0.8590388097,589.6071895242
0.00142,0.00142,1.0737985122,0.8590388097,823.3498592289
0.00142,0.00142,1.0737985122,0.8590388097,1149.7569953977
0.00142,0.00142,1.0737985122,0.8590388097,1605.5643098112
0.00142,0.00142,1.0737985122,0.8590388097,2242.0709447806
0.00142,0.00142,1.0737985122,0.8590388097,3130.912969796
0.00142,0.00142,1.0737985122,0.8590388097,4372.1257113904
0.00142,0.00142,1.0737985122,0.8590388097,6105.4022965853
0.00142,0.00142,1.0737985122,0.9127287353,0.1
0.00142,0.00142,1.0737985122,0.9127287353,0.1396437957
0.00142,0.00142,1.0737985122,0.9127287353,0.1950038968
0.00142,0.00142,1.0737985122,0.9127287353,0.2723108433
0.00142,0.00142,1.0737985122,0.9127287353,0.3802651977
0.00142,0.00142,1.0737985122,0.9127287353,0.5310167558
0.00142,0.00142,1.0737985122,0.9127287353,0.7415319537
0.00142,0.00142,1.0737985122,0.9127287353,1.0355033665
0.00142,0.00142,1.0737985122,0.9127287353,1.4460162057
0.00142,0.00142,1.0737985122,0.9127287353,2.0192719162
0.00142,0.00142,1.0737985122,0.9127287353,2.8197879494
0.00142,0.00142,1.0737985122,0.9127287353,3.9376589236
0.00142,0.00142,1.0737985122,0.9127287353,5.498696383
0.00142,0.00142,1.0737985122,0.9127287353,7.6785883437
0.00142,0.00142,1.0737985122,0.9127287353,10.7226722201
0.00142,0.00142,1.0737985122,0.9127287353,14.9735464897
0.00142,0.00142,1.0737985122,0.9127287353,20.9096286705
0.00142,0.00142,1.0737985122,0.9127287353,29.1989991443
0.00142,0.00142,1.0737985122,0.9127287353,40.7745907144
0.00142,0.00142,1.0737985122,0.9127287353,56.9391861586
0.00142,0.00142,1.0737985122,0.9127287353,79.5120407981
0.00142,0.00142,1.0737985122,0.9127287353,111.0336318168
0.00142,0.00142,1.0737985122,0.9127287353,155.0515779833
0.00142,0.00142,1.0737985122,0.9127287353,216.5199088036
0.00142,0.00142,1.0737985122,0.9127287353,302.3566191205
0.00142,0.00142,1.0737985122,0.9127287353,422.2222595195
0.00142,0.00142,1.0737985122,0.9127287353,589.6071895242
0.00142,0.00142,1.0737985122,0.9127287353,823.3498592289
0.00142,0.00142,1.0737985122,0.9127287353,1149.7569953977
0.00142,0.00142,1.0737985122,0.9127287353,1605.5643098112
0.00142,0.00142,1.0737985122,0.9127287353,2242.0709447806
0.00142,0.00142,1.0737985122,0.9127287353,3130.912969796
0.00142,0.00142,1.0737985122,0.9127287353,4372.1257113904
0.00142,0.00142,1.0737985122,0.9127287353,6105.4022965853
0.00142,0.00142,1.0737985122,0.966418661,0.1
0.00142,0.00142,1.0737985122,0.966418661,0.1396437957
0.00142,0.00142,1.0737985122,0.966418661,0.1950038968
0.00142,0.00142,1.0737985122,0.966418661,0.2723108433
0.00142,0.00142,1.0737985122,0.966418661,0.3802651977
0.00142,0.00142,1.0737985122,0.966418661,0.5310167558
0.00142,0.00142,1.0737985122,0.966418661,0.7415319537
0.00142,0.00142,1.0737985122,0.966418661,1.0355033665
0.00142,0.00142,1.0737985122,0.966418661,1.4460162057
0.00142,0.00142,1.0737985122,0.966418661,2.0192719162
0.00142,0.00142,1.0737985122,0.966418661,2.8197879494
0.00142,0.00142,1.0737985122,0.966418661,3.9376589236
0.00142,0.00142,1.0737985122,0.966418661,5.498696383
0.00142,0.00142,1.0737985122,0.966418661,7.6785883437
0.00142,0.00142,1.0737985122,0.966418661,10.7226722201
0.00142,0.00142,1.0737985122,0.966418661,14.9735464897
0.00142,0.00142,1.0737985122,0.966418661,20.9096286705
0.00142,0.00142,1.0737985122,0.966418661,29.1989991443
0.00142,0.00142,1.0737985122,0.966418661,40.7745907144
0.00142,0.00142,1.0737985122,0.966418661,56.9391861586
0.00142,0.00142,1.0737985122,0.966418661,79.5120407981
0.00142,0.00142,1.0737985122,0.966418661,111.0336318168
0.00142,0.00142,1.0737985122,0.966418661,155.0515779833
0.00142,0.00142,1.0737985122,0.966418661,216.5199088036
0.00142,0.00142,1.0737985122,0.966418661,302.3566191205
0.00142,0.00142,1.0737985122,0.966418661,422.2222595195
0.00142,0.00142,1.0737985122,0.966418661,589.6071895242
0.00142,0.00142,1.0737985122,0.966418661,823.3498592289
0.00142,0.00142,1.0737985122,0.966418661,1149.7569953977
0.00142,0.00142,1.0737985122,0.966418661,1605.5643098112
0.00142,0.00142,1.0737985122,0.966418661,2242.0709447806
0.00142,0.00142,1.0737985122,0.966418661,3130.912969796
0.00142,0.00142,1.0737985122,0.966418661,4372.1257113904
0.00142,0.00142,1.0737985122,0.966418661,6105.4022965853
0.00142,0.00142,1.0737985122,1.0201085866,0.1
0.00142,0.00142,1.0737985122,1.0201085866,0.1396437957
0.00142,0.00142,1.0737985122,1.0201085866,0.1950038968
0.00142,0.00142,1.0737985122,1.0201085866,0.2723108433
0.00142,0.00142,1.0737985122,1.0201085866,0.3802651977
0.00142,0.00142,1.0737985122,1.0201085866,0.5310167558
0.00142,0.00142,1.0737985122,1.0201085866,0.7415319537
0.00142,0.00142,1.0737985122,1.0201085866,1.0355033665
0.00142,0.00142,1.0737985122,1.0201085866,1.4460162057
0.00142,0.00142,1.0737985122,1.0201085866,2.0192719162
0.00142,0.00142,1.0737985122,1.0201085866,2.8197879494
0.00142,0.00142,1.0737985122,1.0201085866,3.9376589236
0.00142,0.00142,1.0737985122,1.0201085866,5.498696383
0.00142,0.00142,1.0737985122,1.0201085866,7.6785883437
0.00142,0.00142,1.0737985122,1.0201085866,10.7226722201
0.00142,0.00142,1.0737985122,1.0201085866,14.9735464897
0.00142,0.00142,1.0737985122,1.0201085866,20.9096286705
0.00142,0.00142,1.0737985122,1.0201085866,29.1989991443
0.00142,0.00142,1.0737985122,1.0201085866,40.7745907144
0.00142,0.00142,1.0737985122,1.0201085866,56.9391861586
0.00142,0.00142,1.0737985122,1.0201085866,79.5120407981
0.00142,0.00142,1.0737985122,1.0201085866,111.0336318168
0.00142,0.00142,1.0737985122,1.0201085866,155.0515779833
0.00142,0.00142,1.0737985122,1.0201085866,216.5199088036
0.00142,0.00142,1.0737985122,1.0201085866,302.3566191205
0.00142,0.00142,1.0737985122,1.0201085866,422.2222595195
0.00142,0.00142,1.0737985122,1.0201085866,589.6071895242
0.00142,0.00142,1.0737985122,1.0201085866,823.3498592289
0.00142,0.00142,1.0737985122,1.0201085866,1149.7569953977
0.00142,0.00142,1.0737985122,1.0201085866,1605.5643098112
0.00142,0.00142,1.0737985122,1.0201085866,2242.0709447806
0.00142,0.00142,1.0737985122,1.0201085866,3130.912969796
0.00142,0.00142,1.0737985122,1.0201085866,4372.1257113904
0.00142,0.00142,1.0737985122,1.0201085866,6105.4022965853
0.00142,0.00142,1.0737985122,1.0630605271,0.1
0.00142,0.00142,1.0737985122,1.0630605271,0.1396437957
0.00142,0.00142,1.0737985122,1.0630605271,0.1950038968
0.00142,0.00142,1.0737985122,1.0630605271,0.2723108433
0.00142,0.00142,1.0737985122,1.0630605271,0.3802651977
0.00142,0.00142,1.0737985122,1.0630605271,0.5310167558
0.00142,0.00142,1.0737985122,1.0630605271,0.7415319537
0.00142,0.00142,1.0737985122,1.0630605271,1.0355033665
0.00142,0.00142,1.0737985122,1.0630605271,1.4460162057
0.00142,0.00142,1.0737985122,1.0630605271,2.0192719162
0.00142,0.00142,1.0737985122,1.0630605271,2.8197879494
0.00142,0.00142,1.0737985122,1.0630605271,3.9376589236
0.00142,0.00142,1.0737985122,1.0630605271,5.498696383
0.00142,0.00142,1.0737985122,1.0630605271,7.6785883437
0.00142,0.00142,1.0737985122,1.0630605271,10.7226722201
0.00142,0.00142,1.0737985122,1.0630605271,14.9735464897
0.00142,0.00142,1.0737985122,1.0630605271,20.9096286705
0.00142,0.00142,1.0737985122,1.0630605271,29.1989991443
0.00142,0.00142,1.0737985122,1.0630605271,40.7745907144
0.00142,0.00142,1.0737985122,1.0630605271,56.9391861586
0.00142,0.00142,1.0737985122,1.0630605271,79.5120407981
0.00142,0.00142,1.0737985122,1.0630605271,111.0336318168
0.00142,0.00142,1.0737985122,1.0630605271,155.0515779833
0.00142,0.00142,1.0737985122,1.0630605271,216.5199088036
0.00142,0.00142,1.0737985122,1.0630605271,302.3566191205
0.00142,0.00142,1.0737985122,1.0630605271,422.2222595195
0.00142,0.00142,1.0737985122,1.0630605271,589.6071895242
0.00142,0.00142,1.0737985122,1.0630605271,823.3498592289
0.00142,0.00142,1.0737985122,1.0630605271,1149.7569953977
0.00142,0.00142,1.0737985122,1.0630605271,1605.5643098112
0.00142,0.00142,1.0737985122,1.0630605271,2242.0709447806
0.00142,0.00142,1.0737985122,1.0630605271,3130.912969796
0.00142,0.00142,1.0737985122,1.0630605271,4372.1257113904
0.00142,0.00142,1.0737985122,1.0630605271,6105.4022965853
0.00142,0.00142,1.1961425097,0.119614251,0.1
0.00142,0.00142,1.1961425097,0.119614251,0.1396437957
0.00142,0.00142,1.1961425097,0.119614251,0.1950038968
0.00142,0.00142,1.1961425097,0.119614251,0.2723108433
0.00142,0.00142,1.1961425097,0.119614251,0.3802651977
0.00142,0.00142,1.1961425097,0.119614251,0.5310167558
0.00142,0.00142,1.1961425097,0.119614251,0.7415319537
0.00142,0.00142,1.1961425097,0.119614251,1.0355033665
0.00142,0.00142,1.1961425097,0.119614251,1.4460162057
0.00142,0.00142,1.1961425097,0.119614251,2.0192719162
0.00142,0.00142,1.1961425097,0.119614251,2.8197879494
0.00142,0.00142,1.1961425097,0.119614251,3.9376589236
0.00142,0.00142,1.1961425097,0.119614251,5.498696383
0.00142,0.00142,1.1961425097,0.119614251,7.6785883437
0.00142,0.00142,1.1961425097,0.119614251,10.7226722201
0.00142,0.00142,1.1961425097,0.119614251,14.9735464897
0.00142,0.00142,1.1961425097,0.119614251,20.9096286705
0.00142,0.00142,1.1961425097,0.119614251,29.1989991443
0.00142,0.00142,1.1961425097,0.119614251,40.7745907144
0.00142,0.00142,1.1961425097,0.119614251,56.9391861586
0.00142,0.00142,1.1961425097,0.119614251,79.5120407981
0.00142,0.00142,1.1961425097,0.119614251,111.0336318168
0.00142,0.00142,1.1961425097,0.119614251,155.0515779833
0.00142,0.00142,1.1961425097,0.119614251,216.5199088036
0.00142,0.00142,1.1961425097,0.119614251,302.3566191205
0.00142,0.00142,1.1961425097,0.119614251,422.2222595195
0.00142,0.00142,1.1961425097,0.119614251,589.6071895242
0.00142,0.00142,1.1961425097,0.119614251,823.3498592289
0.00142,0.00142,1.1961425097,0.119614251,1149.7569953977
0.00142,0.00142,1.1961425097,0.119614251,1605.5643098112
0.00142,0.00142,1.1961425097,0.119614251,2242.0709447806
0.00142,0.00142,1.1961425097,0.119614251,3130.912969796
0.00142,0.00142,1.1961425097,0.119614251,4372.1257113904
0.00142,0.00142,1.1961425097,0.119614251,6105.4022965853
0.00142,0.00142,1.1961425097,0.1794213765,0.1
0.00142,0.00142,1.1961425097,0.1794213765,0.1396437957
0.00142,0.00142,1.1961425097,0.1794213765,0.1950038968
0.00142,0.00142,1.1961425097,0.1794213765,0.2723108433
0.00142,0.00142,1.1961425097,0.1794213765,0.3802651977
0.00142,0.00142,1.1961425097,0.1794213765,0.5310167558
0.00142,0.00142,1.1961425097,0.1794213765,0.7415319537
0.00142,0.00142,1.1961425097,0.1794213765,1.0355033665
0.00142,0.00142,1.1961425097,0.1794213765,1.4460162057
0.00142,0.00142,1.1961425097,0.1794213765,2.0192719162
0.00142,0.00142,1.1961425097,0.1794213765,2.8197879494
0.00142,0.00142,1.1961425097,0.1794213765,3.9376589236
0.00142,0.00142,1.1961425097,0.1794213765,5.498696383
0.00142,0.00142,1.1961425097,0.1794213765,7.6785883437
0.00142,0.00142,1.1961425097,0.1794213765,10.7226722201
0.00142,0.00142,1.1961425097,0.1794213765,14.9735464897
0.00142,0.00142,1.1961425097,0.1794213765,20.9096286705
0.00142,0.00142,1.1961425097,0.1794213765,29.1989991443
0.00142,0.00142,1.1961425097,0.1794213765,40.7745907144
0.00142,0.00142,1.1961425097,0.1794213765,56.9391861586
0.00142,0.00142,1.1961425097,0.1794213765,79.5120407981
0.00142,0.00142,1.1961425097,0.1794213765,111.0336318168
0.00142,0.00142,1.1961425097,0.1794213765,155.0515779833
0.00142,0.00142,1.1961425097,0.1794213765,216.5199088036
0.00142,0.00142,1.1961425097,0.1794213765,302.3566191205
0.00142,0.00142,1.1961425097,0.1794213765,422.2222595195
0.00142,0.00142,1.1961425097,0.1794213765,589.6071895242
0.00142,0.00142,1.1961425097,0.1794213765,823.3498592289
0.00142,0.00142,1.1961425097,0.1794213765,1149.7569953977
0.00142,0.00142,1.1961425097,0.1794213765,1605.5643098112
0.00142,0.00142,1.1961425097,0.1794213765,2242.0709447806
0.00142,0.00142,1.1961425097,0.1794213765,3130.912969796
0.00142,0.00142,1.1961425097,0.1794213765,4372.1257113904
0.00142,0.00142,1.1961425097,0.1794213765,6105.4022965853
0.00142,0.00142,1.1961425097,0.2392285019,0.1
0.00142,0.00142,1.1961425097,0.2392285019,0.1396437957
0.00142,0.00142,1.1961425097,0.2392285019,0.1950038968
0.00142,0.00142,1.1961425097,0.2392285019,0.2723108433
0.00142,0.00142,1.1961425097,0.2392285019,0.3802651977
0.00142,0.00142,1.1961425097,0.2392285019,0.5310167558
0.00142,0.00142,1.1961425097,0.2392285019,0.7415319537
0.00142,0.00142,1.1961425097,0.2392285019,1.0355033665
0.00142,0.00142,1.1961425097,0.2392285019,1.4460162057
0.00142,0.00142,1.1961425097,0.2392285019,2.0192719162
0.00142,0.00142,1.1961425097,0.2392285019,2.8197879494
0.00142,0.00142,1.1961425097,0.2392285019,3.9376589236
0.00142,0.00142,1.1961425097,0.2392285019,5.498696383
0.00142,0.00142,1.1961425097,0.2392285019,7.6785883437
0.00142,0.00142,1.1961425097,0.2392285019,10.7226722201
0.00142,0.00142,1.1961425097,0.2392285019,14.9735464897
0.00142,0.00142,1.1961425097,0.2392285019,20.9096286705
0.00142,0.00142,1.1961425097,0.2392285019,29.1989991443
0.00142,0.00142,1.1961425097,0.2392285019,40.7745907144
0.00142,0.00142,1.1961425097,0.2392285019,56.9391861586
0.00142,0.00142,1.1961425097,0.2392285019,79.5120407981
0.00142,0.00142,1.1961425097,0.2392285019,111.0336318168
0.00142,0.00142,1.1961425097,0.2392285019,155.0515779833
0.00142,0.00142,1.1961425097,0.2392285019,216.5199088036
0.00142,0.00142,1.1961425097,0.2392285019,302.3566191205
0.00142,0.00142,1.1961425097,0.2392285019,422.2222595195
0.00142,0.00142,1.1961425097,0.2392285019,589.6071895242
0.00142,0.00142,1.1961425097,0.2392285019,823.3498592289
0.00142,0.00142,1.1961425097,0.2392285019,1149.7569953977
0.00142,0.00142,1.1961425097,0.2392285019,1605.5643098112
0.00142,0.00142,1.1961425097,0.2392285019,2242.0709447806
0.00142,0.00142,1.1961425097,0.2392285019,3130.912969796
0.00142,0.00142,1.1961425097,0.2392285019,4372.1257113904
0.00142,0.00142,1.1961425097,0.2392285019,6105.4022965853
0.00142,0.00142,1.1961425097,0.2990356274,0.1
0.00142,0.00142,1.1961425097,0.2990356274,0.1396437957
0.00142,0.00142,1.1961425097,0.2990356274,0.1950038968
0.00142,0.00142,1.1961425097,0.2990356274,0.2723108433
0.00142,0.00142,1.1961425097,0.2990356274,0.3802651977
0.00142,0.00142,1.1961425097,0.2990356274,0.5310167558
0.00142,0.00142,1.1961425097,0.2990356274,0.7415319537
0.00142,0.00142,1.1961425097,0.2990356274,1.0355033665
0.00142,0.00142,1.1961425097,0.2990356274,1.4460162057
0.00142,0.00142,1.1961425097,0.2990356274,2.0192719162
0.00142,0.00142,1.1961425097,0.2990356274,2.8197879494
0.00142,0.00142,1.1961425097,0.2990356274,3.9376589236
0.00142,0.00142,1.1961425097,0.2990356274,5.498696383
0.00142,0.00142,1.1961425097,0.2990356274,7.6785883437
0.00142,0.00142,1.1961425097,0.2990356274,10.7226722201
0.00142,0.00142,1.1961425097,0.2990356274,14.9735464897
0.00142,0.00142,1.1961425097,0.2990356274,20.9096286705
0.00142,0.00142,1.1961425097,0.2990356274,29.1989991443
0.00142,0.00142,1.1961425097,0.2990356274,40.7745907144
0.00142,0.00142,1.1961425097,0.2990356274,56.9391861586
0.00142,0.00142,1.1961425097,0.2990356274,79.5120407981
0.00142,0.00142,1.1961425097,0.2990356274,111.0336318168
0.00142,0.00142,1.1961425097,0.2990356274,155.0515779833
0.00142,0.00142,1.1961425097,0.2990356274,216.5199088036
0.00142,0.00142,1.1961425097,0.2990356274,302.3566191205
0.00142,0.00142,1.1961425097,0.2990356274,422.2222595195
0.00142,0.00142,1.1961425097,0.2990356274,589.6071895242
0.00142,0.00142,1.1961425097,0.2990356274,823.3498592289
0.00142,0.00142,1.1961425097,0.2990356274,1149.7569953977
0.00142,0.00142,1.1961425097,0.2990356274,1605.5643098112
0.00142,0.00142,1.1961425097,0.2990356274,2242.0709447806
0.00142,0.00142,1.1961425097,0.2990356274,3130.912969796
0.00142,0.00142,1.1961425097,0.2990356274,4372.1257113904
0.00142,0.00142,1.1961425097,0.2990356274,6105.4022965853
0.00142,0.00142,1.1961425097,0.3588427529,0.1
0.00142,0.00142,1.1961425097,0.3588427529,0.1396437957
0.00142,0.00142,1.1961425097,0.3588427529,0.1950038968
0.00142,0.00142,1.1961425097,0.3588427529,0.2723108433
0.00142,0.00142,1.1961425097,0.3588427529,0.3802651977
0.00142,0.00142,1.1961425097,0.3588427529,0.5310167558
0.00142,0.00142,1.1961425097,0.3588427529,0.7415319537
0.00142,0.00142,1.1961425097,0.3588427529,1.0355033665
0.00142,0.00142,1.1961425097,0.3588427529,1.4460162057
0.00142,0.00142,1.1961425097,0.3588427529,2.0192719162
0.00142,0.00142,1.1961425097,0.3588427529,2.8197879494
0.00142,0.00142,1.1961425097,0.3588427529,3.9376589236
0.00142,0.00142,1.1961425097,0.3588427529,5.498696383
0.00142,0.00142,1.1961425097,0.3588427529,7.6785883437
0.00142,0.00142,1.1961425097,0.3588427529,10.7226722201
0.00142,0.00142,1.1961425097,0.3588427529,14.9735464897
0.00142,0.00142,1.1961425097,0.3588427529,20.9096286705
0.00142,0.00142,1.1961425097,0.3588427529,29.1989991443
0.00142,0.00142,1.1961425097,0.3588427529,40.7745907144
0.00142,0.00142,1.1961425097,0.3588427529,56.9391861586
0.00142,0.00142,1.1961425097,0.3588427529,79.5120407981
0.00142,0.00142,1.1961425097,0.3588427529,111.0336318168
0.00142,0.00142,1.1961425097,0.3588427529,155.0515779833
0.00142,0.00142,1.1961425097,0.3588427529,216.5199088036
0.00142,0.00142,1.1961425097,0.3588427529,302.3566191205
0.00142,0.00142,1.1961425097,0.3588427529,422.2222595195
0.00142,0.00142,1.1961425097,0.3588427529,589.6071895242
0.00142,0.00142,1.1961425097,0.3588427529,823.3498592289
0.00142,0.00142,1.1961425097,0.3588427529,1149.7569953977
0.00142,0.00142,1.1961425097,0.3588427529,1605.5643098112
0.00142,0.00142,1.1961425097,0.3588427529,2242.0709447806
0.00142,0.00142,1.1961425097,0.3588427529,3130.912969796
0.00142,0.00142,1.1961425097,0.3588427529,4372.1257113904
0.00142,0.00142,1.1961425097,0.3588427529,6105.4022965853
0.00142,0.00142,1.1961425097,0.4186498784,0.1
0.00142,0.00142,1.1961425097,0.4186498784,0.1396437957
0.00142,0.00142,1.1961425097,0.4186498784,0.1950038968
0.00142,0.00142,1.1961425097,0.4186498784,0.2723108433
0.00142,0.00142,1.1961425097,0.4186498784,0.3802651977
0.00142,0.00142,1.1961425097,0.4186498784,0.5310167558
0.00142,0.00142,1.1961425097,0.4186498784,0.7415319537
0.00142,0.00142,1.1961425097,0.4186498784,1.0355033665
0.00142,0.00142,1.1961425097,0.4186498784,1.4460162057
0.00142,0.00142,1.1961425097,0.4186498784,2.0192719162
0.00142,0.00142,1.1961425097,0.4186498784,2.8197879494
