initial_z,Zbase,m1,m2,initial_period_in_days
0.00142,0.00142,0.2640834254,0.1056333702,0.1396437957
0.00142,0.00142,0.2640834254,0.1056333702,0.1950038968
0.00142,0.00142,0.2640834254,0.1056333702,0.2723108433
0.00142,0.00142,0.2640834254,0.1056333702,0.3802651977
0.00142,0.00142,0.2640834254,0.1056333702,0.5310167558
0.00142,0.00142,0.2640834254,0.1056333702,0.7415319537
0.00142,0.00142,0.2640834254,0.1056333702,1.0355033665
0.00142,0.00142,0.2640834254,0.1056333702,1.4460162057
0.00142,0.00142,0.2640834254,0.1056333702,2.0192719162
0.00142,0.00142,0.2640834254,0.1056333702,2.8197879494
0.00142,0.00142,0.2640834254,0.1056333702,3.9376589236
0.00142,0.00142,0.2640834254,0.1056333702,5.498696383
0.00142,0.00142,0.2640834254,0.1056333702,7.6785883437
0.00142,0.00142,0.2640834254,0.1056333702,10.7226722201
0.00142,0.00142,0.2640834254,0.1056333702,14.9735464897
0.00142,0.00142,0.2640834254,0.1056333702,20.9096286705
0.00142,0.00142,0.2640834254,0.1056333702,29.1989991443
0.00142,0.00142,0.2640834254,0.1056333702,40.7745907144
0.00142,0.00142,0.2640834254,0.1056333702,56.9391861586
0.00142,0.00142,0.2640834254,0.1056333702,79.5120407981
0.00142,0.00142,0.2640834254,0.1056333702,111.0336318168
0.00142,0.00142,0.2640834254,0.1056333702,155.0515779833
0.00142,0.00142,0.2640834254,0.1056333702,216.5199088036
0.00142,0.00142,0.2640834254,0.1056333702,302.3566191205
0.00142,0.00142,0.2640834254,0.1056333702,422.2222595195
0.00142,0.00142,0.2640834254,0.1056333702,589.6071895242
0.00142,0.00142,0.2640834254,0.1056333702,823.3498592289
0.00142,0.00142,0.2640834254,0.1056333702,1149.7569953977
0.00142,0.00142,0.2640834254,0.1056333702,1605.5643098112
0.00142,0.00142,0.2640834254,0.1056333702,2242.0709447806
0.00142,0.00142,0.2640834254,0.1056333702,3130.912969796
0.00142,0.00142,0.2640834254,0.1056333702,4372.1257113904
0.00142,0.00142,0.2640834254,0.1056333702,6105.4022965853
0.00142,0.00142,0.2640834254,0.1188375414,0.1
0.00142,0.00142,0.2640834254,0.1188375414,0.1396437957
0.00142,0.00142,0.2640834254,0.1188375414,0.1950038968
0.00142,0.00142,0.2640834254,0.1188375414,0.2723108433
0.00142,0.00142,0.2640834254,0.1188375414,0.3802651977
0.00142,0.00142,0.2640834254,0.1188375414,0.5310167558
0.00142,0.00142,0.2640834254,0.1188375414,0.7415319537
0.00142,0.00142,0.2640834254,0.1188375414,1.0355033665
0.00142,0.00142,0.2640834254,0.1188375414,1.4460162057
0.00142,0.00142,0.2640834254,0.1188375414,2.0192719162
0.00142,0.00142,0.2640834254,0.1188375414,2.8197879494
0.00142,0.00142,0.2640834254,0.1188375414,3.9376589236
0.00142,0.00142,0.2640834254,0.1188375414,5.498696383
0.00142,0.00142,0.2640834254,0.1188375414,7.6785883437
0.00142,0.00142,0.2640834254,0.1188375414,10.7226722201
0.00142,0.00142,0.2640834254,0.1188375414,14.9735464897
0.00142,0.00142,0.2640834254,0.1188375414,20.9096286705
0.00142,0.00142,0.2640834254,0.1188375414,29.1989991443
0.00142,0.00142,0.2640834254,0.1188375414,40.7745907144
0.00142,0.00142,0.2640834254,0.1188375414,56.9391861586
0.00142,0.00142,0.2640834254,0.1188375414,79.5120407981
0.00142,0.00142,0.2640834254,0.1188375414,111.0336318168
0.00142,0.00142,0.2640834254,0.1188375414,155.0515779833
0.00142,0.00142,0.2640834254,0.1188375414,216.5199088036
0.00142,0.00142,0.2640834254,0.1188375414,302.3566191205
0.00142,0.00142,0.2640834254,0.1188375414,422.2222595195
0.00142,0.00142,0.2640834254,0.1188375414,589.6071895242
0.00142,0.00142,0.2640834254,0.1188375414,823.3498592289
0.00142,0.00142,0.2640834254,0.1188375414,1149.7569953977
0.00142,0.00142,0.2640834254,0.1188375414,1605.5643098112
0.00142,0.00142,0.2640834254,0.1188375414,2242.0709447806
0.00142,0.00142,0.2640834254,0.1188375414,3130.912969796
0.00142,0.00142,0.2640834254,0.1188375414,4372.1257113904
0.00142,0.00142,0.2640834254,0.1188375414,6105.4022965853
0.00142,0.00142,0.2640834254,0.1320417127,0.1
0.00142,0.00142,0.2640834254,0.1320417127,0.1396437957
0.00142,0.00142,0.2640834254,0.1320417127,0.1950038968
0.00142,0.00142,0.2640834254,0.1320417127,0.2723108433
0.00142,0.00142,0.2640834254,0.1320417127,0.3802651977
0.00142,0.00142,0.2640834254,0.1320417127,0.5310167558
0.00142,0.00142,0.2640834254,0.1320417127,0.7415319537
0.00142,0.00142,0.2640834254,0.1320417127,1.0355033665
0.00142,0.00142,0.2640834254,0.1320417127,1.4460162057
0.00142,0.00142,0.2640834254,0.1320417127,2.0192719162
0.00142,0.00142,0.2640834254,0.1320417127,2.8197879494
0.00142,0.00142,0.2640834254,0.1320417127,3.9376589236
0.00142,0.00142,0.2640834254,0.1320417127,5.498696383
0.00142,0.00142,0.2640834254,0.1320417127,7.6785883437
0.00142,0.00142,0.2640834254,0.1320417127,10.7226722201
0.00142,0.00142,0.2640834254,0.1320417127,14.9735464897
0.00142,0.00142,0.2640834254,0.1320417127,20.9096286705
0.00142,0.00142,0.2640834254,0.1320417127,29.1989991443
0.00142,0.00142,0.2640834254,0.1320417127,40.7745907144
0.00142,0.00142,0.2640834254,0.1320417127,56.9391861586
0.00142,0.00142,0.2640834254,0.1320417127,79.5120407981
0.00142,0.00142,0.2640834254,0.1320417127,111.0336318168
0.00142,0.00142,0.2640834254,0.1320417127,155.0515779833
0.00142,0.00142,0.2640834254,0.1320417127,216.5199088036
0.00142,0.00142,0.2640834254,0.1320417127,302.3566191205
0.00142,0.00142,0.2640834254,0.1320417127,422.2222595195
0.00142,0.00142,0.2640834254,0.1320417127,589.6071895242
0.00142,0.00142,0.2640834254,0.1320417127,823.3498592289
0.00142,0.00142,0.2640834254,0.1320417127,1149.7569953977
0.00142,0.00142,0.2640834254,0.1320417127,1605.5643098112
0.00142,0.00142,0.2640834254,0.1320417127,2242.0709447806
0.00142,0.00142,0.2640834254,0.1320417127,3130.912969796
0.00142,0.00142,0.2640834254,0.1320417127,4372.1257113904
0.00142,0.00142,0.2640834254,0.1320417127,6105.4022965853
0.00142,0.00142,0.2640834254,0.145245884,0.1
0.00142,0.00142,0.2640834254,0.145245884,0.1396437957
0.00142,0.00142,0.2640834254,0.145245884,0.1950038968
0.00142,0.00142,0.2640834254,0.145245884,0.2723108433
0.00142,0.00142,0.2640834254,0.145245884,0.3802651977
0.00142,0.00142,0.2640834254,0.145245884,0.5310167558
0.00142,0.00142,0.2640834254,0.145245884,0.7415319537
0.00142,0.00142,0.2640834254,0.145245884,1.0355033665
0.00142,0.00142,0.2640834254,0.145245884,1.4460162057
0.00142,0.00142,0.2640834254,0.145245884,2.0192719162
0.00142,0.00142,0.2640834254,0.145245884,2.8197879494
0.00142,0.00142,0.2640834254,0.145245884,3.9376589236
0.00142,0.00142,0.2640834254,0.145245884,5.498696383
0.00142,0.00142,0.2640834254,0.145245884,7.6785883437
0.00142,0.00142,0.2640834254,0.145245884,10.7226722201
0.00142,0.00142,0.2640834254,0.145245884,14.9735464897
0.00142,0.00142,0.2640834254,0.145245884,20.9096286705
0.00142,0.00142,0.2640834254,0.145245884,29.1989991443
0.00142,0.00142,0.2640834254,0.145245884,40.7745907144
0.00142,0.00142,0.2640834254,0.145245884,56.9391861586
0.00142,0.00142,0.2640834254,0.145245884,79.5120407981
0.00142,0.00142,0.2640834254,0.145245884,111.0336318168
0.00142,0.00142,0.2640834254,0.145245884,155.0515779833
0.00142,0.00142,0.2640834254,0.145245884,216.5199088036
0.00142,0.00142,0.2640834254,0.145245884,302.3566191205
0.00142,0.00142,0.2640834254,0.145245884,422.2222595195
0.00142,0.00142,0.2640834254,0.145245884,589.6071895242
0.00142,0.00142,0.2640834254,0.145245884,823.3498592289
0.00142,0.00142,0.2640834254,0.145245884,1149.7569953977
0.00142,0.00142,0.2640834254,0.145245884,1605.5643098112
0.00142,0.00142,0.2640834254,0.145245884,2242.0709447806
0.00142,0.00142,0.2640834254,0.145245884,3130.912969796
0.00142,0.00142,0.2640834254,0.145245884,4372.1257113904
0.00142,0.00142,0.2640834254,0.145245884,6105.4022965853
0.00142,0.00142,0.2640834254,0.1584500553,0.1
0.00142,0.00142,0.2640834254,0.1584500553,0.1396437957
0.00142,0.00142,0.2640834254,0.1584500553,0.1950038968
0.00142,0.00142,0.2640834254,0.1584500553,0.2723108433
0.00142,0.00142,0.2640834254,0.1584500553,0.3802651977
0.00142,0.00142,0.2640834254,0.1584500553,0.5310167558
0.00142,0.00142,0.2640834254,0.1584500553,0.7415319537
0.00142,0.00142,0.2640834254,0.1584500553,1.0355033665
0.00142,0.00142,0.2640834254,0.1584500553,1.4460162057
0.00142,0.00142,0.2640834254,0.1584500553,2.0192719162
0.00142,0.00142,0.2640834254,0.1584500553,2.8197879494
0.00142,0.00142,0.2640834254,0.1584500553,3.9376589236
0.00142,0.00142,0.2640834254,0.1584500553,5.498696383
0.00142,0.00142,0.2640834254,0.1584500553,7.6785883437
0.00142,0.00142,0.2640834254,0.1584500553,10.7226722201
0.00142,0.00142,0.2640834254,0.1584500553,14.9735464897
0.00142,0.00142,0.2640834254,0.1584500553,20.9096286705
0.00142,0.00142,0.2640834254,0.1584500553,29.1989991443
0.00142,0.00142,0.2640834254,0.1584500553,40.7745907144
0.00142,0.00142,0.2640834254,0.1584500553,56.9391861586
0.00142,0.00142,0.2640834254,0.1584500553,79.5120407981
0.00142,0.00142,0.2640834254,0.1584500553,111.0336318168
0.00142,0.00142,0.2640834254,0.1584500553,155.0515779833
0.00142,0.00142,0.2640834254,0.1584500553,216.5199088036
0.00142,0.00142,0.2640834254,0.1584500553,302.3566191205
0.00142,0.00142,0.2640834254,0.1584500553,422.2222595195
0.00142,0.00142,0.2640834254,0.1584500553,589.6071895242
0.00142,0.00142,0.2640834254,0.1584500553,823.3498592289
0.00142,0.00142,0.2640834254,0.1584500553,1149.7569953977
0.00142,0.00142,0.2640834254,0.1584500553,1605.5643098112
0.00142,0.00142,0.2640834254,0.1584500553,2242.0709447806
0.00142,0.00142,0.2640834254,0.1584500553,3130.912969796
0.00142,0.00142,0.2640834254,0.1584500553,4372.1257113904
0.00142,0.00142,0.2640834254,0.1584500553,6105.4022965853
0.00142,0.00142,0.2640834254,0.1716542265,0.1
0.00142,0.00142,0.2640834254,0.1716542265,0.1396437957
0.00142,0.00142,0.2640834254,0.1716542265,0.1950038968
0.00142,0.00142,0.2640834254,0.1716542265,0.2723108433
0.00142,0.00142,0.2640834254,0.1716542265,0.3802651977
0.00142,0.00142,0.2640834254,0.1716542265,0.5310167558
0.00142,0.00142,0.2640834254,0.1716542265,0.7415319537
0.00142,0.00142,0.2640834254,0.1716542265,1.0355033665
0.00142,0.00142,0.2640834254,0.1716542265,1.4460162057
0.00142,0.00142,0.2640834254,0.1716542265,2.0192719162
0.00142,0.00142,0.2640834254,0.1716542265,2.8197879494
0.00142,0.00142,0.2640834254,0.1716542265,3.9376589236
0.00142,0.00142,0.2640834254,0.1716542265,5.498696383
0.00142,0.00142,0.2640834254,0.1716542265,7.6785883437
0.00142,0.00142,0.2640834254,0.1716542265,10.7226722201
0.00142,0.00142,0.2640834254,0.1716542265,14.9735464897
0.00142,0.00142,0.2640834254,0.1716542265,20.9096286705
0.00142,0.00142,0.2640834254,0.1716542265,29.1989991443
0.00142,0.00142,0.2640834254,0.1716542265,40.7745907144
0.00142,0.00142,0.2640834254,0.1716542265,56.9391861586
0.00142,0.00142,0.2640834254,0.1716542265,79.5120407981
0.00142,0.00142,0.2640834254,0.1716542265,111.0336318168
0.00142,0.00142,0.2640834254,0.1716542265,155.0515779833
0.00142,0.00142,0.2640834254,0.1716542265,216.5199088036
0.00142,0.00142,0.2640834254,0.1716542265,302.3566191205
0.00142,0.00142,0.2640834254,0.1716542265,422.2222595195
0.00142,0.00142,0.2640834254,0.1716542265,589.6071895242
0.00142,0.00142,0.2640834254,0.1716542265,823.3498592289
0.00142,0.00142,0.2640834254,0.1716542265,1149.7569953977
0.00142,0.00142,0.2640834254,0.1716542265,1605.5643098112
0.00142,0.00142,0.2640834254,0.1716542265,2242.0709447806
0.00142,0.00142,0.2640834254,0.1716542265,3130.912969796
0.00142,0.00142,0.2640834254,0.1716542265,4372.1257113904
0.00142,0.00142,0.2640834254,0.1716542265,6105.4022965853
0.00142,0.00142,0.2640834254,0.1848583978,0.1
0.00142,0.00142,0.2640834254,0.1848583978,0.1396437957
0.00142,0.00142,0.2640834254,0.1848583978,0.1950038968
0.00142,0.00142,0.2640834254,0.1848583978,0.2723108433
0.00142,0.00142,0.2640834254,0.1848583978,0.3802651977
0.00142,0.00142,0.2640834254,0.1848583978,0.5310167558
0.00142,0.00142,0.2640834254,0.1848583978,0.7415319537
0.00142,0.00142,0.2640834254,0.1848583978,1.0355033665
0.00142,0.00142,0.2640834254,0.1848583978,1.4460162057
0.00142,0.00142,0.2640834254,0.1848583978,2.0192719162
0.00142,0.00142,0.2640834254,0.1848583978,2.8197879494
0.00142,0.00142,0.2640834254,0.1848583978,3.9376589236
0.00142,0.00142,0.2640834254,0.1848583978,5.498696383
0.00142,0.00142,0.2640834254,0.1848583978,7.6785883437
0.00142,0.00142,0.2640834254,0.1848583978,10.7226722201
0.00142,0.00142,0.2640834254,0.1848583978,14.9735464897
0.00142,0.00142,0.2640834254,0.1848583978,20.9096286705
0.00142,0.00142,0.2640834254,0.1848583978,29.1989991443
0.00142,0.00142,0.2640834254,0.1848583978,40.7745907144
0.00142,0.00142,0.2640834254,0.1848583978,56.9391861586
0.00142,0.00142,0.2640834254,0.1848583978,79.5120407981
0.00142,0.00142,0.2640834254,0.1848583978,111.0336318168
0.00142,0.00142,0.2640834254,0.1848583978,155.0515779833
0.00142,0.00142,0.2640834254,0.1848583978,216.5199088036
0.00142,0.00142,0.2640834254,0.1848583978,302.3566191205
0.00142,0.00142,0.2640834254,0.1848583978,422.2222595195
0.00142,0.00142,0.2640834254,0.1848583978,589.6071895242
0.00142,0.00142,0.2640834254,0.1848583978,823.3498592289
0.00142,0.00142,0.2640834254,0.1848583978,1149.7569953977
0.00142,0.00142,0.2640834254,0.1848583978,1605.5643098112
0.00142,0.00142,0.2640834254,0.1848583978,2242.0709447806
0.00142,0.00142,0.2640834254,0.1848583978,3130.912969796
0.00142,0.00142,0.2640834254,0.1848583978,4372.1257113904
0.00142,0.00142,0.2640834254,0.1848583978,6105.4022965853
0.00142,0.00142,0.2640834254,0.1980625691,0.1
0.00142,0.00142,0.2640834254,0.1980625691,0.1396437957
0.00142,0.00142,0.2640834254,0.1980625691,0.1950038968
0.00142,0.00142,0.2640834254,0.1980625691,0.2723108433
0.00142,0.00142,0.2640834254,0.1980625691,0.3802651977
0.00142,0.00142,0.2640834254,0.1980625691,0.5310167558
0.00142,0.00142,0.2640834254,0.1980625691,0.7415319537
0.00142,0.00142,0.2640834254,0.1980625691,1.0355033665
0.00142,0.00142,0.2640834254,0.1980625691,1.4460162057
0.00142,0.00142,0.2640834254,0.1980625691,2.0192719162
0.00142,0.00142,0.2640834254,0.1980625691,2.8197879494
0.00142,0.00142,0.2640834254,0.1980625691,3.9376589236
0.00142,0.00142,0.2640834254,0.1980625691,5.498696383
0.00142,0.00142,0.2640834254,0.1980625691,7.6785883437
0.00142,0.00142,0.2640834254,0.1980625691,10.7226722201
0.00142,0.00142,0.2640834254,0.1980625691,14.9735464897
0.00142,0.00142,0.2640834254,0.1980625691,20.9096286705
0.00142,0.00142,0.2640834254,0.1980625691,29.1989991443
0.00142,0.00142,0.2640834254,0.1980625691,40.7745907144
0.00142,0.00142,0.2640834254,0.1980625691,56.9391861586
0.00142,0.00142,0.2640834254,0.1980625691,79.5120407981
0.00142,0.00142,0.2640834254,0.1980625691,111.0336318168
0.00142,0.00142,0.2640834254,0.1980625691,155.0515779833
0.00142,0.00142,0.2640834254,0.1980625691,216.5199088036
0.00142,0.00142,0.2640834254,0.1980625691,302.3566191205
0.00142,0.00142,0.2640834254,0.1980625691,422.2222595195
0.00142,0.00142,0.2640834254,0.1980625691,589.6071895242
0.00142,0.00142,0.2640834254,0.1980625691,823.3498592289
0.00142,0.00142,0.2640834254,0.1980625691,1149.7569953977
0.00142,0.00142,0.2640834254,0.1980625691,1605.5643098112
0.00142,0.00142,0.2640834254,0.1980625691,2242.0709447806
0.00142,0.00142,0.2640834254,0.1980625691,3130.912969796
0.00142,0.00142,0.2640834254,0.1980625691,4372.1257113904
0.00142,0.00142,0.2640834254,0.1980625691,6105.4022965853
0.00142,0.00142,0.2640834254,0.2112667403,0.1
0.00142,0.00142,0.2640834254,0.2112667403,0.1396437957
0.00142,0.00142,0.2640834254,0.2112667403,0.1950038968
0.00142,0.00142,0.2640834254,0.2112667403,0.2723108433
0.00142,0.00142,0.2640834254,0.2112667403,0.3802651977
0.00142,0.00142,0.2640834254,0.2112667403,0.5310167558
0.00142,0.00142,0.2640834254,0.2112667403,0.7415319537
0.00142,0.00142,0.2640834254,0.2112667403,1.0355033665
0.00142,0.00142,0.2640834254,0.2112667403,1.4460162057
0.00142,0.00142,0.2640834254,0.2112667403,2.0192719162
0.00142,0.00142,0.2640834254,0.2112667403,2.8197879494
0.00142,0.00142,0.2640834254,0.2112667403,3.9376589236
0.00142,0.00142,0.2640834254,0.2112667403,5.498696383
0.00142,0.00142,0.2640834254,0.2112667403,7.6785883437
0.00142,0.00142,0.2640834254,0.2112667403,10.7226722201
0.00142,0.00142,0.2640834254,0.2112667403,14.9735464897
0.00142,0.00142,0.2640834254,0.2112667403,20.9096286705
0.00142,0.00142,0.2640834254,0.2112667403,29.1989991443
0.00142,0.00142,0.2640834254,0.2112667403,40.7745907144
0.00142,0.00142,0.2640834254,0.2112667403,56.9391861586
0.00142,0.00142,0.2640834254,0.2112667403,79.5120407981
0.00142,0.00142,0.2640834254,0.2112667403,111.0336318168
0.00142,0.00142,0.2640834254,0.2112667403,155.0515779833
0.00142,0.00142,0.2640834254,0.2112667403,216.5199088036
0.00142,0.00142,0.2640834254,0.2112667403,302.3566191205
0.00142,0.00142,0.2640834254,0.2112667403,422.2222595195
0.00142,0.00142,0.2640834254,0.2112667403,589.6071895242
0.00142,0.00142,0.2640834254,0.2112667403,823.3498592289
0.00142,0.00142,0.2640834254,0.2112667403,1149.7569953977
0.00142,0.00142,0.2640834254,0.2112667403,1605.5643098112
0.00142,0.00142,0.2640834254,0.2112667403,2242.0709447806
0.00142,0.00142,0.2640834254,0.2112667403,3130.912969796
0.00142,0.00142,0.2640834254,0.2112667403,4372.1257113904
0.00142,0.00142,0.2640834254,0.2112667403,6105.4022965853
0.00142,0.00142,0.2640834254,0.2244709116,0.1
0.00142,0.00142,0.2640834254,0.2244709116,0.1396437957
0.00142,0.00142,0.2640834254,0.2244709116,0.1950038968
0.00142,0.00142,0.2640834254,0.2244709116,0.2723108433
0.00142,0.00142,0.2640834254,0.2244709116,0.3802651977
0.00142,0.00142,0.2640834254,0.2244709116,0.5310167558
0.00142,0.00142,0.2640834254,0.2244709116,0.7415319537
0.00142,0.00142,0.2640834254,0.2244709116,1.0355033665
0.00142,0.00142,0.2640834254,0.2244709116,1.4460162057
0.00142,0.00142,0.2640834254,0.2244709116,2.0192719162
0.00142,0.00142,0.2640834254,0.2244709116,2.8197879494
0.00142,0.00142,0.2640834254,0.2244709116,3.9376589236
0.00142,0.00142,0.2640834254,0.2244709116,5.498696383
0.00142,0.00142,0.2640834254,0.2244709116,7.6785883437
0.00142,0.00142,0.2640834254,0.2244709116,10.7226722201
0.00142,0.00142,0.2640834254,0.2244709116,14.9735464897
0.00142,0.00142,0.2640834254,0.2244709116,20.9096286705
0.00142,0.00142,0.2640834254,0.2244709116,29.1989991443
0.00142,0.00142,0.2640834254,0.2244709116,40.7745907144
0.00142,0.00142,0.2640834254,0.2244709116,56.9391861586
0.00142,0.00142,0.2640834254,0.2244709116,79.5120407981
0.00142,0.00142,0.2640834254,0.2244709116,111.0336318168
0.00142,0.00142,0.2640834254,0.2244709116,155.0515779833
0.00142,0.00142,0.2640834254,0.2244709116,216.5199088036
0.00142,0.00142,0.2640834254,0.2244709116,302.3566191205
0.00142,0.00142,0.2640834254,0.2244709116,422.2222595195
0.00142,0.00142,0.2640834254,0.2244709116,589.6071895242
0.00142,0.00142,0.2640834254,0.2244709116,823.3498592289
0.00142,0.00142,0.2640834254,0.2244709116,1149.7569953977
0.00142,0.00142,0.2640834254,0.2244709116,1605.5643098112
0.00142,0.00142,0.2640834254,0.2244709116,2242.0709447806
0.00142,0.00142,0.2640834254,0.2244709116,3130.912969796
0.00142,0.00142,0.2640834254,0.2244709116,4372.1257113904
0.00142,0.00142,0.2640834254,0.2244709116,6105.4022965853
0.00142,0.00142,0.2640834254,0.2376750829,0.1
0.00142,0.00142,0.2640834254,0.2376750829,0.1396437957
0.00142,0.00142,0.2640834254,0.2376750829,0.1950038968
0.00142,0.00142,0.2640834254,0.2376750829,0.2723108433
0.00142,0.00142,0.2640834254,0.2376750829,0.3802651977
0.00142,0.00142,0.2640834254,0.2376750829,0.5310167558
0.00142,0.00142,0.2640834254,0.2376750829,0.7415319537
0.00142,0.00142,0.2640834254,0.2376750829,1.0355033665
0.00142,0.00142,0.2640834254,0.2376750829,1.4460162057
0.00142,0.00142,0.2640834254,0.2376750829,2.0192719162
0.00142,0.00142,0.2640834254,0.2376750829,2.8197879494
0.00142,0.00142,0.2640834254,0.2376750829,3.9376589236
0.00142,0.00142,0.2640834254,0.2376750829,5.498696383
0.00142,0.00142,0.2640834254,0.2376750829,7.6785883437
0.00142,0.00142,0.2640834254,0.2376750829,10.7226722201
0.00142,0.00142,0.2640834254,0.2376750829,14.9735464897
0.00142,0.00142,0.2640834254,0.2376750829,20.9096286705
0.00142,0.00142,0.2640834254,0.2376750829,29.1989991443
0.00142,0.00142,0.2640834254,0.2376750829,40.7745907144
0.00142,0.00142,0.2640834254,0.2376750829,56.9391861586
0.00142,0.00142,0.2640834254,0.2376750829,79.5120407981
0.00142,0.00142,0.2640834254,0.2376750829,111.0336318168
0.00142,0.00142,0.2640834254,0.2376750829,155.0515779833
0.00142,0.00142,0.2640834254,0.2376750829,216.5199088036
0.00142,0.00142,0.2640834254,0.2376750829,302.3566191205
0.00142,0.00142,0.2640834254,0.2376750829,422.2222595195
0.00142,0.00142,0.2640834254,0.2376750829,589.6071895242
0.00142,0.00142,0.2640834254,0.2376750829,823.3498592289
0.00142,0.00142,0.2640834254,0.2376750829,1149.7569953977
0.00142,0.00142,0.2640834254,0.2376750829,1605.5643098112
0.00142,0.00142,0.2640834254,0.2376750829,2242.0709447806
0.00142,0.00142,0.2640834254,0.2376750829,3130.912969796
0.00142,0.00142,0.2640834254,0.2376750829,4372.1257113904
0.00142,0.00142,0.2640834254,0.2376750829,6105.4022965853
0.00142,0.00142,0.2640834254,0.2508792542,0.1
0.00142,0.00142,0.2640834254,0.2508792542,0.1396437957
0.00142,0.00142,0.2640834254,0.2508792542,0.1950038968
0.00142,0.00142,0.2640834254,0.2508792542,0.2723108433
0.00142,0.00142,0.2640834254,0.2508792542,0.3802651977
0.00142,0.00142,0.2640834254,0.2508792542,0.5310167558
0.00142,0.00142,0.2640834254,0.2508792542,0.7415319537
0.00142,0.00142,0.2640834254,0.2508792542,1.0355033665
0.00142,0.00142,0.2640834254,0.2508792542,1.4460162057
0.00142,0.00142,0.2640834254,0.2508792542,2.0192719162
0.00142,0.00142,0.2640834254,0.2508792542,2.8197879494
0.00142,0.00142,0.2640834254,0.2508792542,3.9376589236
0.00142,0.00142,0.2640834254,0.2508792542,5.498696383
0.00142,0.00142,0.2640834254,0.2508792542,7.6785883437
0.00142,0.00142,0.2640834254,0.2508792542,10.7226722201
0.00142,0.00142,0.2640834254,0.2508792542,14.9735464897
0.00142,0.00142,0.2640834254,0.2508792542,20.9096286705
0.00142,0.00142,0.2640834254,0.2508792542,29.1989991443
0.00142,0.00142,0.2640834254,0.2508792542,40.7745907144
0.00142,0.00142,0.2640834254,0.2508792542,56.9391861586
0.00142,0.00142,0.2640834254,0.2508792542,79.5120407981
0.00142,0.00142,0.2640834254,0.2508792542,111.0336318168
0.00142,0.00142,0.2640834254,0.2508792542,155.0515779833
0.00142,0.00142,0.2640834254,0.2508792542,216.5199088036
0.00142,0.00142,0.2640834254,0.2508792542,302.3566191205
0.00142,0.00142,0.2640834254,0.2508792542,422.2222595195
0.00142,0.00142,0.2640834254,0.2508792542,589.6071895242
0.00142,0.00142,0.2640834254,0.2508792542,823.3498592289
0.00142,0.00142,0.2640834254,0.2508792542,1149.7569953977
0.00142,0.00142,0.2640834254,0.2508792542,1605.5643098112
0.00142,0.00142,0.2640834254,0.2508792542,2242.0709447806
0.00142,0.00142,0.2640834254,0.2508792542,3130.912969796
0.00142,0.00142,0.2640834254,0.2508792542,4372.1257113904
0.00142,0.00142,0.2640834254,0.2508792542,6105.4022965853
0.00142,0.00142,0.2640834254,0.2614425912,0.1
0.00142,0.00142,0.2640834254,0.2614425912,0.1396437957
0.00142,0.00142,0.2640834254,0.2614425912,0.1950038968
0.00142,0.00142,0.2640834254,0.2614425912,0.2723108433
0.00142,0.00142,0.2640834254,0.2614425912,0.3802651977
0.00142,0.00142,0.2640834254,0.2614425912,0.5310167558
0.00142,0.00142,0.2640834254,0.2614425912,0.7415319537
0.00142,0.00142,0.2640834254,0.2614425912,1.0355033665
0.00142,0.00142,0.2640834254,0.2614425912,1.4460162057
0.00142,0.00142,0.2640834254,0.2614425912,2.0192719162
0.00142,0.00142,0.2640834254,0.2614425912,2.8197879494
0.00142,0.00142,0.2640834254,0.2614425912,3.9376589236
0.00142,0.00142,0.2640834254,0.2614425912,5.498696383
0.00142,0.00142,0.2640834254,0.2614425912,7.6785883437
0.00142,0.00142,0.2640834254,0.2614425912,10.7226722201
0.00142,0.00142,0.2640834254,0.2614425912,14.9735464897
0.00142,0.00142,0.2640834254,0.2614425912,20.9096286705
0.00142,0.00142,0.2640834254,0.2614425912,29.1989991443
0.00142,0.00142,0.2640834254,0.2614425912,40.7745907144
0.00142,0.00142,0.2640834254,0.2614425912,56.9391861586
0.00142,0.00142,0.2640834254,0.2614425912,79.5120407981
0.00142,0.00142,0.2640834254,0.2614425912,111.0336318168
0.00142,0.00142,0.2640834254,0.2614425912,155.0515779833
0.00142,0.00142,0.2640834254,0.2614425912,216.5199088036
0.00142,0.00142,0.2640834254,0.2614425912,302.3566191205
0.00142,0.00142,0.2640834254,0.2614425912,422.2222595195
0.00142,0.00142,0.2640834254,0.2614425912,589.6071895242
0.00142,0.00142,0.2640834254,0.2614425912,823.3498592289
0.00142,0.00142,0.2640834254,0.2614425912,1149.7569953977
0.00142,0.00142,0.2640834254,0.2614425912,1605.5643098112
0.00142,0.00142,0.2640834254,0.2614425912,2242.0709447806
0.00142,0.00142,0.2640834254,0.2614425912,3130.912969796
0.00142,0.00142,0.2640834254,0.2614425912,4372.1257113904
0.00142,0.00142,0.2640834254,0.2614425912,6105.4022965853
0.00142,0.00142,0.2941719584,0.1029601854,0.1
0.00142,0.00142,0.2941719584,0.1029601854,0.1396437957
0.00142,0.00142,0.2941719584,0.1029601854,0.1950038968
0.00142,0.00142,0.2941719584,0.1029601854,0.2723108433
0.00142,0.00142,0.2941719584,0.1029601854,0.3802651977
0.00142,0.00142,0.2941719584,0.1029601854,0.5310167558
0.00142,0.00142,0.2941719584,0.1029601854,0.7415319537
0.00142,0.00142,0.2941719584,0.1029601854,1.0355033665
0.00142,0.00142,0.2941719584,0.1029601854,1.4460162057
0.00142,0.00142,0.2941719584,0.1029601854,2.0192719162
0.00142,0.00142,0.2941719584,0.1029601854,2.8197879494
0.00142,0.00142,0.2941719584,0.1029601854,3.9376589236
0.00142,0.00142,0.2941719584,0.1029601854,5.498696383
0.00142,0.00142,0.2941719584,0.1029601854,7.6785883437
0.00142,0.00142,0.2941719584,0.1029601854,10.7226722201
0.00142,0.00142,0.2941719584,0.1029601854,14.9735464897
0.00142,0.00142,0.2941719584,0.1029601854,20.9096286705
0.00142,0.00142,0.2941719584,0.1029601854,29.1989991443
0.00142,0.00142,0.2941719584,0.1029601854,40.7745907144
0.00142,0.00142,0.2941719584,0.1029601854,56.9391861586
0.00142,0.00142,0.2941719584,0.1029601854,79.5120407981
0.00142,0.00142,0.2941719584,0.1029601854,111.0336318168
0.00142,0.00142,0.2941719584,0.1029601854,155.0515779833
0.00142,0.00142,0.2941719584,0.1029601854,216.5199088036
0.00142,0.00142,0.2941719584,0.1029601854,302.3566191205
0.00142,0.00142,0.2941719584,0.1029601854,422.2222595195
0.00142,0.00142,0.2941719584,0.1029601854,589.6071895242
0.00142,0.00142,0.2941719584,0.1029601854,823.3498592289
0.00142,0.00142,0.2941719584,0.1029601854,1149.7569953977
0.00142,0.00142,0.2941719584,0.1029601854,1605.5643098112
0.00142,0.00142,0.2941719584,0.1029601854,2242.0709447806
0.00142,0.00142,0.2941719584,0.1029601854,3130.912969796
0.00142,0.00142,0.2941719584,0.1029601854,4372.1257113904
0.00142,0.00142,0.2941719584,0.1029601854,6105.4022965853
0.00142,0.00142,0.2941719584,0.1176687834,0.1
0.00142,0.00142,0.2941719584,0.1176687834,0.1396437957
0.00142,0.00142,0.2941719584,0.1176687834,0.1950038968
0.00142,0.00142,0.2941719584,0.1176687834,0.2723108433
0.00142,0.00142,0.2941719584,0.1176687834,0.3802651977
0.00142,0.00142,0.2941719584,0.1176687834,0.5310167558
0.00142,0.00142,0.2941719584,0.1176687834,0.7415319537
0.00142,0.00142,0.2941719584,0.1176687834,1.0355033665
0.00142,0.00142,0.2941719584,0.1176687834,1.4460162057
0.00142,0.00142,0.2941719584,0.1176687834,2.0192719162
0.00142,0.00142,0.2941719584,0.1176687834,2.8197879494
0.00142,0.00142,0.2941719584,0.1176687834,3.9376589236
0.00142,0.00142,0.2941719584,0.1176687834,5.498696383
0.00142,0.00142,0.2941719584,0.1176687834,7.6785883437
0.00142,0.00142,0.2941719584,0.1176687834,10.7226722201
0.00142,0.00142,0.2941719584,0.1176687834,14.9735464897
0.00142,0.00142,0.2941719584,0.1176687834,20.9096286705
0.00142,0.00142,0.2941719584,0.1176687834,29.1989991443
0.00142,0.00142,0.2941719584,0.1176687834,40.7745907144
0.00142,0.00142,0.2941719584,0.1176687834,56.9391861586
0.00142,0.00142,0.2941719584,0.1176687834,79.5120407981
0.00142,0.00142,0.2941719584,0.1176687834,111.0336318168
0.00142,0.00142,0.2941719584,0.1176687834,155.0515779833
0.00142,0.00142,0.2941719584,0.1176687834,216.5199088036
0.00142,0.00142,0.2941719584,0.1176687834,302.3566191205
0.00142,0.00142,0.2941719584,0.1176687834,422.2222595195
0.00142,0.00142,0.2941719584,0.1176687834,589.6071895242
0.00142,0.00142,0.2941719584,0.1176687834,823.3498592289
0.00142,0.00142,0.2941719584,0.1176687834,1149.7569953977
0.00142,0.00142,0.2941719584,0.1176687834,1605.5643098112
0.00142,0.00142,0.2941719584,0.1176687834,2242.0709447806
0.00142,0.00142,0.2941719584,0.1176687834,3130.912969796
0.00142,0.00142,0.2941719584,0.1176687834,4372.1257113904
0.00142,0.00142,0.2941719584,0.1176687834,6105.4022965853
0.00142,0.00142,0.2941719584,0.1323773813,0.1
0.00142,0.00142,0.2941719584,0.1323773813,0.1396437957
0.00142,0.00142,0.2941719584,0.1323773813,0.1950038968
0.00142,0.00142,0.2941719584,0.1323773813,0.2723108433
0.00142,0.00142,0.2941719584,0.1323773813,0.3802651977
0.00142,0.00142,0.2941719584,0.1323773813,0.5310167558
0.00142,0.00142,0.2941719584,0.1323773813,0.7415319537
0.00142,0.00142,0.2941719584,0.1323773813,1.0355033665
0.00142,0.00142,0.2941719584,0.1323773813,1.4460162057
0.00142,0.00142,0.2941719584,0.1323773813,2.0192719162
0.00142,0.00142,0.2941719584,0.1323773813,2.8197879494
0.00142,0.00142,0.2941719584,0.1323773813,3.9376589236
0.00142,0.00142,0.2941719584,0.1323773813,5.498696383
0.00142,0.00142,0.2941719584,0.1323773813,7.6785883437
0.00142,0.00142,0.2941719584,0.1323773813,10.7226722201
0.00142,0.00142,0.2941719584,0.1323773813,14.9735464897
0.00142,0.00142,0.2941719584,0.1323773813,20.9096286705
0.00142,0.00142,0.2941719584,0.1323773813,29.1989991443
0.00142,0.00142,0.2941719584,0.1323773813,40.7745907144
0.00142,0.00142,0.2941719584,0.1323773813,56.9391861586
0.00142,0.00142,0.2941719584,0.1323773813,79.5120407981
0.00142,0.00142,0.2941719584,0.1323773813,111.0336318168
0.00142,0.00142,0.2941719584,0.1323773813,155.0515779833
0.00142,0.00142,0.2941719584,0.1323773813,216.5199088036
0.00142,0.00142,0.2941719584,0.1323773813,302.3566191205
0.00142,0.00142,0.2941719584,0.1323773813,422.2222595195
0.00142,0.00142,0.2941719584,0.1323773813,589.6071895242
0.00142,0.00142,0.2941719584,0.1323773813,823.3498592289
0.00142,0.00142,0.2941719584,0.1323773813,1149.7569953977
0.00142,0.00142,0.2941719584,0.1323773813,1605.5643098112
0.00142,0.00142,0.2941719584,0.1323773813,2242.0709447806
0.00142,0.00142,0.2941719584,0.1323773813,3130.912969796
0.00142,0.00142,0.2941719584,0.1323773813,4372.1257113904
0.00142,0.00142,0.2941719584,0.1323773813,6105.4022965853
0.00142,0.00142,0.2941719584,0.1470859792,0.1
0.00142,0.00142,0.2941719584,0.1470859792,0.1396437957
0.00142,0.00142,0.2941719584,0.1470859792,0.1950038968
0.00142,0.00142,0.2941719584,0.1470859792,0.2723108433
0.00142,0.00142,0.2941719584,0.1470859792,0.3802651977
0.00142,0.00142,0.2941719584,0.1470859792,0.5310167558
0.00142,0.00142,0.2941719584,0.1470859792,0.7415319537
0.00142,0.00142,0.2941719584,0.1470859792,1.0355033665
0.00142,0.00142,0.2941719584,0.1470859792,1.4460162057
0.00142,0.00142,0.2941719584,0.1470859792,2.0192719162
0.00142,0.00142,0.2941719584,0.1470859792,2.8197879494
0.00142,0.00142,0.2941719584,0.1470859792,3.9376589236
0.00142,0.00142,0.2941719584,0.1470859792,5.498696383
0.00142,0.00142,0.2941719584,0.1470859792,7.6785883437
0.00142,0.00142,0.2941719584,0.1470859792,10.7226722201
0.00142,0.00142,0.2941719584,0.1470859792,14.9735464897
0.00142,0.00142,0.2941719584,0.1470859792,20.9096286705
0.00142,0.00142,0.2941719584,0.1470859792,29.1989991443
0.00142,0.00142,0.2941719584,0.1470859792,40.7745907144
0.00142,0.00142,0.2941719584,0.1470859792,56.9391861586
0.00142,0.00142,0.2941719584,0.1470859792,79.5120407981
0.00142,0.00142,0.2941719584,0.1470859792,111.0336318168
0.00142,0.00142,0.2941719584,0.1470859792,155.0515779833
0.00142,0.00142,0.2941719584,0.1470859792,216.5199088036
0.00142,0.00142,0.2941719584,0.1470859792,302.3566191205
0.00142,0.00142,0.2941719584,0.1470859792,422.2222595195
0.00142,0.00142,0.2941719584,0.1470859792,589.6071895242
0.00142,0.00142,0.2941719584,0.1470859792,823.3498592289
0.00142,0.00142,0.2941719584,0.1470859792,1149.7569953977
0.00142,0.00142,0.2941719584,0.1470859792,1605.5643098112
0.00142,0.00142,0.2941719584,0.1470859792,2242.0709447806
0.00142,0.00142,0.2941719584,0.1470859792,3130.912969796
0.00142,0.00142,0.2941719584,0.1470859792,4372.1257113904
0.00142,0.00142,0.2941719584,0.1470859792,6105.4022965853
0.00142,0.00142,0.2941719584,0.1617945771,0.1
0.00142,0.00142,0.2941719584,0.1617945771,0.1396437957
0.00142,0.00142,0.2941719584,0.1617945771,0.1950038968
0.00142,0.00142,0.2941719584,0.1617945771,0.2723108433
0.00142,0.00142,0.2941719584,0.1617945771,0.3802651977
0.00142,0.00142,0.2941719584,0.1617945771,0.5310167558
0.00142,0.00142,0.2941719584,0.1617945771,0.7415319537
0.00142,0.00142,0.2941719584,0.1617945771,1.0355033665
0.00142,0.00142,0.2941719584,0.1617945771,1.4460162057
0.00142,0.00142,0.2941719584,0.1617945771,2.0192719162
0.00142,0.00142,0.2941719584,0.1617945771,2.8197879494
0.00142,0.00142,0.2941719584,0.1617945771,3.9376589236
0.00142,0.00142,0.2941719584,0.1617945771,5.498696383
0.00142,0.00142,0.2941719584,0.1617945771,7.6785883437
0.00142,0.00142,0.2941719584,0.1617945771,10.7226722201
0.00142,0.00142,0.2941719584,0.1617945771,14.9735464897
0.00142,0.00142,0.2941719584,0.1617945771,20.9096286705
0.00142,0.00142,0.2941719584,0.1617945771,29.1989991443
0.00142,0.00142,0.2941719584,0.1617945771,40.7745907144
0.00142,0.00142,0.2941719584,0.1617945771,56.9391861586
0.00142,0.00142,0.2941719584,0.1617945771,79.5120407981
0.00142,0.00142,0.2941719584,0.1617945771,111.0336318168
0.00142,0.00142,0.2941719584,0.1617945771,155.0515779833
0.00142,0.00142,0.2941719584,0.1617945771,216.5199088036
0.00142,0.00142,0.2941719584,0.1617945771,302.3566191205
0.00142,0.00142,0.2941719584,0.1617945771,422.2222595195
0.00142,0.00142,0.2941719584,0.1617945771,589.6071895242
0.00142,0.00142,0.2941719584,0.1617945771,823.3498592289
0.00142,0.00142,0.2941719584,0.1617945771,1149.7569953977
0.00142,0.00142,0.2941719584,0.1617945771,1605.5643098112
0.00142,0.00142,0.2941719584,0.1617945771,2242.0709447806
0.00142,0.00142,0.2941719584,0.1617945771,3130.912969796
0.00142,0.00142,0.2941719584,0.1617945771,4372.1257113904
0.00142,0.00142,0.2941719584,0.1617945771,6105.4022965853
0.00142,0.00142,0.2941719584,0.176503175,0.1
0.00142,0.00142,0.2941719584,0.176503175,0.1396437957
0.00142,0.00142,0.2941719584,0.176503175,0.1950038968
0.00142,0.00142,0.2941719584,0.176503175,0.2723108433
0.00142,0.00142,0.2941719584,0.176503175,0.3802651977
0.00142,0.00142,0.2941719584,0.176503175,0.5310167558
0.00142,0.00142,0.2941719584,0.176503175,0.7415319537
0.00142,0.00142,0.2941719584,0.176503175,1.0355033665
0.00142,0.00142,0.2941719584,0.176503175,1.4460162057
0.00142,0.00142,0.2941719584,0.176503175,2.0192719162
0.00142,0.00142,0.2941719584,0.176503175,2.8197879494
0.00142,0.00142,0.2941719584,0.176503175,3.9376589236
0.00142,0.00142,0.2941719584,0.176503175,5.498696383
0.00142,0.00142,0.2941719584,0.176503175,7.6785883437
0.00142,0.00142,0.2941719584,0.176503175,10.7226722201
0.00142,0.00142,0.2941719584,0.176503175,14.9735464897
0.00142,0.00142,0.2941719584,0.176503175,20.9096286705
0.00142,0.00142,0.2941719584,0.176503175,29.1989991443
0.00142,0.00142,0.2941719584,0.176503175,40.7745907144
0.00142,0.00142,0.2941719584,0.176503175,56.9391861586
0.00142,0.00142,0.2941719584,0.176503175,79.5120407981
0.00142,0.00142,0.2941719584,0.176503175,111.0336318168
0.00142,0.00142,0.2941719584,0.176503175,155.0515779833
0.00142,0.00142,0.2941719584,0.176503175,216.5199088036
0.00142,0.00142,0.2941719584,0.176503175,302.3566191205
0.00142,0.00142,0.2941719584,0.176503175,422.2222595195
0.00142,0.00142,0.2941719584,0.176503175,589.6071895242
0.00142,0.00142,0.2941719584,0.176503175,823.3498592289
0.00142,0.00142,0.2941719584,0.176503175,1149.7569953977
0.00142,0.00142,0.2941719584,0.176503175,1605.5643098112
0.00142,0.00142,0.2941719584,0.176503175,2242.0709447806
0.00142,0.00142,0.2941719584,0.176503175,3130.912969796
0.00142,0.00142,0.2941719584,0.176503175,4372.1257113904
0.00142,0.00142,0.2941719584,0.176503175,6105.4022965853
0.00142,0.00142,0.2941719584,0.191211773,0.1
0.00142,0.00142,0.2941719584,0.191211773,0.1396437957
0.00142,0.00142,0.2941719584,0.191211773,0.1950038968
0.00142,0.00142,0.2941719584,0.191211773,0.2723108433
0.00142,0.00142,0.2941719584,0.191211773,0.3802651977
0.00142,0.00142,0.2941719584,0.191211773,0.5310167558
0.00142,0.00142,0.2941719584,0.191211773,0.7415319537
0.00142,0.00142,0.2941719584,0.191211773,1.0355033665
0.00142,0.00142,0.2941719584,0.191211773,1.4460162057
0.00142,0.00142,0.2941719584,0.191211773,2.0192719162
0.00142,0.00142,0.2941719584,0.191211773,2.8197879494
0.00142,0.00142,0.2941719584,0.191211773,3.9376589236
0.00142,0.00142,0.2941719584,0.191211773,5.498696383
0.00142,0.00142,0.2941719584,0.191211773,7.6785883437
0.00142,0.00142,0.2941719584,0.191211773,10.7226722201
0.00142,0.00142,0.2941719584,0.191211773,14.9735464897
0.00142,0.00142,0.2941719584,0.191211773,20.9096286705
0.00142,0.00142,0.2941719584,0.191211773,29.1989991443
0.00142,0.00142,0.2941719584,0.191211773,40.7745907144
0.00142,0.00142,0.2941719584,0.191211773,56.9391861586
0.00142,0.00142,0.2941719584,0.191211773,79.5120407981
0.00142,0.00142,0.2941719584,0.191211773,111.0336318168
0.00142,0.00142,0.2941719584,0.191211773,155.0515779833
0.00142,0.00142,0.2941719584,0.191211773,216.5199088036
0.00142,0.00142,0.2941719584,0.191211773,302.3566191205
0.00142,0.00142,0.2941719584,0.191211773,422.2222595195
0.00142,0.00142,0.2941719584,0.191211773,589.6071895242
0.00142,0.00142,0.2941719584,0.191211773,823.3498592289
0.00142,0.00142,0.2941719584,0.191211773,1149.7569953977
0.00142,0.00142,0.2941719584,0.191211773,1605.5643098112
0.00142,0.00142,0.2941719584,0.191211773,2242.0709447806
0.00142,0.00142,0.2941719584,0.191211773,3130.912969796
0.00142,0.00142,0.2941719584,0.191211773,4372.1257113904
0.00142,0.00142,0.2941719584,0.191211773,6105.4022965853
0.00142,0.00142,0.2941719584,0.2059203709,0.1
0.00142,0.00142,0.2941719584,0.2059203709,0.1396437957
0.00142,0.00142,0.2941719584,0.2059203709,0.1950038968
0.00142,0.00142,0.2941719584,0.2059203709,0.2723108433
0.00142,0.00142,0.2941719584,0.2059203709,0.3802651977
0.00142,0.00142,0.2941719584,0.2059203709,0.5310167558
0.00142,0.00142,0.2941719584,0.2059203709,0.7415319537
0.00142,0.00142,0.2941719584,0.2059203709,1.0355033665
0.00142,0.00142,0.2941719584,0.2059203709,1.4460162057
0.00142,0.00142,0.2941719584,0.2059203709,2.0192719162
0.00142,0.00142,0.2941719584,0.2059203709,2.8197879494
0.00142,0.00142,0.2941719584,0.2059203709,3.9376589236
0.00142,0.00142,0.2941719584,0.2059203709,5.498696383
0.00142,0.00142,0.2941719584,0.2059203709,7.6785883437
0.00142,0.00142,0.2941719584,0.2059203709,10.7226722201
0.00142,0.00142,0.2941719584,0.2059203709,14.9735464897
0.00142,0.00142,0.2941719584,0.2059203709,20.9096286705
0.00142,0.00142,0.2941719584,0.2059203709,29.1989991443
0.00142,0.00142,0.2941719584,0.2059203709,40.7745907144
0.00142,0.00142,0.2941719584,0.2059203709,56.9391861586
0.00142,0.00142,0.2941719584,0.2059203709,79.5120407981
0.00142,0.00142,0.2941719584,0.2059203709,111.0336318168
0.00142,0.00142,0.2941719584,0.2059203709,155.0515779833
0.00142,0.00142,0.2941719584,0.2059203709,216.5199088036
0.00142,0.00142,0.2941719584,0.2059203709,302.3566191205
0.00142,0.00142,0.2941719584,0.2059203709,422.2222595195
0.00142,0.00142,0.2941719584,0.2059203709,589.6071895242
0.00142,0.00142,0.2941719584,0.2059203709,823.3498592289
0.00142,0.00142,0.2941719584,0.2059203709,1149.7569953977
0.00142,0.00142,0.2941719584,0.2059203709,1605.5643098112
0.00142,0.00142,0.2941719584,0.2059203709,2242.0709447806
0.00142,0.00142,0.2941719584,0.2059203709,3130.912969796
0.00142,0.00142,0.2941719584,0.2059203709,4372.1257113904
0.00142,0.00142,0.2941719584,0.2059203709,6105.4022965853
0.00142,0.00142,0.2941719584,0.2206289688,0.1
0.00142,0.00142,0.2941719584,0.2206289688,0.1396437957
0.00142,0.00142,0.2941719584,0.2206289688,0.1950038968
0.00142,0.00142,0.2941719584,0.2206289688,0.2723108433
0.00142,0.00142,0.2941719584,0.2206289688,0.3802651977
0.00142,0.00142,0.2941719584,0.2206289688,0.5310167558
0.00142,0.00142,0.2941719584,0.2206289688,0.7415319537
0.00142,0.00142,0.2941719584,0.2206289688,1.0355033665
0.00142,0.00142,0.2941719584,0.2206289688,1.4460162057
0.00142,0.00142,0.2941719584,0.2206289688,2.0192719162
0.00142,0.00142,0.2941719584,0.2206289688,2.8197879494
0.00142,0.00142,0.2941719584,0.2206289688,3.9376589236
0.00142,0.00142,0.2941719584,0.2206289688,5.498696383
0.00142,0.00142,0.2941719584,0.2206289688,7.6785883437
0.00142,0.00142,0.2941719584,0.2206289688,10.7226722201
0.00142,0.00142,0.2941719584,0.2206289688,14.9735464897
0.00142,0.00142,0.2941719584,0.2206289688,20.9096286705
0.00142,0.00142,0.2941719584,0.2206289688,29.1989991443
0.00142,0.00142,0.2941719584,0.2206289688,40.7745907144
0.00142,0.00142,0.2941719584,0.2206289688,56.9391861586
0.00142,0.00142,0.2941719584,0.2206289688,79.5120407981
0.00142,0.00142,0.2941719584,0.2206289688,111.0336318168
0.00142,0.00142,0.2941719584,0.2206289688,155.0515779833
0.00142,0.00142,0.2941719584,0.2206289688,216.5199088036
0.00142,0.00142,0.2941719584,0.2206289688,302.3566191205
0.00142,0.00142,0.2941719584,0.2206289688,422.2222595195
0.00142,0.00142,0.2941719584,0.2206289688,589.6071895242
0.00142,0.00142,0.2941719584,0.2206289688,823.3498592289
0.00142,0.00142,0.2941719584,0.2206289688,1149.7569953977
0.00142,0.00142,0.2941719584,0.2206289688,1605.5643098112
0.00142,0.00142,0.2941719584,0.2206289688,2242.0709447806
0.00142,0.00142,0.2941719584,0.2206289688,3130.912969796
0.00142,0.00142,0.2941719584,0.2206289688,4372.1257113904
0.00142,0.00142,0.2941719584,0.2206289688,6105.4022965853
0.00142,0.00142,0.2941719584,0.2353375667,0.1
0.00142,0.00142,0.2941719584,0.2353375667,0.1396437957
0.00142,0.00142,0.2941719584,0.2353375667,0.1950038968
0.00142,0.00142,0.2941719584,0.2353375667,0.2723108433
0.00142,0.00142,0.2941719584,0.2353375667,0.3802651977
0.00142,0.00142,0.2941719584,0.2353375667,0.5310167558
0.00142,0.00142,0.2941719584,0.2353375667,0.7415319537
0.00142,0.00142,0.2941719584,0.2353375667,1.0355033665
0.00142,0.00142,0.2941719584,0.2353375667,1.4460162057
0.00142,0.00142,0.2941719584,0.2353375667,2.0192719162
0.00142,0.00142,0.2941719584,0.2353375667,2.8197879494
0.00142,0.00142,0.2941719584,0.2353375667,3.9376589236
0.00142,0.00142,0.2941719584,0.2353375667,5.498696383
0.00142,0.00142,0.2941719584,0.2353375667,7.6785883437
0.00142,0.00142,0.2941719584,0.2353375667,10.7226722201
0.00142,0.00142,0.2941719584,0.2353375667,14.9735464897
0.00142,0.00142,0.2941719584,0.2353375667,20.9096286705
0.00142,0.00142,0.2941719584,0.2353375667,29.1989991443
0.00142,0.00142,0.2941719584,0.2353375667,40.7745907144
0.00142,0.00142,0.2941719584,0.2353375667,56.9391861586
0.00142,0.00142,0.2941719584,0.2353375667,79.5120407981
0.00142,0.00142,0.2941719584,0.2353375667,111.0336318168
0.00142,0.00142,0.2941719584,0.2353375667,155.0515779833
0.00142,0.00142,0.2941719584,0.2353375667,216.5199088036
0.00142,0.00142,0.2941719584,0.2353375667,302.3566191205
0.00142,0.00142,0.2941719584,0.2353375667,422.2222595195
0.00142,0.00142,0.2941719584,0.2353375667,589.6071895242
0.00142,0.00142,0.2941719584,0.2353375667,823.3498592289
0.00142,0.00142,0.2941719584,0.2353375667,1149.7569953977
0.00142,0.00142,0.2941719584,0.2353375667,1605.5643098112
0.00142,0.00142,0.2941719584,0.2353375667,2242.0709447806
0.00142,0.00142,0.2941719584,0.2353375667,3130.912969796
0.00142,0.00142,0.2941719584,0.2353375667,4372.1257113904
0.00142,0.00142,0.2941719584,0.2353375667,6105.4022965853
0.00142,0.00142,0.2941719584,0.2500461646,0.1
0.00142,0.00142,0.2941719584,0.2500461646,0.1396437957
0.00142,0.00142,0.2941719584,0.2500461646,0.1950038968
0.00142,0.00142,0.2941719584,0.2500461646,0.2723108433
0.00142,0.00142,0.2941719584,0.2500461646,0.3802651977
0.00142,0.00142,0.2941719584,0.2500461646,0.5310167558
0.00142,0.00142,0.2941719584,0.2500461646,0.7415319537
0.00142,0.00142,0.2941719584,0.2500461646,1.0355033665
0.00142,0.00142,0.2941719584,0.2500461646,1.4460162057
0.00142,0.00142,0.2941719584,0.2500461646,2.0192719162
0.00142,0.00142,0.2941719584,0.2500461646,2.8197879494
0.00142,0.00142,0.2941719584,0.2500461646,3.9376589236
0.00142,0.00142,0.2941719584,0.2500461646,5.498696383
0.00142,0.00142,0.2941719584,0.2500461646,7.6785883437
0.00142,0.00142,0.2941719584,0.2500461646,10.7226722201
0.00142,0.00142,0.2941719584,0.2500461646,14.9735464897
0.00142,0.00142,0.2941719584,0.2500461646,20.9096286705
0.00142,0.00142,0.2941719584,0.2500461646,29.1989991443
0.00142,0.00142,0.2941719584,0.2500461646,40.7745907144
0.00142,0.00142,0.2941719584,0.2500461646,56.9391861586
0.00142,0.00142,0.2941719584,0.2500461646,79.5120407981
0.00142,0.00142,0.2941719584,0.2500461646,111.0336318168
0.00142,0.00142,0.2941719584,0.2500461646,155.0515779833
0.00142,0.00142,0.2941719584,0.2500461646,216.5199088036
0.00142,0.00142,0.2941719584,0.2500461646,302.3566191205
0.00142,0.00142,0.2941719584,0.2500461646,422.2222595195
0.00142,0.00142,0.2941719584,0.2500461646,589.6071895242
0.00142,0.00142,0.2941719584,0.2500461646,823.3498592289
0.00142,0.00142,0.2941719584,0.2500461646,1149.7569953977
0.00142,0.00142,0.2941719584,0.2500461646,1605.5643098112
0.00142,0.00142,0.2941719584,0.2500461646,2242.0709447806
0.00142,0.00142,0.2941719584,0.2500461646,3130.912969796
0.00142,0.00142,0.2941719584,0.2500461646,4372.1257113904
0.00142,0.00142,0.2941719584,0.2500461646,6105.4022965853
0.00142,0.00142,0.2941719584,0.2647547626,0.1
0.00142,0.00142,0.2941719584,0.2647547626,0.1396437957
0.00142,0.00142,0.2941719584,0.2647547626,0.1950038968
0.00142,0.00142,0.2941719584,0.2647547626,0.2723108433
0.00142,0.00142,0.2941719584,0.2647547626,0.3802651977
0.00142,0.00142,0.2941719584,0.2647547626,0.5310167558
0.00142,0.00142,0.2941719584,0.2647547626,0.7415319537
0.00142,0.00142,0.2941719584,0.2647547626,1.0355033665
0.00142,0.00142,0.2941719584,0.2647547626,1.4460162057
0.00142,0.00142,0.2941719584,0.2647547626,2.0192719162
0.00142,0.00142,0.2941719584,0.2647547626,2.8197879494
0.00142,0.00142,0.2941719584,0.2647547626,3.9376589236
0.00142,0.00142,0.2941719584,0.2647547626,5.498696383
0.00142,0.00142,0.2941719584,0.2647547626,7.6785883437
0.00142,0.00142,0.2941719584,0.2647547626,10.7226722201
0.00142,0.00142,0.2941719584,0.2647547626,14.9735464897
0.00142,0.00142,0.2941719584,0.2647547626,20.9096286705
0.00142,0.00142,0.2941719584,0.2647547626,29.1989991443
0.00142,0.00142,0.2941719584,0.2647547626,40.7745907144
0.00142,0.00142,0.2941719584,0.2647547626,56.9391861586
0.00142,0.00142,0.2941719584,0.2647547626,79.5120407981
0.00142,0.00142,0.2941719584,0.2647547626,111.0336318168
0.00142,0.00142,0.2941719584,0.2647547626,155.0515779833
0.00142,0.00142,0.2941719584,0.2647547626,216.5199088036
0.00142,0.00142,0.2941719584,0.2647547626,302.3566191205
0.00142,0.00142,0.2941719584,0.2647547626,422.2222595195
0.00142,0.00142,0.2941719584,0.2647547626,589.6071895242
0.00142,0.00142,0.2941719584,0.2647547626,823.3498592289
0.00142,0.00142,0.2941719584,0.2647547626,1149.7569953977
0.00142,0.00142,0.2941719584,0.2647547626,1605.5643098112
0.00142,0.00142,0.2941719584,0.2647547626,2242.0709447806
0.00142,0.00142,0.2941719584,0.2647547626,3130.912969796
0.00142,0.00142,0.2941719584,0.2647547626,4372.1257113904
0.00142,0.00142,0.2941719584,0.2647547626,6105.4022965853
0.00142,0.00142,0.2941719584,0.2794633605,0.1
0.00142,0.00142,0.2941719584,0.2794633605,0.1396437957
0.00142,0.00142,0.2941719584,0.2794633605,0.1950038968
0.00142,0.00142,0.2941719584,0.2794633605,0.2723108433
0.00142,0.00142,0.2941719584,0.2794633605,0.3802651977
0.00142,0.00142,0.2941719584,0.2794633605,0.5310167558
0.00142,0.00142,0.2941719584,0.2794633605,0.7415319537
0.00142,0.00142,0.2941719584,0.2794633605,1.0355033665
0.00142,0.00142,0.2941719584,0.2794633605,1.4460162057
0.00142,0.00142,0.2941719584,0.2794633605,2.0192719162
0.00142,0.00142,0.2941719584,0.2794633605,2.8197879494
0.00142,0.00142,0.2941719584,0.2794633605,3.9376589236
0.00142,0.00142,0.2941719584,0.2794633605,5.498696383
0.00142,0.00142,0.2941719584,0.2794633605,7.6785883437
0.00142,0.00142,0.2941719584,0.2794633605,10.7226722201
0.00142,0.00142,0.2941719584,0.2794633605,14.9735464897
0.00142,0.00142,0.2941719584,0.2794633605,20.9096286705
0.00142,0.00142,0.2941719584,0.2794633605,29.1989991443
0.00142,0.00142,0.2941719584,0.2794633605,40.7745907144
0.00142,0.00142,0.2941719584,0.2794633605,56.9391861586
0.00142,0.00142,0.2941719584,0.2794633605,79.5120407981
0.00142,0.00142,0.2941719584,0.2794633605,111.0336318168
0.00142,0.00142,0.2941719584,0.2794633605,155.0515779833
0.00142,0.00142,0.2941719584,0.2794633605,216.5199088036
0.00142,0.00142,0.2941719584,0.2794633605,302.3566191205
0.00142,0.00142,0.2941719584,0.2794633605,422.2222595195
0.00142,0.00142,0.2941719584,0.2794633605,589.6071895242
0.00142,0.00142,0.2941719584,0.2794633605,823.3498592289
0.00142,0.00142,0.2941719584,0.2794633605,1149.7569953977
0.00142,0.00142,0.2941719584,0.2794633605,1605.5643098112
0.00142,0.00142,0.2941719584,0.2794633605,2242.0709447806
0.00142,0.00142,0.2941719584,0.2794633605,3130.912969796
0.00142,0.00142,0.2941719584,0.2794633605,4372.1257113904
0.00142,0.00142,0.2941719584,0.2794633605,6105.4022965853
0.00142,0.00142,0.2941719584,0.2912302388,0.1
0.00142,0.00142,0.2941719584,0.2912302388,0.1396437957
0.00142,0.00142,0.2941719584,0.2912302388,0.1950038968
0.00142,0.00142,0.2941719584,0.2912302388,0.2723108433
0.00142,0.00142,0.2941719584,0.2912302388,0.3802651977
0.00142,0.00142,0.2941719584,0.2912302388,0.5310167558
0.00142,0.00142,0.2941719584,0.2912302388,0.7415319537
0.00142,0.00142,0.2941719584,0.2912302388,1.0355033665
0.00142,0.00142,0.2941719584,0.2912302388,1.4460162057
0.00142,0.00142,0.2941719584,0.2912302388,2.0192719162
0.00142,0.00142,0.2941719584,0.2912302388,2.8197879494
0.00142,0.00142,0.2941719584,0.2912302388,3.9376589236
0.00142,0.00142,0.2941719584,0.2912302388,5.498696383
0.00142,0.00142,0.2941719584,0.2912302388,7.6785883437
0.00142,0.00142,0.2941719584,0.2912302388,10.7226722201
0.00142,0.00142,0.2941719584,0.2912302388,14.9735464897
0.00142,0.00142,0.2941719584,0.2912302388,20.9096286705
0.00142,0.00142,0.2941719584,0.2912302388,29.1989991443
0.00142,0.00142,0.2941719584,0.2912302388,40.7745907144
0.00142,0.00142,0.2941719584,0.2912302388,56.9391861586
0.00142,0.00142,0.2941719584,0.2912302388,79.5120407981
0.00142,0.00142,0.2941719584,0.2912302388,111.0336318168
0.00142,0.00142,0.2941719584,0.2912302388,155.0515779833
0.00142,0.00142,0.2941719584,0.2912302388,216.5199088036
0.00142,0.00142,0.2941719584,0.2912302388,302.3566191205
0.00142,0.00142,0.2941719584,0.2912302388,422.2222595195
0.00142,0.00142,0.2941719584,0.2912302388,589.6071895242
0.00142,0.00142,0.2941719584,0.2912302388,823.3498592289
0.00142,0.00142,0.2941719584,0.2912302388,1149.7569953977
0.00142,0.00142,0.2941719584,0.2912302388,1605.5643098112
0.00142,0.00142,0.2941719584,0.2912302388,2242.0709447806
0.00142,0.00142,0.2941719584,0.2912302388,3130.912969796
0.00142,0.00142,0.2941719584,0.2912302388,4372.1257113904
0.00142,0.00142,0.2941719584,0.2912302388,6105.4022965853
0.00142,0.00142,0.3276886498,0.1146910274,0.1
0.00142,0.00142,0.3276886498,0.1146910274,0.1396437957
0.00142,0.00142,0.3276886498,0.1146910274,0.1950038968
0.00142,0.00142,0.3276886498,0.1146910274,0.2723108433
0.00142,0.00142,0.3276886498,0.1146910274,0.3802651977
0.00142,0.00142,0.3276886498,0.1146910274,0.5310167558
0.00142,0.00142,0.3276886498,0.1146910274,0.7415319537
0.00142,0.00142,0.3276886498,0.1146910274,1.0355033665
0.00142,0.00142,0.3276886498,0.1146910274,1.4460162057
0.00142,0.00142,0.3276886498,0.1146910274,2.0192719162
0.00142,0.00142,0.3276886498,0.1146910274,2.8197879494
0.00142,0.00142,0.3276886498,0.1146910274,3.9376589236
0.00142,0.00142,0.3276886498,0.1146910274,5.498696383
0.00142,0.00142,0.3276886498,0.1146910274,7.6785883437
0.00142,0.00142,0.3276886498,0.1146910274,10.7226722201
0.00142,0.00142,0.3276886498,0.1146910274,14.9735464897
0.00142,0.00142,0.3276886498,0.1146910274,20.9096286705
0.00142,0.00142,0.3276886498,0.1146910274,29.1989991443
0.00142,0.00142,0.3276886498,0.1146910274,40.7745907144
0.00142,0.00142,0.3276886498,0.1146910274,56.9391861586
0.00142,0.00142,0.3276886498,0.1146910274,79.5120407981
0.00142,0.00142,0.3276886498,0.1146910274,111.0336318168
0.00142,0.00142,0.3276886498,0.1146910274,155.0515779833
0.00142,0.00142,0.3276886498,0.1146910274,216.5199088036
0.00142,0.00142,0.3276886498,0.1146910274,302.3566191205
0.00142,0.00142,0.3276886498,0.1146910274,422.2222595195
0.00142,0.00142,0.3276886498,0.1146910274,589.6071895242
0.00142,0.00142,0.3276886498,0.1146910274,823.3498592289
0.00142,0.00142,0.3276886498,0.1146910274,1149.7569953977
0.00142,0.00142,0.3276886498,0.1146910274,1605.5643098112
0.00142,0.00142,0.3276886498,0.1146910274,2242.0709447806
0.00142,0.00142,0.3276886498,0.1146910274,3130.912969796
0.00142,0.00142,0.3276886498,0.1146910274,4372.1257113904
0.00142,0.00142,0.3276886498,0.1146910274,6105.4022965853
0.00142,0.00142,0.3276886498,0.1310754599,0.1
0.00142,0.00142,0.3276886498,0.1310754599,0.1396437957
0.00142,0.00142,0.3276886498,0.1310754599,0.1950038968
0.00142,0.00142,0.3276886498,0.1310754599,0.2723108433
0.00142,0.00142,0.3276886498,0.1310754599,0.3802651977
0.00142,0.00142,0.3276886498,0.1310754599,0.5310167558
0.00142,0.00142,0.3276886498,0.1310754599,0.7415319537
0.00142,0.00142,0.3276886498,0.1310754599,1.0355033665
0.00142,0.00142,0.3276886498,0.1310754599,1.4460162057
0.00142,0.00142,0.3276886498,0.1310754599,2.0192719162
0.00142,0.00142,0.3276886498,0.1310754599,2.8197879494
0.00142,0.00142,0.3276886498,0.1310754599,3.9376589236
0.00142,0.00142,0.3276886498,0.1310754599,5.498696383
0.00142,0.00142,0.3276886498,0.1310754599,7.6785883437
0.00142,0.00142,0.3276886498,0.1310754599,10.7226722201
0.00142,0.00142,0.3276886498,0.1310754599,14.9735464897
0.00142,0.00142,0.3276886498,0.1310754599,20.9096286705
0.00142,0.00142,0.3276886498,0.1310754599,29.1989991443
0.00142,0.00142,0.3276886498,0.1310754599,40.7745907144
0.00142,0.00142,0.3276886498,0.1310754599,56.9391861586
0.00142,0.00142,0.3276886498,0.1310754599,79.5120407981
0.00142,0.00142,0.3276886498,0.1310754599,111.0336318168
0.00142,0.00142,0.3276886498,0.1310754599,155.0515779833
0.00142,0.00142,0.3276886498,0.1310754599,216.5199088036
0.00142,0.00142,0.3276886498,0.1310754599,302.3566191205
0.00142,0.00142,0.3276886498,0.1310754599,422.2222595195
0.00142,0.00142,0.3276886498,0.1310754599,589.6071895242
0.00142,0.00142,0.3276886498,0.1310754599,823.3498592289
0.00142,0.00142,0.3276886498,0.1310754599,1149.7569953977
0.00142,0.00142,0.3276886498,0.1310754599,1605.5643098112
0.00142,0.00142,0.3276886498,0.1310754599,2242.0709447806
0.00142,0.00142,0.3276886498,0.1310754599,3130.912969796
0.00142,0.00142,0.3276886498,0.1310754599,4372.1257113904
0.00142,0.00142,0.3276886498,0.1310754599,6105.4022965853
0.00142,0.00142,0.3276886498,0.1474598924,0.1
0.00142,0.00142,0.3276886498,0.1474598924,0.1396437957
0.00142,0.00142,0.3276886498,0.1474598924,0.1950038968
0.00142,0.00142,0.3276886498,0.1474598924,0.2723108433
0.00142,0.00142,0.3276886498,0.1474598924,0.3802651977
0.00142,0.00142,0.3276886498,0.1474598924,0.5310167558
0.00142,0.00142,0.3276886498,0.1474598924,0.7415319537
0.00142,0.00142,0.3276886498,0.1474598924,1.0355033665
0.00142,0.00142,0.3276886498,0.1474598924,1.4460162057
0.00142,0.00142,0.3276886498,0.1474598924,2.0192719162
0.00142,0.00142,0.3276886498,0.1474598924,2.8197879494
0.00142,0.00142,0.3276886498,0.1474598924,3.9376589236
0.00142,0.00142,0.3276886498,0.1474598924,5.498696383
0.00142,0.00142,0.3276886498,0.1474598924,7.6785883437
0.00142,0.00142,0.3276886498,0.1474598924,10.7226722201
0.00142,0.00142,0.3276886498,0.1474598924,14.9735464897
0.00142,0.00142,0.3276886498,0.1474598924,20.9096286705
0.00142,0.00142,0.3276886498,0.1474598924,29.1989991443
0.00142,0.00142,0.3276886498,0.1474598924,40.7745907144
0.00142,0.00142,0.3276886498,0.1474598924,56.9391861586
0.00142,0.00142,0.3276886498,0.1474598924,79.5120407981
0.00142,0.00142,0.3276886498,0.1474598924,111.0336318168
0.00142,0.00142,0.3276886498,0.1474598924,155.0515779833
0.00142,0.00142,0.3276886498,0.1474598924,216.5199088036
0.00142,0.00142,0.3276886498,0.1474598924,302.3566191205
0.00142,0.00142,0.3276886498,0.1474598924,422.2222595195
0.00142,0.00142,0.3276886498,0.1474598924,589.6071895242
0.00142,0.00142,0.3276886498,0.1474598924,823.3498592289
0.00142,0.00142,0.3276886498,0.1474598924,1149.7569953977
0.00142,0.00142,0.3276886498,0.1474598924,1605.5643098112
0.00142,0.00142,0.3276886498,0.1474598924,2242.0709447806
0.00142,0.00142,0.3276886498,0.1474598924,3130.912969796
0.00142,0.00142,0.3276886498,0.1474598924,4372.1257113904
0.00142,0.00142,0.3276886498,0.1474598924,6105.4022965853
0.00142,0.00142,0.3276886498,0.1638443249,0.1
0.00142,0.00142,0.3276886498,0.1638443249,0.1396437957
0.00142,0.00142,0.3276886498,0.1638443249,0.1950038968
0.00142,0.00142,0.3276886498,0.1638443249,0.2723108433
0.00142,0.00142,0.3276886498,0.1638443249,0.3802651977
0.00142,0.00142,0.3276886498,0.1638443249,0.5310167558
0.00142,0.00142,0.3276886498,0.1638443249,0.7415319537
0.00142,0.00142,0.3276886498,0.1638443249,1.0355033665
0.00142,0.00142,0.3276886498,0.1638443249,1.4460162057
0.00142,0.00142,0.3276886498,0.1638443249,2.0192719162
0.00142,0.00142,0.3276886498,0.1638443249,2.8197879494
0.00142,0.00142,0.3276886498,0.1638443249,3.9376589236
0.00142,0.00142,0.3276886498,0.1638443249,5.498696383
0.00142,0.00142,0.3276886498,0.1638443249,7.6785883437
0.00142,0.00142,0.3276886498,0.1638443249,10.7226722201
0.00142,0.00142,0.3276886498,0.1638443249,14.9735464897
0.00142,0.00142,0.3276886498,0.1638443249,20.9096286705
0.00142,0.00142,0.3276886498,0.1638443249,29.1989991443
0.00142,0.00142,0.3276886498,0.1638443249,40.7745907144
0.00142,0.00142,0.3276886498,0.1638443249,56.9391861586
0.00142,0.00142,0.3276886498,0.1638443249,79.5120407981
0.00142,0.00142,0.3276886498,0.1638443249,111.0336318168
0.00142,0.00142,0.3276886498,0.1638443249,155.0515779833
0.00142,0.00142,0.3276886498,0.1638443249,216.5199088036
0.00142,0.00142,0.3276886498,0.1638443249,302.3566191205
0.00142,0.00142,0.3276886498,0.1638443249,422.2222595195
0.00142,0.00142,0.3276886498,0.1638443249,589.6071895242
0.00142,0.00142,0.3276886498,0.1638443249,823.3498592289
0.00142,0.00142,0.3276886498,0.1638443249,1149.7569953977
0.00142,0.00142,0.3276886498,0.1638443249,1605.5643098112
0.00142,0.00142,0.3276886498,0.1638443249,2242.0709447806
0.00142,0.00142,0.3276886498,0.1638443249,3130.912969796
0.00142,0.00142,0.3276886498,0.1638443249,4372.1257113904
0.00142,0.00142,0.3276886498,0.1638443249,6105.4022965853
0.00142,0.00142,0.3276886498,0.1802287574,0.1
0.00142,0.00142,0.3276886498,0.1802287574,0.1396437957
0.00142,0.00142,0.3276886498,0.1802287574,0.1950038968
0.00142,0.00142,0.3276886498,0.1802287574,0.2723108433
0.00142,0.00142,0.3276886498,0.1802287574,0.3802651977
0.00142,0.00142,0.3276886498,0.1802287574,0.5310167558
0.00142,0.00142,0.3276886498,0.1802287574,0.7415319537
0.00142,0.00142,0.3276886498,0.1802287574,1.0355033665
0.00142,0.00142,0.3276886498,0.1802287574,1.4460162057
0.00142,0.00142,0.3276886498,0.1802287574,2.0192719162
0.00142,0.00142,0.3276886498,0.1802287574,2.8197879494
0.00142,0.00142,0.3276886498,0.1802287574,3.9376589236
0.00142,0.00142,0.3276886498,0.1802287574,5.498696383
0.00142,0.00142,0.3276886498,0.1802287574,7.6785883437
0.00142,0.00142,0.3276886498,0.1802287574,10.7226722201
0.00142,0.00142,0.3276886498,0.1802287574,14.9735464897
0.00142,0.00142,0.3276886498,0.1802287574,20.9096286705
0.00142,0.00142,0.3276886498,0.1802287574,29.1989991443
0.00142,0.00142,0.3276886498,0.1802287574,40.7745907144
0.00142,0.00142,0.3276886498,0.1802287574,56.9391861586
0.00142,0.00142,0.3276886498,0.1802287574,79.5120407981
0.00142,0.00142,0.3276886498,0.1802287574,111.0336318168
0.00142,0.00142,0.3276886498,0.1802287574,155.0515779833
0.00142,0.00142,0.3276886498,0.1802287574,216.5199088036
0.00142,0.00142,0.3276886498,0.1802287574,302.3566191205
0.00142,0.00142,0.3276886498,0.1802287574,422.2222595195
0.00142,0.00142,0.3276886498,0.1802287574,589.6071895242
0.00142,0.00142,0.3276886498,0.1802287574,823.3498592289
0.00142,0.00142,0.3276886498,0.1802287574,1149.7569953977
0.00142,0.00142,0.3276886498,0.1802287574,1605.5643098112
0.00142,0.00142,0.3276886498,0.1802287574,2242.0709447806
0.00142,0.00142,0.3276886498,0.1802287574,3130.912969796
0.00142,0.00142,0.3276886498,0.1802287574,4372.1257113904
0.00142,0.00142,0.3276886498,0.1802287574,6105.4022965853
0.00142,0.00142,0.3276886498,0.1966131899,0.1
0.00142,0.00142,0.3276886498,0.1966131899,0.1396437957
0.00142,0.00142,0.3276886498,0.1966131899,0.1950038968
0.00142,0.00142,0.3276886498,0.1966131899,0.2723108433
0.00142,0.00142,0.3276886498,0.1966131899,0.3802651977
0.00142,0.00142,0.3276886498,0.1966131899,0.5310167558
0.00142,0.00142,0.3276886498,0.1966131899,0.7415319537
0.00142,0.00142,0.3276886498,0.1966131899,1.0355033665
0.00142,0.00142,0.3276886498,0.1966131899,1.4460162057
0.00142,0.00142,0.3276886498,0.1966131899,2.0192719162
0.00142,0.00142,0.3276886498,0.1966131899,2.8197879494
0.00142,0.00142,0.3276886498,0.1966131899,3.9376589236
0.00142,0.00142,0.3276886498,0.1966131899,5.498696383
0.00142,0.00142,0.3276886498,0.1966131899,7.6785883437
0.00142,0.00142,0.3276886498,0.1966131899,10.7226722201
0.00142,0.00142,0.3276886498,0.1966131899,14.9735464897
0.00142,0.00142,0.3276886498,0.1966131899,20.9096286705
0.00142,0.00142,0.3276886498,0.1966131899,29.1989991443
0.00142,0.00142,0.3276886498,0.1966131899,40.7745907144
0.00142,0.00142,0.3276886498,0.1966131899,56.9391861586
0.00142,0.00142,0.3276886498,0.1966131899,79.5120407981
0.00142,0.00142,0.3276886498,0.1966131899,111.0336318168
0.00142,0.00142,0.3276886498,0.1966131899,155.0515779833
0.00142,0.00142,0.3276886498,0.1966131899,216.5199088036
0.00142,0.00142,0.3276886498,0.1966131899,302.3566191205
0.00142,0.00142,0.3276886498,0.1966131899,422.2222595195
0.00142,0.00142,0.3276886498,0.1966131899,589.6071895242
0.00142,0.00142,0.3276886498,0.1966131899,823.3498592289
0.00142,0.00142,0.3276886498,0.1966131899,1149.7569953977
0.00142,0.00142,0.3276886498,0.1966131899,1605.5643098112
0.00142,0.00142,0.3276886498,0.1966131899,2242.0709447806
0.00142,0.00142,0.3276886498,0.1966131899,3130.912969796
0.00142,0.00142,0.3276886498,0.1966131899,4372.1257113904
0.00142,0.00142,0.3276886498,0.1966131899,6105.4022965853
0.00142,0.00142,0.3276886498,0.2129976224,0.1
0.00142,0.00142,0.3276886498,0.2129976224,0.1396437957
0.00142,0.00142,0.3276886498,0.2129976224,0.1950038968
0.00142,0.00142,0.3276886498,0.2129976224,0.2723108433
0.00142,0.00142,0.3276886498,0.2129976224,0.3802651977
0.00142,0.00142,0.3276886498,0.2129976224,0.5310167558
0.00142,0.00142,0.3276886498,0.2129976224,0.7415319537
0.00142,0.00142,0.3276886498,0.2129976224,1.0355033665
0.00142,0.00142,0.3276886498,0.2129976224,1.4460162057
0.00142,0.00142,0.3276886498,0.2129976224,2.0192719162
0.00142,0.00142,0.3276886498,0.2129976224,2.8197879494
0.00142,0.00142,0.3276886498,0.2129976224,3.9376589236
0.00142,0.00142,0.3276886498,0.2129976224,5.498696383
0.00142,0.00142,0.3276886498,0.2129976224,7.6785883437
0.00142,0.00142,0.3276886498,0.2129976224,10.7226722201
0.00142,0.00142,0.3276886498,0.2129976224,14.9735464897
0.00142,0.00142,0.3276886498,0.2129976224,20.9096286705
0.00142,0.00142,0.3276886498,0.2129976224,29.1989991443
0.00142,0.00142,0.3276886498,0.2129976224,40.7745907144
0.00142,0.00142,0.3276886498,0.2129976224,56.9391861586
0.00142,0.00142,0.3276886498,0.2129976224,79.5120407981
0.00142,0.00142,0.3276886498,0.2129976224,111.0336318168
0.00142,0.00142,0.3276886498,0.2129976224,155.0515779833
0.00142,0.00142,0.3276886498,0.2129976224,216.5199088036
0.00142,0.00142,0.3276886498,0.2129976224,302.3566191205
0.00142,0.00142,0.3276886498,0.2129976224,422.2222595195
0.00142,0.00142,0.3276886498,0.2129976224,589.6071895242
0.00142,0.00142,0.3276886498,0.2129976224,823.3498592289
0.00142,0.00142,0.3276886498,0.2129976224,1149.7569953977
0.00142,0.00142,0.3276886498,0.2129976224,1605.5643098112
0.00142,0.00142,0.3276886498,0.2129976224,2242.0709447806
0.00142,0.00142,0.3276886498,0.2129976224,3130.912969796
0.00142,0.00142,0.3276886498,0.2129976224,4372.1257113904
0.00142,0.00142,0.3276886498,0.2129976224,6105.4022965853
0.00142,0.00142,0.3276886498,0.2293820549,0.1
0.00142,0.00142,0.3276886498,0.2293820549,0.1396437957
0.00142,0.00142,0.3276886498,0.2293820549,0.1950038968
0.00142,0.00142,0.3276886498,0.2293820549,0.2723108433
0.00142,0.00142,0.3276886498,0.2293820549,0.3802651977
0.00142,0.00142,0.3276886498,0.2293820549,0.5310167558
0.00142,0.00142,0.3276886498,0.2293820549,0.7415319537
0.00142,0.00142,0.3276886498,0.2293820549,1.0355033665
0.00142,0.00142,0.3276886498,0.2293820549,1.4460162057
0.00142,0.00142,0.3276886498,0.2293820549,2.0192719162
0.00142,0.00142,0.3276886498,0.2293820549,2.8197879494
0.00142,0.00142,0.3276886498,0.2293820549,3.9376589236
0.00142,0.00142,0.3276886498,0.2293820549,5.498696383
0.00142,0.00142,0.3276886498,0.2293820549,7.6785883437
0.00142,0.00142,0.3276886498,0.2293820549,10.7226722201
0.00142,0.00142,0.3276886498,0.2293820549,14.9735464897
0.00142,0.00142,0.3276886498,0.2293820549,20.9096286705
0.00142,0.00142,0.3276886498,0.2293820549,29.1989991443
0.00142,0.00142,0.3276886498,0.2293820549,40.7745907144
0.00142,0.00142,0.3276886498,0.2293820549,56.9391861586
0.00142,0.00142,0.3276886498,0.2293820549,79.5120407981
0.00142,0.00142,0.3276886498,0.2293820549,111.0336318168
0.00142,0.00142,0.3276886498,0.2293820549,155.0515779833
0.00142,0.00142,0.3276886498,0.2293820549,216.5199088036
0.00142,0.00142,0.3276886498,0.2293820549,302.3566191205
0.00142,0.00142,0.3276886498,0.2293820549,422.2222595195
0.00142,0.00142,0.3276886498,0.2293820549,589.6071895242
0.00142,0.00142,0.3276886498,0.2293820549,823.3498592289
0.00142,0.00142,0.3276886498,0.2293820549,1149.7569953977
0.00142,0.00142,0.3276886498,0.2293820549,1605.5643098112
0.00142,0.00142,0.3276886498,0.2293820549,2242.0709447806
0.00142,0.00142,0.3276886498,0.2293820549,3130.912969796
0.00142,0.00142,0.3276886498,0.2293820549,4372.1257113904
0.00142,0.00142,0.3276886498,0.2293820549,6105.4022965853
0.00142,0.00142,0.3276886498,0.2457664874,0.1
0.00142,0.00142,0.3276886498,0.2457664874,0.1396437957
0.00142,0.00142,0.3276886498,0.2457664874,0.1950038968
0.00142,0.00142,0.3276886498,0.2457664874,0.2723108433
0.00142,0.00142,0.3276886498,0.2457664874,0.3802651977
0.00142,0.00142,0.3276886498,0.2457664874,0.5310167558
0.00142,0.00142,0.3276886498,0.2457664874,0.7415319537
0.00142,0.00142,0.3276886498,0.2457664874,1.0355033665
0.00142,0.00142,0.3276886498,0.2457664874,1.4460162057
0.00142,0.00142,0.3276886498,0.2457664874,2.0192719162
0.00142,0.00142,0.3276886498,0.2457664874,2.8197879494
0.00142,0.00142,0.3276886498,0.2457664874,3.9376589236
0.00142,0.00142,0.3276886498,0.2457664874,5.498696383
0.00142,0.00142,0.3276886498,0.2457664874,7.6785883437
0.00142,0.00142,0.3276886498,0.2457664874,10.7226722201
0.00142,0.00142,0.3276886498,0.2457664874,14.9735464897
0.00142,0.00142,0.3276886498,0.2457664874,20.9096286705
0.00142,0.00142,0.3276886498,0.2457664874,29.1989991443
0.00142,0.00142,0.3276886498,0.2457664874,40.7745907144
0.00142,0.00142,0.3276886498,0.2457664874,56.9391861586
0.00142,0.00142,0.3276886498,0.2457664874,79.5120407981
0.00142,0.00142,0.3276886498,0.2457664874,111.0336318168
0.00142,0.00142,0.3276886498,0.2457664874,155.0515779833
0.00142,0.00142,0.3276886498,0.2457664874,216.5199088036
0.00142,0.00142,0.3276886498,0.2457664874,302.3566191205
0.00142,0.00142,0.3276886498,0.2457664874,422.2222595195
0.00142,0.00142,0.3276886498,0.2457664874,589.6071895242
0.00142,0.00142,0.3276886498,0.2457664874,823.3498592289
0.00142,0.00142,0.3276886498,0.2457664874,1149.7569953977
0.00142,0.00142,0.3276886498,0.2457664874,1605.5643098112
0.00142,0.00142,0.3276886498,0.2457664874,2242.0709447806
0.00142,0.00142,0.3276886498,0.2457664874,3130.912969796
0.00142,0.00142,0.3276886498,0.2457664874,4372.1257113904
0.00142,0.00142,0.3276886498,0.2457664874,6105.4022965853
0.00142,0.00142,0.3276886498,0.2621509199,0.1
0.00142,0.00142,0.3276886498,0.2621509199,0.1396437957
0.00142,0.00142,0.3276886498,0.2621509199,0.1950038968
0.00142,0.00142,0.3276886498,0.2621509199,0.2723108433
0.00142,0.00142,0.3276886498,0.2621509199,0.3802651977
0.00142,0.00142,0.3276886498,0.2621509199,0.5310167558
0.00142,0.00142,0.3276886498,0.2621509199,0.7415319537
0.00142,0.00142,0.3276886498,0.2621509199,1.0355033665
0.00142,0.00142,0.3276886498,0.2621509199,1.4460162057
0.00142,0.00142,0.3276886498,0.2621509199,2.0192719162
0.00142,0.00142,0.3276886498,0.2621509199,2.8197879494
0.00142,0.00142,0.3276886498,0.2621509199,3.9376589236
0.00142,0.00142,0.3276886498,0.2621509199,5.498696383
0.00142,0.00142,0.3276886498,0.2621509199,7.6785883437
0.00142,0.00142,0.3276886498,0.2621509199,10.7226722201
0.00142,0.00142,0.3276886498,0.2621509199,14.9735464897
0.00142,0.00142,0.3276886498,0.2621509199,20.9096286705
0.00142,0.00142,0.3276886498,0.2621509199,29.1989991443
0.00142,0.00142,0.3276886498,0.2621509199,40.7745907144
0.00142,0.00142,0.3276886498,0.2621509199,56.9391861586
0.00142,0.00142,0.3276886498,0.2621509199,79.5120407981
0.00142,0.00142,0.3276886498,0.2621509199,111.0336318168
0.00142,0.00142,0.3276886498,0.2621509199,155.0515779833
0.00142,0.00142,0.3276886498,0.2621509199,216.5199088036
0.00142,0.00142,0.3276886498,0.2621509199,302.3566191205
0.00142,0.00142,0.3276886498,0.2621509199,422.2222595195
0.00142,0.00142,0.3276886498,0.2621509199,589.6071895242
0.00142,0.00142,0.3276886498,0.2621509199,823.3498592289
0.00142,0.00142,0.3276886498,0.2621509199,1149.7569953977
0.00142,0.00142,0.3276886498,0.2621509199,1605.5643098112
0.00142,0.00142,0.3276886498,0.2621509199,2242.0709447806
0.00142,0.00142,0.3276886498,0.2621509199,3130.912969796
0.00142,0.00142,0.3276886498,0.2621509199,4372.1257113904
0.00142,0.00142,0.3276886498,0.2621509199,6105.4022965853
0.00142,0.00142,0.3276886498,0.2785353523,0.1
0.00142,0.00142,0.3276886498,0.2785353523,0.1396437957
0.00142,0.00142,0.3276886498,0.2785353523,0.1950038968
0.00142,0.00142,0.3276886498,0.2785353523,0.2723108433
0.00142,0.00142,0.3276886498,0.2785353523,0.3802651977
0.00142,0.00142,0.3276886498,0.2785353523,0.5310167558
0.00142,0.00142,0.3276886498,0.2785353523,0.7415319537
0.00142,0.00142,0.3276886498,0.2785353523,1.0355033665
0.00142,0.00142,0.3276886498,0.2785353523,1.4460162057
0.00142,0.00142,0.3276886498,0.2785353523,2.0192719162
0.00142,0.00142,0.3276886498,0.2785353523,2.8197879494
0.00142,0.00142,0.3276886498,0.2785353523,3.9376589236
0.00142,0.00142,0.3276886498,0.2785353523,5.498696383
0.00142,0.00142,0.3276886498,0.2785353523,7.6785883437
0.00142,0.00142,0.3276886498,0.2785353523,10.7226722201
0.00142,0.00142,0.3276886498,0.2785353523,14.9735464897
0.00142,0.00142,0.3276886498,0.2785353523,20.9096286705
0.00142,0.00142,0.3276886498,0.2785353523,29.1989991443
0.00142,0.00142,0.3276886498,0.2785353523,40.7745907144
0.00142,0.00142,0.3276886498,0.2785353523,56.9391861586
0.00142,0.00142,0.3276886498,0.2785353523,79.5120407981
0.00142,0.00142,0.3276886498,0.2785353523,111.0336318168
0.00142,0.00142,0.3276886498,0.2785353523,155.0515779833
0.00142,0.00142,0.3276886498,0.2785353523,216.5199088036
0.00142,0.00142,0.3276886498,0.2785353523,302.3566191205
0.00142,0.00142,0.3276886498,0.2785353523,422.2222595195
0.00142,0.00142,0.3276886498,0.2785353523,589.6071895242
0.00142,0.00142,0.3276886498,0.2785353523,823.3498592289
0.00142,0.00142,0.3276886498,0.2785353523,1149.7569953977
0.00142,0.00142,0.3276886498,0.2785353523,1605.5643098112
0.00142,0.00142,0.3276886498,0.2785353523,2242.0709447806
0.00142,0.00142,0.3276886498,0.2785353523,3130.912969796
0.00142,0.00142,0.3276886498,0.2785353523,4372.1257113904
0.00142,0.00142,0.3276886498,0.2785353523,6105.4022965853
0.00142,0.00142,0.3276886498,0.2949197848,0.1
0.00142,0.00142,0.3276886498,0.2949197848,0.1396437957
0.00142,0.00142,0.3276886498,0.2949197848,0.1950038968
0.00142,0.00142,0.3276886498,0.2949197848,0.2723108433
0.00142,0.00142,0.3276886498,0.2949197848,0.3802651977
0.00142,0.00142,0.3276886498,0.2949197848,0.5310167558
0.00142,0.00142,0.3276886498,0.2949197848,0.7415319537
0.00142,0.00142,0.3276886498,0.2949197848,1.0355033665
0.00142,0.00142,0.3276886498,0.2949197848,1.4460162057
0.00142,0.00142,0.3276886498,0.2949197848,2.0192719162
0.00142,0.00142,0.3276886498,0.2949197848,2.8197879494
0.00142,0.00142,0.3276886498,0.2949197848,3.9376589236
0.00142,0.00142,0.3276886498,0.2949197848,5.498696383
0.00142,0.00142,0.3276886498,0.2949197848,7.6785883437
0.00142,0.00142,0.3276886498,0.2949197848,10.7226722201
0.00142,0.00142,0.3276886498,0.2949197848,14.9735464897
0.00142,0.00142,0.3276886498,0.2949197848,20.9096286705
0.00142,0.00142,0.3276886498,0.2949197848,29.1989991443
0.00142,0.00142,0.3276886498,0.2949197848,40.7745907144
0.00142,0.00142,0.3276886498,0.2949197848,56.9391861586
0.00142,0.00142,0.3276886498,0.2949197848,79.5120407981
0.00142,0.00142,0.3276886498,0.2949197848,111.0336318168
0.00142,0.00142,0.3276886498,0.2949197848,155.0515779833
0.00142,0.00142,0.3276886498,0.2949197848,216.5199088036
0.00142,0.00142,0.3276886498,0.2949197848,302.3566191205
0.00142,0.00142,0.3276886498,0.2949197848,422.2222595195
0.00142,0.00142,0.3276886498,0.2949197848,589.6071895242
0.00142,0.00142,0.3276886498,0.2949197848,823.3498592289
0.00142,0.00142,0.3276886498,0.2949197848,1149.7569953977
0.00142,0.00142,0.3276886498,0.2949197848,1605.5643098112
0.00142,0.00142,0.3276886498,0.2949197848,2242.0709447806
0.00142,0.00142,0.3276886498,0.2949197848,3130.912969796
0.00142,0.00142,0.3276886498,0.2949197848,4372.1257113904
0.00142,0.00142,0.3276886498,0.2949197848,6105.4022965853
0.00142,0.00142,0.3276886498,0.3113042173,0.1
0.00142,0.00142,0.3276886498,0.3113042173,0.1396437957
0.00142,0.00142,0.3276886498,0.3113042173,0.1950038968
0.00142,0.00142,0.3276886498,0.3113042173,0.2723108433
0.00142,0.00142,0.3276886498,0.3113042173,0.3802651977
0.00142,0.00142,0.3276886498,0.3113042173,0.5310167558
0.00142,0.00142,0.3276886498,0.3113042173,0.7415319537
0.00142,0.00142,0.3276886498,0.3113042173,1.0355033665
0.00142,0.00142,0.3276886498,0.3113042173,1.4460162057
0.00142,0.00142,0.3276886498,0.3113042173,2.0192719162
0.00142,0.00142,0.3276886498,0.3113042173,2.8197879494
0.00142,0.00142,0.3276886498,0.3113042173,3.9376589236
0.00142,0.00142,0.3276886498,0.3113042173,5.498696383
0.00142,0.00142,0.3276886498,0.3113042173,7.6785883437
0.00142,0.00142,0.3276886498,0.3113042173,10.7226722201
0.00142,0.00142,0.3276886498,0.3113042173,14.9735464897
0.00142,0.00142,0.3276886498,0.3113042173,20.9096286705
0.00142,0.00142,0.3276886498,0.3113042173,29.1989991443
0.00142,0.00142,0.3276886498,0.3113042173,40.7745907144
0.00142,0.00142,0.3276886498,0.3113042173,56.9391861586
0.00142,0.00142,0.3276886498,0.3113042173,79.5120407981
0.00142,0.00142,0.3276886498,0.3113042173,111.0336318168
0.00142,0.00142,0.3276886498,0.3113042173,155.0515779833
0.00142,0.00142,0.3276886498,0.3113042173,216.5199088036
0.00142,0.00142,0.3276886498,0.3113042173,302.3566191205
0.00142,0.00142,0.3276886498,0.3113042173,422.2222595195
0.00142,0.00142,0.3276886498,0.3113042173,589.6071895242
0.00142,0.00142,0.3276886498,0.3113042173,823.3498592289
0.00142,0.00142,0.3276886498,0.3113042173,1149.7569953977
0.00142,0.00142,0.3276886498,0.3113042173,1605.5643098112
0.00142,0.00142,0.3276886498,0.3113042173,2242.0709447806
0.00142,0.00142,0.3276886498,0.3113042173,3130.912969796
0.00142,0.00142,0.3276886498,0.3113042173,4372.1257113904
0.00142,0.00142,0.3276886498,0.3113042173,6105.4022965853
0.00142,0.00142,0.3276886498,0.3244117633,0.1
0.00142,0.00142,0.3276886498,0.3244117633,0.1396437957
0.00142,0.00142,0.3276886498,0.3244117633,0.1950038968
0.00142,0.00142,0.3276886498,0.3244117633,0.2723108433
0.00142,0.00142,0.3276886498,0.3244117633,0.3802651977
0.00142,0.00142,0.3276886498,0.3244117633,0.5310167558
0.00142,0.00142,0.3276886498,0.3244117633,0.7415319537
0.00142,0.00142,0.3276886498,0.3244117633,1.0355033665
0.00142,0.00142,0.3276886498,0.3244117633,1.4460162057
0.00142,0.00142,0.3276886498,0.3244117633,2.0192719162
0.00142,0.00142,0.3276886498,0.3244117633,2.8197879494
0.00142,0.00142,0.3276886498,0.3244117633,3.9376589236
0.00142,0.00142,0.3276886498,0.3244117633,5.498696383
0.00142,0.00142,0.3276886498,0.3244117633,7.6785883437
0.00142,0.00142,0.3276886498,0.3244117633,10.7226722201
0.00142,0.00142,0.3276886498,0.3244117633,14.9735464897
0.00142,0.00142,0.3276886498,0.3244117633,20.9096286705
0.00142,0.00142,0.3276886498,0.3244117633,29.1989991443
0.00142,0.00142,0.3276886498,0.3244117633,40.7745907144
0.00142,0.00142,0.3276886498,0.3244117633,56.9391861586
0.00142,0.00142,0.3276886498,0.3244117633,79.5120407981
0.00142,0.00142,0.3276886498,0.3244117633,111.0336318168
0.00142,0.00142,0.3276886498,0.3244117633,155.0515779833
0.00142,0.00142,0.3276886498,0.3244117633,216.5199088036
0.00142,0.00142,0.3276886498,0.3244117633,302.3566191205
0.00142,0.00142,0.3276886498,0.3244117633,422.2222595195
0.00142,0.00142,0.3276886498,0.3244117633,589.6071895242
0.00142,0.00142,0.3276886498,0.3244117633,823.3498592289
0.00142,0.00142,0.3276886498,0.3244117633,1149.7569953977
0.00142,0.00142,0.3276886498,0.3244117633,1605.5643098112
0.00142,0.00142,0.3276886498,0.3244117633,2242.0709447806
0.00142,0.00142,0.3276886498,0.3244117633,3130.912969796
0.00142,0.00142,0.3276886498,0.3244117633,4372.1257113904
0.00142,0.00142,0.3276886498,0.3244117633,6105.4022965853
0.00142,0.00142,0.3650240893,0.1095072268,0.1
0.00142,0.00142,0.3650240893,0.1095072268,0.1396437957
0.00142,0.00142,0.3650240893,0.1095072268,0.1950038968
0.00142,0.00142,0.3650240893,0.1095072268,0.2723108433
0.00142,0.00142,0.3650240893,0.1095072268,0.3802651977
0.00142,0.00142,0.3650240893,0.1095072268,0.5310167558
0.00142,0.00142,0.3650240893,0.1095072268,0.7415319537
0.00142,0.00142,0.3650240893,0.1095072268,1.0355033665
0.00142,0.00142,0.3650240893,0.1095072268,1.4460162057
0.00142,0.00142,0.3650240893,0.1095072268,2.0192719162
0.00142,0.00142,0.3650240893,0.1095072268,2.8197879494
0.00142,0.00142,0.3650240893,0.1095072268,3.9376589236
0.00142,0.00142,0.3650240893,0.1095072268,5.498696383
0.00142,0.00142,0.3650240893,0.1095072268,7.6785883437
0.00142,0.00142,0.3650240893,0.1095072268,10.7226722201
0.00142,0.00142,0.3650240893,0.1095072268,14.9735464897
0.00142,0.00142,0.3650240893,0.1095072268,20.9096286705
0.00142,0.00142,0.3650240893,0.1095072268,29.1989991443
0.00142,0.00142,0.3650240893,0.1095072268,40.7745907144
0.00142,0.00142,0.3650240893,0.1095072268,56.9391861586
0.00142,0.00142,0.3650240893,0.1095072268,79.5120407981
0.00142,0.00142,0.3650240893,0.1095072268,111.0336318168
0.00142,0.00142,0.3650240893,0.1095072268,155.0515779833
0.00142,0.00142,0.3650240893,0.1095072268,216.5199088036
0.00142,0.00142,0.3650240893,0.1095072268,302.3566191205
0.00142,0.00142,0.3650240893,0.1095072268,422.2222595195
0.00142,0.00142,0.3650240893,0.1095072268,589.6071895242
0.00142,0.00142,0.3650240893,0.1095072268,823.3498592289
0.00142,0.00142,0.3650240893,0.1095072268,1149.7569953977
0.00142,0.00142,0.3650240893,0.1095072268,1605.5643098112
0.00142,0.00142,0.3650240893,0.1095072268,2242.0709447806
0.00142,0.00142,0.3650240893,0.1095072268,3130.912969796
0.00142,0.00142,0.3650240893,0.1095072268,4372.1257113904
0.00142,0.00142,0.3650240893,0.1095072268,6105.4022965853
0.00142,0.00142,0.3650240893,0.1277584313,0.1
0.00142,0.00142,0.3650240893,0.1277584313,0.1396437957
0.00142,0.00142,0.3650240893,0.1277584313,0.1950038968
0.00142,0.00142,0.3650240893,0.1277584313,0.2723108433
0.00142,0.00142,0.3650240893,0.1277584313,0.3802651977
0.00142,0.00142,0.3650240893,0.1277584313,0.5310167558
0.00142,0.00142,0.3650240893,0.1277584313,0.7415319537
0.00142,0.00142,0.3650240893,0.1277584313,1.0355033665
0.00142,0.00142,0.3650240893,0.1277584313,1.4460162057
0.00142,0.00142,0.3650240893,0.1277584313,2.0192719162
0.00142,0.00142,0.3650240893,0.1277584313,2.8197879494
0.00142,0.00142,0.3650240893,0.1277584313,3.9376589236
0.00142,0.00142,0.3650240893,0.1277584313,5.498696383
0.00142,0.00142,0.3650240893,0.1277584313,7.6785883437
0.00142,0.00142,0.3650240893,0.1277584313,10.7226722201
0.00142,0.00142,0.3650240893,0.1277584313,14.9735464897
0.00142,0.00142,0.3650240893,0.1277584313,20.9096286705
0.00142,0.00142,0.3650240893,0.1277584313,29.1989991443
0.00142,0.00142,0.3650240893,0.1277584313,40.7745907144
0.00142,0.00142,0.3650240893,0.1277584313,56.9391861586
0.00142,0.00142,0.3650240893,0.1277584313,79.5120407981
0.00142,0.00142,0.3650240893,0.1277584313,111.0336318168
0.00142,0.00142,0.3650240893,0.1277584313,155.0515779833
0.00142,0.00142,0.3650240893,0.1277584313,216.5199088036
0.00142,0.00142,0.3650240893,0.1277584313,302.3566191205
0.00142,0.00142,0.3650240893,0.1277584313,422.2222595195
0.00142,0.00142,0.3650240893,0.1277584313,589.6071895242
0.00142,0.00142,0.3650240893,0.1277584313,823.3498592289
0.00142,0.00142,0.3650240893,0.1277584313,1149.7569953977
0.00142,0.00142,0.3650240893,0.1277584313,1605.5643098112
0.00142,0.00142,0.3650240893,0.1277584313,2242.0709447806
0.00142,0.00142,0.3650240893,0.1277584313,3130.912969796
0.00142,0.00142,0.3650240893,0.1277584313,4372.1257113904
0.00142,0.00142,0.3650240893,0.1277584313,6105.4022965853
0.00142,0.00142,0.3650240893,0.1460096357,0.1
0.00142,0.00142,0.3650240893,0.1460096357,0.1396437957
0.00142,0.00142,0.3650240893,0.1460096357,0.1950038968
0.00142,0.00142,0.3650240893,0.1460096357,0.2723108433
0.00142,0.00142,0.3650240893,0.1460096357,0.3802651977
0.00142,0.00142,0.3650240893,0.1460096357,0.5310167558
0.00142,0.00142,0.3650240893,0.1460096357,0.7415319537
0.00142,0.00142,0.3650240893,0.1460096357,1.0355033665
0.00142,0.00142,0.3650240893,0.1460096357,1.4460162057
0.00142,0.00142,0.3650240893,0.1460096357,2.0192719162
0.00142,0.00142,0.3650240893,0.1460096357,2.8197879494
0.00142,0.00142,0.3650240893,0.1460096357,3.9376589236
0.00142,0.00142,0.3650240893,0.1460096357,5.498696383
0.00142,0.00142,0.3650240893,0.1460096357,7.6785883437
0.00142,0.00142,0.3650240893,0.1460096357,10.7226722201
0.00142,0.00142,0.3650240893,0.1460096357,14.9735464897
0.00142,0.00142,0.3650240893,0.1460096357,20.9096286705
0.00142,0.00142,0.3650240893,0.1460096357,29.1989991443
0.00142,0.00142,0.3650240893,0.1460096357,40.7745907144
0.00142,0.00142,0.3650240893,0.1460096357,56.9391861586
0.00142,0.00142,0.3650240893,0.1460096357,79.5120407981
0.00142,0.00142,0.3650240893,0.1460096357,111.0336318168
0.00142,0.00142,0.3650240893,0.1460096357,155.0515779833
0.00142,0.00142,0.3650240893,0.1460096357,216.5199088036
0.00142,0.00142,0.3650240893,0.1460096357,302.3566191205
0.00142,0.00142,0.3650240893,0.1460096357,422.2222595195
0.00142,0.00142,0.3650240893,0.1460096357,589.6071895242
0.00142,0.00142,0.3650240893,0.1460096357,823.3498592289
0.00142,0.00142,0.3650240893,0.1460096357,1149.7569953977
0.00142,0.00142,0.3650240893,0.1460096357,1605.5643098112
0.00142,0.00142,0.3650240893,0.1460096357,2242.0709447806
0.00142,0.00142,0.3650240893,0.1460096357,3130.912969796
0.00142,0.00142,0.3650240893,0.1460096357,4372.1257113904
0.00142,0.00142,0.3650240893,0.1460096357,6105.4022965853
0.00142,0.00142,0.3650240893,0.1642608402,0.1
0.00142,0.00142,0.3650240893,0.1642608402,0.1396437957
0.00142,0.00142,0.3650240893,0.1642608402,0.1950038968
0.00142,0.00142,0.3650240893,0.1642608402,0.2723108433
0.00142,0.00142,0.3650240893,0.1642608402,0.3802651977
0.00142,0.00142,0.3650240893,0.1642608402,0.5310167558
0.00142,0.00142,0.3650240893,0.1642608402,0.7415319537
0.00142,0.00142,0.3650240893,0.1642608402,1.0355033665
0.00142,0.00142,0.3650240893,0.1642608402,1.4460162057
0.00142,0.00142,0.3650240893,0.1642608402,2.0192719162
0.00142,0.00142,0.3650240893,0.1642608402,2.8197879494
0.00142,0.00142,0.3650240893,0.1642608402,3.9376589236
0.00142,0.00142,0.3650240893,0.1642608402,5.498696383
0.00142,0.00142,0.3650240893,0.1642608402,7.6785883437
0.00142,0.00142,0.3650240893,0.1642608402,10.7226722201
0.00142,0.00142,0.3650240893,0.1642608402,14.9735464897
0.00142,0.00142,0.3650240893,0.1642608402,20.9096286705
0.00142,0.00142,0.3650240893,0.1642608402,29.1989991443
0.00142,0.00142,0.3650240893,0.1642608402,40.7745907144
0.00142,0.00142,0.3650240893,0.1642608402,56.9391861586
0.00142,0.00142,0.3650240893,0.1642608402,79.5120407981
0.00142,0.00142,0.3650240893,0.1642608402,111.0336318168
0.00142,0.00142,0.3650240893,0.1642608402,155.0515779833
0.00142,0.00142,0.3650240893,0.1642608402,216.5199088036
0.00142,0.00142,0.3650240893,0.1642608402,302.3566191205
0.00142,0.00142,0.3650240893,0.1642608402,422.2222595195
0.00142,0.00142,0.3650240893,0.1642608402,589.6071895242
0.00142,0.00142,0.3650240893,0.1642608402,823.3498592289
0.00142,0.00142,0.3650240893,0.1642608402,1149.7569953977
0.00142,0.00142,0.3650240893,0.1642608402,1605.5643098112
0.00142,0.00142,0.3650240893,0.1642608402,2242.0709447806
0.00142,0.00142,0.3650240893,0.1642608402,3130.912969796
0.00142,0.00142,0.3650240893,0.1642608402,4372.1257113904
0.00142,0.00142,0.3650240893,0.1642608402,6105.4022965853
0.00142,0.00142,0.3650240893,0.1825120447,0.1
0.00142,0.00142,0.3650240893,0.1825120447,0.1396437957
0.00142,0.00142,0.3650240893,0.1825120447,0.1950038968
0.00142,0.00142,0.3650240893,0.1825120447,0.2723108433
0.00142,0.00142,0.3650240893,0.1825120447,0.3802651977
0.00142,0.00142,0.3650240893,0.1825120447,0.5310167558
0.00142,0.00142,0.3650240893,0.1825120447,0.7415319537
0.00142,0.00142,0.3650240893,0.1825120447,1.0355033665
0.00142,0.00142,0.3650240893,0.1825120447,1.4460162057
0.00142,0.00142,0.3650240893,0.1825120447,2.0192719162
0.00142,0.00142,0.3650240893,0.1825120447,2.8197879494
0.00142,0.00142,0.3650240893,0.1825120447,3.9376589236
0.00142,0.00142,0.3650240893,0.1825120447,5.498696383
0.00142,0.00142,0.3650240893,0.1825120447,7.6785883437
0.00142,0.00142,0.3650240893,0.1825120447,10.7226722201
0.00142,0.00142,0.3650240893,0.1825120447,14.9735464897
0.00142,0.00142,0.3650240893,0.1825120447,20.9096286705
0.00142,0.00142,0.3650240893,0.1825120447,29.1989991443
0.00142,0.00142,0.3650240893,0.1825120447,40.7745907144
0.00142,0.00142,0.3650240893,0.1825120447,56.9391861586
0.00142,0.00142,0.3650240893,0.1825120447,79.5120407981
0.00142,0.00142,0.3650240893,0.1825120447,111.0336318168
0.00142,0.00142,0.3650240893,0.1825120447,155.0515779833
0.00142,0.00142,0.3650240893,0.1825120447,216.5199088036
0.00142,0.00142,0.3650240893,0.1825120447,302.3566191205
0.00142,0.00142,0.3650240893,0.1825120447,422.2222595195
0.00142,0.00142,0.3650240893,0.1825120447,589.6071895242
0.00142,0.00142,0.3650240893,0.1825120447,823.3498592289
0.00142,0.00142,0.3650240893,0.1825120447,1149.7569953977
0.00142,0.00142,0.3650240893,0.1825120447,1605.5643098112
0.00142,0.00142,0.3650240893,0.1825120447,2242.0709447806
0.00142,0.00142,0.3650240893,0.1825120447,3130.912969796
0.00142,0.00142,0.3650240893,0.1825120447,4372.1257113904
0.00142,0.00142,0.3650240893,0.1825120447,6105.4022965853
0.00142,0.00142,0.3650240893,0.2007632491,0.1
0.00142,0.00142,0.3650240893,0.2007632491,0.1396437957
0.00142,0.00142,0.3650240893,0.2007632491,0.1950038968
0.00142,0.00142,0.3650240893,0.2007632491,0.2723108433
0.00142,0.00142,0.3650240893,0.2007632491,0.3802651977
0.00142,0.00142,0.3650240893,0.2007632491,0.5310167558
0.00142,0.00142,0.3650240893,0.2007632491,0.7415319537
0.00142,0.00142,0.3650240893,0.2007632491,1.0355033665
0.00142,0.00142,0.3650240893,0.2007632491,1.4460162057
0.00142,0.00142,0.3650240893,0.2007632491,2.0192719162
0.00142,0.00142,0.3650240893,0.2007632491,2.8197879494
0.00142,0.00142,0.3650240893,0.2007632491,3.9376589236
0.00142,0.00142,0.3650240893,0.2007632491,5.498696383
0.00142,0.00142,0.3650240893,0.2007632491,7.6785883437
0.00142,0.00142,0.3650240893,0.2007632491,10.7226722201
0.00142,0.00142,0.3650240893,0.2007632491,14.9735464897
0.00142,0.00142,0.3650240893,0.2007632491,20.9096286705
0.00142,0.00142,0.3650240893,0.2007632491,29.1989991443
0.00142,0.00142,0.3650240893,0.2007632491,40.7745907144
0.00142,0.00142,0.3650240893,0.2007632491,56.9391861586
0.00142,0.00142,0.3650240893,0.2007632491,79.5120407981
0.00142,0.00142,0.3650240893,0.2007632491,111.0336318168
0.00142,0.00142,0.3650240893,0.2007632491,155.0515779833
0.00142,0.00142,0.3650240893,0.2007632491,216.5199088036
0.00142,0.00142,0.3650240893,0.2007632491,302.3566191205
0.00142,0.00142,0.3650240893,0.2007632491,422.2222595195
0.00142,0.00142,0.3650240893,0.2007632491,589.6071895242
0.00142,0.00142,0.3650240893,0.2007632491,823.3498592289
0.00142,0.00142,0.3650240893,0.2007632491,1149.7569953977
0.00142,0.00142,0.3650240893,0.2007632491,1605.5643098112
0.00142,0.00142,0.3650240893,0.2007632491,2242.0709447806
0.00142,0.00142,0.3650240893,0.2007632491,3130.912969796
0.00142,0.00142,0.3650240893,0.2007632491,4372.1257113904
0.00142,0.00142,0.3650240893,0.2007632491,6105.4022965853
0.00142,0.00142,0.3650240893,0.2190144536,0.1
0.00142,0.00142,0.3650240893,0.2190144536,0.1396437957
0.00142,0.00142,0.3650240893,0.2190144536,0.1950038968
0.00142,0.00142,0.3650240893,0.2190144536,0.2723108433
0.00142,0.00142,0.3650240893,0.2190144536,0.3802651977
0.00142,0.00142,0.3650240893,0.2190144536,0.5310167558
0.00142,0.00142,0.3650240893,0.2190144536,0.7415319537
0.00142,0.00142,0.3650240893,0.2190144536,1.0355033665
0.00142,0.00142,0.3650240893,0.2190144536,1.4460162057
0.00142,0.00142,0.3650240893,0.2190144536,2.0192719162
0.00142,0.00142,0.3650240893,0.2190144536,2.8197879494
0.00142,0.00142,0.3650240893,0.2190144536,3.9376589236
0.00142,0.00142,0.3650240893,0.2190144536,5.498696383
0.00142,0.00142,0.3650240893,0.2190144536,7.6785883437
0.00142,0.00142,0.3650240893,0.2190144536,10.7226722201
0.00142,0.00142,0.3650240893,0.2190144536,14.9735464897
0.00142,0.00142,0.3650240893,0.2190144536,20.9096286705
0.00142,0.00142,0.3650240893,0.2190144536,29.1989991443
0.00142,0.00142,0.3650240893,0.2190144536,40.7745907144
0.00142,0.00142,0.3650240893,0.2190144536,56.9391861586
0.00142,0.00142,0.3650240893,0.2190144536,79.5120407981
0.00142,0.00142,0.3650240893,0.2190144536,111.0336318168
0.00142,0.00142,0.3650240893,0.2190144536,155.0515779833
0.00142,0.00142,0.3650240893,0.2190144536,216.5199088036
0.00142,0.00142,0.3650240893,0.2190144536,302.3566191205
0.00142,0.00142,0.3650240893,0.2190144536,422.2222595195
0.00142,0.00142,0.3650240893,0.2190144536,589.6071895242
0.00142,0.00142,0.3650240893,0.2190144536,823.3498592289
0.00142,0.00142,0.3650240893,0.2190144536,1149.7569953977
0.00142,0.00142,0.3650240893,0.2190144536,1605.5643098112
0.00142,0.00142,0.3650240893,0.2190144536,2242.0709447806
0.00142,0.00142,0.3650240893,0.2190144536,3130.912969796
0.00142,0.00142,0.3650240893,0.2190144536,4372.1257113904
0.00142,0.00142,0.3650240893,0.2190144536,6105.4022965853
0.00142,0.00142,0.3650240893,0.237265658,0.1
0.00142,0.00142,0.3650240893,0.237265658,0.1396437957
0.00142,0.00142,0.3650240893,0.237265658,0.1950038968
0.00142,0.00142,0.3650240893,0.237265658,0.2723108433
0.00142,0.00142,0.3650240893,0.237265658,0.3802651977
0.00142,0.00142,0.3650240893,0.237265658,0.5310167558
0.00142,0.00142,0.3650240893,0.237265658,0.7415319537
0.00142,0.00142,0.3650240893,0.237265658,1.0355033665
0.00142,0.00142,0.3650240893,0.237265658,1.4460162057
0.00142,0.00142,0.3650240893,0.237265658,2.0192719162
0.00142,0.00142,0.3650240893,0.237265658,2.8197879494
0.00142,0.00142,0.3650240893,0.237265658,3.9376589236
0.00142,0.00142,0.3650240893,0.237265658,5.498696383
0.00142,0.00142,0.3650240893,0.237265658,7.6785883437
0.00142,0.00142,0.3650240893,0.237265658,10.7226722201
0.00142,0.00142,0.3650240893,0.237265658,14.9735464897
0.00142,0.00142,0.3650240893,0.237265658,20.9096286705
0.00142,0.00142,0.3650240893,0.237265658,29.1989991443
0.00142,0.00142,0.3650240893,0.237265658,40.7745907144
0.00142,0.00142,0.3650240893,0.237265658,56.9391861586
0.00142,0.00142,0.3650240893,0.237265658,79.5120407981
0.00142,0.00142,0.3650240893,0.237265658,111.0336318168
0.00142,0.00142,0.3650240893,0.237265658,155.0515779833
0.00142,0.00142,0.3650240893,0.237265658,216.5199088036
0.00142,0.00142,0.3650240893,0.237265658,302.3566191205
0.00142,0.00142,0.3650240893,0.237265658,422.2222595195
0.00142,0.00142,0.3650240893,0.237265658,589.6071895242
0.00142,0.00142,0.3650240893,0.237265658,823.3498592289
0.00142,0.00142,0.3650240893,0.237265658,1149.7569953977
0.00142,0.00142,0.3650240893,0.237265658,1605.5643098112
0.00142,0.00142,0.3650240893,0.237265658,2242.0709447806
0.00142,0.00142,0.3650240893,0.237265658,3130.912969796
0.00142,0.00142,0.3650240893,0.237265658,4372.1257113904
0.00142,0.00142,0.3650240893,0.237265658,6105.4022965853
0.00142,0.00142,0.3650240893,0.2555168625,0.1
0.00142,0.00142,0.3650240893,0.2555168625,0.1396437957
0.00142,0.00142,0.3650240893,0.2555168625,0.1950038968
0.00142,0.00142,0.3650240893,0.2555168625,0.2723108433
0.00142,0.00142,0.3650240893,0.2555168625,0.3802651977
0.00142,0.00142,0.3650240893,0.2555168625,0.5310167558
0.00142,0.00142,0.3650240893,0.2555168625,0.7415319537
0.00142,0.00142,0.3650240893,0.2555168625,1.0355033665
0.00142,0.00142,0.3650240893,0.2555168625,1.4460162057
0.00142,0.00142,0.3650240893,0.2555168625,2.0192719162
0.00142,0.00142,0.3650240893,0.2555168625,2.8197879494
0.00142,0.00142,0.3650240893,0.2555168625,3.9376589236
0.00142,0.00142,0.3650240893,0.2555168625,5.498696383
0.00142,0.00142,0.3650240893,0.2555168625,7.6785883437
0.00142,0.00142,0.3650240893,0.2555168625,10.7226722201
0.00142,0.00142,0.3650240893,0.2555168625,14.9735464897
0.00142,0.00142,0.3650240893,0.2555168625,20.9096286705
0.00142,0.00142,0.3650240893,0.2555168625,29.1989991443
0.00142,0.00142,0.3650240893,0.2555168625,40.7745907144
0.00142,0.00142,0.3650240893,0.2555168625,56.9391861586
0.00142,0.00142,0.3650240893,0.2555168625,79.5120407981
0.00142,0.00142,0.3650240893,0.2555168625,111.0336318168
0.00142,0.00142,0.3650240893,0.2555168625,155.0515779833
0.00142,0.00142,0.3650240893,0.2555168625,216.5199088036
0.00142,0.00142,0.3650240893,0.2555168625,302.3566191205
0.00142,0.00142,0.3650240893,0.2555168625,422.2222595195
0.00142,0.00142,0.3650240893,0.2555168625,589.6071895242
0.00142,0.00142,0.3650240893,0.2555168625,823.3498592289
0.00142,0.00142,0.3650240893,0.2555168625,1149.7569953977
0.00142,0.00142,0.3650240893,0.2555168625,1605.5643098112
0.00142,0.00142,0.3650240893,0.2555168625,2242.0709447806
0.00142,0.00142,0.3650240893,0.2555168625,3130.912969796
0.00142,0.00142,0.3650240893,0.2555168625,4372.1257113904
0.00142,0.00142,0.3650240893,0.2555168625,6105.4022965853
0.00142,0.00142,0.3650240893,0.273768067,0.1
0.00142,0.00142,0.3650240893,0.273768067,0.1396437957
0.00142,0.00142,0.3650240893,0.273768067,0.1950038968
0.00142,0.00142,0.3650240893,0.273768067,0.2723108433
0.00142,0.00142,0.3650240893,0.273768067,0.3802651977
0.00142,0.00142,0.3650240893,0.273768067,0.5310167558
0.00142,0.00142,0.3650240893,0.273768067,0.7415319537
0.00142,0.00142,0.3650240893,0.273768067,1.0355033665
0.00142,0.00142,0.3650240893,0.273768067,1.4460162057
0.00142,0.00142,0.3650240893,0.273768067,2.0192719162
0.00142,0.00142,0.3650240893,0.273768067,2.8197879494
0.00142,0.00142,0.3650240893,0.273768067,3.9376589236
0.00142,0.00142,0.3650240893,0.273768067,5.498696383
0.00142,0.00142,0.3650240893,0.273768067,7.6785883437
0.00142,0.00142,0.3650240893,0.273768067,10.7226722201
0.00142,0.00142,0.3650240893,0.273768067,14.9735464897
0.00142,0.00142,0.3650240893,0.273768067,20.9096286705
0.00142,0.00142,0.3650240893,0.273768067,29.1989991443
0.00142,0.00142,0.3650240893,0.273768067,40.7745907144
0.00142,0.00142,0.3650240893,0.273768067,56.9391861586
0.00142,0.00142,0.3650240893,0.273768067,79.5120407981
0.00142,0.00142,0.3650240893,0.273768067,111.0336318168
0.00142,0.00142,0.3650240893,0.273768067,155.0515779833
0.00142,0.00142,0.3650240893,0.273768067,216.5199088036
0.00142,0.00142,0.3650240893,0.273768067,302.3566191205
0.00142,0.00142,0.3650240893,0.273768067,422.2222595195
0.00142,0.00142,0.3650240893,0.273768067,589.6071895242
0.00142,0.00142,0.3650240893,0.273768067,823.3498592289
0.00142,0.00142,0.3650240893,0.273768067,1149.7569953977
0.00142,0.00142,0.3650240893,0.273768067,1605.5643098112
0.00142,0.00142,0.3650240893,0.273768067,2242.0709447806
0.00142,0.00142,0.3650240893,0.273768067,3130.912969796
0.00142,0.00142,0.3650240893,0.273768067,4372.1257113904
0.00142,0.00142,0.3650240893,0.273768067,6105.4022965853
0.00142,0.00142,0.3650240893,0.2920192714,0.1
0.00142,0.00142,0.3650240893,0.2920192714,0.1396437957
0.00142,0.00142,0.3650240893,0.2920192714,0.1950038968
0.00142,0.00142,0.3650240893,0.2920192714,0.2723108433
0.00142,0.00142,0.3650240893,0.2920192714,0.3802651977
0.00142,0.00142,0.3650240893,0.2920192714,0.5310167558
0.00142,0.00142,0.3650240893,0.2920192714,0.7415319537
0.00142,0.00142,0.3650240893,0.2920192714,1.0355033665
0.00142,0.00142,0.3650240893,0.2920192714,1.4460162057
0.00142,0.00142,0.3650240893,0.2920192714,2.0192719162
0.00142,0.00142,0.3650240893,0.2920192714,2.8197879494
0.00142,0.00142,0.3650240893,0.2920192714,3.9376589236
0.00142,0.00142,0.3650240893,0.2920192714,5.498696383
0.00142,0.00142,0.3650240893,0.2920192714,7.6785883437
0.00142,0.00142,0.3650240893,0.2920192714,10.7226722201
0.00142,0.00142,0.3650240893,0.2920192714,14.9735464897
0.00142,0.00142,0.3650240893,0.2920192714,20.9096286705
0.00142,0.00142,0.3650240893,0.2920192714,29.1989991443
0.00142,0.00142,0.3650240893,0.2920192714,40.7745907144
0.00142,0.00142,0.3650240893,0.2920192714,56.9391861586
0.00142,0.00142,0.3650240893,0.2920192714,79.5120407981
0.00142,0.00142,0.3650240893,0.2920192714,111.0336318168
0.00142,0.00142,0.3650240893,0.2920192714,155.0515779833
0.00142,0.00142,0.3650240893,0.2920192714,216.5199088036
0.00142,0.00142,0.3650240893,0.2920192714,302.3566191205
0.00142,0.00142,0.3650240893,0.2920192714,422.2222595195
0.00142,0.00142,0.3650240893,0.2920192714,589.6071895242
0.00142,0.00142,0.3650240893,0.2920192714,823.3498592289
0.00142,0.00142,0.3650240893,0.2920192714,1149.7569953977
0.00142,0.00142,0.3650240893,0.2920192714,1605.5643098112
0.00142,0.00142,0.3650240893,0.2920192714,2242.0709447806
0.00142,0.00142,0.3650240893,0.2920192714,3130.912969796
0.00142,0.00142,0.3650240893,0.2920192714,4372.1257113904
0.00142,0.00142,0.3650240893,0.2920192714,6105.4022965853
0.00142,0.00142,0.3650240893,0.3102704759,0.1
0.00142,0.00142,0.3650240893,0.3102704759,0.1396437957
0.00142,0.00142,0.3650240893,0.3102704759,0.1950038968
0.00142,0.00142,0.3650240893,0.3102704759,0.2723108433
0.00142,0.00142,0.3650240893,0.3102704759,0.3802651977
0.00142,0.00142,0.3650240893,0.3102704759,0.5310167558
0.00142,0.00142,0.3650240893,0.3102704759,0.7415319537
0.00142,0.00142,0.3650240893,0.3102704759,1.0355033665
0.00142,0.00142,0.3650240893,0.3102704759,1.4460162057
0.00142,0.00142,0.3650240893,0.3102704759,2.0192719162
0.00142,0.00142,0.3650240893,0.3102704759,2.8197879494
0.00142,0.00142,0.3650240893,0.3102704759,3.9376589236
0.00142,0.00142,0.3650240893,0.3102704759,5.498696383
0.00142,0.00142,0.3650240893,0.3102704759,7.6785883437
0.00142,0.00142,0.3650240893,0.3102704759,10.7226722201
0.00142,0.00142,0.3650240893,0.3102704759,14.9735464897
0.00142,0.00142,0.3650240893,0.3102704759,20.9096286705
0.00142,0.00142,0.3650240893,0.3102704759,29.1989991443
0.00142,0.00142,0.3650240893,0.3102704759,40.7745907144
0.00142,0.00142,0.3650240893,0.3102704759,56.9391861586
0.00142,0.00142,0.3650240893,0.3102704759,79.5120407981
0.00142,0.00142,0.3650240893,0.3102704759,111.0336318168
0.00142,0.00142,0.3650240893,0.3102704759,155.0515779833
0.00142,0.00142,0.3650240893,0.3102704759,216.5199088036
0.00142,0.00142,0.3650240893,0.3102704759,302.3566191205
0.00142,0.00142,0.3650240893,0.3102704759,422.2222595195
0.00142,0.00142,0.3650240893,0.3102704759,589.6071895242
0.00142,0.00142,0.3650240893,0.3102704759,823.3498592289
0.00142,0.00142,0.3650240893,0.3102704759,1149.7569953977
0.00142,0.00142,0.3650240893,0.3102704759,1605.5643098112
0.00142,0.00142,0.3650240893,0.3102704759,2242.0709447806
0.00142,0.00142,0.3650240893,0.3102704759,3130.912969796
0.00142,0.00142,0.3650240893,0.3102704759,4372.1257113904
0.00142,0.00142,0.3650240893,0.3102704759,6105.4022965853
0.00142,0.00142,0.3650240893,0.3285216804,0.1
0.00142,0.00142,0.3650240893,0.3285216804,0.1396437957
0.00142,0.00142,0.3650240893,0.3285216804,0.1950038968
0.00142,0.00142,0.3650240893,0.3285216804,0.2723108433
0.00142,0.00142,0.3650240893,0.3285216804,0.3802651977
0.00142,0.00142,0.3650240893,0.3285216804,0.5310167558
0.00142,0.00142,0.3650240893,0.3285216804,0.7415319537
0.00142,0.00142,0.3650240893,0.3285216804,1.0355033665
0.00142,0.00142,0.3650240893,0.3285216804,1.4460162057
0.00142,0.00142,0.3650240893,0.3285216804,2.0192719162
0.00142,0.00142,0.3650240893,0.3285216804,2.8197879494
0.00142,0.00142,0.3650240893,0.3285216804,3.9376589236
0.00142,0.00142,0.3650240893,0.3285216804,5.498696383
0.00142,0.00142,0.3650240893,0.3285216804,7.6785883437
0.00142,0.00142,0.3650240893,0.3285216804,10.7226722201
0.00142,0.00142,0.3650240893,0.3285216804,14.9735464897
0.00142,0.00142,0.3650240893,0.3285216804,20.9096286705
0.00142,0.00142,0.3650240893,0.3285216804,29.1989991443
0.00142,0.00142,0.3650240893,0.3285216804,40.7745907144
0.00142,0.00142,0.3650240893,0.3285216804,56.9391861586
0.00142,0.00142,0.3650240893,0.3285216804,79.5120407981
0.00142,0.00142,0.3650240893,0.3285216804,111.0336318168
0.00142,0.00142,0.3650240893,0.3285216804,155.0515779833
0.00142,0.00142,0.3650240893,0.3285216804,216.5199088036
0.00142,0.00142,0.3650240893,0.3285216804,302.3566191205
0.00142,0.00142,0.3650240893,0.3285216804,422.2222595195
0.00142,0.00142,0.3650240893,0.3285216804,589.6071895242
0.00142,0.00142,0.3650240893,0.3285216804,823.3498592289
0.00142,0.00142,0.3650240893,0.3285216804,1149.7569953977
0.00142,0.00142,0.3650240893,0.3285216804,1605.5643098112
0.00142,0.00142,0.3650240893,0.3285216804,2242.0709447806
0.00142,0.00142,0.3650240893,0.3285216804,3130.912969796
0.00142,0.00142,0.3650240893,0.3285216804,4372.1257113904
0.00142,0.00142,0.3650240893,0.3285216804,6105.4022965853
0.00142,0.00142,0.3650240893,0.3467728848,0.1
0.00142,0.00142,0.3650240893,0.3467728848,0.1396437957
0.00142,0.00142,0.3650240893,0.3467728848,0.1950038968
0.00142,0.00142,0.3650240893,0.3467728848,0.2723108433
0.00142,0.00142,0.3650240893,0.3467728848,0.3802651977
0.00142,0.00142,0.3650240893,0.3467728848,0.5310167558
0.00142,0.00142,0.3650240893,0.3467728848,0.7415319537
0.00142,0.00142,0.3650240893,0.3467728848,1.0355033665
0.00142,0.00142,0.3650240893,0.3467728848,1.4460162057
0.00142,0.00142,0.3650240893,0.3467728848,2.0192719162
0.00142,0.00142,0.3650240893,0.3467728848,2.8197879494
0.00142,0.00142,0.3650240893,0.3467728848,3.9376589236
0.00142,0.00142,0.3650240893,0.3467728848,5.498696383
0.00142,0.00142,0.3650240893,0.3467728848,7.6785883437
0.00142,0.00142,0.3650240893,0.3467728848,10.7226722201
0.00142,0.00142,0.3650240893,0.3467728848,14.9735464897
0.00142,0.00142,0.3650240893,0.3467728848,20.9096286705
0.00142,0.00142,0.3650240893,0.3467728848,29.1989991443
0.00142,0.00142,0.3650240893,0.3467728848,40.7745907144
0.00142,0.00142,0.3650240893,0.3467728848,56.9391861586
0.00142,0.00142,0.3650240893,0.3467728848,79.5120407981
0.00142,0.00142,0.3650240893,0.3467728848,111.0336318168
0.00142,0.00142,0.3650240893,0.3467728848,155.0515779833
0.00142,0.00142,0.3650240893,0.3467728848,216.5199088036
0.00142,0.00142,0.3650240893,0.3467728848,302.3566191205
0.00142,0.00142,0.3650240893,0.3467728848,422.2222595195
0.00142,0.00142,0.3650240893,0.3467728848,589.6071895242
0.00142,0.00142,0.3650240893,0.3467728848,823.3498592289
0.00142,0.00142,0.3650240893,0.3467728848,1149.7569953977
0.00142,0.00142,0.3650240893,0.3467728848,1605.5643098112
0.00142,0.00142,0.3650240893,0.3467728848,2242.0709447806
0.00142,0.00142,0.3650240893,0.3467728848,3130.912969796
0.00142,0.00142,0.3650240893,0.3467728848,4372.1257113904
0.00142,0.00142,0.3650240893,0.3467728848,6105.4022965853
0.00142,0.00142,0.3650240893,0.3613738484,0.1
0.00142,0.00142,0.3650240893,0.3613738484,0.1396437957
0.00142,0.00142,0.3650240893,0.3613738484,0.1950038968
0.00142,0.00142,0.3650240893,0.3613738484,0.2723108433
0.00142,0.00142,0.3650240893,0.3613738484,0.3802651977
0.00142,0.00142,0.3650240893,0.3613738484,0.5310167558
0.00142,0.00142,0.3650240893,0.3613738484,0.7415319537
0.00142,0.00142,0.3650240893,0.3613738484,1.0355033665
0.00142,0.00142,0.3650240893,0.3613738484,1.4460162057
0.00142,0.00142,0.3650240893,0.3613738484,2.0192719162
0.00142,0.00142,0.3650240893,0.3613738484,2.8197879494
0.00142,0.00142,0.3650240893,0.3613738484,3.9376589236
0.00142,0.00142,0.3650240893,0.3613738484,5.498696383
0.00142,0.00142,0.3650240893,0.3613738484,7.6785883437
0.00142,0.00142,0.3650240893,0.3613738484,10.7226722201
0.00142,0.00142,0.3650240893,0.3613738484,14.9735464897
0.00142,0.00142,0.3650240893,0.3613738484,20.9096286705
0.00142,0.00142,0.3650240893,0.3613738484,29.1989991443
0.00142,0.00142,0.3650240893,0.3613738484,40.7745907144
0.00142,0.00142,0.3650240893,0.3613738484,56.9391861586
0.00142,0.00142,0.3650240893,0.3613738484,79.5120407981
0.00142,0.00142,0.3650240893,0.3613738484,111.0336318168
0.00142,0.00142,0.3650240893,0.3613738484,155.0515779833
0.00142,0.00142,0.3650240893,0.3613738484,216.5199088036
0.00142,0.00142,0.3650240893,0.3613738484,302.3566191205
0.00142,0.00142,0.3650240893,0.3613738484,422.2222595195
0.00142,0.00142,0.3650240893,0.3613738484,589.6071895242
0.00142,0.00142,0.3650240893,0.3613738484,823.3498592289
0.00142,0.00142,0.3650240893,0.3613738484,1149.7569953977
0.00142,0.00142,0.3650240893,0.3613738484,1605.5643098112
0.00142,0.00142,0.3650240893,0.3613738484,2242.0709447806
0.00142,0.00142,0.3650240893,0.3613738484,3130.912969796
0.00142,0.00142,0.3650240893,0.3613738484,4372.1257113904
0.00142,0.00142,0.3650240893,0.3613738484,6105.4022965853
0.00142,0.00142,0.4066133687,0.1016533422,0.1
0.00142,0.00142,0.4066133687,0.1016533422,0.1396437957
0.00142,0.00142,0.4066133687,0.1016533422,0.1950038968
0.00142,0.00142,0.4066133687,0.1016533422,0.2723108433
0.00142,0.00142,0.4066133687,0.1016533422,0.3802651977
0.00142,0.00142,0.4066133687,0.1016533422,0.5310167558
0.00142,0.00142,0.4066133687,0.1016533422,0.7415319537
0.00142,0.00142,0.4066133687,0.1016533422,1.0355033665
0.00142,0.00142,0.4066133687,0.1016533422,1.4460162057
0.00142,0.00142,0.4066133687,0.1016533422,2.0192719162
0.00142,0.00142,0.4066133687,0.1016533422,2.8197879494
0.00142,0.00142,0.4066133687,0.1016533422,3.9376589236
0.00142,0.00142,0.4066133687,0.1016533422,5.498696383
0.00142,0.00142,0.4066133687,0.1016533422,7.6785883437
0.00142,0.00142,0.4066133687,0.1016533422,10.7226722201
0.00142,0.00142,0.4066133687,0.1016533422,14.9735464897
0.00142,0.00142,0.4066133687,0.1016533422,20.9096286705
0.00142,0.00142,0.4066133687,0.1016533422,29.1989991443
0.00142,0.00142,0.4066133687,0.1016533422,40.7745907144
0.00142,0.00142,0.4066133687,0.1016533422,56.9391861586
0.00142,0.00142,0.4066133687,0.1016533422,79.5120407981
0.00142,0.00142,0.4066133687,0.1016533422,111.0336318168
0.00142,0.00142,0.4066133687,0.1016533422,155.0515779833
0.00142,0.00142,0.4066133687,0.1016533422,216.5199088036
0.00142,0.00142,0.4066133687,0.1016533422,302.3566191205
0.00142,0.00142,0.4066133687,0.1016533422,422.2222595195
0.00142,0.00142,0.4066133687,0.1016533422,589.6071895242
0.00142,0.00142,0.4066133687,0.1016533422,823.3498592289
0.00142,0.00142,0.4066133687,0.1016533422,1149.7569953977
0.00142,0.00142,0.4066133687,0.1016533422,1605.5643098112
0.00142,0.00142,0.4066133687,0.1016533422,2242.0709447806
0.00142,0.00142,0.4066133687,0.1016533422,3130.912969796
0.00142,0.00142,0.4066133687,0.1016533422,4372.1257113904
0.00142,0.00142,0.4066133687,0.1016533422,6105.4022965853
0.00142,0.00142,0.4066133687,0.1219840106,0.1
0.00142,0.00142,0.4066133687,0.1219840106,0.1396437957
0.00142,0.00142,0.4066133687,0.1219840106,0.1950038968
0.00142,0.00142,0.4066133687,0.1219840106,0.2723108433
0.00142,0.00142,0.4066133687,0.1219840106,0.3802651977
0.00142,0.00142,0.4066133687,0.1219840106,0.5310167558
0.00142,0.00142,0.4066133687,0.1219840106,0.7415319537
0.00142,0.00142,0.4066133687,0.1219840106,1.0355033665
0.00142,0.00142,0.4066133687,0.1219840106,1.4460162057
0.00142,0.00142,0.4066133687,0.1219840106,2.0192719162
0.00142,0.00142,0.4066133687,0.1219840106,2.8197879494
0.00142,0.00142,0.4066133687,0.1219840106,3.9376589236
0.00142,0.00142,0.4066133687,0.1219840106,5.498696383
0.00142,0.00142,0.4066133687,0.1219840106,7.6785883437
0.00142,0.00142,0.4066133687,0.1219840106,10.7226722201
0.00142,0.00142,0.4066133687,0.1219840106,14.9735464897
0.00142,0.00142,0.4066133687,0.1219840106,20.9096286705
0.00142,0.00142,0.4066133687,0.1219840106,29.1989991443
0.00142,0.00142,0.4066133687,0.1219840106,40.7745907144
0.00142,0.00142,0.4066133687,0.1219840106,56.9391861586
0.00142,0.00142,0.4066133687,0.1219840106,79.5120407981
0.00142,0.00142,0.4066133687,0.1219840106,111.0336318168
0.00142,0.00142,0.4066133687,0.1219840106,155.0515779833
0.00142,0.00142,0.4066133687,0.1219840106,216.5199088036
0.00142,0.00142,0.4066133687,0.1219840106,302.3566191205
0.00142,0.00142,0.4066133687,0.1219840106,422.2222595195
0.00142,0.00142,0.4066133687,0.1219840106,589.6071895242
0.00142,0.00142,0.4066133687,0.1219840106,823.3498592289
0.00142,0.00142,0.4066133687,0.1219840106,1149.7569953977
0.00142,0.00142,0.4066133687,0.1219840106,1605.5643098112
0.00142,0.00142,0.4066133687,0.1219840106,2242.0709447806
0.00142,0.00142,0.4066133687,0.1219840106,3130.912969796
0.00142,0.00142,0.4066133687,0.1219840106,4372.1257113904
0.00142,0.00142,0.4066133687,0.1219840106,6105.4022965853
0.00142,0.00142,0.4066133687,0.142314679,0.1
0.00142,0.00142,0.4066133687,0.142314679,0.1396437957
0.00142,0.00142,0.4066133687,0.142314679,0.1950038968
0.00142,0.00142,0.4066133687,0.142314679,0.2723108433
0.00142,0.00142,0.4066133687,0.142314679,0.3802651977
0.00142,0.00142,0.4066133687,0.142314679,0.5310167558
0.00142,0.00142,0.4066133687,0.142314679,0.7415319537
0.00142,0.00142,0.4066133687,0.142314679,1.0355033665
0.00142,0.00142,0.4066133687,0.142314679,1.4460162057
0.00142,0.00142,0.4066133687,0.142314679,2.0192719162
0.00142,0.00142,0.4066133687,0.142314679,2.8197879494
0.00142,0.00142,0.4066133687,0.142314679,3.9376589236
0.00142,0.00142,0.4066133687,0.142314679,5.498696383
0.00142,0.00142,0.4066133687,0.142314679,7.6785883437
0.00142,0.00142,0.4066133687,0.142314679,10.7226722201
0.00142,0.00142,0.4066133687,0.142314679,14.9735464897
0.00142,0.00142,0.4066133687,0.142314679,20.9096286705
0.00142,0.00142,0.4066133687,0.142314679,29.1989991443
0.00142,0.00142,0.4066133687,0.142314679,40.7745907144
0.00142,0.00142,0.4066133687,0.142314679,56.9391861586
0.00142,0.00142,0.4066133687,0.142314679,79.5120407981
0.00142,0.00142,0.4066133687,0.142314679,111.0336318168
0.00142,0.00142,0.4066133687,0.142314679,155.0515779833
0.00142,0.00142,0.4066133687,0.142314679,216.5199088036
0.00142,0.00142,0.4066133687,0.142314679,302.3566191205
0.00142,0.00142,0.4066133687,0.142314679,422.2222595195
0.00142,0.00142,0.4066133687,0.142314679,589.6071895242
0.00142,0.00142,0.4066133687,0.142314679,823.3498592289
0.00142,0.00142,0.4066133687,0.142314679,1149.7569953977
0.00142,0.00142,0.4066133687,0.142314679,1605.5643098112
0.00142,0.00142,0.4066133687,0.142314679,2242.0709447806
0.00142,0.00142,0.4066133687,0.142314679,3130.912969796
0.00142,0.00142,0.4066133687,0.142314679,4372.1257113904
0.00142,0.00142,0.4066133687,0.142314679,6105.4022965853
0.00142,0.00142,0.4066133687,0.1626453475,0.1
0.00142,0.00142,0.4066133687,0.1626453475,0.1396437957
0.00142,0.00142,0.4066133687,0.1626453475,0.1950038968
0.00142,0.00142,0.4066133687,0.1626453475,0.2723108433
0.00142,0.00142,0.4066133687,0.1626453475,0.3802651977
0.00142,0.00142,0.4066133687,0.1626453475,0.5310167558
0.00142,0.00142,0.4066133687,0.1626453475,0.7415319537
0.00142,0.00142,0.4066133687,0.1626453475,1.0355033665
0.00142,0.00142,0.4066133687,0.1626453475,1.4460162057
0.00142,0.00142,0.4066133687,0.1626453475,2.0192719162
0.00142,0.00142,0.4066133687,0.1626453475,2.8197879494
0.00142,0.00142,0.4066133687,0.1626453475,3.9376589236
0.00142,0.00142,0.4066133687,0.1626453475,5.498696383
0.00142,0.00142,0.4066133687,0.1626453475,7.6785883437
0.00142,0.00142,0.4066133687,0.1626453475,10.7226722201
0.00142,0.00142,0.4066133687,0.1626453475,14.9735464897
0.00142,0.00142,0.4066133687,0.1626453475,20.9096286705
0.00142,0.00142,0.4066133687,0.1626453475,29.1989991443
0.00142,0.00142,0.4066133687,0.1626453475,40.7745907144
0.00142,0.00142,0.4066133687,0.1626453475,56.9391861586
0.00142,0.00142,0.4066133687,0.1626453475,79.5120407981
0.00142,0.00142,0.4066133687,0.1626453475,111.0336318168
0.00142,0.00142,0.4066133687,0.1626453475,155.0515779833
0.00142,0.00142,0.4066133687,0.1626453475,216.5199088036
0.00142,0.00142,0.4066133687,0.1626453475,302.3566191205
0.00142,0.00142,0.4066133687,0.1626453475,422.2222595195
0.00142,0.00142,0.4066133687,0.1626453475,589.6071895242
0.00142,0.00142,0.4066133687,0.1626453475,823.3498592289
0.00142,0.00142,0.4066133687,0.1626453475,1149.7569953977
0.00142,0.00142,0.4066133687,0.1626453475,1605.5643098112
0.00142,0.00142,0.4066133687,0.1626453475,2242.0709447806
0.00142,0.00142,0.4066133687,0.1626453475,3130.912969796
0.00142,0.00142,0.4066133687,0.1626453475,4372.1257113904
0.00142,0.00142,0.4066133687,0.1626453475,6105.4022965853
0.00142,0.00142,0.4066133687,0.1829760159,0.1
0.00142,0.00142,0.4066133687,0.1829760159,0.1396437957
0.00142,0.00142,0.4066133687,0.1829760159,0.1950038968
0.00142,0.00142,0.4066133687,0.1829760159,0.2723108433
0.00142,0.00142,0.4066133687,0.1829760159,0.3802651977
0.00142,0.00142,0.4066133687,0.1829760159,0.5310167558
0.00142,0.00142,0.4066133687,0.1829760159,0.7415319537
0.00142,0.00142,0.4066133687,0.1829760159,1.0355033665
0.00142,0.00142,0.4066133687,0.1829760159,1.4460162057
0.00142,0.00142,0.4066133687,0.1829760159,2.0192719162
0.00142,0.00142,0.4066133687,0.1829760159,2.8197879494
0.00142,0.00142,0.4066133687,0.1829760159,3.9376589236
0.00142,0.00142,0.4066133687,0.1829760159,5.498696383
0.00142,0.00142,0.4066133687,0.1829760159,7.6785883437
0.00142,0.00142,0.4066133687,0.1829760159,10.7226722201
0.00142,0.00142,0.4066133687,0.1829760159,14.9735464897
0.00142,0.00142,0.4066133687,0.1829760159,20.9096286705
0.00142,0.00142,0.4066133687,0.1829760159,29.1989991443
0.00142,0.00142,0.4066133687,0.1829760159,40.7745907144
0.00142,0.00142,0.4066133687,0.1829760159,56.9391861586
0.00142,0.00142,0.4066133687,0.1829760159,79.5120407981
0.00142,0.00142,0.4066133687,0.1829760159,111.0336318168
0.00142,0.00142,0.4066133687,0.1829760159,155.0515779833
0.00142,0.00142,0.4066133687,0.1829760159,216.5199088036
0.00142,0.00142,0.4066133687,0.1829760159,302.3566191205
0.00142,0.00142,0.4066133687,0.1829760159,422.2222595195
0.00142,0.00142,0.4066133687,0.1829760159,589.6071895242
0.00142,0.00142,0.4066133687,0.1829760159,823.3498592289
0.00142,0.00142,0.4066133687,0.1829760159,1149.7569953977
0.00142,0.00142,0.4066133687,0.1829760159,1605.5643098112
0.00142,0.00142,0.4066133687,0.1829760159,2242.0709447806
0.00142,0.00142,0.4066133687,0.1829760159,3130.912969796
0.00142,0.00142,0.4066133687,0.1829760159,4372.1257113904
0.00142,0.00142,0.4066133687,0.1829760159,6105.4022965853
0.00142,0.00142,0.4066133687,0.2033066843,0.1
0.00142,0.00142,0.4066133687,0.2033066843,0.1396437957
0.00142,0.00142,0.4066133687,0.2033066843,0.1950038968
0.00142,0.00142,0.4066133687,0.2033066843,0.2723108433
0.00142,0.00142,0.4066133687,0.2033066843,0.3802651977
0.00142,0.00142,0.4066133687,0.2033066843,0.5310167558
0.00142,0.00142,0.4066133687,0.2033066843,0.7415319537
0.00142,0.00142,0.4066133687,0.2033066843,1.0355033665
0.00142,0.00142,0.4066133687,0.2033066843,1.4460162057
0.00142,0.00142,0.4066133687,0.2033066843,2.0192719162
0.00142,0.00142,0.4066133687,0.2033066843,2.8197879494
0.00142,0.00142,0.4066133687,0.2033066843,3.9376589236
0.00142,0.00142,0.4066133687,0.2033066843,5.498696383
0.00142,0.00142,0.4066133687,0.2033066843,7.6785883437
0.00142,0.00142,0.4066133687,0.2033066843,10.7226722201
0.00142,0.00142,0.4066133687,0.2033066843,14.9735464897
0.00142,0.00142,0.4066133687,0.2033066843,20.9096286705
0.00142,0.00142,0.4066133687,0.2033066843,29.1989991443
0.00142,0.00142,0.4066133687,0.2033066843,40.7745907144
0.00142,0.00142,0.4066133687,0.2033066843,56.9391861586
0.00142,0.00142,0.4066133687,0.2033066843,79.5120407981
0.00142,0.00142,0.4066133687,0.2033066843,111.0336318168
0.00142,0.00142,0.4066133687,0.2033066843,155.0515779833
0.00142,0.00142,0.4066133687,0.2033066843,216.5199088036
0.00142,0.00142,0.4066133687,0.2033066843,302.3566191205
0.00142,0.00142,0.4066133687,0.2033066843,422.2222595195
0.00142,0.00142,0.4066133687,0.2033066843,589.6071895242
0.00142,0.00142,0.4066133687,0.2033066843,823.3498592289
0.00142,0.00142,0.4066133687,0.2033066843,1149.7569953977
0.00142,0.00142,0.4066133687,0.2033066843,1605.5643098112
0.00142,0.00142,0.4066133687,0.2033066843,2242.0709447806
0.00142,0.00142,0.4066133687,0.2033066843,3130.912969796
0.00142,0.00142,0.4066133687,0.2033066843,4372.1257113904
0.00142,0.00142,0.4066133687,0.2033066843,6105.4022965853
0.00142,0.00142,0.4066133687,0.2236373528,0.1
0.00142,0.00142,0.4066133687,0.2236373528,0.1396437957
0.00142,0.00142,0.4066133687,0.2236373528,0.1950038968
0.00142,0.00142,0.4066133687,0.2236373528,0.2723108433
0.00142,0.00142,0.4066133687,0.2236373528,0.3802651977
0.00142,0.00142,0.4066133687,0.2236373528,0.5310167558
0.00142,0.00142,0.4066133687,0.2236373528,0.7415319537
0.00142,0.00142,0.4066133687,0.2236373528,1.0355033665
0.00142,0.00142,0.4066133687,0.2236373528,1.4460162057
0.00142,0.00142,0.4066133687,0.2236373528,2.0192719162
0.00142,0.00142,0.4066133687,0.2236373528,2.8197879494
0.00142,0.00142,0.4066133687,0.2236373528,3.9376589236
0.00142,0.00142,0.4066133687,0.2236373528,5.498696383
0.00142,0.00142,0.4066133687,0.2236373528,7.6785883437
0.00142,0.00142,0.4066133687,0.2236373528,10.7226722201
0.00142,0.00142,0.4066133687,0.2236373528,14.9735464897
0.00142,0.00142,0.4066133687,0.2236373528,20.9096286705
0.00142,0.00142,0.4066133687,0.2236373528,29.1989991443
0.00142,0.00142,0.4066133687,0.2236373528,40.7745907144
0.00142,0.00142,0.4066133687,0.2236373528,56.9391861586
0.00142,0.00142,0.4066133687,0.2236373528,79.5120407981
0.00142,0.00142,0.4066133687,0.2236373528,111.0336318168
0.00142,0.00142,0.4066133687,0.2236373528,155.0515779833
0.00142,0.00142,0.4066133687,0.2236373528,216.5199088036
0.00142,0.00142,0.4066133687,0.2236373528,302.3566191205
0.00142,0.00142,0.4066133687,0.2236373528,422.2222595195
0.00142,0.00142,0.4066133687,0.2236373528,589.6071895242
0.00142,0.00142,0.4066133687,0.2236373528,823.3498592289
0.00142,0.00142,0.4066133687,0.2236373528,1149.7569953977
0.00142,0.00142,0.4066133687,0.2236373528,1605.5643098112
0.00142,0.00142,0.4066133687,0.2236373528,2242.0709447806
0.00142,0.00142,0.4066133687,0.2236373528,3130.912969796
0.00142,0.00142,0.4066133687,0.2236373528,4372.1257113904
0.00142,0.00142,0.4066133687,0.2236373528,6105.4022965853
0.00142,0.00142,0.4066133687,0.2439680212,0.1
0.00142,0.00142,0.4066133687,0.2439680212,0.1396437957
0.00142,0.00142,0.4066133687,0.2439680212,0.1950038968
0.00142,0.00142,0.4066133687,0.2439680212,0.2723108433
0.00142,0.00142,0.4066133687,0.2439680212,0.3802651977
0.00142,0.00142,0.4066133687,0.2439680212,0.5310167558
0.00142,0.00142,0.4066133687,0.2439680212,0.7415319537
0.00142,0.00142,0.4066133687,0.2439680212,1.0355033665
0.00142,0.00142,0.4066133687,0.2439680212,1.4460162057
0.00142,0.00142,0.4066133687,0.2439680212,2.0192719162
0.00142,0.00142,0.4066133687,0.2439680212,2.8197879494
0.00142,0.00142,0.4066133687,0.2439680212,3.9376589236
0.00142,0.00142,0.4066133687,0.2439680212,5.498696383
0.00142,0.00142,0.4066133687,0.2439680212,7.6785883437
0.00142,0.00142,0.4066133687,0.2439680212,10.7226722201
0.00142,0.00142,0.4066133687,0.2439680212,14.9735464897
0.00142,0.00142,0.4066133687,0.2439680212,20.9096286705
0.00142,0.00142,0.4066133687,0.2439680212,29.1989991443
0.00142,0.00142,0.4066133687,0.2439680212,40.7745907144
0.00142,0.00142,0.4066133687,0.2439680212,56.9391861586
0.00142,0.00142,0.4066133687,0.2439680212,79.5120407981
0.00142,0.00142,0.4066133687,0.2439680212,111.0336318168
0.00142,0.00142,0.4066133687,0.2439680212,155.0515779833
0.00142,0.00142,0.4066133687,0.2439680212,216.5199088036
0.00142,0.00142,0.4066133687,0.2439680212,302.3566191205
0.00142,0.00142,0.4066133687,0.2439680212,422.2222595195
0.00142,0.00142,0.4066133687,0.2439680212,589.6071895242
0.00142,0.00142,0.4066133687,0.2439680212,823.3498592289
0.00142,0.00142,0.4066133687,0.2439680212,1149.7569953977
0.00142,0.00142,0.4066133687,0.2439680212,1605.5643098112
0.00142,0.00142,0.4066133687,0.2439680212,2242.0709447806
0.00142,0.00142,0.4066133687,0.2439680212,3130.912969796
0.00142,0.00142,0.4066133687,0.2439680212,4372.1257113904
0.00142,0.00142,0.4066133687,0.2439680212,6105.4022965853
0.00142,0.00142,0.4066133687,0.2642986896,0.1
0.00142,0.00142,0.4066133687,0.2642986896,0.1396437957
0.00142,0.00142,0.4066133687,0.2642986896,0.1950038968
0.00142,0.00142,0.4066133687,0.2642986896,0.2723108433
0.00142,0.00142,0.4066133687,0.2642986896,0.3802651977
0.00142,0.00142,0.4066133687,0.2642986896,0.5310167558
0.00142,0.00142,0.4066133687,0.2642986896,0.7415319537
0.00142,0.00142,0.4066133687,0.2642986896,1.0355033665
0.00142,0.00142,0.4066133687,0.2642986896,1.4460162057
0.00142,0.00142,0.4066133687,0.2642986896,2.0192719162
0.00142,0.00142,0.4066133687,0.2642986896,2.8197879494
0.00142,0.00142,0.4066133687,0.2642986896,3.9376589236
0.00142,0.00142,0.4066133687,0.2642986896,5.498696383
0.00142,0.00142,0.4066133687,0.2642986896,7.6785883437
0.00142,0.00142,0.4066133687,0.2642986896,10.7226722201
0.00142,0.00142,0.4066133687,0.2642986896,14.9735464897
0.00142,0.00142,0.4066133687,0.2642986896,20.9096286705
0.00142,0.00142,0.4066133687,0.2642986896,29.1989991443
0.00142,0.00142,0.4066133687,0.2642986896,40.7745907144
0.00142,0.00142,0.4066133687,0.2642986896,56.9391861586
0.00142,0.00142,0.4066133687,0.2642986896,79.5120407981
0.00142,0.00142,0.4066133687,0.2642986896,111.0336318168
0.00142,0.00142,0.4066133687,0.2642986896,155.0515779833
0.00142,0.00142,0.4066133687,0.2642986896,216.5199088036
0.00142,0.00142,0.4066133687,0.2642986896,302.3566191205
0.00142,0.00142,0.4066133687,0.2642986896,422.2222595195
0.00142,0.00142,0.4066133687,0.2642986896,589.6071895242
0.00142,0.00142,0.4066133687,0.2642986896,823.3498592289
0.00142,0.00142,0.4066133687,0.2642986896,1149.7569953977
0.00142,0.00142,0.4066133687,0.2642986896,1605.5643098112
0.00142,0.00142,0.4066133687,0.2642986896,2242.0709447806
0.00142,0.00142,0.4066133687,0.2642986896,3130.912969796
0.00142,0.00142,0.4066133687,0.2642986896,4372.1257113904
0.00142,0.00142,0.4066133687,0.2642986896,6105.4022965853
0.00142,0.00142,0.4066133687,0.2846293581,0.1
0.00142,0.00142,0.4066133687,0.2846293581,0.1396437957
0.00142,0.00142,0.4066133687,0.2846293581,0.1950038968
0.00142,0.00142,0.4066133687,0.2846293581,0.2723108433
0.00142,0.00142,0.4066133687,0.2846293581,0.3802651977
0.00142,0.00142,0.4066133687,0.2846293581,0.5310167558
0.00142,0.00142,0.4066133687,0.2846293581,0.7415319537
0.00142,0.00142,0.4066133687,0.2846293581,1.0355033665
0.00142,0.00142,0.4066133687,0.2846293581,1.4460162057
0.00142,0.00142,0.4066133687,0.2846293581,2.0192719162
0.00142,0.00142,0.4066133687,0.2846293581,2.8197879494
0.00142,0.00142,0.4066133687,0.2846293581,3.9376589236
0.00142,0.00142,0.4066133687,0.2846293581,5.498696383
0.00142,0.00142,0.4066133687,0.2846293581,7.6785883437
0.00142,0.00142,0.4066133687,0.2846293581,10.7226722201
0.00142,0.00142,0.4066133687,0.2846293581,14.9735464897
0.00142,0.00142,0.4066133687,0.2846293581,20.9096286705
0.00142,0.00142,0.4066133687,0.2846293581,29.1989991443
0.00142,0.00142,0.4066133687,0.2846293581,40.7745907144
0.00142,0.00142,0.4066133687,0.2846293581,56.9391861586
0.00142,0.00142,0.4066133687,0.2846293581,79.5120407981
0.00142,0.00142,0.4066133687,0.2846293581,111.0336318168
0.00142,0.00142,0.4066133687,0.2846293581,155.0515779833
0.00142,0.00142,0.4066133687,0.2846293581,216.5199088036
0.00142,0.00142,0.4066133687,0.2846293581,302.3566191205
0.00142,0.00142,0.4066133687,0.2846293581,422.2222595195
0.00142,0.00142,0.4066133687,0.2846293581,589.6071895242
0.00142,0.00142,0.4066133687,0.2846293581,823.3498592289
0.00142,0.00142,0.4066133687,0.2846293581,1149.7569953977
0.00142,0.00142,0.4066133687,0.2846293581,1605.5643098112
0.00142,0.00142,0.4066133687,0.2846293581,2242.0709447806
0.00142,0.00142,0.4066133687,0.2846293581,3130.912969796
0.00142,0.00142,0.4066133687,0.2846293581,4372.1257113904
0.00142,0.00142,0.4066133687,0.2846293581,6105.4022965853
0.00142,0.00142,0.4066133687,0.3049600265,0.1
0.00142,0.00142,0.4066133687,0.3049600265,0.1396437957
0.00142,0.00142,0.4066133687,0.3049600265,0.1950038968
0.00142,0.00142,0.4066133687,0.3049600265,0.2723108433
0.00142,0.00142,0.4066133687,0.3049600265,0.3802651977
0.00142,0.00142,0.4066133687,0.3049600265,0.5310167558
0.00142,0.00142,0.4066133687,0.3049600265,0.7415319537
0.00142,0.00142,0.4066133687,0.3049600265,1.0355033665
0.00142,0.00142,0.4066133687,0.3049600265,1.4460162057
0.00142,0.00142,0.4066133687,0.3049600265,2.0192719162
0.00142,0.00142,0.4066133687,0.3049600265,2.8197879494
0.00142,0.00142,0.4066133687,0.3049600265,3.9376589236
0.00142,0.00142,0.4066133687,0.3049600265,5.498696383
0.00142,0.00142,0.4066133687,0.3049600265,7.6785883437
0.00142,0.00142,0.4066133687,0.3049600265,10.7226722201
0.00142,0.00142,0.4066133687,0.3049600265,14.9735464897
0.00142,0.00142,0.4066133687,0.3049600265,20.9096286705
0.00142,0.00142,0.4066133687,0.3049600265,29.1989991443
0.00142,0.00142,0.4066133687,0.3049600265,40.7745907144
0.00142,0.00142,0.4066133687,0.3049600265,56.9391861586
0.00142,0.00142,0.4066133687,0.3049600265,79.5120407981
0.00142,0.00142,0.4066133687,0.3049600265,111.0336318168
0.00142,0.00142,0.4066133687,0.3049600265,155.0515779833
0.00142,0.00142,0.4066133687,0.3049600265,216.5199088036
0.00142,0.00142,0.4066133687,0.3049600265,302.3566191205
0.00142,0.00142,0.4066133687,0.3049600265,422.2222595195
0.00142,0.00142,0.4066133687,0.3049600265,589.6071895242
0.00142,0.00142,0.4066133687,0.3049600265,823.3498592289
0.00142,0.00142,0.4066133687,0.3049600265,1149.7569953977
0.00142,0.00142,0.4066133687,0.3049600265,1605.5643098112
0.00142,0.00142,0.4066133687,0.3049600265,2242.0709447806
0.00142,0.00142,0.4066133687,0.3049600265,3130.912969796
0.00142,0.00142,0.4066133687,0.3049600265,4372.1257113904
0.00142,0.00142,0.4066133687,0.3049600265,6105.4022965853
0.00142,0.00142,0.4066133687,0.3252906949,0.1
0.00142,0.00142,0.4066133687,0.3252906949,0.1396437957
0.00142,0.00142,0.4066133687,0.3252906949,0.1950038968
0.00142,0.00142,0.4066133687,0.3252906949,0.2723108433
0.00142,0.00142,0.4066133687,0.3252906949,0.3802651977
0.00142,0.00142,0.4066133687,0.3252906949,0.5310167558
0.00142,0.00142,0.4066133687,0.3252906949,0.7415319537
0.00142,0.00142,0.4066133687,0.3252906949,1.0355033665
0.00142,0.00142,0.4066133687,0.3252906949,1.4460162057
0.00142,0.00142,0.4066133687,0.3252906949,2.0192719162
0.00142,0.00142,0.4066133687,0.3252906949,2.8197879494
0.00142,0.00142,0.4066133687,0.3252906949,3.9376589236
0.00142,0.00142,0.4066133687,0.3252906949,5.498696383
0.00142,0.00142,0.4066133687,0.3252906949,7.6785883437
0.00142,0.00142,0.4066133687,0.3252906949,10.7226722201
0.00142,0.00142,0.4066133687,0.3252906949,14.9735464897
0.00142,0.00142,0.4066133687,0.3252906949,20.9096286705
0.00142,0.00142,0.4066133687,0.3252906949,29.1989991443
0.00142,0.00142,0.4066133687,0.3252906949,40.7745907144
0.00142,0.00142,0.4066133687,0.3252906949,56.9391861586
0.00142,0.00142,0.4066133687,0.3252906949,79.5120407981
0.00142,0.00142,0.4066133687,0.3252906949,111.0336318168
0.00142,0.00142,0.4066133687,0.3252906949,155.0515779833
0.00142,0.00142,0.4066133687,0.3252906949,216.5199088036
0.00142,0.00142,0.4066133687,0.3252906949,302.3566191205
0.00142,0.00142,0.4066133687,0.3252906949,422.2222595195
0.00142,0.00142,0.4066133687,0.3252906949,589.6071895242
0.00142,0.00142,0.4066133687,0.3252906949,823.3498592289
0.00142,0.00142,0.4066133687,0.3252906949,1149.7569953977
0.00142,0.00142,0.4066133687,0.3252906949,1605.5643098112
0.00142,0.00142,0.4066133687,0.3252906949,2242.0709447806
0.00142,0.00142,0.4066133687,0.3252906949,3130.912969796
0.00142,0.00142,0.4066133687,0.3252906949,4372.1257113904
0.00142,0.00142,0.4066133687,0.3252906949,6105.4022965853
0.00142,0.00142,0.4066133687,0.3456213634,0.1
0.00142,0.00142,0.4066133687,0.3456213634,0.1396437957
0.00142,0.00142,0.4066133687,0.3456213634,0.1950038968
0.00142,0.00142,0.4066133687,0.3456213634,0.2723108433
0.00142,0.00142,0.4066133687,0.3456213634,0.3802651977
0.00142,0.00142,0.4066133687,0.3456213634,0.5310167558
0.00142,0.00142,0.4066133687,0.3456213634,0.7415319537
0.00142,0.00142,0.4066133687,0.3456213634,1.0355033665
0.00142,0.00142,0.4066133687,0.3456213634,1.4460162057
0.00142,0.00142,0.4066133687,0.3456213634,2.0192719162
0.00142,0.00142,0.4066133687,0.3456213634,2.8197879494
0.00142,0.00142,0.4066133687,0.3456213634,3.9376589236
0.00142,0.00142,0.4066133687,0.3456213634,5.498696383
0.00142,0.00142,0.4066133687,0.3456213634,7.6785883437
0.00142,0.00142,0.4066133687,0.3456213634,10.7226722201
0.00142,0.00142,0.4066133687,0.3456213634,14.9735464897
0.00142,0.00142,0.4066133687,0.3456213634,20.9096286705
0.00142,0.00142,0.4066133687,0.3456213634,29.1989991443
0.00142,0.00142,0.4066133687,0.3456213634,40.7745907144
0.00142,0.00142,0.4066133687,0.3456213634,56.9391861586
0.00142,0.00142,0.4066133687,0.3456213634,79.5120407981
0.00142,0.00142,0.4066133687,0.3456213634,111.0336318168
0.00142,0.00142,0.4066133687,0.3456213634,155.0515779833
0.00142,0.00142,0.4066133687,0.3456213634,216.5199088036
0.00142,0.00142,0.4066133687,0.3456213634,302.3566191205
0.00142,0.00142,0.4066133687,0.3456213634,422.2222595195
0.00142,0.00142,0.4066133687,0.3456213634,589.6071895242
0.00142,0.00142,0.4066133687,0.3456213634,823.3498592289
0.00142,0.00142,0.4066133687,0.3456213634,1149.7569953977
0.00142,0.00142,0.4066133687,0.3456213634,1605.5643098112
0.00142,0.00142,0.4066133687,0.3456213634,2242.0709447806
0.00142,0.00142,0.4066133687,0.3456213634,3130.912969796
0.00142,0.00142,0.4066133687,0.3456213634,4372.1257113904
0.00142,0.00142,0.4066133687,0.3456213634,6105.4022965853
0.00142,0.00142,0.4066133687,0.3659520318,0.1
0.00142,0.00142,0.4066133687,0.3659520318,0.1396437957
0.00142,0.00142,0.4066133687,0.3659520318,0.1950038968
0.00142,0.00142,0.4066133687,0.3659520318,0.2723108433
0.00142,0.00142,0.4066133687,0.3659520318,0.3802651977
0.00142,0.00142,0.4066133687,0.3659520318,0.5310167558
0.00142,0.00142,0.4066133687,0.3659520318,0.7415319537
0.00142,0.00142,0.4066133687,0.3659520318,1.0355033665
0.00142,0.00142,0.4066133687,0.3659520318,1.4460162057
0.00142,0.00142,0.4066133687,0.3659520318,2.0192719162
0.00142,0.00142,0.4066133687,0.3659520318,2.8197879494
0.00142,0.00142,0.4066133687,0.3659520318,3.9376589236
0.00142,0.00142,0.4066133687,0.3659520318,5.498696383
0.00142,0.00142,0.4066133687,0.3659520318,7.6785883437
0.00142,0.00142,0.4066133687,0.3659520318,10.7226722201
0.00142,0.00142,0.4066133687,0.3659520318,14.9735464897
0.00142,0.00142,0.4066133687,0.3659520318,20.9096286705
0.00142,0.00142,0.4066133687,0.3659520318,29.1989991443
0.00142,0.00142,0.4066133687,0.3659520318,40.7745907144
0.00142,0.00142,0.4066133687,0.3659520318,56.9391861586
0.00142,0.00142,0.4066133687,0.3659520318,79.5120407981
0.00142,0.00142,0.4066133687,0.3659520318,111.0336318168
0.00142,0.00142,0.4066133687,0.3659520318,155.0515779833
0.00142,0.00142,0.4066133687,0.3659520318,216.5199088036
0.00142,0.00142,0.4066133687,0.3659520318,302.3566191205
0.00142,0.00142,0.4066133687,0.3659520318,422.2222595195
0.00142,0.00142,0.4066133687,0.3659520318,589.6071895242
0.00142,0.00142,0.4066133687,0.3659520318,823.3498592289
0.00142,0.00142,0.4066133687,0.3659520318,1149.7569953977
0.00142,0.00142,0.4066133687,0.3659520318,1605.5643098112
0.00142,0.00142,0.4066133687,0.3659520318,2242.0709447806
0.00142,0.00142,0.4066133687,0.3659520318,3130.912969796
0.00142,0.00142,0.4066133687,0.3659520318,4372.1257113904
0.00142,0.00142,0.4066133687,0.3659520318,6105.4022965853
0.00142,0.00142,0.4066133687,0.3862827002,0.1
0.00142,0.00142,0.4066133687,0.3862827002,0.1396437957
0.00142,0.00142,0.4066133687,0.3862827002,0.1950038968
0.00142,0.00142,0.4066133687,0.3862827002,0.2723108433
0.00142,0.00142,0.4066133687,0.3862827002,0.3802651977
0.00142,0.00142,0.4066133687,0.3862827002,0.5310167558
0.00142,0.00142,0.4066133687,0.3862827002,0.7415319537
0.00142,0.00142,0.4066133687,0.3862827002,1.0355033665
0.00142,0.00142,0.4066133687,0.3862827002,1.4460162057
0.00142,0.00142,0.4066133687,0.3862827002,2.0192719162
0.00142,0.00142,0.4066133687,0.3862827002,2.8197879494
0.00142,0.00142,0.4066133687,0.3862827002,3.9376589236
0.00142,0.00142,0.4066133687,0.3862827002,5.498696383
0.00142,0.00142,0.4066133687,0.3862827002,7.6785883437
0.00142,0.00142,0.4066133687,0.3862827002,10.7226722201
0.00142,0.00142,0.4066133687,0.3862827002,14.9735464897
0.00142,0.00142,0.4066133687,0.3862827002,20.9096286705
0.00142,0.00142,0.4066133687,0.3862827002,29.1989991443
0.00142,0.00142,0.4066133687,0.3862827002,40.7745907144
0.00142,0.00142,0.4066133687,0.3862827002,56.9391861586
0.00142,0.00142,0.4066133687,0.3862827002,79.5120407981
0.00142,0.00142,0.4066133687,0.3862827002,111.0336318168
0.00142,0.00142,0.4066133687,0.3862827002,155.0515779833
0.00142,0.00142,0.4066133687,0.3862827002,216.5199088036
0.00142,0.00142,0.4066133687,0.3862827002,302.3566191205
0.00142,0.00142,0.4066133687,0.3862827002,422.2222595195
0.00142,0.00142,0.4066133687,0.3862827002,589.6071895242
0.00142,0.00142,0.4066133687,0.3862827002,823.3498592289
0.00142,0.00142,0.4066133687,0.3862827002,1149.7569953977
0.00142,0.00142,0.4066133687,0.3862827002,1605.5643098112
0.00142,0.00142,0.4066133687,0.3862827002,2242.0709447806
0.00142,0.00142,0.4066133687,0.3862827002,3130.912969796
0.00142,0.00142,0.4066133687,0.3862827002,4372.1257113904
0.00142,0.00142,0.4066133687,0.3862827002,6105.4022965853
0.00142,0.00142,0.4066133687,0.402547235,0.1
0.00142,0.00142,0.4066133687,0.402547235,0.1396437957
0.00142,0.00142,0.4066133687,0.402547235,0.1950038968
0.00142,0.00142,0.4066133687,0.402547235,0.2723108433
0.00142,0.00142,0.4066133687,0.402547235,0.3802651977
0.00142,0.00142,0.4066133687,0.402547235,0.5310167558
0.00142,0.00142,0.4066133687,0.402547235,0.7415319537
0.00142,0.00142,0.4066133687,0.402547235,1.0355033665
0.00142,0.00142,0.4066133687,0.402547235,1.4460162057
0.00142,0.00142,0.4066133687,0.402547235,2.0192719162
0.00142,0.00142,0.4066133687,0.402547235,2.8197879494
0.00142,0.00142,0.4066133687,0.402547235,3.9376589236
0.00142,0.00142,0.4066133687,0.402547235,5.498696383
0.00142,0.00142,0.4066133687,0.402547235,7.6785883437
0.00142,0.00142,0.4066133687,0.402547235,10.7226722201
0.00142,0.00142,0.4066133687,0.402547235,14.9735464897
0.00142,0.00142,0.4066133687,0.402547235,20.9096286705
0.00142,0.00142,0.4066133687,0.402547235,29.1989991443
0.00142,0.00142,0.4066133687,0.402547235,40.7745907144
0.00142,0.00142,0.4066133687,0.402547235,56.9391861586
0.00142,0.00142,0.4066133687,0.402547235,79.5120407981
0.00142,0.00142,0.4066133687,0.402547235,111.0336318168
0.00142,0.00142,0.4066133687,0.402547235,155.0515779833
0.00142,0.00142,0.4066133687,0.402547235,216.5199088036
0.00142,0.00142,0.4066133687,0.402547235,302.3566191205
0.00142,0.00142,0.4066133687,0.402547235,422.2222595195
0.00142,0.00142,0.4066133687,0.402547235,589.6071895242
0.00142,0.00142,0.4066133687,0.402547235,823.3498592289
0.00142,0.00142,0.4066133687,0.402547235,1149.7569953977
0.00142,0.00142,0.4066133687,0.402547235,1605.5643098112
0.00142,0.00142,0.4066133687,0.402547235,2242.0709447806
0.00142,0.00142,0.4066133687,0.402547235,3130.912969796
0.00142,0.00142,0.4066133687,0.402547235,4372.1257113904
0.00142,0.00142,0.4066133687,0.402547235,6105.4022965853
0.00142,0.00142,0.4529411521,0.113235288,0.1
0.00142,0.00142,0.4529411521,0.113235288,0.1396437957
0.00142,0.00142,0.4529411521,0.113235288,0.1950038968
0.00142,0.00142,0.4529411521,0.113235288,0.2723108433
0.00142,0.00142,0.4529411521,0.113235288,0.3802651977
0.00142,0.00142,0.4529411521,0.113235288,0.5310167558
0.00142,0.00142,0.4529411521,0.113235288,0.7415319537
0.00142,0.00142,0.4529411521,0.113235288,1.0355033665
0.00142,0.00142,0.4529411521,0.113235288,1.4460162057
0.00142,0.00142,0.4529411521,0.113235288,2.0192719162
0.00142,0.00142,0.4529411521,0.113235288,2.8197879494
0.00142,0.00142,0.4529411521,0.113235288,3.9376589236
0.00142,0.00142,0.4529411521,0.113235288,5.498696383
0.00142,0.00142,0.4529411521,0.113235288,7.6785883437
0.00142,0.00142,0.4529411521,0.113235288,10.7226722201
0.00142,0.00142,0.4529411521,0.113235288,14.9735464897
0.00142,0.00142,0.4529411521,0.113235288,20.9096286705
0.00142,0.00142,0.4529411521,0.113235288,29.1989991443
0.00142,0.00142,0.4529411521,0.113235288,40.7745907144
0.00142,0.00142,0.4529411521,0.113235288,56.9391861586
0.00142,0.00142,0.4529411521,0.113235288,79.5120407981
0.00142,0.00142,0.4529411521,0.113235288,111.0336318168
0.00142,0.00142,0.4529411521,0.113235288,155.0515779833
0.00142,0.00142,0.4529411521,0.113235288,216.5199088036
0.00142,0.00142,0.4529411521,0.113235288,302.3566191205
0.00142,0.00142,0.4529411521,0.113235288,422.2222595195
0.00142,0.00142,0.4529411521,0.113235288,589.6071895242
0.00142,0.00142,0.4529411521,0.113235288,823.3498592289
0.00142,0.00142,0.4529411521,0.113235288,1149.7569953977
0.00142,0.00142,0.4529411521,0.113235288,1605.5643098112
0.00142,0.00142,0.4529411521,0.113235288,2242.0709447806
0.00142,0.00142,0.4529411521,0.113235288,3130.912969796
0.00142,0.00142,0.4529411521,0.113235288,4372.1257113904
0.00142,0.00142,0.4529411521,0.113235288,6105.4022965853
0.00142,0.00142,0.4529411521,0.1358823456,0.1
0.00142,0.00142,0.4529411521,0.1358823456,0.1396437957
0.00142,0.00142,0.4529411521,0.1358823456,0.1950038968
0.00142,0.00142,0.4529411521,0.1358823456,0.2723108433
0.00142,0.00142,0.4529411521,0.1358823456,0.3802651977
0.00142,0.00142,0.4529411521,0.1358823456,0.5310167558
0.00142,0.00142,0.4529411521,0.1358823456,0.7415319537
0.00142,0.00142,0.4529411521,0.1358823456,1.0355033665
0.00142,0.00142,0.4529411521,0.1358823456,1.4460162057
0.00142,0.00142,0.4529411521,0.1358823456,2.0192719162
0.00142,0.00142,0.4529411521,0.1358823456,2.8197879494
0.00142,0.00142,0.4529411521,0.1358823456,3.9376589236
0.00142,0.00142,0.4529411521,0.1358823456,5.498696383
0.00142,0.00142,0.4529411521,0.1358823456,7.6785883437
0.00142,0.00142,0.4529411521,0.1358823456,10.7226722201
0.00142,0.00142,0.4529411521,0.1358823456,14.9735464897
0.00142,0.00142,0.4529411521,0.1358823456,20.9096286705
0.00142,0.00142,0.4529411521,0.1358823456,29.1989991443
0.00142,0.00142,0.4529411521,0.1358823456,40.7745907144
0.00142,0.00142,0.4529411521,0.1358823456,56.9391861586
0.00142,0.00142,0.4529411521,0.1358823456,79.5120407981
0.00142,0.00142,0.4529411521,0.1358823456,111.0336318168
0.00142,0.00142,0.4529411521,0.1358823456,155.0515779833
0.00142,0.00142,0.4529411521,0.1358823456,216.5199088036
0.00142,0.00142,0.4529411521,0.1358823456,302.3566191205
0.00142,0.00142,0.4529411521,0.1358823456,422.2222595195
0.00142,0.00142,0.4529411521,0.1358823456,589.6071895242
0.00142,0.00142,0.4529411521,0.1358823456,823.3498592289
0.00142,0.00142,0.4529411521,0.1358823456,1149.7569953977
0.00142,0.00142,0.4529411521,0.1358823456,1605.5643098112
0.00142,0.00142,0.4529411521,0.1358823456,2242.0709447806
0.00142,0.00142,0.4529411521,0.1358823456,3130.912969796
0.00142,0.00142,0.4529411521,0.1358823456,4372.1257113904
0.00142,0.00142,0.4529411521,0.1358823456,6105.4022965853
0.00142,0.00142,0.4529411521,0.1585294033,0.1
0.00142,0.00142,0.4529411521,0.1585294033,0.1396437957
0.00142,0.00142,0.4529411521,0.1585294033,0.1950038968
0.00142,0.00142,0.4529411521,0.1585294033,0.2723108433
0.00142,0.00142,0.4529411521,0.1585294033,0.3802651977
0.00142,0.00142,0.4529411521,0.1585294033,0.5310167558
0.00142,0.00142,0.4529411521,0.1585294033,0.7415319537
0.00142,0.00142,0.4529411521,0.1585294033,1.0355033665
0.00142,0.00142,0.4529411521,0.1585294033,1.4460162057
0.00142,0.00142,0.4529411521,0.1585294033,2.0192719162
0.00142,0.00142,0.4529411521,0.1585294033,2.8197879494
0.00142,0.00142,0.4529411521,0.1585294033,3.9376589236
0.00142,0.00142,0.4529411521,0.1585294033,5.498696383
0.00142,0.00142,0.4529411521,0.1585294033,7.6785883437
0.00142,0.00142,0.4529411521,0.1585294033,10.7226722201
0.00142,0.00142,0.4529411521,0.1585294033,14.9735464897
0.00142,0.00142,0.4529411521,0.1585294033,20.9096286705
0.00142,0.00142,0.4529411521,0.1585294033,29.1989991443
0.00142,0.00142,0.4529411521,0.1585294033,40.7745907144
0.00142,0.00142,0.4529411521,0.1585294033,56.9391861586
0.00142,0.00142,0.4529411521,0.1585294033,79.5120407981
0.00142,0.00142,0.4529411521,0.1585294033,111.0336318168
0.00142,0.00142,0.4529411521,0.1585294033,155.0515779833
0.00142,0.00142,0.4529411521,0.1585294033,216.5199088036
0.00142,0.00142,0.4529411521,0.1585294033,302.3566191205
0.00142,0.00142,0.4529411521,0.1585294033,422.2222595195
0.00142,0.00142,0.4529411521,0.1585294033,589.6071895242
0.00142,0.00142,0.4529411521,0.1585294033,823.3498592289
0.00142,0.00142,0.4529411521,0.1585294033,1149.7569953977
0.00142,0.00142,0.4529411521,0.1585294033,1605.5643098112
0.00142,0.00142,0.4529411521,0.1585294033,2242.0709447806
0.00142,0.00142,0.4529411521,0.1585294033,3130.912969796
0.00142,0.00142,0.4529411521,0.1585294033,4372.1257113904
0.00142,0.00142,0.4529411521,0.1585294033,6105.4022965853
0.00142,0.00142,0.4529411521,0.1811764609,0.1
0.00142,0.00142,0.4529411521,0.1811764609,0.1396437957
0.00142,0.00142,0.4529411521,0.1811764609,0.1950038968
0.00142,0.00142,0.4529411521,0.1811764609,0.2723108433
0.00142,0.00142,0.4529411521,0.1811764609,0.3802651977
0.00142,0.00142,0.4529411521,0.1811764609,0.5310167558
0.00142,0.00142,0.4529411521,0.1811764609,0.7415319537
0.00142,0.00142,0.4529411521,0.1811764609,1.0355033665
0.00142,0.00142,0.4529411521,0.1811764609,1.4460162057
0.00142,0.00142,0.4529411521,0.1811764609,2.0192719162
0.00142,0.00142,0.4529411521,0.1811764609,2.8197879494
0.00142,0.00142,0.4529411521,0.1811764609,3.9376589236
0.00142,0.00142,0.4529411521,0.1811764609,5.498696383
0.00142,0.00142,0.4529411521,0.1811764609,7.6785883437
0.00142,0.00142,0.4529411521,0.1811764609,10.7226722201
0.00142,0.00142,0.4529411521,0.1811764609,14.9735464897
0.00142,0.00142,0.4529411521,0.1811764609,20.9096286705
0.00142,0.00142,0.4529411521,0.1811764609,29.1989991443
0.00142,0.00142,0.4529411521,0.1811764609,40.7745907144
0.00142,0.00142,0.4529411521,0.1811764609,56.9391861586
0.00142,0.00142,0.4529411521,0.1811764609,79.5120407981
0.00142,0.00142,0.4529411521,0.1811764609,111.0336318168
0.00142,0.00142,0.4529411521,0.1811764609,155.0515779833
0.00142,0.00142,0.4529411521,0.1811764609,216.5199088036
0.00142,0.00142,0.4529411521,0.1811764609,302.3566191205
0.00142,0.00142,0.4529411521,0.1811764609,422.2222595195
0.00142,0.00142,0.4529411521,0.1811764609,589.6071895242
0.00142,0.00142,0.4529411521,0.1811764609,823.3498592289
0.00142,0.00142,0.4529411521,0.1811764609,1149.7569953977
0.00142,0.00142,0.4529411521,0.1811764609,1605.5643098112
0.00142,0.00142,0.4529411521,0.1811764609,2242.0709447806
0.00142,0.00142,0.4529411521,0.1811764609,3130.912969796
0.00142,0.00142,0.4529411521,0.1811764609,4372.1257113904
0.00142,0.00142,0.4529411521,0.1811764609,6105.4022965853
0.00142,0.00142,0.4529411521,0.2038235185,0.1
0.00142,0.00142,0.4529411521,0.2038235185,0.1396437957
0.00142,0.00142,0.4529411521,0.2038235185,0.1950038968
0.00142,0.00142,0.4529411521,0.2038235185,0.2723108433
0.00142,0.00142,0.4529411521,0.2038235185,0.3802651977
0.00142,0.00142,0.4529411521,0.2038235185,0.5310167558
0.00142,0.00142,0.4529411521,0.2038235185,0.7415319537
0.00142,0.00142,0.4529411521,0.2038235185,1.0355033665
0.00142,0.00142,0.4529411521,0.2038235185,1.4460162057
0.00142,0.00142,0.4529411521,0.2038235185,2.0192719162
0.00142,0.00142,0.4529411521,0.2038235185,2.8197879494
0.00142,0.00142,0.4529411521,0.2038235185,3.9376589236
0.00142,0.00142,0.4529411521,0.2038235185,5.498696383
0.00142,0.00142,0.4529411521,0.2038235185,7.6785883437
0.00142,0.00142,0.4529411521,0.2038235185,10.7226722201
0.00142,0.00142,0.4529411521,0.2038235185,14.9735464897
0.00142,0.00142,0.4529411521,0.2038235185,20.9096286705
0.00142,0.00142,0.4529411521,0.2038235185,29.1989991443
0.00142,0.00142,0.4529411521,0.2038235185,40.7745907144
0.00142,0.00142,0.4529411521,0.2038235185,56.9391861586
0.00142,0.00142,0.4529411521,0.2038235185,79.5120407981
0.00142,0.00142,0.4529411521,0.2038235185,111.0336318168
0.00142,0.00142,0.4529411521,0.2038235185,155.0515779833
0.00142,0.00142,0.4529411521,0.2038235185,216.5199088036
0.00142,0.00142,0.4529411521,0.2038235185,302.3566191205
0.00142,0.00142,0.4529411521,0.2038235185,422.2222595195
0.00142,0.00142,0.4529411521,0.2038235185,589.6071895242
0.00142,0.00142,0.4529411521,0.2038235185,823.3498592289
0.00142,0.00142,0.4529411521,0.2038235185,1149.7569953977
0.00142,0.00142,0.4529411521,0.2038235185,1605.5643098112
0.00142,0.00142,0.4529411521,0.2038235185,2242.0709447806
0.00142,0.00142,0.4529411521,0.2038235185,3130.912969796
0.00142,0.00142,0.4529411521,0.2038235185,4372.1257113904
0.00142,0.00142,0.4529411521,0.2038235185,6105.4022965853
0.00142,0.00142,0.4529411521,0.2264705761,0.1
0.00142,0.00142,0.4529411521,0.2264705761,0.1396437957
0.00142,0.00142,0.4529411521,0.2264705761,0.1950038968
0.00142,0.00142,0.4529411521,0.2264705761,0.2723108433
0.00142,0.00142,0.4529411521,0.2264705761,0.3802651977
0.00142,0.00142,0.4529411521,0.2264705761,0.5310167558
0.00142,0.00142,0.4529411521,0.2264705761,0.7415319537
0.00142,0.00142,0.4529411521,0.2264705761,1.0355033665
0.00142,0.00142,0.4529411521,0.2264705761,1.4460162057
0.00142,0.00142,0.4529411521,0.2264705761,2.0192719162
0.00142,0.00142,0.4529411521,0.2264705761,2.8197879494
0.00142,0.00142,0.4529411521,0.2264705761,3.9376589236
0.00142,0.00142,0.4529411521,0.2264705761,5.498696383
0.00142,0.00142,0.4529411521,0.2264705761,7.6785883437
0.00142,0.00142,0.4529411521,0.2264705761,10.7226722201
0.00142,0.00142,0.4529411521,0.2264705761,14.9735464897
0.00142,0.00142,0.4529411521,0.2264705761,20.9096286705
0.00142,0.00142,0.4529411521,0.2264705761,29.1989991443
0.00142,0.00142,0.4529411521,0.2264705761,40.7745907144
0.00142,0.00142,0.4529411521,0.2264705761,56.9391861586
0.00142,0.00142,0.4529411521,0.2264705761,79.5120407981
0.00142,0.00142,0.4529411521,0.2264705761,111.0336318168
0.00142,0.00142,0.4529411521,0.2264705761,155.0515779833
0.00142,0.00142,0.4529411521,0.2264705761,216.5199088036
0.00142,0.00142,0.4529411521,0.2264705761,302.3566191205
0.00142,0.00142,0.4529411521,0.2264705761,422.2222595195
0.00142,0.00142,0.4529411521,0.2264705761,589.6071895242
0.00142,0.00142,0.4529411521,0.2264705761,823.3498592289
0.00142,0.00142,0.4529411521,0.2264705761,1149.7569953977
0.00142,0.00142,0.4529411521,0.2264705761,1605.5643098112
0.00142,0.00142,0.4529411521,0.2264705761,2242.0709447806
0.00142,0.00142,0.4529411521,0.2264705761,3130.912969796
0.00142,0.00142,0.4529411521,0.2264705761,4372.1257113904
0.00142,0.00142,0.4529411521,0.2264705761,6105.4022965853
0.00142,0.00142,0.4529411521,0.2491176337,0.1
0.00142,0.00142,0.4529411521,0.2491176337,0.1396437957
0.00142,0.00142,0.4529411521,0.2491176337,0.1950038968
0.00142,0.00142,0.4529411521,0.2491176337,0.2723108433
0.00142,0.00142,0.4529411521,0.2491176337,0.3802651977
0.00142,0.00142,0.4529411521,0.2491176337,0.5310167558
0.00142,0.00142,0.4529411521,0.2491176337,0.7415319537
0.00142,0.00142,0.4529411521,0.2491176337,1.0355033665
0.00142,0.00142,0.4529411521,0.2491176337,1.4460162057
0.00142,0.00142,0.4529411521,0.2491176337,2.0192719162
0.00142,0.00142,0.4529411521,0.2491176337,2.8197879494
0.00142,0.00142,0.4529411521,0.2491176337,3.9376589236
0.00142,0.00142,0.4529411521,0.2491176337,5.498696383
0.00142,0.00142,0.4529411521,0.2491176337,7.6785883437
0.00142,0.00142,0.4529411521,0.2491176337,10.7226722201
0.00142,0.00142,0.4529411521,0.2491176337,14.9735464897
0.00142,0.00142,0.4529411521,0.2491176337,20.9096286705
0.00142,0.00142,0.4529411521,0.2491176337,29.1989991443
0.00142,0.00142,0.4529411521,0.2491176337,40.7745907144
0.00142,0.00142,0.4529411521,0.2491176337,56.9391861586
0.00142,0.00142,0.4529411521,0.2491176337,79.5120407981
0.00142,0.00142,0.4529411521,0.2491176337,111.0336318168
0.00142,0.00142,0.4529411521,0.2491176337,155.0515779833
0.00142,0.00142,0.4529411521,0.2491176337,216.5199088036
0.00142,0.00142,0.4529411521,0.2491176337,302.3566191205
0.00142,0.00142,0.4529411521,0.2491176337,422.2222595195
0.00142,0.00142,0.4529411521,0.2491176337,589.6071895242
0.00142,0.00142,0.4529411521,0.2491176337,823.3498592289
0.00142,0.00142,0.4529411521,0.2491176337,1149.7569953977
0.00142,0.00142,0.4529411521,0.2491176337,1605.5643098112
0.00142,0.00142,0.4529411521,0.2491176337,2242.0709447806
0.00142,0.00142,0.4529411521,0.2491176337,3130.912969796
0.00142,0.00142,0.4529411521,0.2491176337,4372.1257113904
0.00142,0.00142,0.4529411521,0.2491176337,6105.4022965853
0.00142,0.00142,0.4529411521,0.2717646913,0.1
0.00142,0.00142,0.4529411521,0.2717646913,0.1396437957
0.00142,0.00142,0.4529411521,0.2717646913,0.1950038968
0.00142,0.00142,0.4529411521,0.2717646913,0.2723108433
0.00142,0.00142,0.4529411521,0.2717646913,0.3802651977
0.00142,0.00142,0.4529411521,0.2717646913,0.5310167558
0.00142,0.00142,0.4529411521,0.2717646913,0.7415319537
0.00142,0.00142,0.4529411521,0.2717646913,1.0355033665
0.00142,0.00142,0.4529411521,0.2717646913,1.4460162057
0.00142,0.00142,0.4529411521,0.2717646913,2.0192719162
0.00142,0.00142,0.4529411521,0.2717646913,2.8197879494
0.00142,0.00142,0.4529411521,0.2717646913,3.9376589236
0.00142,0.00142,0.4529411521,0.2717646913,5.498696383
0.00142,0.00142,0.4529411521,0.2717646913,7.6785883437
0.00142,0.00142,0.4529411521,0.2717646913,10.7226722201
0.00142,0.00142,0.4529411521,0.2717646913,14.9735464897
0.00142,0.00142,0.4529411521,0.2717646913,20.9096286705
0.00142,0.00142,0.4529411521,0.2717646913,29.1989991443
0.00142,0.00142,0.4529411521,0.2717646913,40.7745907144
0.00142,0.00142,0.4529411521,0.2717646913,56.9391861586
0.00142,0.00142,0.4529411521,0.2717646913,79.5120407981
0.00142,0.00142,0.4529411521,0.2717646913,111.0336318168
0.00142,0.00142,0.4529411521,0.2717646913,155.0515779833
0.00142,0.00142,0.4529411521,0.2717646913,216.5199088036
0.00142,0.00142,0.4529411521,0.2717646913,302.3566191205
0.00142,0.00142,0.4529411521,0.2717646913,422.2222595195
0.00142,0.00142,0.4529411521,0.2717646913,589.6071895242
0.00142,0.00142,0.4529411521,0.2717646913,823.3498592289
0.00142,0.00142,0.4529411521,0.2717646913,1149.7569953977
0.00142,0.00142,0.4529411521,0.2717646913,1605.5643098112
0.00142,0.00142,0.4529411521,0.2717646913,2242.0709447806
0.00142,0.00142,0.4529411521,0.2717646913,3130.912969796
0.00142,0.00142,0.4529411521,0.2717646913,4372.1257113904
0.00142,0.00142,0.4529411521,0.2717646913,6105.4022965853
0.00142,0.00142,0.4529411521,0.2944117489,0.1
0.00142,0.00142,0.4529411521,0.2944117489,0.1396437957
0.00142,0.00142,0.4529411521,0.2944117489,0.1950038968
0.00142,0.00142,0.4529411521,0.2944117489,0.2723108433
0.00142,0.00142,0.4529411521,0.2944117489,0.3802651977
0.00142,0.00142,0.4529411521,0.2944117489,0.5310167558
0.00142,0.00142,0.4529411521,0.2944117489,0.7415319537
0.00142,0.00142,0.4529411521,0.2944117489,1.0355033665
0.00142,0.00142,0.4529411521,0.2944117489,1.4460162057
0.00142,0.00142,0.4529411521,0.2944117489,2.0192719162
0.00142,0.00142,0.4529411521,0.2944117489,2.8197879494
0.00142,0.00142,0.4529411521,0.2944117489,3.9376589236
0.00142,0.00142,0.4529411521,0.2944117489,5.498696383
0.00142,0.00142,0.4529411521,0.2944117489,7.6785883437
0.00142,0.00142,0.4529411521,0.2944117489,10.7226722201
0.00142,0.00142,0.4529411521,0.2944117489,14.9735464897
0.00142,0.00142,0.4529411521,0.2944117489,20.9096286705
0.00142,0.00142,0.4529411521,0.2944117489,29.1989991443
0.00142,0.00142,0.4529411521,0.2944117489,40.7745907144
0.00142,0.00142,0.4529411521,0.2944117489,56.9391861586
0.00142,0.00142,0.4529411521,0.2944117489,79.5120407981
0.00142,0.00142,0.4529411521,0.2944117489,111.0336318168
0.00142,0.00142,0.4529411521,0.2944117489,155.0515779833
0.00142,0.00142,0.4529411521,0.2944117489,216.5199088036
0.00142,0.00142,0.4529411521,0.2944117489,302.3566191205
0.00142,0.00142,0.4529411521,0.2944117489,422.2222595195
0.00142,0.00142,0.4529411521,0.2944117489,589.6071895242
0.00142,0.00142,0.4529411521,0.2944117489,823.3498592289
0.00142,0.00142,0.4529411521,0.2944117489,1149.7569953977
0.00142,0.00142,0.4529411521,0.2944117489,1605.5643098112
0.00142,0.00142,0.4529411521,0.2944117489,2242.0709447806
0.00142,0.00142,0.4529411521,0.2944117489,3130.912969796
0.00142,0.00142,0.4529411521,0.2944117489,4372.1257113904
0.00142,0.00142,0.4529411521,0.2944117489,6105.4022965853
0.00142,0.00142,0.4529411521,0.3170588065,0.1
0.00142,0.00142,0.4529411521,0.3170588065,0.1396437957
0.00142,0.00142,0.4529411521,0.3170588065,0.1950038968
0.00142,0.00142,0.4529411521,0.3170588065,0.2723108433
0.00142,0.00142,0.4529411521,0.3170588065,0.3802651977
0.00142,0.00142,0.4529411521,0.3170588065,0.5310167558
0.00142,0.00142,0.4529411521,0.3170588065,0.7415319537
0.00142,0.00142,0.4529411521,0.3170588065,1.0355033665
0.00142,0.00142,0.4529411521,0.3170588065,1.4460162057
0.00142,0.00142,0.4529411521,0.3170588065,2.0192719162
0.00142,0.00142,0.4529411521,0.3170588065,2.8197879494
0.00142,0.00142,0.4529411521,0.3170588065,3.9376589236
0.00142,0.00142,0.4529411521,0.3170588065,5.498696383
0.00142,0.00142,0.4529411521,0.3170588065,7.6785883437
0.00142,0.00142,0.4529411521,0.3170588065,10.7226722201
0.00142,0.00142,0.4529411521,0.3170588065,14.9735464897
0.00142,0.00142,0.4529411521,0.3170588065,20.9096286705
0.00142,0.00142,0.4529411521,0.3170588065,29.1989991443
0.00142,0.00142,0.4529411521,0.3170588065,40.7745907144
0.00142,0.00142,0.4529411521,0.3170588065,56.9391861586
0.00142,0.00142,0.4529411521,0.3170588065,79.5120407981
0.00142,0.00142,0.4529411521,0.3170588065,111.0336318168
0.00142,0.00142,0.4529411521,0.3170588065,155.0515779833
0.00142,0.00142,0.4529411521,0.3170588065,216.5199088036
0.00142,0.00142,0.4529411521,0.3170588065,302.3566191205
0.00142,0.00142,0.4529411521,0.3170588065,422.2222595195
0.00142,0.00142,0.4529411521,0.3170588065,589.6071895242
0.00142,0.00142,0.4529411521,0.3170588065,823.3498592289
0.00142,0.00142,0.4529411521,0.3170588065,1149.7569953977
0.00142,0.00142,0.4529411521,0.3170588065,1605.5643098112
0.00142,0.00142,0.4529411521,0.3170588065,2242.0709447806
0.00142,0.00142,0.4529411521,0.3170588065,3130.912969796
0.00142,0.00142,0.4529411521,0.3170588065,4372.1257113904
0.00142,0.00142,0.4529411521,0.3170588065,6105.4022965853
0.00142,0.00142,0.4529411521,0.3397058641,0.1
0.00142,0.00142,0.4529411521,0.3397058641,0.1396437957
0.00142,0.00142,0.4529411521,0.3397058641,0.1950038968
0.00142,0.00142,0.4529411521,0.3397058641,0.2723108433
0.00142,0.00142,0.4529411521,0.3397058641,0.3802651977
0.00142,0.00142,0.4529411521,0.3397058641,0.5310167558
0.00142,0.00142,0.4529411521,0.3397058641,0.7415319537
0.00142,0.00142,0.4529411521,0.3397058641,1.0355033665
0.00142,0.00142,0.4529411521,0.3397058641,1.4460162057
0.00142,0.00142,0.4529411521,0.3397058641,2.0192719162
0.00142,0.00142,0.4529411521,0.3397058641,2.8197879494
0.00142,0.00142,0.4529411521,0.3397058641,3.9376589236
0.00142,0.00142,0.4529411521,0.3397058641,5.498696383
0.00142,0.00142,0.4529411521,0.3397058641,7.6785883437
0.00142,0.00142,0.4529411521,0.3397058641,10.7226722201
0.00142,0.00142,0.4529411521,0.3397058641,14.9735464897
0.00142,0.00142,0.4529411521,0.3397058641,20.9096286705
0.00142,0.00142,0.4529411521,0.3397058641,29.1989991443
0.00142,0.00142,0.4529411521,0.3397058641,40.7745907144
0.00142,0.00142,0.4529411521,0.3397058641,56.9391861586
0.00142,0.00142,0.4529411521,0.3397058641,79.5120407981
0.00142,0.00142,0.4529411521,0.3397058641,111.0336318168
0.00142,0.00142,0.4529411521,0.3397058641,155.0515779833
0.00142,0.00142,0.4529411521,0.3397058641,216.5199088036
0.00142,0.00142,0.4529411521,0.3397058641,302.3566191205
0.00142,0.00142,0.4529411521,0.3397058641,422.2222595195
0.00142,0.00142,0.4529411521,0.3397058641,589.6071895242
0.00142,0.00142,0.4529411521,0.3397058641,823.3498592289
0.00142,0.00142,0.4529411521,0.3397058641,1149.7569953977
0.00142,0.00142,0.4529411521,0.3397058641,1605.5643098112
0.00142,0.00142,0.4529411521,0.3397058641,2242.0709447806
0.00142,0.00142,0.4529411521,0.3397058641,3130.912969796
0.00142,0.00142,0.4529411521,0.3397058641,4372.1257113904
0.00142,0.00142,0.4529411521,0.3397058641,6105.4022965853
0.00142,0.00142,0.4529411521,0.3623529217,0.1
0.00142,0.00142,0.4529411521,0.3623529217,0.1396437957
0.00142,0.00142,0.4529411521,0.3623529217,0.1950038968
0.00142,0.00142,0.4529411521,0.3623529217,0.2723108433
0.00142,0.00142,0.4529411521,0.3623529217,0.3802651977
0.00142,0.00142,0.4529411521,0.3623529217,0.5310167558
0.00142,0.00142,0.4529411521,0.3623529217,0.7415319537
0.00142,0.00142,0.4529411521,0.3623529217,1.0355033665
0.00142,0.00142,0.4529411521,0.3623529217,1.4460162057
0.00142,0.00142,0.4529411521,0.3623529217,2.0192719162
0.00142,0.00142,0.4529411521,0.3623529217,2.8197879494
0.00142,0.00142,0.4529411521,0.3623529217,3.9376589236
0.00142,0.00142,0.4529411521,0.3623529217,5.498696383
0.00142,0.00142,0.4529411521,0.3623529217,7.6785883437
0.00142,0.00142,0.4529411521,0.3623529217,10.7226722201
0.00142,0.00142,0.4529411521,0.3623529217,14.9735464897
0.00142,0.00142,0.4529411521,0.3623529217,20.9096286705
0.00142,0.00142,0.4529411521,0.3623529217,29.1989991443
0.00142,0.00142,0.4529411521,0.3623529217,40.7745907144
0.00142,0.00142,0.4529411521,0.3623529217,56.9391861586
0.00142,0.00142,0.4529411521,0.3623529217,79.5120407981
0.00142,0.00142,0.4529411521,0.3623529217,111.0336318168
0.00142,0.00142,0.4529411521,0.3623529217,155.0515779833
0.00142,0.00142,0.4529411521,0.3623529217,216.5199088036
0.00142,0.00142,0.4529411521,0.3623529217,302.3566191205
0.00142,0.00142,0.4529411521,0.3623529217,422.2222595195
0.00142,0.00142,0.4529411521,0.3623529217,589.6071895242
0.00142,0.00142,0.4529411521,0.3623529217,823.3498592289
0.00142,0.00142,0.4529411521,0.3623529217,1149.7569953977
0.00142,0.00142,0.4529411521,0.3623529217,1605.5643098112
0.00142,0.00142,0.4529411521,0.3623529217,2242.0709447806
0.00142,0.00142,0.4529411521,0.3623529217,3130.912969796
0.00142,0.00142,0.4529411521,0.3623529217,4372.1257113904
0.00142,0.00142,0.4529411521,0.3623529217,6105.4022965853
0.00142,0.00142,0.4529411521,0.3849999793,0.1
0.00142,0.00142,0.4529411521,0.3849999793,0.1396437957
0.00142,0.00142,0.4529411521,0.3849999793,0.1950038968
0.00142,0.00142,0.4529411521,0.3849999793,0.2723108433
0.00142,0.00142,0.4529411521,0.3849999793,0.3802651977
0.00142,0.00142,0.4529411521,0.3849999793,0.5310167558
0.00142,0.00142,0.4529411521,0.3849999793,0.7415319537
0.00142,0.00142,0.4529411521,0.3849999793,1.0355033665
0.00142,0.00142,0.4529411521,0.3849999793,1.4460162057
0.00142,0.00142,0.4529411521,0.3849999793,2.0192719162
0.00142,0.00142,0.4529411521,0.3849999793,2.8197879494
0.00142,0.00142,0.4529411521,0.3849999793,3.9376589236
0.00142,0.00142,0.4529411521,0.3849999793,5.498696383
0.00142,0.00142,0.4529411521,0.3849999793,7.6785883437
0.00142,0.00142,0.4529411521,0.3849999793,10.7226722201
0.00142,0.00142,0.4529411521,0.3849999793,14.9735464897
0.00142,0.00142,0.4529411521,0.3849999793,20.9096286705
0.00142,0.00142,0.4529411521,0.3849999793,29.1989991443
0.00142,0.00142,0.4529411521,0.3849999793,40.7745907144
0.00142,0.00142,0.4529411521,0.3849999793,56.9391861586
0.00142,0.00142,0.4529411521,0.3849999793,79.5120407981
0.00142,0.00142,0.4529411521,0.3849999793,111.0336318168
0.00142,0.00142,0.4529411521,0.3849999793,155.0515779833
0.00142,0.00142,0.4529411521,0.3849999793,216.5199088036
0.00142,0.00142,0.4529411521,0.3849999793,302.3566191205
0.00142,0.00142,0.4529411521,0.3849999793,422.2222595195
0.00142,0.00142,0.4529411521,0.3849999793,589.6071895242
0.00142,0.00142,0.4529411521,0.3849999793,823.3498592289
0.00142,0.00142,0.4529411521,0.3849999793,1149.7569953977
0.00142,0.00142,0.4529411521,0.3849999793,1605.5643098112
0.00142,0.00142,0.4529411521,0.3849999793,2242.0709447806
0.00142,0.00142,0.4529411521,0.3849999793,3130.912969796
0.00142,0.00142,0.4529411521,0.3849999793,4372.1257113904
0.00142,0.00142,0.4529411521,0.3849999793,6105.4022965853
0.00142,0.00142,0.4529411521,0.4076470369,0.1
0.00142,0.00142,0.4529411521,0.4076470369,0.1396437957
0.00142,0.00142,0.4529411521,0.4076470369,0.1950038968
0.00142,0.00142,0.4529411521,0.4076470369,0.2723108433
0.00142,0.00142,0.4529411521,0.4076470369,0.3802651977
0.00142,0.00142,0.4529411521,0.4076470369,0.5310167558
0.00142,0.00142,0.4529411521,0.4076470369,0.7415319537
0.00142,0.00142,0.4529411521,0.4076470369,1.0355033665
0.00142,0.00142,0.4529411521,0.4076470369,1.4460162057
0.00142,0.00142,0.4529411521,0.4076470369,2.0192719162
0.00142,0.00142,0.4529411521,0.4076470369,2.8197879494
0.00142,0.00142,0.4529411521,0.4076470369,3.9376589236
0.00142,0.00142,0.4529411521,0.4076470369,5.498696383
0.00142,0.00142,0.4529411521,0.4076470369,7.6785883437
0.00142,0.00142,0.4529411521,0.4076470369,10.7226722201
0.00142,0.00142,0.4529411521,0.4076470369,14.9735464897
0.00142,0.00142,0.4529411521,0.4076470369,20.9096286705
0.00142,0.00142,0.4529411521,0.4076470369,29.1989991443
0.00142,0.00142,0.4529411521,0.4076470369,40.7745907144
0.00142,0.00142,0.4529411521,0.4076470369,56.9391861586
0.00142,0.00142,0.4529411521,0.4076470369,79.5120407981
0.00142,0.00142,0.4529411521,0.4076470369,111.0336318168
0.00142,0.00142,0.4529411521,0.4076470369,155.0515779833
0.00142,0.00142,0.4529411521,0.4076470369,216.5199088036
0.00142,0.00142,0.4529411521,0.4076470369,302.3566191205
0.00142,0.00142,0.4529411521,0.4076470369,422.2222595195
0.00142,0.00142,0.4529411521,0.4076470369,589.6071895242
0.00142,0.00142,0.4529411521,0.4076470369,823.3498592289
0.00142,0.00142,0.4529411521,0.4076470369,1149.7569953977
0.00142,0.00142,0.4529411521,0.4076470369,1605.5643098112
0.00142,0.00142,0.4529411521,0.4076470369,2242.0709447806
0.00142,0.00142,0.4529411521,0.4076470369,3130.912969796
0.00142,0.00142,0.4529411521,0.4076470369,4372.1257113904
0.00142,0.00142,0.4529411521,0.4076470369,6105.4022965853
0.00142,0.00142,0.4529411521,0.4302940945,0.1
0.00142,0.00142,0.4529411521,0.4302940945,0.1396437957
0.00142,0.00142,0.4529411521,0.4302940945,0.1950038968
0.00142,0.00142,0.4529411521,0.4302940945,0.2723108433
0.00142,0.00142,0.4529411521,0.4302940945,0.3802651977
0.00142,0.00142,0.4529411521,0.4302940945,0.5310167558
0.00142,0.00142,0.4529411521,0.4302940945,0.7415319537
0.00142,0.00142,0.4529411521,0.4302940945,1.0355033665
0.00142,0.00142,0.4529411521,0.4302940945,1.4460162057
0.00142,0.00142,0.4529411521,0.4302940945,2.0192719162
0.00142,0.00142,0.4529411521,0.4302940945,2.8197879494
0.00142,0.00142,0.4529411521,0.4302940945,3.9376589236
0.00142,0.00142,0.4529411521,0.4302940945,5.498696383
0.00142,0.00142,0.4529411521,0.4302940945,7.6785883437
0.00142,0.00142,0.4529411521,0.4302940945,10.7226722201
0.00142,0.00142,0.4529411521,0.4302940945,14.9735464897
0.00142,0.00142,0.4529411521,0.4302940945,20.9096286705
0.00142,0.00142,0.4529411521,0.4302940945,29.1989991443
0.00142,0.00142,0.4529411521,0.4302940945,40.7745907144
0.00142,0.00142,0.4529411521,0.4302940945,56.9391861586
0.00142,0.00142,0.4529411521,0.4302940945,79.5120407981
0.00142,0.00142,0.4529411521,0.4302940945,111.0336318168
0.00142,0.00142,0.4529411521,0.4302940945,155.0515779833
0.00142,0.00142,0.4529411521,0.4302940945,216.5199088036
0.00142,0.00142,0.4529411521,0.4302940945,302.3566191205
0.00142,0.00142,0.4529411521,0.4302940945,422.2222595195
0.00142,0.00142,0.4529411521,0.4302940945,589.6071895242
0.00142,0.00142,0.4529411521,0.4302940945,823.3498592289
0.00142,0.00142,0.4529411521,0.4302940945,1149.7569953977
0.00142,0.00142,0.4529411521,0.4302940945,1605.5643098112
0.00142,0.00142,0.4529411521,0.4302940945,2242.0709447806
0.00142,0.00142,0.4529411521,0.4302940945,3130.912969796
0.00142,0.00142,0.4529411521,0.4302940945,4372.1257113904
0.00142,0.00142,0.4529411521,0.4302940945,6105.4022965853
0.00142,0.00142,0.4529411521,0.4484117406,0.1
0.00142,0.00142,0.4529411521,0.4484117406,0.1396437957
0.00142,0.00142,0.4529411521,0.4484117406,0.1950038968
0.00142,0.00142,0.4529411521,0.4484117406,0.2723108433
0.00142,0.00142,0.4529411521,0.4484117406,0.3802651977
0.00142,0.00142,0.4529411521,0.4484117406,0.5310167558
0.00142,0.00142,0.4529411521,0.4484117406,0.7415319537
0.00142,0.00142,0.4529411521,0.4484117406,1.0355033665
0.00142,0.00142,0.4529411521,0.4484117406,1.4460162057
0.00142,0.00142,0.4529411521,0.4484117406,2.0192719162
0.00142,0.00142,0.4529411521,0.4484117406,2.8197879494
0.00142,0.00142,0.4529411521,0.4484117406,3.9376589236
0.00142,0.00142,0.4529411521,0.4484117406,5.498696383
0.00142,0.00142,0.4529411521,0.4484117406,7.6785883437
0.00142,0.00142,0.4529411521,0.4484117406,10.7226722201
0.00142,0.00142,0.4529411521,0.4484117406,14.9735464897
0.00142,0.00142,0.4529411521,0.4484117406,20.9096286705
0.00142,0.00142,0.4529411521,0.4484117406,29.1989991443
0.00142,0.00142,0.4529411521,0.4484117406,40.7745907144
0.00142,0.00142,0.4529411521,0.4484117406,56.9391861586
0.00142,0.00142,0.4529411521,0.4484117406,79.5120407981
0.00142,0.00142,0.4529411521,0.4484117406,111.0336318168
0.00142,0.00142,0.4529411521,0.4484117406,155.0515779833
0.00142,0.00142,0.4529411521,0.4484117406,216.5199088036
0.00142,0.00142,0.4529411521,0.4484117406,302.3566191205
0.00142,0.00142,0.4529411521,0.4484117406,422.2222595195
0.00142,0.00142,0.4529411521,0.4484117406,589.6071895242
0.00142,0.00142,0.4529411521,0.4484117406,823.3498592289
0.00142,0.00142,0.4529411521,0.4484117406,1149.7569953977
0.00142,0.00142,0.4529411521,0.4484117406,1605.5643098112
0.00142,0.00142,0.4529411521,0.4484117406,2242.0709447806
0.00142,0.00142,0.4529411521,0.4484117406,3130.912969796
0.00142,0.00142,0.4529411521,0.4484117406,4372.1257113904
0.00142,0.00142,0.4529411521,0.4484117406,6105.4022965853
0.00142,0.00142,0.5045473246,0.1009094649,0.1
0.00142,0.00142,0.5045473246,0.1009094649,0.1396437957
0.00142,0.00142,0.5045473246,0.1009094649,0.1950038968
0.00142,0.00142,0.5045473246,0.1009094649,0.2723108433
0.00142,0.00142,0.5045473246,0.1009094649,0.3802651977
0.00142,0.00142,0.5045473246,0.1009094649,0.5310167558
0.00142,0.00142,0.5045473246,0.1009094649,0.7415319537
0.00142,0.00142,0.5045473246,0.1009094649,1.0355033665
0.00142,0.00142,0.5045473246,0.1009094649,1.4460162057
0.00142,0.00142,0.5045473246,0.1009094649,2.0192719162
0.00142,0.00142,0.5045473246,0.1009094649,2.8197879494
0.00142,0.00142,0.5045473246,0.1009094649,3.9376589236
0.00142,0.00142,0.5045473246,0.1009094649,5.498696383
0.00142,0.00142,0.5045473246,0.1009094649,7.6785883437
0.00142,0.00142,0.5045473246,0.1009094649,10.7226722201
0.00142,0.00142,0.5045473246,0.1009094649,14.9735464897
0.00142,0.00142,0.5045473246,0.1009094649,20.9096286705
0.00142,0.00142,0.5045473246,0.1009094649,29.1989991443
0.00142,0.00142,0.5045473246,0.1009094649,40.7745907144
0.00142,0.00142,0.5045473246,0.1009094649,56.9391861586
0.00142,0.00142,0.5045473246,0.1009094649,79.5120407981
0.00142,0.00142,0.5045473246,0.1009094649,111.0336318168
0.00142,0.00142,0.5045473246,0.1009094649,155.0515779833
0.00142,0.00142,0.5045473246,0.1009094649,216.5199088036
0.00142,0.00142,0.5045473246,0.1009094649,302.3566191205
0.00142,0.00142,0.5045473246,0.1009094649,422.2222595195
0.00142,0.00142,0.5045473246,0.1009094649,589.6071895242
0.00142,0.00142,0.5045473246,0.1009094649,823.3498592289
0.00142,0.00142,0.5045473246,0.1009094649,1149.7569953977
0.00142,0.00142,0.5045473246,0.1009094649,1605.5643098112
0.00142,0.00142,0.5045473246,0.1009094649,2242.0709447806
0.00142,0.00142,0.5045473246,0.1009094649,3130.912969796
0.00142,0.00142,0.5045473246,0.1009094649,4372.1257113904
0.00142,0.00142,0.5045473246,0.1009094649,6105.4022965853
0.00142,0.00142,0.5045473246,0.1261368312,0.1
0.00142,0.00142,0.5045473246,0.1261368312,0.1396437957
0.00142,0.00142,0.5045473246,0.1261368312,0.1950038968
0.00142,0.00142,0.5045473246,0.1261368312,0.2723108433
0.00142,0.00142,0.5045473246,0.1261368312,0.3802651977
0.00142,0.00142,0.5045473246,0.1261368312,0.5310167558
0.00142,0.00142,0.5045473246,0.1261368312,0.7415319537
0.00142,0.00142,0.5045473246,0.1261368312,1.0355033665
0.00142,0.00142,0.5045473246,0.1261368312,1.4460162057
0.00142,0.00142,0.5045473246,0.1261368312,2.0192719162
0.00142,0.00142,0.5045473246,0.1261368312,2.8197879494
0.00142,0.00142,0.5045473246,0.1261368312,3.9376589236
0.00142,0.00142,0.5045473246,0.1261368312,5.498696383
0.00142,0.00142,0.5045473246,0.1261368312,7.6785883437
0.00142,0.00142,0.5045473246,0.1261368312,10.7226722201
0.00142,0.00142,0.5045473246,0.1261368312,14.9735464897
0.00142,0.00142,0.5045473246,0.1261368312,20.9096286705
0.00142,0.00142,0.5045473246,0.1261368312,29.1989991443
0.00142,0.00142,0.5045473246,0.1261368312,40.7745907144
0.00142,0.00142,0.5045473246,0.1261368312,56.9391861586
0.00142,0.00142,0.5045473246,0.1261368312,79.5120407981
0.00142,0.00142,0.5045473246,0.1261368312,111.0336318168
0.00142,0.00142,0.5045473246,0.1261368312,155.0515779833
0.00142,0.00142,0.5045473246,0.1261368312,216.5199088036
0.00142,0.00142,0.5045473246,0.1261368312,302.3566191205
0.00142,0.00142,0.5045473246,0.1261368312,422.2222595195
0.00142,0.00142,0.5045473246,0.1261368312,589.6071895242
0.00142,0.00142,0.5045473246,0.1261368312,823.3498592289
0.00142,0.00142,0.5045473246,0.1261368312,1149.7569953977
0.00142,0.00142,0.5045473246,0.1261368312,1605.5643098112
0.00142,0.00142,0.5045473246,0.1261368312,2242.0709447806
0.00142,0.00142,0.5045473246,0.1261368312,3130.912969796
0.00142,0.00142,0.5045473246,0.1261368312,4372.1257113904
0.00142,0.00142,0.5045473246,0.1261368312,6105.4022965853
0.00142,0.00142,0.5045473246,0.1513641974,0.1
0.00142,0.00142,0.5045473246,0.1513641974,0.1396437957
0.00142,0.00142,0.5045473246,0.1513641974,0.1950038968
0.00142,0.00142,0.5045473246,0.1513641974,0.2723108433
0.00142,0.00142,0.5045473246,0.1513641974,0.3802651977
0.00142,0.00142,0.5045473246,0.1513641974,0.5310167558
0.00142,0.00142,0.5045473246,0.1513641974,0.7415319537
0.00142,0.00142,0.5045473246,0.1513641974,1.0355033665
0.00142,0.00142,0.5045473246,0.1513641974,1.4460162057
0.00142,0.00142,0.5045473246,0.1513641974,2.0192719162
0.00142,0.00142,0.5045473246,0.1513641974,2.8197879494
0.00142,0.00142,0.5045473246,0.1513641974,3.9376589236
0.00142,0.00142,0.5045473246,0.1513641974,5.498696383
0.00142,0.00142,0.5045473246,0.1513641974,7.6785883437
0.00142,0.00142,0.5045473246,0.1513641974,10.7226722201
0.00142,0.00142,0.5045473246,0.1513641974,14.9735464897
0.00142,0.00142,0.5045473246,0.1513641974,20.9096286705
0.00142,0.00142,0.5045473246,0.1513641974,29.1989991443
0.00142,0.00142,0.5045473246,0.1513641974,40.7745907144
0.00142,0.00142,0.5045473246,0.1513641974,56.9391861586
0.00142,0.00142,0.5045473246,0.1513641974,79.5120407981
0.00142,0.00142,0.5045473246,0.1513641974,111.0336318168
0.00142,0.00142,0.5045473246,0.1513641974,155.0515779833
0.00142,0.00142,0.5045473246,0.1513641974,216.5199088036
0.00142,0.00142,0.5045473246,0.1513641974,302.3566191205
0.00142,0.00142,0.5045473246,0.1513641974,422.2222595195
0.00142,0.00142,0.5045473246,0.1513641974,589.6071895242
0.00142,0.00142,0.5045473246,0.1513641974,823.3498592289
0.00142,0.00142,0.5045473246,0.1513641974,1149.7569953977
0.00142,0.00142,0.5045473246,0.1513641974,1605.5643098112
0.00142,0.00142,0.5045473246,0.1513641974,2242.0709447806
0.00142,0.00142,0.5045473246,0.1513641974,3130.912969796
0.00142,0.00142,0.5045473246,0.1513641974,4372.1257113904
0.00142,0.00142,0.5045473246,0.1513641974,6105.4022965853
0.00142,0.00142,0.5045473246,0.1765915636,0.1
0.00142,0.00142,0.5045473246,0.1765915636,0.1396437957
0.00142,0.00142,0.5045473246,0.1765915636,0.1950038968
0.00142,0.00142,0.5045473246,0.1765915636,0.2723108433
0.00142,0.00142,0.5045473246,0.1765915636,0.3802651977
0.00142,0.00142,0.5045473246,0.1765915636,0.5310167558
0.00142,0.00142,0.5045473246,0.1765915636,0.7415319537
0.00142,0.00142,0.5045473246,0.1765915636,1.0355033665
0.00142,0.00142,0.5045473246,0.1765915636,1.4460162057
0.00142,0.00142,0.5045473246,0.1765915636,2.0192719162
0.00142,0.00142,0.5045473246,0.1765915636,2.8197879494
0.00142,0.00142,0.5045473246,0.1765915636,3.9376589236
0.00142,0.00142,0.5045473246,0.1765915636,5.498696383
0.00142,0.00142,0.5045473246,0.1765915636,7.6785883437
0.00142,0.00142,0.5045473246,0.1765915636,10.7226722201
0.00142,0.00142,0.5045473246,0.1765915636,14.9735464897
0.00142,0.00142,0.5045473246,0.1765915636,20.9096286705
0.00142,0.00142,0.5045473246,0.1765915636,29.1989991443
0.00142,0.00142,0.5045473246,0.1765915636,40.7745907144
0.00142,0.00142,0.5045473246,0.1765915636,56.9391861586
0.00142,0.00142,0.5045473246,0.1765915636,79.5120407981
0.00142,0.00142,0.5045473246,0.1765915636,111.0336318168
0.00142,0.00142,0.5045473246,0.1765915636,155.0515779833
0.00142,0.00142,0.5045473246,0.1765915636,216.5199088036
0.00142,0.00142,0.5045473246,0.1765915636,302.3566191205
0.00142,0.00142,0.5045473246,0.1765915636,422.2222595195
0.00142,0.00142,0.5045473246,0.1765915636,589.6071895242
0.00142,0.00142,0.5045473246,0.1765915636,823.3498592289
0.00142,0.00142,0.5045473246,0.1765915636,1149.7569953977
0.00142,0.00142,0.5045473246,0.1765915636,1605.5643098112
0.00142,0.00142,0.5045473246,0.1765915636,2242.0709447806
0.00142,0.00142,0.5045473246,0.1765915636,3130.912969796
0.00142,0.00142,0.5045473246,0.1765915636,4372.1257113904
0.00142,0.00142,0.5045473246,0.1765915636,6105.4022965853
0.00142,0.00142,0.5045473246,0.2018189298,0.1
0.00142,0.00142,0.5045473246,0.2018189298,0.1396437957
0.00142,0.00142,0.5045473246,0.2018189298,0.1950038968
0.00142,0.00142,0.5045473246,0.2018189298,0.2723108433
0.00142,0.00142,0.5045473246,0.2018189298,0.3802651977
0.00142,0.00142,0.5045473246,0.2018189298,0.5310167558
0.00142,0.00142,0.5045473246,0.2018189298,0.7415319537
0.00142,0.00142,0.5045473246,0.2018189298,1.0355033665
0.00142,0.00142,0.5045473246,0.2018189298,1.4460162057
0.00142,0.00142,0.5045473246,0.2018189298,2.0192719162
0.00142,0.00142,0.5045473246,0.2018189298,2.8197879494
0.00142,0.00142,0.5045473246,0.2018189298,3.9376589236
0.00142,0.00142,0.5045473246,0.2018189298,5.498696383
0.00142,0.00142,0.5045473246,0.2018189298,7.6785883437
0.00142,0.00142,0.5045473246,0.2018189298,10.7226722201
0.00142,0.00142,0.5045473246,0.2018189298,14.9735464897
0.00142,0.00142,0.5045473246,0.2018189298,20.9096286705
0.00142,0.00142,0.5045473246,0.2018189298,29.1989991443
0.00142,0.00142,0.5045473246,0.2018189298,40.7745907144
0.00142,0.00142,0.5045473246,0.2018189298,56.9391861586
0.00142,0.00142,0.5045473246,0.2018189298,79.5120407981
0.00142,0.00142,0.5045473246,0.2018189298,111.0336318168
0.00142,0.00142,0.5045473246,0.2018189298,155.0515779833
0.00142,0.00142,0.5045473246,0.2018189298,216.5199088036
0.00142,0.00142,0.5045473246,0.2018189298,302.3566191205
0.00142,0.00142,0.5045473246,0.2018189298,422.2222595195
0.00142,0.00142,0.5045473246,0.2018189298,589.6071895242
0.00142,0.00142,0.5045473246,0.2018189298,823.3498592289
0.00142,0.00142,0.5045473246,0.2018189298,1149.7569953977
0.00142,0.00142,0.5045473246,0.2018189298,1605.5643098112
0.00142,0.00142,0.5045473246,0.2018189298,2242.0709447806
0.00142,0.00142,0.5045473246,0.2018189298,3130.912969796
0.00142,0.00142,0.5045473246,0.2018189298,4372.1257113904
0.00142,0.00142,0.5045473246,0.2018189298,6105.4022965853
0.00142,0.00142,0.5045473246,0.2270462961,0.1
0.00142,0.00142,0.5045473246,0.2270462961,0.1396437957
0.00142,0.00142,0.5045473246,0.2270462961,0.1950038968
0.00142,0.00142,0.5045473246,0.2270462961,0.2723108433
0.00142,0.00142,0.5045473246,0.2270462961,0.3802651977
0.00142,0.00142,0.5045473246,0.2270462961,0.5310167558
0.00142,0.00142,0.5045473246,0.2270462961,0.7415319537
0.00142,0.00142,0.5045473246,0.2270462961,1.0355033665
0.00142,0.00142,0.5045473246,0.2270462961,1.4460162057
0.00142,0.00142,0.5045473246,0.2270462961,2.0192719162
0.00142,0.00142,0.5045473246,0.2270462961,2.8197879494
0.00142,0.00142,0.5045473246,0.2270462961,3.9376589236
0.00142,0.00142,0.5045473246,0.2270462961,5.498696383
0.00142,0.00142,0.5045473246,0.2270462961,7.6785883437
0.00142,0.00142,0.5045473246,0.2270462961,10.7226722201
0.00142,0.00142,0.5045473246,0.2270462961,14.9735464897
0.00142,0.00142,0.5045473246,0.2270462961,20.9096286705
0.00142,0.00142,0.5045473246,0.2270462961,29.1989991443
0.00142,0.00142,0.5045473246,0.2270462961,40.7745907144
0.00142,0.00142,0.5045473246,0.2270462961,56.9391861586
0.00142,0.00142,0.5045473246,0.2270462961,79.5120407981
0.00142,0.00142,0.5045473246,0.2270462961,111.0336318168
0.00142,0.00142,0.5045473246,0.2270462961,155.0515779833
0.00142,0.00142,0.5045473246,0.2270462961,216.5199088036
0.00142,0.00142,0.5045473246,0.2270462961,302.3566191205
0.00142,0.00142,0.5045473246,0.2270462961,422.2222595195
0.00142,0.00142,0.5045473246,0.2270462961,589.6071895242
0.00142,0.00142,0.5045473246,0.2270462961,823.3498592289
0.00142,0.00142,0.5045473246,0.2270462961,1149.7569953977
0.00142,0.00142,0.5045473246,0.2270462961,1605.5643098112
0.00142,0.00142,0.5045473246,0.2270462961,2242.0709447806
0.00142,0.00142,0.5045473246,0.2270462961,3130.912969796
0.00142,0.00142,0.5045473246,0.2270462961,4372.1257113904
0.00142,0.00142,0.5045473246,0.2270462961,6105.4022965853
0.00142,0.00142,0.5045473246,0.2522736623,0.1
0.00142,0.00142,0.5045473246,0.2522736623,0.1396437957
0.00142,0.00142,0.5045473246,0.2522736623,0.1950038968
0.00142,0.00142,0.5045473246,0.2522736623,0.2723108433
0.00142,0.00142,0.5045473246,0.2522736623,0.3802651977
0.00142,0.00142,0.5045473246,0.2522736623,0.5310167558
0.00142,0.00142,0.5045473246,0.2522736623,0.7415319537
0.00142,0.00142,0.5045473246,0.2522736623,1.0355033665
0.00142,0.00142,0.5045473246,0.2522736623,1.4460162057
0.00142,0.00142,0.5045473246,0.2522736623,2.0192719162
0.00142,0.00142,0.5045473246,0.2522736623,2.8197879494
0.00142,0.00142,0.5045473246,0.2522736623,3.9376589236
0.00142,0.00142,0.5045473246,0.2522736623,5.498696383
0.00142,0.00142,0.5045473246,0.2522736623,7.6785883437
0.00142,0.00142,0.5045473246,0.2522736623,10.7226722201
0.00142,0.00142,0.5045473246,0.2522736623,14.9735464897
0.00142,0.00142,0.5045473246,0.2522736623,20.9096286705
0.00142,0.00142,0.5045473246,0.2522736623,29.1989991443
0.00142,0.00142,0.5045473246,0.2522736623,40.7745907144
0.00142,0.00142,0.5045473246,0.2522736623,56.9391861586
0.00142,0.00142,0.5045473246,0.2522736623,79.5120407981
0.00142,0.00142,0.5045473246,0.2522736623,111.0336318168
0.00142,0.00142,0.5045473246,0.2522736623,155.0515779833
0.00142,0.00142,0.5045473246,0.2522736623,216.5199088036
0.00142,0.00142,0.5045473246,0.2522736623,302.3566191205
0.00142,0.00142,0.5045473246,0.2522736623,422.2222595195
0.00142,0.00142,0.5045473246,0.2522736623,589.6071895242
0.00142,0.00142,0.5045473246,0.2522736623,823.3498592289
0.00142,0.00142,0.5045473246,0.2522736623,1149.7569953977
0.00142,0.00142,0.5045473246,0.2522736623,1605.5643098112
0.00142,0.00142,0.5045473246,0.2522736623,2242.0709447806
0.00142,0.00142,0.5045473246,0.2522736623,3130.912969796
0.00142,0.00142,0.5045473246,0.2522736623,4372.1257113904
0.00142,0.00142,0.5045473246,0.2522736623,6105.4022965853
0.00142,0.00142,0.5045473246,0.2775010285,0.1
0.00142,0.00142,0.5045473246,0.2775010285,0.1396437957
0.00142,0.00142,0.5045473246,0.2775010285,0.1950038968
0.00142,0.00142,0.5045473246,0.2775010285,0.2723108433
0.00142,0.00142,0.5045473246,0.2775010285,0.3802651977
0.00142,0.00142,0.5045473246,0.2775010285,0.5310167558
0.00142,0.00142,0.5045473246,0.2775010285,0.7415319537
0.00142,0.00142,0.5045473246,0.2775010285,1.0355033665
0.00142,0.00142,0.5045473246,0.2775010285,1.4460162057
0.00142,0.00142,0.5045473246,0.2775010285,2.0192719162
0.00142,0.00142,0.5045473246,0.2775010285,2.8197879494
0.00142,0.00142,0.5045473246,0.2775010285,3.9376589236
0.00142,0.00142,0.5045473246,0.2775010285,5.498696383
0.00142,0.00142,0.5045473246,0.2775010285,7.6785883437
0.00142,0.00142,0.5045473246,0.2775010285,10.7226722201
0.00142,0.00142,0.5045473246,0.2775010285,14.9735464897
0.00142,0.00142,0.5045473246,0.2775010285,20.9096286705
0.00142,0.00142,0.5045473246,0.2775010285,29.1989991443
0.00142,0.00142,0.5045473246,0.2775010285,40.7745907144
0.00142,0.00142,0.5045473246,0.2775010285,56.9391861586
0.00142,0.00142,0.5045473246,0.2775010285,79.5120407981
0.00142,0.00142,0.5045473246,0.2775010285,111.0336318168
0.00142,0.00142,0.5045473246,0.2775010285,155.0515779833
0.00142,0.00142,0.5045473246,0.2775010285,216.5199088036
0.00142,0.00142,0.5045473246,0.2775010285,302.3566191205
0.00142,0.00142,0.5045473246,0.2775010285,422.2222595195
0.00142,0.00142,0.5045473246,0.2775010285,589.6071895242
0.00142,0.00142,0.5045473246,0.2775010285,823.3498592289
0.00142,0.00142,0.5045473246,0.2775010285,1149.7569953977
0.00142,0.00142,0.5045473246,0.2775010285,1605.5643098112
0.00142,0.00142,0.5045473246,0.2775010285,2242.0709447806
0.00142,0.00142,0.5045473246,0.2775010285,3130.912969796
0.00142,0.00142,0.5045473246,0.2775010285,4372.1257113904
0.00142,0.00142,0.5045473246,0.2775010285,6105.4022965853
0.00142,0.00142,0.5045473246,0.3027283948,0.1
0.00142,0.00142,0.5045473246,0.3027283948,0.1396437957
0.00142,0.00142,0.5045473246,0.3027283948,0.1950038968
0.00142,0.00142,0.5045473246,0.3027283948,0.2723108433
0.00142,0.00142,0.5045473246,0.3027283948,0.3802651977
0.00142,0.00142,0.5045473246,0.3027283948,0.5310167558
0.00142,0.00142,0.5045473246,0.3027283948,0.7415319537
0.00142,0.00142,0.5045473246,0.3027283948,1.0355033665
0.00142,0.00142,0.5045473246,0.3027283948,1.4460162057
0.00142,0.00142,0.5045473246,0.3027283948,2.0192719162
0.00142,0.00142,0.5045473246,0.3027283948,2.8197879494
0.00142,0.00142,0.5045473246,0.3027283948,3.9376589236
0.00142,0.00142,0.5045473246,0.3027283948,5.498696383
0.00142,0.00142,0.5045473246,0.3027283948,7.6785883437
0.00142,0.00142,0.5045473246,0.3027283948,10.7226722201
0.00142,0.00142,0.5045473246,0.3027283948,14.9735464897
0.00142,0.00142,0.5045473246,0.3027283948,20.9096286705
0.00142,0.00142,0.5045473246,0.3027283948,29.1989991443
0.00142,0.00142,0.5045473246,0.3027283948,40.7745907144
0.00142,0.00142,0.5045473246,0.3027283948,56.9391861586
0.00142,0.00142,0.5045473246,0.3027283948,79.5120407981
0.00142,0.00142,0.5045473246,0.3027283948,111.0336318168
0.00142,0.00142,0.5045473246,0.3027283948,155.0515779833
0.00142,0.00142,0.5045473246,0.3027283948,216.5199088036
0.00142,0.00142,0.5045473246,0.3027283948,302.3566191205
0.00142,0.00142,0.5045473246,0.3027283948,422.2222595195
0.00142,0.00142,0.5045473246,0.3027283948,589.6071895242
0.00142,0.00142,0.5045473246,0.3027283948,823.3498592289
0.00142,0.00142,0.5045473246,0.3027283948,1149.7569953977
0.00142,0.00142,0.5045473246,0.3027283948,1605.5643098112
0.00142,0.00142,0.5045473246,0.3027283948,2242.0709447806
0.00142,0.00142,0.5045473246,0.3027283948,3130.912969796
0.00142,0.00142,0.5045473246,0.3027283948,4372.1257113904
0.00142,0.00142,0.5045473246,0.3027283948,6105.4022965853
0.00142,0.00142,0.5045473246,0.327955761,0.1
0.00142,0.00142,0.5045473246,0.327955761,0.1396437957
0.00142,0.00142,0.5045473246,0.327955761,0.1950038968
0.00142,0.00142,0.5045473246,0.327955761,0.2723108433
0.00142,0.00142,0.5045473246,0.327955761,0.3802651977
0.00142,0.00142,0.5045473246,0.327955761,0.5310167558
0.00142,0.00142,0.5045473246,0.327955761,0.7415319537
0.00142,0.00142,0.5045473246,0.327955761,1.0355033665
0.00142,0.00142,0.5045473246,0.327955761,1.4460162057
0.00142,0.00142,0.5045473246,0.327955761,2.0192719162
0.00142,0.00142,0.5045473246,0.327955761,2.8197879494
0.00142,0.00142,0.5045473246,0.327955761,3.9376589236
0.00142,0.00142,0.5045473246,0.327955761,5.498696383
0.00142,0.00142,0.5045473246,0.327955761,7.6785883437
0.00142,0.00142,0.5045473246,0.327955761,10.7226722201
0.00142,0.00142,0.5045473246,0.327955761,14.9735464897
0.00142,0.00142,0.5045473246,0.327955761,20.9096286705
0.00142,0.00142,0.5045473246,0.327955761,29.1989991443
0.00142,0.00142,0.5045473246,0.327955761,40.7745907144
0.00142,0.00142,0.5045473246,0.327955761,56.9391861586
0.00142,0.00142,0.5045473246,0.327955761,79.5120407981
0.00142,0.00142,0.5045473246,0.327955761,111.0336318168
0.00142,0.00142,0.5045473246,0.327955761,155.0515779833
0.00142,0.00142,0.5045473246,0.327955761,216.5199088036
0.00142,0.00142,0.5045473246,0.327955761,302.3566191205
0.00142,0.00142,0.5045473246,0.327955761,422.2222595195
0.00142,0.00142,0.5045473246,0.327955761,589.6071895242
0.00142,0.00142,0.5045473246,0.327955761,823.3498592289
0.00142,0.00142,0.5045473246,0.327955761,1149.7569953977
0.00142,0.00142,0.5045473246,0.327955761,1605.5643098112
0.00142,0.00142,0.5045473246,0.327955761,2242.0709447806
0.00142,0.00142,0.5045473246,0.327955761,3130.912969796
0.00142,0.00142,0.5045473246,0.327955761,4372.1257113904
0.00142,0.00142,0.5045473246,0.327955761,6105.4022965853
0.00142,0.00142,0.5045473246,0.3531831272,0.1
0.00142,0.00142,0.5045473246,0.3531831272,0.1396437957
0.00142,0.00142,0.5045473246,0.3531831272,0.1950038968
0.00142,0.00142,0.5045473246,0.3531831272,0.2723108433
0.00142,0.00142,0.5045473246,0.3531831272,0.3802651977
0.00142,0.00142,0.5045473246,0.3531831272,0.5310167558
0.00142,0.00142,0.5045473246,0.3531831272,0.7415319537
0.00142,0.00142,0.5045473246,0.3531831272,1.0355033665
0.00142,0.00142,0.5045473246,0.3531831272,1.4460162057
0.00142,0.00142,0.5045473246,0.3531831272,2.0192719162
0.00142,0.00142,0.5045473246,0.3531831272,2.8197879494
0.00142,0.00142,0.5045473246,0.3531831272,3.9376589236
0.00142,0.00142,0.5045473246,0.3531831272,5.498696383
0.00142,0.00142,0.5045473246,0.3531831272,7.6785883437
0.00142,0.00142,0.5045473246,0.3531831272,10.7226722201
0.00142,0.00142,0.5045473246,0.3531831272,14.9735464897
0.00142,0.00142,0.5045473246,0.3531831272,20.9096286705
0.00142,0.00142,0.5045473246,0.3531831272,29.1989991443
0.00142,0.00142,0.5045473246,0.3531831272,40.7745907144
0.00142,0.00142,0.5045473246,0.3531831272,56.9391861586
0.00142,0.00142,0.5045473246,0.3531831272,79.5120407981
0.00142,0.00142,0.5045473246,0.3531831272,111.0336318168
0.00142,0.00142,0.5045473246,0.3531831272,155.0515779833
0.00142,0.00142,0.5045473246,0.3531831272,216.5199088036
0.00142,0.00142,0.5045473246,0.3531831272,302.3566191205
0.00142,0.00142,0.5045473246,0.3531831272,422.2222595195
0.00142,0.00142,0.5045473246,0.3531831272,589.6071895242
0.00142,0.00142,0.5045473246,0.3531831272,823.3498592289
0.00142,0.00142,0.5045473246,0.3531831272,1149.7569953977
0.00142,0.00142,0.5045473246,0.3531831272,1605.5643098112
0.00142,0.00142,0.5045473246,0.3531831272,2242.0709447806
0.00142,0.00142,0.5045473246,0.3531831272,3130.912969796
0.00142,0.00142,0.5045473246,0.3531831272,4372.1257113904
0.00142,0.00142,0.5045473246,0.3531831272,6105.4022965853
0.00142,0.00142,0.5045473246,0.3784104935,0.1
0.00142,0.00142,0.5045473246,0.3784104935,0.1396437957
0.00142,0.00142,0.5045473246,0.3784104935,0.1950038968
0.00142,0.00142,0.5045473246,0.3784104935,0.2723108433
0.00142,0.00142,0.5045473246,0.3784104935,0.3802651977
0.00142,0.00142,0.5045473246,0.3784104935,0.5310167558
0.00142,0.00142,0.5045473246,0.3784104935,0.7415319537
0.00142,0.00142,0.5045473246,0.3784104935,1.0355033665
0.00142,0.00142,0.5045473246,0.3784104935,1.4460162057
0.00142,0.00142,0.5045473246,0.3784104935,2.0192719162
0.00142,0.00142,0.5045473246,0.3784104935,2.8197879494
0.00142,0.00142,0.5045473246,0.3784104935,3.9376589236
0.00142,0.00142,0.5045473246,0.3784104935,5.498696383
0.00142,0.00142,0.5045473246,0.3784104935,7.6785883437
0.00142,0.00142,0.5045473246,0.3784104935,10.7226722201
0.00142,0.00142,0.5045473246,0.3784104935,14.9735464897
0.00142,0.00142,0.5045473246,0.3784104935,20.9096286705
0.00142,0.00142,0.5045473246,0.3784104935,29.1989991443
0.00142,0.00142,0.5045473246,0.3784104935,40.7745907144
0.00142,0.00142,0.5045473246,0.3784104935,56.9391861586
0.00142,0.00142,0.5045473246,0.3784104935,79.5120407981
0.00142,0.00142,0.5045473246,0.3784104935,111.0336318168
0.00142,0.00142,0.5045473246,0.3784104935,155.0515779833
0.00142,0.00142,0.5045473246,0.3784104935,216.5199088036
0.00142,0.00142,0.5045473246,0.3784104935,302.3566191205
0.00142,0.00142,0.5045473246,0.3784104935,422.2222595195
0.00142,0.00142,0.5045473246,0.3784104935,589.6071895242
0.00142,0.00142,0.5045473246,0.3784104935,823.3498592289
0.00142,0.00142,0.5045473246,0.3784104935,1149.7569953977
0.00142,0.00142,0.5045473246,0.3784104935,1605.5643098112
0.00142,0.00142,0.5045473246,0.3784104935,2242.0709447806
0.00142,0.00142,0.5045473246,0.3784104935,3130.912969796
0.00142,0.00142,0.5045473246,0.3784104935,4372.1257113904
0.00142,0.00142,0.5045473246,0.3784104935,6105.4022965853
0.00142,0.00142,0.5045473246,0.4036378597,0.1
0.00142,0.00142,0.5045473246,0.4036378597,0.1396437957
0.00142,0.00142,0.5045473246,0.4036378597,0.1950038968
0.00142,0.00142,0.5045473246,0.4036378597,0.2723108433
0.00142,0.00142,0.5045473246,0.4036378597,0.3802651977
0.00142,0.00142,0.5045473246,0.4036378597,0.5310167558
0.00142,0.00142,0.5045473246,0.4036378597,0.7415319537
0.00142,0.00142,0.5045473246,0.4036378597,1.0355033665
0.00142,0.00142,0.5045473246,0.4036378597,1.4460162057
0.00142,0.00142,0.5045473246,0.4036378597,2.0192719162
0.00142,0.00142,0.5045473246,0.4036378597,2.8197879494
0.00142,0.00142,0.5045473246,0.4036378597,3.9376589236
0.00142,0.00142,0.5045473246,0.4036378597,5.498696383
0.00142,0.00142,0.5045473246,0.4036378597,7.6785883437
0.00142,0.00142,0.5045473246,0.4036378597,10.7226722201
0.00142,0.00142,0.5045473246,0.4036378597,14.9735464897
0.00142,0.00142,0.5045473246,0.4036378597,20.9096286705
0.00142,0.00142,0.5045473246,0.4036378597,29.1989991443
0.00142,0.00142,0.5045473246,0.4036378597,40.7745907144
0.00142,0.00142,0.5045473246,0.4036378597,56.9391861586
0.00142,0.00142,0.5045473246,0.4036378597,79.5120407981
0.00142,0.00142,0.5045473246,0.4036378597,111.0336318168
0.00142,0.00142,0.5045473246,0.4036378597,155.0515779833
0.00142,0.00142,0.5045473246,0.4036378597,216.5199088036
0.00142,0.00142,0.5045473246,0.4036378597,302.3566191205
0.00142,0.00142,0.5045473246,0.4036378597,422.2222595195
0.00142,0.00142,0.5045473246,0.4036378597,589.6071895242
0.00142,0.00142,0.5045473246,0.4036378597,823.3498592289
0.00142,0.00142,0.5045473246,0.4036378597,1149.7569953977
0.00142,0.00142,0.5045473246,0.4036378597,1605.5643098112
0.00142,0.00142,0.5045473246,0.4036378597,2242.0709447806
0.00142,0.00142,0.5045473246,0.4036378597,3130.912969796
0.00142,0.00142,0.5045473246,0.4036378597,4372.1257113904
0.00142,0.00142,0.5045473246,0.4036378597,6105.4022965853
0.00142,0.00142,0.5045473246,0.4288652259,0.1
0.00142,0.00142,0.5045473246,0.4288652259,0.1396437957
0.00142,0.00142,0.5045473246,0.4288652259,0.1950038968
0.00142,0.00142,0.5045473246,0.4288652259,0.2723108433
0.00142,0.00142,0.5045473246,0.4288652259,0.3802651977
0.00142,0.00142,0.5045473246,0.4288652259,0.5310167558
0.00142,0.00142,0.5045473246,0.4288652259,0.7415319537
0.00142,0.00142,0.5045473246,0.4288652259,1.0355033665
0.00142,0.00142,0.5045473246,0.4288652259,1.4460162057
0.00142,0.00142,0.5045473246,0.4288652259,2.0192719162
0.00142,0.00142,0.5045473246,0.4288652259,2.8197879494
0.00142,0.00142,0.5045473246,0.4288652259,3.9376589236
0.00142,0.00142,0.5045473246,0.4288652259,5.498696383
0.00142,0.00142,0.5045473246,0.4288652259,7.6785883437
0.00142,0.00142,0.5045473246,0.4288652259,10.7226722201
0.00142,0.00142,0.5045473246,0.4288652259,14.9735464897
0.00142,0.00142,0.5045473246,0.4288652259,20.9096286705
0.00142,0.00142,0.5045473246,0.4288652259,29.1989991443
0.00142,0.00142,0.5045473246,0.4288652259,40.7745907144
0.00142,0.00142,0.5045473246,0.4288652259,56.9391861586
0.00142,0.00142,0.5045473246,0.4288652259,79.5120407981
0.00142,0.00142,0.5045473246,0.4288652259,111.0336318168
0.00142,0.00142,0.5045473246,0.4288652259,155.0515779833
0.00142,0.00142,0.5045473246,0.4288652259,216.5199088036
0.00142,0.00142,0.5045473246,0.4288652259,302.3566191205
0.00142,0.00142,0.5045473246,0.4288652259,422.2222595195
0.00142,0.00142,0.5045473246,0.4288652259,589.6071895242
0.00142,0.00142,0.5045473246,0.4288652259,823.3498592289
0.00142,0.00142,0.5045473246,0.4288652259,1149.7569953977
0.00142,0.00142,0.5045473246,0.4288652259,1605.5643098112
0.00142,0.00142,0.5045473246,0.4288652259,2242.0709447806
0.00142,0.00142,0.5045473246,0.4288652259,3130.912969796
0.00142,0.00142,0.5045473246,0.4288652259,4372.1257113904
0.00142,0.00142,0.5045473246,0.4288652259,6105.4022965853
0.00142,0.00142,0.5045473246,0.4540925921,0.1
0.00142,0.00142,0.5045473246,0.4540925921,0.1396437957
0.00142,0.00142,0.5045473246,0.4540925921,0.1950038968
0.00142,0.00142,0.5045473246,0.4540925921,0.2723108433
0.00142,0.00142,0.5045473246,0.4540925921,0.3802651977
0.00142,0.00142,0.5045473246,0.4540925921,0.5310167558
0.00142,0.00142,0.5045473246,0.4540925921,0.7415319537
0.00142,0.00142,0.5045473246,0.4540925921,1.0355033665
0.00142,0.00142,0.5045473246,0.4540925921,1.4460162057
0.00142,0.00142,0.5045473246,0.4540925921,2.0192719162
0.00142,0.00142,0.5045473246,0.4540925921,2.8197879494
0.00142,0.00142,0.5045473246,0.4540925921,3.9376589236
0.00142,0.00142,0.5045473246,0.4540925921,5.498696383
0.00142,0.00142,0.5045473246,0.4540925921,7.6785883437
0.00142,0.00142,0.5045473246,0.4540925921,10.7226722201
0.00142,0.00142,0.5045473246,0.4540925921,14.9735464897
0.00142,0.00142,0.5045473246,0.4540925921,20.9096286705
0.00142,0.00142,0.5045473246,0.4540925921,29.1989991443
0.00142,0.00142,0.5045473246,0.4540925921,40.7745907144
0.00142,0.00142,0.5045473246,0.4540925921,56.9391861586
0.00142,0.00142,0.5045473246,0.4540925921,79.5120407981
0.00142,0.00142,0.5045473246,0.4540925921,111.0336318168
0.00142,0.00142,0.5045473246,0.4540925921,155.0515779833
0.00142,0.00142,0.5045473246,0.4540925921,216.5199088036
0.00142,0.00142,0.5045473246,0.4540925921,302.3566191205
0.00142,0.00142,0.5045473246,0.4540925921,422.2222595195
0.00142,0.00142,0.5045473246,0.4540925921,589.6071895242
0.00142,0.00142,0.5045473246,0.4540925921,823.3498592289
0.00142,0.00142,0.5045473246,0.4540925921,1149.7569953977
0.00142,0.00142,0.5045473246,0.4540925921,1605.5643098112
0.00142,0.00142,0.5045473246,0.4540925921,2242.0709447806
0.00142,0.00142,0.5045473246,0.4540925921,3130.912969796
0.00142,0.00142,0.5045473246,0.4540925921,4372.1257113904
0.00142,0.00142,0.5045473246,0.4540925921,6105.4022965853
0.00142,0.00142,0.5045473246,0.4793199584,0.1
0.00142,0.00142,0.5045473246,0.4793199584,0.1396437957
0.00142,0.00142,0.5045473246,0.4793199584,0.1950038968
0.00142,0.00142,0.5045473246,0.4793199584,0.2723108433
0.00142,0.00142,0.5045473246,0.4793199584,0.3802651977
0.00142,0.00142,0.5045473246,0.4793199584,0.5310167558
0.00142,0.00142,0.5045473246,0.4793199584,0.7415319537
0.00142,0.00142,0.5045473246,0.4793199584,1.0355033665
0.00142,0.00142,0.5045473246,0.4793199584,1.4460162057
0.00142,0.00142,0.5045473246,0.4793199584,2.0192719162
0.00142,0.00142,0.5045473246,0.4793199584,2.8197879494
0.00142,0.00142,0.5045473246,0.4793199584,3.9376589236
0.00142,0.00142,0.5045473246,0.4793199584,5.498696383
0.00142,0.00142,0.5045473246,0.4793199584,7.6785883437
0.00142,0.00142,0.5045473246,0.4793199584,10.7226722201
0.00142,0.00142,0.5045473246,0.4793199584,14.9735464897
0.00142,0.00142,0.5045473246,0.4793199584,20.9096286705
0.00142,0.00142,0.5045473246,0.4793199584,29.1989991443
0.00142,0.00142,0.5045473246,0.4793199584,40.7745907144
0.00142,0.00142,0.5045473246,0.4793199584,56.9391861586
0.00142,0.00142,0.5045473246,0.4793199584,79.5120407981
0.00142,0.00142,0.5045473246,0.4793199584,111.0336318168
0.00142,0.00142,0.5045473246,0.4793199584,155.0515779833
0.00142,0.00142,0.5045473246,0.4793199584,216.5199088036
0.00142,0.00142,0.5045473246,0.4793199584,302.3566191205
0.00142,0.00142,0.5045473246,0.4793199584,422.2222595195
0.00142,0.00142,0.5045473246,0.4793199584,589.6071895242
0.00142,0.00142,0.5045473246,0.4793199584,823.3498592289
0.00142,0.00142,0.5045473246,0.4793199584,1149.7569953977
0.00142,0.00142,0.5045473246,0.4793199584,1605.5643098112
0.00142,0.00142,0.5045473246,0.4793199584,2242.0709447806
0.00142,0.00142,0.5045473246,0.4793199584,3130.912969796
0.00142,0.00142,0.5045473246,0.4793199584,4372.1257113904
0.00142,0.00142,0.5045473246,0.4793199584,6105.4022965853
0.00142,0.00142,0.5045473246,0.4995018514,0.1
0.00142,0.00142,0.5045473246,0.4995018514,0.1396437957
0.00142,0.00142,0.5045473246,0.4995018514,0.1950038968
0.00142,0.00142,0.5045473246,0.4995018514,0.2723108433
0.00142,0.00142,0.5045473246,0.4995018514,0.3802651977
0.00142,0.00142,0.5045473246,0.4995018514,0.5310167558
0.00142,0.00142,0.5045473246,0.4995018514,0.7415319537
0.00142,0.00142,0.5045473246,0.4995018514,1.0355033665
0.00142,0.00142,0.5045473246,0.4995018514,1.4460162057
0.00142,0.00142,0.5045473246,0.4995018514,2.0192719162
0.00142,0.00142,0.5045473246,0.4995018514,2.8197879494
0.00142,0.00142,0.5045473246,0.4995018514,3.9376589236
0.00142,0.00142,0.5045473246,0.4995018514,5.498696383
0.00142,0.00142,0.5045473246,0.4995018514,7.6785883437
0.00142,0.00142,0.5045473246,0.4995018514,10.7226722201
0.00142,0.00142,0.5045473246,0.4995018514,14.9735464897
0.00142,0.00142,0.5045473246,0.4995018514,20.9096286705
0.00142,0.00142,0.5045473246,0.4995018514,29.1989991443
0.00142,0.00142,0.5045473246,0.4995018514,40.7745907144
0.00142,0.00142,0.5045473246,0.4995018514,56.9391861586
0.00142,0.00142,0.5045473246,0.4995018514,79.5120407981
0.00142,0.00142,0.5045473246,0.4995018514,111.0336318168
0.00142,0.00142,0.5045473246,0.4995018514,155.0515779833
0.00142,0.00142,0.5045473246,0.4995018514,216.5199088036
0.00142,0.00142,0.5045473246,0.4995018514,302.3566191205
0.00142,0.00142,0.5045473246,0.4995018514,422.2222595195
0.00142,0.00142,0.5045473246,0.4995018514,589.6071895242
0.00142,0.00142,0.5045473246,0.4995018514,823.3498592289
0.00142,0.00142,0.5045473246,0.4995018514,1149.7569953977
0.00142,0.00142,0.5045473246,0.4995018514,1605.5643098112
0.00142,0.00142,0.5045473246,0.4995018514,2242.0709447806
0.00142,0.00142,0.5045473246,0.4995018514,3130.912969796
0.00142,0.00142,0.5045473246,0.4995018514,4372.1257113904
0.00142,0.00142,0.5045473246,0.4995018514,6105.4022965853
0.00142,0.00142,0.5620332831,0.1124066566,0.1
0.00142,0.00142,0.5620332831,0.1124066566,0.1396437957
0.00142,0.00142,0.5620332831,0.1124066566,0.1950038968
0.00142,0.00142,0.5620332831,0.1124066566,0.2723108433
0.00142,0.00142,0.5620332831,0.1124066566,0.3802651977
0.00142,0.00142,0.5620332831,0.1124066566,0.5310167558
0.00142,0.00142,0.5620332831,0.1124066566,0.7415319537
0.00142,0.00142,0.5620332831,0.1124066566,1.0355033665
0.00142,0.00142,0.5620332831,0.1124066566,1.4460162057
0.00142,0.00142,0.5620332831,0.1124066566,2.0192719162
0.00142,0.00142,0.5620332831,0.1124066566,2.8197879494
0.00142,0.00142,0.5620332831,0.1124066566,3.9376589236
0.00142,0.00142,0.5620332831,0.1124066566,5.498696383
0.00142,0.00142,0.5620332831,0.1124066566,7.6785883437
0.00142,0.00142,0.5620332831,0.1124066566,10.7226722201
0.00142,0.00142,0.5620332831,0.1124066566,14.9735464897
0.00142,0.00142,0.5620332831,0.1124066566,20.9096286705
0.00142,0.00142,0.5620332831,0.1124066566,29.1989991443
0.00142,0.00142,0.5620332831,0.1124066566,40.7745907144
0.00142,0.00142,0.5620332831,0.1124066566,56.9391861586
0.00142,0.00142,0.5620332831,0.1124066566,79.5120407981
0.00142,0.00142,0.5620332831,0.1124066566,111.0336318168
0.00142,0.00142,0.5620332831,0.1124066566,155.0515779833
0.00142,0.00142,0.5620332831,0.1124066566,216.5199088036
0.00142,0.00142,0.5620332831,0.1124066566,302.3566191205
0.00142,0.00142,0.5620332831,0.1124066566,422.2222595195
0.00142,0.00142,0.5620332831,0.1124066566,589.6071895242
0.00142,0.00142,0.5620332831,0.1124066566,823.3498592289
0.00142,0.00142,0.5620332831,0.1124066566,1149.7569953977
0.00142,0.00142,0.5620332831,0.1124066566,1605.5643098112
0.00142,0.00142,0.5620332831,0.1124066566,2242.0709447806
0.00142,0.00142,0.5620332831,0.1124066566,3130.912969796
0.00142,0.00142,0.5620332831,0.1124066566,4372.1257113904
0.00142,0.00142,0.5620332831,0.1124066566,6105.4022965853
0.00142,0.00142,0.5620332831,0.1405083208,0.1
0.00142,0.00142,0.5620332831,0.1405083208,0.1396437957
0.00142,0.00142,0.5620332831,0.1405083208,0.1950038968
0.00142,0.00142,0.5620332831,0.1405083208,0.2723108433
0.00142,0.00142,0.5620332831,0.1405083208,0.3802651977
0.00142,0.00142,0.5620332831,0.1405083208,0.5310167558
0.00142,0.00142,0.5620332831,0.1405083208,0.7415319537
0.00142,0.00142,0.5620332831,0.1405083208,1.0355033665
0.00142,0.00142,0.5620332831,0.1405083208,1.4460162057
0.00142,0.00142,0.5620332831,0.1405083208,2.0192719162
0.00142,0.00142,0.5620332831,0.1405083208,2.8197879494
0.00142,0.00142,0.5620332831,0.1405083208,3.9376589236
0.00142,0.00142,0.5620332831,0.1405083208,5.498696383
0.00142,0.00142,0.5620332831,0.1405083208,7.6785883437
0.00142,0.00142,0.5620332831,0.1405083208,10.7226722201
0.00142,0.00142,0.5620332831,0.1405083208,14.9735464897
0.00142,0.00142,0.5620332831,0.1405083208,20.9096286705
0.00142,0.00142,0.5620332831,0.1405083208,29.1989991443
0.00142,0.00142,0.5620332831,0.1405083208,40.7745907144
0.00142,0.00142,0.5620332831,0.1405083208,56.9391861586
0.00142,0.00142,0.5620332831,0.1405083208,79.5120407981
0.00142,0.00142,0.5620332831,0.1405083208,111.0336318168
0.00142,0.00142,0.5620332831,0.1405083208,155.0515779833
0.00142,0.00142,0.5620332831,0.1405083208,216.5199088036
0.00142,0.00142,0.5620332831,0.1405083208,302.3566191205
0.00142,0.00142,0.5620332831,0.1405083208,422.2222595195
0.00142,0.00142,0.5620332831,0.1405083208,589.6071895242
0.00142,0.00142,0.5620332831,0.1405083208,823.3498592289
0.00142,0.00142,0.5620332831,0.1405083208,1149.7569953977
0.00142,0.00142,0.5620332831,0.1405083208,1605.5643098112
0.00142,0.00142,0.5620332831,0.1405083208,2242.0709447806
0.00142,0.00142,0.5620332831,0.1405083208,3130.912969796
0.00142,0.00142,0.5620332831,0.1405083208,4372.1257113904
0.00142,0.00142,0.5620332831,0.1405083208,6105.4022965853
0.00142,0.00142,0.5620332831,0.1686099849,0.1
0.00142,0.00142,0.5620332831,0.1686099849,0.1396437957
0.00142,0.00142,0.5620332831,0.1686099849,0.1950038968
0.00142,0.00142,0.5620332831,0.1686099849,0.2723108433
0.00142,0.00142,0.5620332831,0.1686099849,0.3802651977
0.00142,0.00142,0.5620332831,0.1686099849,0.5310167558
0.00142,0.00142,0.5620332831,0.1686099849,0.7415319537
0.00142,0.00142,0.5620332831,0.1686099849,1.0355033665
0.00142,0.00142,0.5620332831,0.1686099849,1.4460162057
0.00142,0.00142,0.5620332831,0.1686099849,2.0192719162
0.00142,0.00142,0.5620332831,0.1686099849,2.8197879494
0.00142,0.00142,0.5620332831,0.1686099849,3.9376589236
0.00142,0.00142,0.5620332831,0.1686099849,5.498696383
0.00142,0.00142,0.5620332831,0.1686099849,7.6785883437
0.00142,0.00142,0.5620332831,0.1686099849,10.7226722201
0.00142,0.00142,0.5620332831,0.1686099849,14.9735464897
0.00142,0.00142,0.5620332831,0.1686099849,20.9096286705
0.00142,0.00142,0.5620332831,0.1686099849,29.1989991443
0.00142,0.00142,0.5620332831,0.1686099849,40.7745907144
0.00142,0.00142,0.5620332831,0.1686099849,56.9391861586
0.00142,0.00142,0.5620332831,0.1686099849,79.5120407981
0.00142,0.00142,0.5620332831,0.1686099849,111.0336318168
0.00142,0.00142,0.5620332831,0.1686099849,155.0515779833
0.00142,0.00142,0.5620332831,0.1686099849,216.5199088036
0.00142,0.00142,0.5620332831,0.1686099849,302.3566191205
0.00142,0.00142,0.5620332831,0.1686099849,422.2222595195
0.00142,0.00142,0.5620332831,0.1686099849,589.6071895242
0.00142,0.00142,0.5620332831,0.1686099849,823.3498592289
0.00142,0.00142,0.5620332831,0.1686099849,1149.7569953977
0.00142,0.00142,0.5620332831,0.1686099849,1605.5643098112
0.00142,0.00142,0.5620332831,0.1686099849,2242.0709447806
0.00142,0.00142,0.5620332831,0.1686099849,3130.912969796
0.00142,0.00142,0.5620332831,0.1686099849,4372.1257113904
0.00142,0.00142,0.5620332831,0.1686099849,6105.4022965853
0.00142,0.00142,0.5620332831,0.1967116491,0.1
0.00142,0.00142,0.5620332831,0.1967116491,0.1396437957
0.00142,0.00142,0.5620332831,0.1967116491,0.1950038968
0.00142,0.00142,0.5620332831,0.1967116491,0.2723108433
0.00142,0.00142,0.5620332831,0.1967116491,0.3802651977
0.00142,0.00142,0.5620332831,0.1967116491,0.5310167558
0.00142,0.00142,0.5620332831,0.1967116491,0.7415319537
0.00142,0.00142,0.5620332831,0.1967116491,1.0355033665
0.00142,0.00142,0.5620332831,0.1967116491,1.4460162057
0.00142,0.00142,0.5620332831,0.1967116491,2.0192719162
0.00142,0.00142,0.5620332831,0.1967116491,2.8197879494
0.00142,0.00142,0.5620332831,0.1967116491,3.9376589236
0.00142,0.00142,0.5620332831,0.1967116491,5.498696383
0.00142,0.00142,0.5620332831,0.1967116491,7.6785883437
0.00142,0.00142,0.5620332831,0.1967116491,10.7226722201
0.00142,0.00142,0.5620332831,0.1967116491,14.9735464897
0.00142,0.00142,0.5620332831,0.1967116491,20.9096286705
0.00142,0.00142,0.5620332831,0.1967116491,29.1989991443
0.00142,0.00142,0.5620332831,0.1967116491,40.7745907144
0.00142,0.00142,0.5620332831,0.1967116491,56.9391861586
0.00142,0.00142,0.5620332831,0.1967116491,79.5120407981
0.00142,0.00142,0.5620332831,0.1967116491,111.0336318168
0.00142,0.00142,0.5620332831,0.1967116491,155.0515779833
0.00142,0.00142,0.5620332831,0.1967116491,216.5199088036
0.00142,0.00142,0.5620332831,0.1967116491,302.3566191205
0.00142,0.00142,0.5620332831,0.1967116491,422.2222595195
0.00142,0.00142,0.5620332831,0.1967116491,589.6071895242
0.00142,0.00142,0.5620332831,0.1967116491,823.3498592289
0.00142,0.00142,0.5620332831,0.1967116491,1149.7569953977
0.00142,0.00142,0.5620332831,0.1967116491,1605.5643098112
0.00142,0.00142,0.5620332831,0.1967116491,2242.0709447806
0.00142,0.00142,0.5620332831,0.1967116491,3130.912969796
0.00142,0.00142,0.5620332831,0.1967116491,4372.1257113904
0.00142,0.00142,0.5620332831,0.1967116491,6105.4022965853
0.00142,0.00142,0.5620332831,0.2248133132,0.1
0.00142,0.00142,0.5620332831,0.2248133132,0.1396437957
0.00142,0.00142,0.5620332831,0.2248133132,0.1950038968
0.00142,0.00142,0.5620332831,0.2248133132,0.2723108433
0.00142,0.00142,0.5620332831,0.2248133132,0.3802651977
0.00142,0.00142,0.5620332831,0.2248133132,0.5310167558
0.00142,0.00142,0.5620332831,0.2248133132,0.7415319537
0.00142,0.00142,0.5620332831,0.2248133132,1.0355033665
0.00142,0.00142,0.5620332831,0.2248133132,1.4460162057
0.00142,0.00142,0.5620332831,0.2248133132,2.0192719162
0.00142,0.00142,0.5620332831,0.2248133132,2.8197879494
0.00142,0.00142,0.5620332831,0.2248133132,3.9376589236
0.00142,0.00142,0.5620332831,0.2248133132,5.498696383
0.00142,0.00142,0.5620332831,0.2248133132,7.6785883437
0.00142,0.00142,0.5620332831,0.2248133132,10.7226722201
0.00142,0.00142,0.5620332831,0.2248133132,14.9735464897
0.00142,0.00142,0.5620332831,0.2248133132,20.9096286705
0.00142,0.00142,0.5620332831,0.2248133132,29.1989991443
0.00142,0.00142,0.5620332831,0.2248133132,40.7745907144
0.00142,0.00142,0.5620332831,0.2248133132,56.9391861586
0.00142,0.00142,0.5620332831,0.2248133132,79.5120407981
0.00142,0.00142,0.5620332831,0.2248133132,111.0336318168
0.00142,0.00142,0.5620332831,0.2248133132,155.0515779833
0.00142,0.00142,0.5620332831,0.2248133132,216.5199088036
0.00142,0.00142,0.5620332831,0.2248133132,302.3566191205
0.00142,0.00142,0.5620332831,0.2248133132,422.2222595195
0.00142,0.00142,0.5620332831,0.2248133132,589.6071895242
0.00142,0.00142,0.5620332831,0.2248133132,823.3498592289
0.00142,0.00142,0.5620332831,0.2248133132,1149.7569953977
0.00142,0.00142,0.5620332831,0.2248133132,1605.5643098112
0.00142,0.00142,0.5620332831,0.2248133132,2242.0709447806
0.00142,0.00142,0.5620332831,0.2248133132,3130.912969796
0.00142,0.00142,0.5620332831,0.2248133132,4372.1257113904
0.00142,0.00142,0.5620332831,0.2248133132,6105.4022965853
0.00142,0.00142,0.5620332831,0.2529149774,0.1
0.00142,0.00142,0.5620332831,0.2529149774,0.1396437957
0.00142,0.00142,0.5620332831,0.2529149774,0.1950038968
0.00142,0.00142,0.5620332831,0.2529149774,0.2723108433
0.00142,0.00142,0.5620332831,0.2529149774,0.3802651977
0.00142,0.00142,0.5620332831,0.2529149774,0.5310167558
0.00142,0.00142,0.5620332831,0.2529149774,0.7415319537
0.00142,0.00142,0.5620332831,0.2529149774,1.0355033665
0.00142,0.00142,0.5620332831,0.2529149774,1.4460162057
0.00142,0.00142,0.5620332831,0.2529149774,2.0192719162
0.00142,0.00142,0.5620332831,0.2529149774,2.8197879494
0.00142,0.00142,0.5620332831,0.2529149774,3.9376589236
0.00142,0.00142,0.5620332831,0.2529149774,5.498696383
0.00142,0.00142,0.5620332831,0.2529149774,7.6785883437
0.00142,0.00142,0.5620332831,0.2529149774,10.7226722201
0.00142,0.00142,0.5620332831,0.2529149774,14.9735464897
0.00142,0.00142,0.5620332831,0.2529149774,20.9096286705
0.00142,0.00142,0.5620332831,0.2529149774,29.1989991443
0.00142,0.00142,0.5620332831,0.2529149774,40.7745907144
0.00142,0.00142,0.5620332831,0.2529149774,56.9391861586
0.00142,0.00142,0.5620332831,0.2529149774,79.5120407981
0.00142,0.00142,0.5620332831,0.2529149774,111.0336318168
0.00142,0.00142,0.5620332831,0.2529149774,155.0515779833
0.00142,0.00142,0.5620332831,0.2529149774,216.5199088036
0.00142,0.00142,0.5620332831,0.2529149774,302.3566191205
0.00142,0.00142,0.5620332831,0.2529149774,422.2222595195
0.00142,0.00142,0.5620332831,0.2529149774,589.6071895242
0.00142,0.00142,0.5620332831,0.2529149774,823.3498592289
0.00142,0.00142,0.5620332831,0.2529149774,1149.7569953977
0.00142,0.00142,0.5620332831,0.2529149774,1605.5643098112
0.00142,0.00142,0.5620332831,0.2529149774,2242.0709447806
0.00142,0.00142,0.5620332831,0.2529149774,3130.912969796
0.00142,0.00142,0.5620332831,0.2529149774,4372.1257113904
0.00142,0.00142,0.5620332831,0.2529149774,6105.4022965853
0.00142,0.00142,0.5620332831,0.2810166415,0.1
0.00142,0.00142,0.5620332831,0.2810166415,0.1396437957
0.00142,0.00142,0.5620332831,0.2810166415,0.1950038968
0.00142,0.00142,0.5620332831,0.2810166415,0.2723108433
0.00142,0.00142,0.5620332831,0.2810166415,0.3802651977
0.00142,0.00142,0.5620332831,0.2810166415,0.5310167558
0.00142,0.00142,0.5620332831,0.2810166415,0.7415319537
0.00142,0.00142,0.5620332831,0.2810166415,1.0355033665
0.00142,0.00142,0.5620332831,0.2810166415,1.4460162057
0.00142,0.00142,0.5620332831,0.2810166415,2.0192719162
0.00142,0.00142,0.5620332831,0.2810166415,2.8197879494
0.00142,0.00142,0.5620332831,0.2810166415,3.9376589236
0.00142,0.00142,0.5620332831,0.2810166415,5.498696383
0.00142,0.00142,0.5620332831,0.2810166415,7.6785883437
0.00142,0.00142,0.5620332831,0.2810166415,10.7226722201
0.00142,0.00142,0.5620332831,0.2810166415,14.9735464897
0.00142,0.00142,0.5620332831,0.2810166415,20.9096286705
0.00142,0.00142,0.5620332831,0.2810166415,29.1989991443
0.00142,0.00142,0.5620332831,0.2810166415,40.7745907144
0.00142,0.00142,0.5620332831,0.2810166415,56.9391861586
0.00142,0.00142,0.5620332831,0.2810166415,79.5120407981
0.00142,0.00142,0.5620332831,0.2810166415,111.0336318168
0.00142,0.00142,0.5620332831,0.2810166415,155.0515779833
0.00142,0.00142,0.5620332831,0.2810166415,216.5199088036
0.00142,0.00142,0.5620332831,0.2810166415,302.3566191205
0.00142,0.00142,0.5620332831,0.2810166415,422.2222595195
0.00142,0.00142,0.5620332831,0.2810166415,589.6071895242
0.00142,0.00142,0.5620332831,0.2810166415,823.3498592289
0.00142,0.00142,0.5620332831,0.2810166415,1149.7569953977
0.00142,0.00142,0.5620332831,0.2810166415,1605.5643098112
0.00142,0.00142,0.5620332831,0.2810166415,2242.0709447806
0.00142,0.00142,0.5620332831,0.2810166415,3130.912969796
0.00142,0.00142,0.5620332831,0.2810166415,4372.1257113904
0.00142,0.00142,0.5620332831,0.2810166415,6105.4022965853
0.00142,0.00142,0.5620332831,0.3091183057,0.1
0.00142,0.00142,0.5620332831,0.3091183057,0.1396437957
0.00142,0.00142,0.5620332831,0.3091183057,0.1950038968
0.00142,0.00142,0.5620332831,0.3091183057,0.2723108433
0.00142,0.00142,0.5620332831,0.3091183057,0.3802651977
0.00142,0.00142,0.5620332831,0.3091183057,0.5310167558
0.00142,0.00142,0.5620332831,0.3091183057,0.7415319537
0.00142,0.00142,0.5620332831,0.3091183057,1.0355033665
0.00142,0.00142,0.5620332831,0.3091183057,1.4460162057
0.00142,0.00142,0.5620332831,0.3091183057,2.0192719162
0.00142,0.00142,0.5620332831,0.3091183057,2.8197879494
0.00142,0.00142,0.5620332831,0.3091183057,3.9376589236
0.00142,0.00142,0.5620332831,0.3091183057,5.498696383
0.00142,0.00142,0.5620332831,0.3091183057,7.6785883437
0.00142,0.00142,0.5620332831,0.3091183057,10.7226722201
0.00142,0.00142,0.5620332831,0.3091183057,14.9735464897
0.00142,0.00142,0.5620332831,0.3091183057,20.9096286705
0.00142,0.00142,0.5620332831,0.3091183057,29.1989991443
0.00142,0.00142,0.5620332831,0.3091183057,40.7745907144
0.00142,0.00142,0.5620332831,0.3091183057,56.9391861586
0.00142,0.00142,0.5620332831,0.3091183057,79.5120407981
0.00142,0.00142,0.5620332831,0.3091183057,111.0336318168
0.00142,0.00142,0.5620332831,0.3091183057,155.0515779833
0.00142,0.00142,0.5620332831,0.3091183057,216.5199088036
0.00142,0.00142,0.5620332831,0.3091183057,302.3566191205
0.00142,0.00142,0.5620332831,0.3091183057,422.2222595195
0.00142,0.00142,0.5620332831,0.3091183057,589.6071895242
0.00142,0.00142,0.5620332831,0.3091183057,823.3498592289
0.00142,0.00142,0.5620332831,0.3091183057,1149.7569953977
0.00142,0.00142,0.5620332831,0.3091183057,1605.5643098112
0.00142,0.00142,0.5620332831,0.3091183057,2242.0709447806
0.00142,0.00142,0.5620332831,0.3091183057,3130.912969796
0.00142,0.00142,0.5620332831,0.3091183057,4372.1257113904
0.00142,0.00142,0.5620332831,0.3091183057,6105.4022965853
0.00142,0.00142,0.5620332831,0.3372199698,0.1
0.00142,0.00142,0.5620332831,0.3372199698,0.1396437957
0.00142,0.00142,0.5620332831,0.3372199698,0.1950038968
0.00142,0.00142,0.5620332831,0.3372199698,0.2723108433
0.00142,0.00142,0.5620332831,0.3372199698,0.3802651977
0.00142,0.00142,0.5620332831,0.3372199698,0.5310167558
0.00142,0.00142,0.5620332831,0.3372199698,0.7415319537
0.00142,0.00142,0.5620332831,0.3372199698,1.0355033665
0.00142,0.00142,0.5620332831,0.3372199698,1.4460162057
0.00142,0.00142,0.5620332831,0.3372199698,2.0192719162
0.00142,0.00142,0.5620332831,0.3372199698,2.8197879494
0.00142,0.00142,0.5620332831,0.3372199698,3.9376589236
0.00142,0.00142,0.5620332831,0.3372199698,5.498696383
0.00142,0.00142,0.5620332831,0.3372199698,7.6785883437
0.00142,0.00142,0.5620332831,0.3372199698,10.7226722201
0.00142,0.00142,0.5620332831,0.3372199698,14.9735464897
0.00142,0.00142,0.5620332831,0.3372199698,20.9096286705
0.00142,0.00142,0.5620332831,0.3372199698,29.1989991443
0.00142,0.00142,0.5620332831,0.3372199698,40.7745907144
0.00142,0.00142,0.5620332831,0.3372199698,56.9391861586
0.00142,0.00142,0.5620332831,0.3372199698,79.5120407981
0.00142,0.00142,0.5620332831,0.3372199698,111.0336318168
0.00142,0.00142,0.5620332831,0.3372199698,155.0515779833
0.00142,0.00142,0.5620332831,0.3372199698,216.5199088036
0.00142,0.00142,0.5620332831,0.3372199698,302.3566191205
0.00142,0.00142,0.5620332831,0.3372199698,422.2222595195
0.00142,0.00142,0.5620332831,0.3372199698,589.6071895242
0.00142,0.00142,0.5620332831,0.3372199698,823.3498592289
0.00142,0.00142,0.5620332831,0.3372199698,1149.7569953977
0.00142,0.00142,0.5620332831,0.3372199698,1605.5643098112
0.00142,0.00142,0.5620332831,0.3372199698,2242.0709447806
0.00142,0.00142,0.5620332831,0.3372199698,3130.912969796
0.00142,0.00142,0.5620332831,0.3372199698,4372.1257113904
0.00142,0.00142,0.5620332831,0.3372199698,6105.4022965853
0.00142,0.00142,0.5620332831,0.365321634,0.1
0.00142,0.00142,0.5620332831,0.365321634,0.1396437957
0.00142,0.00142,0.5620332831,0.365321634,0.1950038968
0.00142,0.00142,0.5620332831,0.365321634,0.2723108433
0.00142,0.00142,0.5620332831,0.365321634,0.3802651977
0.00142,0.00142,0.5620332831,0.365321634,0.5310167558
0.00142,0.00142,0.5620332831,0.365321634,0.7415319537
0.00142,0.00142,0.5620332831,0.365321634,1.0355033665
0.00142,0.00142,0.5620332831,0.365321634,1.4460162057
0.00142,0.00142,0.5620332831,0.365321634,2.0192719162
0.00142,0.00142,0.5620332831,0.365321634,2.8197879494
0.00142,0.00142,0.5620332831,0.365321634,3.9376589236
0.00142,0.00142,0.5620332831,0.365321634,5.498696383
0.00142,0.00142,0.5620332831,0.365321634,7.6785883437
0.00142,0.00142,0.5620332831,0.365321634,10.7226722201
0.00142,0.00142,0.5620332831,0.365321634,14.9735464897
0.00142,0.00142,0.5620332831,0.365321634,20.9096286705
0.00142,0.00142,0.5620332831,0.365321634,29.1989991443
0.00142,0.00142,0.5620332831,0.365321634,40.7745907144
0.00142,0.00142,0.5620332831,0.365321634,56.9391861586
0.00142,0.00142,0.5620332831,0.365321634,79.5120407981
0.00142,0.00142,0.5620332831,0.365321634,111.0336318168
0.00142,0.00142,0.5620332831,0.365321634,155.0515779833
0.00142,0.00142,0.5620332831,0.365321634,216.5199088036
0.00142,0.00142,0.5620332831,0.365321634,302.3566191205
0.00142,0.00142,0.5620332831,0.365321634,422.2222595195
0.00142,0.00142,0.5620332831,0.365321634,589.6071895242
0.00142,0.00142,0.5620332831,0.365321634,823.3498592289
0.00142,0.00142,0.5620332831,0.365321634,1149.7569953977
0.00142,0.00142,0.5620332831,0.365321634,1605.5643098112
0.00142,0.00142,0.5620332831,0.365321634,2242.0709447806
0.00142,0.00142,0.5620332831,0.365321634,3130.912969796
0.00142,0.00142,0.5620332831,0.365321634,4372.1257113904
0.00142,0.00142,0.5620332831,0.365321634,6105.4022965853
0.00142,0.00142,0.5620332831,0.3934232981,0.1
0.00142,0.00142,0.5620332831,0.3934232981,0.1396437957
0.00142,0.00142,0.5620332831,0.3934232981,0.1950038968
0.00142,0.00142,0.5620332831,0.3934232981,0.2723108433
0.00142,0.00142,0.5620332831,0.3934232981,0.3802651977
0.00142,0.00142,0.5620332831,0.3934232981,0.5310167558
0.00142,0.00142,0.5620332831,0.3934232981,0.7415319537
0.00142,0.00142,0.5620332831,0.3934232981,1.0355033665
0.00142,0.00142,0.5620332831,0.3934232981,1.4460162057
0.00142,0.00142,0.5620332831,0.3934232981,2.0192719162
0.00142,0.00142,0.5620332831,0.3934232981,2.8197879494
0.00142,0.00142,0.5620332831,0.3934232981,3.9376589236
0.00142,0.00142,0.5620332831,0.3934232981,5.498696383
0.00142,0.00142,0.5620332831,0.3934232981,7.6785883437
0.00142,0.00142,0.5620332831,0.3934232981,10.7226722201
0.00142,0.00142,0.5620332831,0.3934232981,14.9735464897
0.00142,0.00142,0.5620332831,0.3934232981,20.9096286705
0.00142,0.00142,0.5620332831,0.3934232981,29.1989991443
0.00142,0.00142,0.5620332831,0.3934232981,40.7745907144
0.00142,0.00142,0.5620332831,0.3934232981,56.9391861586
0.00142,0.00142,0.5620332831,0.3934232981,79.5120407981
0.00142,0.00142,0.5620332831,0.3934232981,111.0336318168
0.00142,0.00142,0.5620332831,0.3934232981,155.0515779833
0.00142,0.00142,0.5620332831,0.3934232981,216.5199088036
0.00142,0.00142,0.5620332831,0.3934232981,302.3566191205
0.00142,0.00142,0.5620332831,0.3934232981,422.2222595195
0.00142,0.00142,0.5620332831,0.3934232981,589.6071895242
0.00142,0.00142,0.5620332831,0.3934232981,823.3498592289
0.00142,0.00142,0.5620332831,0.3934232981,1149.7569953977
0.00142,0.00142,0.5620332831,0.3934232981,1605.5643098112
0.00142,0.00142,0.5620332831,0.3934232981,2242.0709447806
0.00142,0.00142,0.5620332831,0.3934232981,3130.912969796
0.00142,0.00142,0.5620332831,0.3934232981,4372.1257113904
0.00142,0.00142,0.5620332831,0.3934232981,6105.4022965853
0.00142,0.00142,0.5620332831,0.4215249623,0.1
0.00142,0.00142,0.5620332831,0.4215249623,0.1396437957
0.00142,0.00142,0.5620332831,0.4215249623,0.1950038968
0.00142,0.00142,0.5620332831,0.4215249623,0.2723108433
0.00142,0.00142,0.5620332831,0.4215249623,0.3802651977
0.00142,0.00142,0.5620332831,0.4215249623,0.5310167558
0.00142,0.00142,0.5620332831,0.4215249623,0.7415319537
0.00142,0.00142,0.5620332831,0.4215249623,1.0355033665
0.00142,0.00142,0.5620332831,0.4215249623,1.4460162057
0.00142,0.00142,0.5620332831,0.4215249623,2.0192719162
0.00142,0.00142,0.5620332831,0.4215249623,2.8197879494
0.00142,0.00142,0.5620332831,0.4215249623,3.9376589236
0.00142,0.00142,0.5620332831,0.4215249623,5.498696383
0.00142,0.00142,0.5620332831,0.4215249623,7.6785883437
0.00142,0.00142,0.5620332831,0.4215249623,10.7226722201
0.00142,0.00142,0.5620332831,0.4215249623,14.9735464897
0.00142,0.00142,0.5620332831,0.4215249623,20.9096286705
0.00142,0.00142,0.5620332831,0.4215249623,29.1989991443
0.00142,0.00142,0.5620332831,0.4215249623,40.7745907144
0.00142,0.00142,0.5620332831,0.4215249623,56.9391861586
0.00142,0.00142,0.5620332831,0.4215249623,79.5120407981
0.00142,0.00142,0.5620332831,0.4215249623,111.0336318168
0.00142,0.00142,0.5620332831,0.4215249623,155.0515779833
0.00142,0.00142,0.5620332831,0.4215249623,216.5199088036
0.00142,0.00142,0.5620332831,0.4215249623,302.3566191205
0.00142,0.00142,0.5620332831,0.4215249623,422.2222595195
0.00142,0.00142,0.5620332831,0.4215249623,589.6071895242
0.00142,0.00142,0.5620332831,0.4215249623,823.3498592289
0.00142,0.00142,0.5620332831,0.4215249623,1149.7569953977
0.00142,0.00142,0.5620332831,0.4215249623,1605.5643098112
0.00142,0.00142,0.5620332831,0.4215249623,2242.0709447806
0.00142,0.00142,0.5620332831,0.4215249623,3130.912969796
0.00142,0.00142,0.5620332831,0.4215249623,4372.1257113904
0.00142,0.00142,0.5620332831,0.4215249623,6105.4022965853
0.00142,0.00142,0.5620332831,0.4496266264,0.1
0.00142,0.00142,0.5620332831,0.4496266264,0.1396437957
0.00142,0.00142,0.5620332831,0.4496266264,0.1950038968
0.00142,0.00142,0.5620332831,0.4496266264,0.2723108433
0.00142,0.00142,0.5620332831,0.4496266264,0.3802651977
0.00142,0.00142,0.5620332831,0.4496266264,0.5310167558
0.00142,0.00142,0.5620332831,0.4496266264,0.7415319537
0.00142,0.00142,0.5620332831,0.4496266264,1.0355033665
0.00142,0.00142,0.5620332831,0.4496266264,1.4460162057
0.00142,0.00142,0.5620332831,0.4496266264,2.0192719162
0.00142,0.00142,0.5620332831,0.4496266264,2.8197879494
0.00142,0.00142,0.5620332831,0.4496266264,3.9376589236
0.00142,0.00142,0.5620332831,0.4496266264,5.498696383
0.00142,0.00142,0.5620332831,0.4496266264,7.6785883437
0.00142,0.00142,0.5620332831,0.4496266264,10.7226722201
0.00142,0.00142,0.5620332831,0.4496266264,14.9735464897
0.00142,0.00142,0.5620332831,0.4496266264,20.9096286705
0.00142,0.00142,0.5620332831,0.4496266264,29.1989991443
0.00142,0.00142,0.5620332831,0.4496266264,40.7745907144
0.00142,0.00142,0.5620332831,0.4496266264,56.9391861586
0.00142,0.00142,0.5620332831,0.4496266264,79.5120407981
0.00142,0.00142,0.5620332831,0.4496266264,111.0336318168
0.00142,0.00142,0.5620332831,0.4496266264,155.0515779833
