initial_z,Zbase,m1,m2,initial_period_in_days
0.00142,0.00142,0.1113935712,0.100254214,0.1
0.00142,0.00142,0.1113935712,0.100254214,0.1396437957
0.00142,0.00142,0.1113935712,0.100254214,0.1950038968
0.00142,0.00142,0.1113935712,0.100254214,0.2723108433
0.00142,0.00142,0.1113935712,0.100254214,0.3802651977
0.00142,0.00142,0.1113935712,0.100254214,0.5310167558
0.00142,0.00142,0.1113935712,0.100254214,0.7415319537
0.00142,0.00142,0.1113935712,0.100254214,1.0355033665
0.00142,0.00142,0.1113935712,0.100254214,1.4460162057
0.00142,0.00142,0.1113935712,0.100254214,2.0192719162
0.00142,0.00142,0.1113935712,0.100254214,2.8197879494
0.00142,0.00142,0.1113935712,0.100254214,3.9376589236
0.00142,0.00142,0.1113935712,0.100254214,5.498696383
0.00142,0.00142,0.1113935712,0.100254214,7.6785883437
0.00142,0.00142,0.1113935712,0.100254214,10.7226722201
0.00142,0.00142,0.1113935712,0.100254214,14.9735464897
0.00142,0.00142,0.1113935712,0.100254214,20.9096286705
0.00142,0.00142,0.1113935712,0.100254214,29.1989991443
0.00142,0.00142,0.1113935712,0.100254214,40.7745907144
0.00142,0.00142,0.1113935712,0.100254214,56.9391861586
0.00142,0.00142,0.1113935712,0.100254214,79.5120407981
0.00142,0.00142,0.1113935712,0.100254214,111.0336318168
0.00142,0.00142,0.1113935712,0.100254214,155.0515779833
0.00142,0.00142,0.1113935712,0.100254214,216.5199088036
0.00142,0.00142,0.1113935712,0.100254214,302.3566191205
0.00142,0.00142,0.1113935712,0.100254214,422.2222595195
0.00142,0.00142,0.1113935712,0.100254214,589.6071895242
0.00142,0.00142,0.1113935712,0.100254214,823.3498592289
0.00142,0.00142,0.1113935712,0.100254214,1149.7569953977
0.00142,0.00142,0.1113935712,0.100254214,1605.5643098112
0.00142,0.00142,0.1113935712,0.100254214,2242.0709447806
0.00142,0.00142,0.1113935712,0.100254214,3130.912969796
0.00142,0.00142,0.1113935712,0.100254214,4372.1257113904
0.00142,0.00142,0.1113935712,0.100254214,6105.4022965853
0.00142,0.00142,0.1113935712,0.1058238926,0.1
0.00142,0.00142,0.1113935712,0.1058238926,0.1396437957
0.00142,0.00142,0.1113935712,0.1058238926,0.1950038968
0.00142,0.00142,0.1113935712,0.1058238926,0.2723108433
0.00142,0.00142,0.1113935712,0.1058238926,0.3802651977
0.00142,0.00142,0.1113935712,0.1058238926,0.5310167558
0.00142,0.00142,0.1113935712,0.1058238926,0.7415319537
0.00142,0.00142,0.1113935712,0.1058238926,1.0355033665
0.00142,0.00142,0.1113935712,0.1058238926,1.4460162057
0.00142,0.00142,0.1113935712,0.1058238926,2.0192719162
0.00142,0.00142,0.1113935712,0.1058238926,2.8197879494
0.00142,0.00142,0.1113935712,0.1058238926,3.9376589236
0.00142,0.00142,0.1113935712,0.1058238926,5.498696383
0.00142,0.00142,0.1113935712,0.1058238926,7.6785883437
0.00142,0.00142,0.1113935712,0.1058238926,10.7226722201
0.00142,0.00142,0.1113935712,0.1058238926,14.9735464897
0.00142,0.00142,0.1113935712,0.1058238926,20.9096286705
0.00142,0.00142,0.1113935712,0.1058238926,29.1989991443
0.00142,0.00142,0.1113935712,0.1058238926,40.7745907144
0.00142,0.00142,0.1113935712,0.1058238926,56.9391861586
0.00142,0.00142,0.1113935712,0.1058238926,79.5120407981
0.00142,0.00142,0.1113935712,0.1058238926,111.0336318168
0.00142,0.00142,0.1113935712,0.1058238926,155.0515779833
0.00142,0.00142,0.1113935712,0.1058238926,216.5199088036
0.00142,0.00142,0.1113935712,0.1058238926,302.3566191205
0.00142,0.00142,0.1113935712,0.1058238926,422.2222595195
0.00142,0.00142,0.1113935712,0.1058238926,589.6071895242
0.00142,0.00142,0.1113935712,0.1058238926,823.3498592289
0.00142,0.00142,0.1113935712,0.1058238926,1149.7569953977
0.00142,0.00142,0.1113935712,0.1058238926,1605.5643098112
0.00142,0.00142,0.1113935712,0.1058238926,2242.0709447806
0.00142,0.00142,0.1113935712,0.1058238926,3130.912969796
0.00142,0.00142,0.1113935712,0.1058238926,4372.1257113904
0.00142,0.00142,0.1113935712,0.1058238926,6105.4022965853
0.00142,0.00142,0.1113935712,0.1102796354,0.1
0.00142,0.00142,0.1113935712,0.1102796354,0.1396437957
0.00142,0.00142,0.1113935712,0.1102796354,0.1950038968
0.00142,0.00142,0.1113935712,0.1102796354,0.2723108433
0.00142,0.00142,0.1113935712,0.1102796354,0.3802651977
0.00142,0.00142,0.1113935712,0.1102796354,0.5310167558
0.00142,0.00142,0.1113935712,0.1102796354,0.7415319537
0.00142,0.00142,0.1113935712,0.1102796354,1.0355033665
0.00142,0.00142,0.1113935712,0.1102796354,1.4460162057
0.00142,0.00142,0.1113935712,0.1102796354,2.0192719162
0.00142,0.00142,0.1113935712,0.1102796354,2.8197879494
0.00142,0.00142,0.1113935712,0.1102796354,3.9376589236
0.00142,0.00142,0.1113935712,0.1102796354,5.498696383
0.00142,0.00142,0.1113935712,0.1102796354,7.6785883437
0.00142,0.00142,0.1113935712,0.1102796354,10.7226722201
0.00142,0.00142,0.1113935712,0.1102796354,14.9735464897
0.00142,0.00142,0.1113935712,0.1102796354,20.9096286705
0.00142,0.00142,0.1113935712,0.1102796354,29.1989991443
0.00142,0.00142,0.1113935712,0.1102796354,40.7745907144
0.00142,0.00142,0.1113935712,0.1102796354,56.9391861586
0.00142,0.00142,0.1113935712,0.1102796354,79.5120407981
0.00142,0.00142,0.1113935712,0.1102796354,111.0336318168
0.00142,0.00142,0.1113935712,0.1102796354,155.0515779833
0.00142,0.00142,0.1113935712,0.1102796354,216.5199088036
0.00142,0.00142,0.1113935712,0.1102796354,302.3566191205
0.00142,0.00142,0.1113935712,0.1102796354,422.2222595195
0.00142,0.00142,0.1113935712,0.1102796354,589.6071895242
0.00142,0.00142,0.1113935712,0.1102796354,823.3498592289
0.00142,0.00142,0.1113935712,0.1102796354,1149.7569953977
0.00142,0.00142,0.1113935712,0.1102796354,1605.5643098112
0.00142,0.00142,0.1113935712,0.1102796354,2242.0709447806
0.00142,0.00142,0.1113935712,0.1102796354,3130.912969796
0.00142,0.00142,0.1113935712,0.1102796354,4372.1257113904
0.00142,0.00142,0.1113935712,0.1102796354,6105.4022965853
0.00142,0.00142,0.1240852769,0.1054724854,0.1
0.00142,0.00142,0.1240852769,0.1054724854,0.1396437957
0.00142,0.00142,0.1240852769,0.1054724854,0.1950038968
0.00142,0.00142,0.1240852769,0.1054724854,0.2723108433
0.00142,0.00142,0.1240852769,0.1054724854,0.3802651977
0.00142,0.00142,0.1240852769,0.1054724854,0.5310167558
0.00142,0.00142,0.1240852769,0.1054724854,0.7415319537
0.00142,0.00142,0.1240852769,0.1054724854,1.0355033665
0.00142,0.00142,0.1240852769,0.1054724854,1.4460162057
0.00142,0.00142,0.1240852769,0.1054724854,2.0192719162
0.00142,0.00142,0.1240852769,0.1054724854,2.8197879494
0.00142,0.00142,0.1240852769,0.1054724854,3.9376589236
0.00142,0.00142,0.1240852769,0.1054724854,5.498696383
0.00142,0.00142,0.1240852769,0.1054724854,7.6785883437
0.00142,0.00142,0.1240852769,0.1054724854,10.7226722201
0.00142,0.00142,0.1240852769,0.1054724854,14.9735464897
0.00142,0.00142,0.1240852769,0.1054724854,20.9096286705
0.00142,0.00142,0.1240852769,0.1054724854,29.1989991443
0.00142,0.00142,0.1240852769,0.1054724854,40.7745907144
0.00142,0.00142,0.1240852769,0.1054724854,56.9391861586
0.00142,0.00142,0.1240852769,0.1054724854,79.5120407981
0.00142,0.00142,0.1240852769,0.1054724854,111.0336318168
0.00142,0.00142,0.1240852769,0.1054724854,155.0515779833
0.00142,0.00142,0.1240852769,0.1054724854,216.5199088036
0.00142,0.00142,0.1240852769,0.1054724854,302.3566191205
0.00142,0.00142,0.1240852769,0.1054724854,422.2222595195
0.00142,0.00142,0.1240852769,0.1054724854,589.6071895242
0.00142,0.00142,0.1240852769,0.1054724854,823.3498592289
0.00142,0.00142,0.1240852769,0.1054724854,1149.7569953977
0.00142,0.00142,0.1240852769,0.1054724854,1605.5643098112
0.00142,0.00142,0.1240852769,0.1054724854,2242.0709447806
0.00142,0.00142,0.1240852769,0.1054724854,3130.912969796
0.00142,0.00142,0.1240852769,0.1054724854,4372.1257113904
0.00142,0.00142,0.1240852769,0.1054724854,6105.4022965853
0.00142,0.00142,0.1240852769,0.1116767493,0.1
0.00142,0.00142,0.1240852769,0.1116767493,0.1396437957
0.00142,0.00142,0.1240852769,0.1116767493,0.1950038968
0.00142,0.00142,0.1240852769,0.1116767493,0.2723108433
0.00142,0.00142,0.1240852769,0.1116767493,0.3802651977
0.00142,0.00142,0.1240852769,0.1116767493,0.5310167558
0.00142,0.00142,0.1240852769,0.1116767493,0.7415319537
0.00142,0.00142,0.1240852769,0.1116767493,1.0355033665
0.00142,0.00142,0.1240852769,0.1116767493,1.4460162057
0.00142,0.00142,0.1240852769,0.1116767493,2.0192719162
0.00142,0.00142,0.1240852769,0.1116767493,2.8197879494
0.00142,0.00142,0.1240852769,0.1116767493,3.9376589236
0.00142,0.00142,0.1240852769,0.1116767493,5.498696383
0.00142,0.00142,0.1240852769,0.1116767493,7.6785883437
0.00142,0.00142,0.1240852769,0.1116767493,10.7226722201
0.00142,0.00142,0.1240852769,0.1116767493,14.9735464897
0.00142,0.00142,0.1240852769,0.1116767493,20.9096286705
0.00142,0.00142,0.1240852769,0.1116767493,29.1989991443
0.00142,0.00142,0.1240852769,0.1116767493,40.7745907144
0.00142,0.00142,0.1240852769,0.1116767493,56.9391861586
0.00142,0.00142,0.1240852769,0.1116767493,79.5120407981
0.00142,0.00142,0.1240852769,0.1116767493,111.0336318168
0.00142,0.00142,0.1240852769,0.1116767493,155.0515779833
0.00142,0.00142,0.1240852769,0.1116767493,216.5199088036
0.00142,0.00142,0.1240852769,0.1116767493,302.3566191205
0.00142,0.00142,0.1240852769,0.1116767493,422.2222595195
0.00142,0.00142,0.1240852769,0.1116767493,589.6071895242
0.00142,0.00142,0.1240852769,0.1116767493,823.3498592289
0.00142,0.00142,0.1240852769,0.1116767493,1149.7569953977
0.00142,0.00142,0.1240852769,0.1116767493,1605.5643098112
0.00142,0.00142,0.1240852769,0.1116767493,2242.0709447806
0.00142,0.00142,0.1240852769,0.1116767493,3130.912969796
0.00142,0.00142,0.1240852769,0.1116767493,4372.1257113904
0.00142,0.00142,0.1240852769,0.1116767493,6105.4022965853
0.00142,0.00142,0.1240852769,0.1178810131,0.1
0.00142,0.00142,0.1240852769,0.1178810131,0.1396437957
0.00142,0.00142,0.1240852769,0.1178810131,0.1950038968
0.00142,0.00142,0.1240852769,0.1178810131,0.2723108433
0.00142,0.00142,0.1240852769,0.1178810131,0.3802651977
0.00142,0.00142,0.1240852769,0.1178810131,0.5310167558
0.00142,0.00142,0.1240852769,0.1178810131,0.7415319537
0.00142,0.00142,0.1240852769,0.1178810131,1.0355033665
0.00142,0.00142,0.1240852769,0.1178810131,1.4460162057
0.00142,0.00142,0.1240852769,0.1178810131,2.0192719162
0.00142,0.00142,0.1240852769,0.1178810131,2.8197879494
0.00142,0.00142,0.1240852769,0.1178810131,3.9376589236
0.00142,0.00142,0.1240852769,0.1178810131,5.498696383
0.00142,0.00142,0.1240852769,0.1178810131,7.6785883437
0.00142,0.00142,0.1240852769,0.1178810131,10.7226722201
0.00142,0.00142,0.1240852769,0.1178810131,14.9735464897
0.00142,0.00142,0.1240852769,0.1178810131,20.9096286705
0.00142,0.00142,0.1240852769,0.1178810131,29.1989991443
0.00142,0.00142,0.1240852769,0.1178810131,40.7745907144
0.00142,0.00142,0.1240852769,0.1178810131,56.9391861586
0.00142,0.00142,0.1240852769,0.1178810131,79.5120407981
0.00142,0.00142,0.1240852769,0.1178810131,111.0336318168
0.00142,0.00142,0.1240852769,0.1178810131,155.0515779833
0.00142,0.00142,0.1240852769,0.1178810131,216.5199088036
0.00142,0.00142,0.1240852769,0.1178810131,302.3566191205
0.00142,0.00142,0.1240852769,0.1178810131,422.2222595195
0.00142,0.00142,0.1240852769,0.1178810131,589.6071895242
0.00142,0.00142,0.1240852769,0.1178810131,823.3498592289
0.00142,0.00142,0.1240852769,0.1178810131,1149.7569953977
0.00142,0.00142,0.1240852769,0.1178810131,1605.5643098112
0.00142,0.00142,0.1240852769,0.1178810131,2242.0709447806
0.00142,0.00142,0.1240852769,0.1178810131,3130.912969796
0.00142,0.00142,0.1240852769,0.1178810131,4372.1257113904
0.00142,0.00142,0.1240852769,0.1178810131,6105.4022965853
0.00142,0.00142,0.1240852769,0.1228444242,0.1
0.00142,0.00142,0.1240852769,0.1228444242,0.1396437957
0.00142,0.00142,0.1240852769,0.1228444242,0.1950038968
0.00142,0.00142,0.1240852769,0.1228444242,0.2723108433
0.00142,0.00142,0.1240852769,0.1228444242,0.3802651977
0.00142,0.00142,0.1240852769,0.1228444242,0.5310167558
0.00142,0.00142,0.1240852769,0.1228444242,0.7415319537
0.00142,0.00142,0.1240852769,0.1228444242,1.0355033665
0.00142,0.00142,0.1240852769,0.1228444242,1.4460162057
0.00142,0.00142,0.1240852769,0.1228444242,2.0192719162
0.00142,0.00142,0.1240852769,0.1228444242,2.8197879494
0.00142,0.00142,0.1240852769,0.1228444242,3.9376589236
0.00142,0.00142,0.1240852769,0.1228444242,5.498696383
0.00142,0.00142,0.1240852769,0.1228444242,7.6785883437
0.00142,0.00142,0.1240852769,0.1228444242,10.7226722201
0.00142,0.00142,0.1240852769,0.1228444242,14.9735464897
0.00142,0.00142,0.1240852769,0.1228444242,20.9096286705
0.00142,0.00142,0.1240852769,0.1228444242,29.1989991443
0.00142,0.00142,0.1240852769,0.1228444242,40.7745907144
0.00142,0.00142,0.1240852769,0.1228444242,56.9391861586
0.00142,0.00142,0.1240852769,0.1228444242,79.5120407981
0.00142,0.00142,0.1240852769,0.1228444242,111.0336318168
0.00142,0.00142,0.1240852769,0.1228444242,155.0515779833
0.00142,0.00142,0.1240852769,0.1228444242,216.5199088036
0.00142,0.00142,0.1240852769,0.1228444242,302.3566191205
0.00142,0.00142,0.1240852769,0.1228444242,422.2222595195
0.00142,0.00142,0.1240852769,0.1228444242,589.6071895242
0.00142,0.00142,0.1240852769,0.1228444242,823.3498592289
0.00142,0.00142,0.1240852769,0.1228444242,1149.7569953977
0.00142,0.00142,0.1240852769,0.1228444242,1605.5643098112
0.00142,0.00142,0.1240852769,0.1228444242,2242.0709447806
0.00142,0.00142,0.1240852769,0.1228444242,3130.912969796
0.00142,0.00142,0.1240852769,0.1228444242,4372.1257113904
0.00142,0.00142,0.1240852769,0.1228444242,6105.4022965853
0.00142,0.00142,0.1382230213,0.103667266,0.1
0.00142,0.00142,0.1382230213,0.103667266,0.1396437957
0.00142,0.00142,0.1382230213,0.103667266,0.1950038968
0.00142,0.00142,0.1382230213,0.103667266,0.2723108433
0.00142,0.00142,0.1382230213,0.103667266,0.3802651977
0.00142,0.00142,0.1382230213,0.103667266,0.5310167558
0.00142,0.00142,0.1382230213,0.103667266,0.7415319537
0.00142,0.00142,0.1382230213,0.103667266,1.0355033665
0.00142,0.00142,0.1382230213,0.103667266,1.4460162057
0.00142,0.00142,0.1382230213,0.103667266,2.0192719162
0.00142,0.00142,0.1382230213,0.103667266,2.8197879494
0.00142,0.00142,0.1382230213,0.103667266,3.9376589236
0.00142,0.00142,0.1382230213,0.103667266,5.498696383
0.00142,0.00142,0.1382230213,0.103667266,7.6785883437
0.00142,0.00142,0.1382230213,0.103667266,10.7226722201
0.00142,0.00142,0.1382230213,0.103667266,14.9735464897
0.00142,0.00142,0.1382230213,0.103667266,20.9096286705
0.00142,0.00142,0.1382230213,0.103667266,29.1989991443
0.00142,0.00142,0.1382230213,0.103667266,40.7745907144
0.00142,0.00142,0.1382230213,0.103667266,56.9391861586
0.00142,0.00142,0.1382230213,0.103667266,79.5120407981
0.00142,0.00142,0.1382230213,0.103667266,111.0336318168
0.00142,0.00142,0.1382230213,0.103667266,155.0515779833
0.00142,0.00142,0.1382230213,0.103667266,216.5199088036
0.00142,0.00142,0.1382230213,0.103667266,302.3566191205
0.00142,0.00142,0.1382230213,0.103667266,422.2222595195
0.00142,0.00142,0.1382230213,0.103667266,589.6071895242
0.00142,0.00142,0.1382230213,0.103667266,823.3498592289
0.00142,0.00142,0.1382230213,0.103667266,1149.7569953977
0.00142,0.00142,0.1382230213,0.103667266,1605.5643098112
0.00142,0.00142,0.1382230213,0.103667266,2242.0709447806
0.00142,0.00142,0.1382230213,0.103667266,3130.912969796
0.00142,0.00142,0.1382230213,0.103667266,4372.1257113904
0.00142,0.00142,0.1382230213,0.103667266,6105.4022965853
0.00142,0.00142,0.1382230213,0.110578417,0.1
0.00142,0.00142,0.1382230213,0.110578417,0.1396437957
0.00142,0.00142,0.1382230213,0.110578417,0.1950038968
0.00142,0.00142,0.1382230213,0.110578417,0.2723108433
0.00142,0.00142,0.1382230213,0.110578417,0.3802651977
0.00142,0.00142,0.1382230213,0.110578417,0.5310167558
0.00142,0.00142,0.1382230213,0.110578417,0.7415319537
0.00142,0.00142,0.1382230213,0.110578417,1.0355033665
0.00142,0.00142,0.1382230213,0.110578417,1.4460162057
0.00142,0.00142,0.1382230213,0.110578417,2.0192719162
0.00142,0.00142,0.1382230213,0.110578417,2.8197879494
0.00142,0.00142,0.1382230213,0.110578417,3.9376589236
0.00142,0.00142,0.1382230213,0.110578417,5.498696383
0.00142,0.00142,0.1382230213,0.110578417,7.6785883437
0.00142,0.00142,0.1382230213,0.110578417,10.7226722201
0.00142,0.00142,0.1382230213,0.110578417,14.9735464897
0.00142,0.00142,0.1382230213,0.110578417,20.9096286705
0.00142,0.00142,0.1382230213,0.110578417,29.1989991443
0.00142,0.00142,0.1382230213,0.110578417,40.7745907144
0.00142,0.00142,0.1382230213,0.110578417,56.9391861586
0.00142,0.00142,0.1382230213,0.110578417,79.5120407981
0.00142,0.00142,0.1382230213,0.110578417,111.0336318168
0.00142,0.00142,0.1382230213,0.110578417,155.0515779833
0.00142,0.00142,0.1382230213,0.110578417,216.5199088036
0.00142,0.00142,0.1382230213,0.110578417,302.3566191205
0.00142,0.00142,0.1382230213,0.110578417,422.2222595195
0.00142,0.00142,0.1382230213,0.110578417,589.6071895242
0.00142,0.00142,0.1382230213,0.110578417,823.3498592289
0.00142,0.00142,0.1382230213,0.110578417,1149.7569953977
0.00142,0.00142,0.1382230213,0.110578417,1605.5643098112
0.00142,0.00142,0.1382230213,0.110578417,2242.0709447806
0.00142,0.00142,0.1382230213,0.110578417,3130.912969796
0.00142,0.00142,0.1382230213,0.110578417,4372.1257113904
0.00142,0.00142,0.1382230213,0.110578417,6105.4022965853
0.00142,0.00142,0.1382230213,0.1174895681,0.1
0.00142,0.00142,0.1382230213,0.1174895681,0.1396437957
0.00142,0.00142,0.1382230213,0.1174895681,0.1950038968
0.00142,0.00142,0.1382230213,0.1174895681,0.2723108433
0.00142,0.00142,0.1382230213,0.1174895681,0.3802651977
0.00142,0.00142,0.1382230213,0.1174895681,0.5310167558
0.00142,0.00142,0.1382230213,0.1174895681,0.7415319537
0.00142,0.00142,0.1382230213,0.1174895681,1.0355033665
0.00142,0.00142,0.1382230213,0.1174895681,1.4460162057
0.00142,0.00142,0.1382230213,0.1174895681,2.0192719162
0.00142,0.00142,0.1382230213,0.1174895681,2.8197879494
0.00142,0.00142,0.1382230213,0.1174895681,3.9376589236
0.00142,0.00142,0.1382230213,0.1174895681,5.498696383
0.00142,0.00142,0.1382230213,0.1174895681,7.6785883437
0.00142,0.00142,0.1382230213,0.1174895681,10.7226722201
0.00142,0.00142,0.1382230213,0.1174895681,14.9735464897
0.00142,0.00142,0.1382230213,0.1174895681,20.9096286705
0.00142,0.00142,0.1382230213,0.1174895681,29.1989991443
0.00142,0.00142,0.1382230213,0.1174895681,40.7745907144
0.00142,0.00142,0.1382230213,0.1174895681,56.9391861586
0.00142,0.00142,0.1382230213,0.1174895681,79.5120407981
0.00142,0.00142,0.1382230213,0.1174895681,111.0336318168
0.00142,0.00142,0.1382230213,0.1174895681,155.0515779833
0.00142,0.00142,0.1382230213,0.1174895681,216.5199088036
0.00142,0.00142,0.1382230213,0.1174895681,302.3566191205
0.00142,0.00142,0.1382230213,0.1174895681,422.2222595195
0.00142,0.00142,0.1382230213,0.1174895681,589.6071895242
0.00142,0.00142,0.1382230213,0.1174895681,823.3498592289
0.00142,0.00142,0.1382230213,0.1174895681,1149.7569953977
0.00142,0.00142,0.1382230213,0.1174895681,1605.5643098112
0.00142,0.00142,0.1382230213,0.1174895681,2242.0709447806
0.00142,0.00142,0.1382230213,0.1174895681,3130.912969796
0.00142,0.00142,0.1382230213,0.1174895681,4372.1257113904
0.00142,0.00142,0.1382230213,0.1174895681,6105.4022965853
0.00142,0.00142,0.1382230213,0.1244007191,0.1
0.00142,0.00142,0.1382230213,0.1244007191,0.1396437957
0.00142,0.00142,0.1382230213,0.1244007191,0.1950038968
0.00142,0.00142,0.1382230213,0.1244007191,0.2723108433
0.00142,0.00142,0.1382230213,0.1244007191,0.3802651977
0.00142,0.00142,0.1382230213,0.1244007191,0.5310167558
0.00142,0.00142,0.1382230213,0.1244007191,0.7415319537
0.00142,0.00142,0.1382230213,0.1244007191,1.0355033665
0.00142,0.00142,0.1382230213,0.1244007191,1.4460162057
0.00142,0.00142,0.1382230213,0.1244007191,2.0192719162
0.00142,0.00142,0.1382230213,0.1244007191,2.8197879494
0.00142,0.00142,0.1382230213,0.1244007191,3.9376589236
0.00142,0.00142,0.1382230213,0.1244007191,5.498696383
0.00142,0.00142,0.1382230213,0.1244007191,7.6785883437
0.00142,0.00142,0.1382230213,0.1244007191,10.7226722201
0.00142,0.00142,0.1382230213,0.1244007191,14.9735464897
0.00142,0.00142,0.1382230213,0.1244007191,20.9096286705
0.00142,0.00142,0.1382230213,0.1244007191,29.1989991443
0.00142,0.00142,0.1382230213,0.1244007191,40.7745907144
0.00142,0.00142,0.1382230213,0.1244007191,56.9391861586
0.00142,0.00142,0.1382230213,0.1244007191,79.5120407981
0.00142,0.00142,0.1382230213,0.1244007191,111.0336318168
0.00142,0.00142,0.1382230213,0.1244007191,155.0515779833
0.00142,0.00142,0.1382230213,0.1244007191,216.5199088036
0.00142,0.00142,0.1382230213,0.1244007191,302.3566191205
0.00142,0.00142,0.1382230213,0.1244007191,422.2222595195
0.00142,0.00142,0.1382230213,0.1244007191,589.6071895242
0.00142,0.00142,0.1382230213,0.1244007191,823.3498592289
0.00142,0.00142,0.1382230213,0.1244007191,1149.7569953977
0.00142,0.00142,0.1382230213,0.1244007191,1605.5643098112
0.00142,0.00142,0.1382230213,0.1244007191,2242.0709447806
0.00142,0.00142,0.1382230213,0.1244007191,3130.912969796
0.00142,0.00142,0.1382230213,0.1244007191,4372.1257113904
0.00142,0.00142,0.1382230213,0.1244007191,6105.4022965853
0.00142,0.00142,0.1382230213,0.1313118702,0.1
0.00142,0.00142,0.1382230213,0.1313118702,0.1396437957
0.00142,0.00142,0.1382230213,0.1313118702,0.1950038968
0.00142,0.00142,0.1382230213,0.1313118702,0.2723108433
0.00142,0.00142,0.1382230213,0.1313118702,0.3802651977
0.00142,0.00142,0.1382230213,0.1313118702,0.5310167558
0.00142,0.00142,0.1382230213,0.1313118702,0.7415319537
0.00142,0.00142,0.1382230213,0.1313118702,1.0355033665
0.00142,0.00142,0.1382230213,0.1313118702,1.4460162057
0.00142,0.00142,0.1382230213,0.1313118702,2.0192719162
0.00142,0.00142,0.1382230213,0.1313118702,2.8197879494
0.00142,0.00142,0.1382230213,0.1313118702,3.9376589236
0.00142,0.00142,0.1382230213,0.1313118702,5.498696383
0.00142,0.00142,0.1382230213,0.1313118702,7.6785883437
0.00142,0.00142,0.1382230213,0.1313118702,10.7226722201
0.00142,0.00142,0.1382230213,0.1313118702,14.9735464897
0.00142,0.00142,0.1382230213,0.1313118702,20.9096286705
0.00142,0.00142,0.1382230213,0.1313118702,29.1989991443
0.00142,0.00142,0.1382230213,0.1313118702,40.7745907144
0.00142,0.00142,0.1382230213,0.1313118702,56.9391861586
0.00142,0.00142,0.1382230213,0.1313118702,79.5120407981
0.00142,0.00142,0.1382230213,0.1313118702,111.0336318168
0.00142,0.00142,0.1382230213,0.1313118702,155.0515779833
0.00142,0.00142,0.1382230213,0.1313118702,216.5199088036
0.00142,0.00142,0.1382230213,0.1313118702,302.3566191205
0.00142,0.00142,0.1382230213,0.1313118702,422.2222595195
0.00142,0.00142,0.1382230213,0.1313118702,589.6071895242
0.00142,0.00142,0.1382230213,0.1313118702,823.3498592289
0.00142,0.00142,0.1382230213,0.1313118702,1149.7569953977
0.00142,0.00142,0.1382230213,0.1313118702,1605.5643098112
0.00142,0.00142,0.1382230213,0.1313118702,2242.0709447806
0.00142,0.00142,0.1382230213,0.1313118702,3130.912969796
0.00142,0.00142,0.1382230213,0.1313118702,4372.1257113904
0.00142,0.00142,0.1382230213,0.1313118702,6105.4022965853
0.00142,0.00142,0.1382230213,0.1368407911,0.1
0.00142,0.00142,0.1382230213,0.1368407911,0.1396437957
0.00142,0.00142,0.1382230213,0.1368407911,0.1950038968
0.00142,0.00142,0.1382230213,0.1368407911,0.2723108433
0.00142,0.00142,0.1382230213,0.1368407911,0.3802651977
0.00142,0.00142,0.1382230213,0.1368407911,0.5310167558
0.00142,0.00142,0.1382230213,0.1368407911,0.7415319537
0.00142,0.00142,0.1382230213,0.1368407911,1.0355033665
0.00142,0.00142,0.1382230213,0.1368407911,1.4460162057
0.00142,0.00142,0.1382230213,0.1368407911,2.0192719162
0.00142,0.00142,0.1382230213,0.1368407911,2.8197879494
0.00142,0.00142,0.1382230213,0.1368407911,3.9376589236
0.00142,0.00142,0.1382230213,0.1368407911,5.498696383
0.00142,0.00142,0.1382230213,0.1368407911,7.6785883437
0.00142,0.00142,0.1382230213,0.1368407911,10.7226722201
0.00142,0.00142,0.1382230213,0.1368407911,14.9735464897
0.00142,0.00142,0.1382230213,0.1368407911,20.9096286705
0.00142,0.00142,0.1382230213,0.1368407911,29.1989991443
0.00142,0.00142,0.1382230213,0.1368407911,40.7745907144
0.00142,0.00142,0.1382230213,0.1368407911,56.9391861586
0.00142,0.00142,0.1382230213,0.1368407911,79.5120407981
0.00142,0.00142,0.1382230213,0.1368407911,111.0336318168
0.00142,0.00142,0.1382230213,0.1368407911,155.0515779833
0.00142,0.00142,0.1382230213,0.1368407911,216.5199088036
0.00142,0.00142,0.1382230213,0.1368407911,302.3566191205
0.00142,0.00142,0.1382230213,0.1368407911,422.2222595195
0.00142,0.00142,0.1382230213,0.1368407911,589.6071895242
0.00142,0.00142,0.1382230213,0.1368407911,823.3498592289
0.00142,0.00142,0.1382230213,0.1368407911,1149.7569953977
0.00142,0.00142,0.1382230213,0.1368407911,1605.5643098112
0.00142,0.00142,0.1382230213,0.1368407911,2242.0709447806
0.00142,0.00142,0.1382230213,0.1368407911,3130.912969796
0.00142,0.00142,0.1382230213,0.1368407911,4372.1257113904
0.00142,0.00142,0.1382230213,0.1368407911,6105.4022965853
0.00142,0.00142,0.1539715596,0.1000815137,0.1
0.00142,0.00142,0.1539715596,0.1000815137,0.1396437957
0.00142,0.00142,0.1539715596,0.1000815137,0.1950038968
0.00142,0.00142,0.1539715596,0.1000815137,0.2723108433
0.00142,0.00142,0.1539715596,0.1000815137,0.3802651977
0.00142,0.00142,0.1539715596,0.1000815137,0.5310167558
0.00142,0.00142,0.1539715596,0.1000815137,0.7415319537
0.00142,0.00142,0.1539715596,0.1000815137,1.0355033665
0.00142,0.00142,0.1539715596,0.1000815137,1.4460162057
0.00142,0.00142,0.1539715596,0.1000815137,2.0192719162
0.00142,0.00142,0.1539715596,0.1000815137,2.8197879494
0.00142,0.00142,0.1539715596,0.1000815137,3.9376589236
0.00142,0.00142,0.1539715596,0.1000815137,5.498696383
0.00142,0.00142,0.1539715596,0.1000815137,7.6785883437
0.00142,0.00142,0.1539715596,0.1000815137,10.7226722201
0.00142,0.00142,0.1539715596,0.1000815137,14.9735464897
0.00142,0.00142,0.1539715596,0.1000815137,20.9096286705
0.00142,0.00142,0.1539715596,0.1000815137,29.1989991443
0.00142,0.00142,0.1539715596,0.1000815137,40.7745907144
0.00142,0.00142,0.1539715596,0.1000815137,56.9391861586
0.00142,0.00142,0.1539715596,0.1000815137,79.5120407981
0.00142,0.00142,0.1539715596,0.1000815137,111.0336318168
0.00142,0.00142,0.1539715596,0.1000815137,155.0515779833
0.00142,0.00142,0.1539715596,0.1000815137,216.5199088036
0.00142,0.00142,0.1539715596,0.1000815137,302.3566191205
0.00142,0.00142,0.1539715596,0.1000815137,422.2222595195
0.00142,0.00142,0.1539715596,0.1000815137,589.6071895242
0.00142,0.00142,0.1539715596,0.1000815137,823.3498592289
0.00142,0.00142,0.1539715596,0.1000815137,1149.7569953977
0.00142,0.00142,0.1539715596,0.1000815137,1605.5643098112
0.00142,0.00142,0.1539715596,0.1000815137,2242.0709447806
0.00142,0.00142,0.1539715596,0.1000815137,3130.912969796
0.00142,0.00142,0.1539715596,0.1000815137,4372.1257113904
0.00142,0.00142,0.1539715596,0.1000815137,6105.4022965853
0.00142,0.00142,0.1539715596,0.1077800917,0.1
0.00142,0.00142,0.1539715596,0.1077800917,0.1396437957
0.00142,0.00142,0.1539715596,0.1077800917,0.1950038968
0.00142,0.00142,0.1539715596,0.1077800917,0.2723108433
0.00142,0.00142,0.1539715596,0.1077800917,0.3802651977
0.00142,0.00142,0.1539715596,0.1077800917,0.5310167558
0.00142,0.00142,0.1539715596,0.1077800917,0.7415319537
0.00142,0.00142,0.1539715596,0.1077800917,1.0355033665
0.00142,0.00142,0.1539715596,0.1077800917,1.4460162057
0.00142,0.00142,0.1539715596,0.1077800917,2.0192719162
0.00142,0.00142,0.1539715596,0.1077800917,2.8197879494
0.00142,0.00142,0.1539715596,0.1077800917,3.9376589236
0.00142,0.00142,0.1539715596,0.1077800917,5.498696383
0.00142,0.00142,0.1539715596,0.1077800917,7.6785883437
0.00142,0.00142,0.1539715596,0.1077800917,10.7226722201
0.00142,0.00142,0.1539715596,0.1077800917,14.9735464897
0.00142,0.00142,0.1539715596,0.1077800917,20.9096286705
0.00142,0.00142,0.1539715596,0.1077800917,29.1989991443
0.00142,0.00142,0.1539715596,0.1077800917,40.7745907144
0.00142,0.00142,0.1539715596,0.1077800917,56.9391861586
0.00142,0.00142,0.1539715596,0.1077800917,79.5120407981
0.00142,0.00142,0.1539715596,0.1077800917,111.0336318168
0.00142,0.00142,0.1539715596,0.1077800917,155.0515779833
0.00142,0.00142,0.1539715596,0.1077800917,216.5199088036
0.00142,0.00142,0.1539715596,0.1077800917,302.3566191205
0.00142,0.00142,0.1539715596,0.1077800917,422.2222595195
0.00142,0.00142,0.1539715596,0.1077800917,589.6071895242
0.00142,0.00142,0.1539715596,0.1077800917,823.3498592289
0.00142,0.00142,0.1539715596,0.1077800917,1149.7569953977
0.00142,0.00142,0.1539715596,0.1077800917,1605.5643098112
0.00142,0.00142,0.1539715596,0.1077800917,2242.0709447806
0.00142,0.00142,0.1539715596,0.1077800917,3130.912969796
0.00142,0.00142,0.1539715596,0.1077800917,4372.1257113904
0.00142,0.00142,0.1539715596,0.1077800917,6105.4022965853
0.00142,0.00142,0.1539715596,0.1154786697,0.1
0.00142,0.00142,0.1539715596,0.1154786697,0.1396437957
0.00142,0.00142,0.1539715596,0.1154786697,0.1950038968
0.00142,0.00142,0.1539715596,0.1154786697,0.2723108433
0.00142,0.00142,0.1539715596,0.1154786697,0.3802651977
0.00142,0.00142,0.1539715596,0.1154786697,0.5310167558
0.00142,0.00142,0.1539715596,0.1154786697,0.7415319537
0.00142,0.00142,0.1539715596,0.1154786697,1.0355033665
0.00142,0.00142,0.1539715596,0.1154786697,1.4460162057
0.00142,0.00142,0.1539715596,0.1154786697,2.0192719162
0.00142,0.00142,0.1539715596,0.1154786697,2.8197879494
0.00142,0.00142,0.1539715596,0.1154786697,3.9376589236
0.00142,0.00142,0.1539715596,0.1154786697,5.498696383
0.00142,0.00142,0.1539715596,0.1154786697,7.6785883437
0.00142,0.00142,0.1539715596,0.1154786697,10.7226722201
0.00142,0.00142,0.1539715596,0.1154786697,14.9735464897
0.00142,0.00142,0.1539715596,0.1154786697,20.9096286705
0.00142,0.00142,0.1539715596,0.1154786697,29.1989991443
0.00142,0.00142,0.1539715596,0.1154786697,40.7745907144
0.00142,0.00142,0.1539715596,0.1154786697,56.9391861586
0.00142,0.00142,0.1539715596,0.1154786697,79.5120407981
0.00142,0.00142,0.1539715596,0.1154786697,111.0336318168
0.00142,0.00142,0.1539715596,0.1154786697,155.0515779833
0.00142,0.00142,0.1539715596,0.1154786697,216.5199088036
0.00142,0.00142,0.1539715596,0.1154786697,302.3566191205
0.00142,0.00142,0.1539715596,0.1154786697,422.2222595195
0.00142,0.00142,0.1539715596,0.1154786697,589.6071895242
0.00142,0.00142,0.1539715596,0.1154786697,823.3498592289
0.00142,0.00142,0.1539715596,0.1154786697,1149.7569953977
0.00142,0.00142,0.1539715596,0.1154786697,1605.5643098112
0.00142,0.00142,0.1539715596,0.1154786697,2242.0709447806
0.00142,0.00142,0.1539715596,0.1154786697,3130.912969796
0.00142,0.00142,0.1539715596,0.1154786697,4372.1257113904
0.00142,0.00142,0.1539715596,0.1154786697,6105.4022965853
0.00142,0.00142,0.1539715596,0.1231772476,0.1
0.00142,0.00142,0.1539715596,0.1231772476,0.1396437957
0.00142,0.00142,0.1539715596,0.1231772476,0.1950038968
0.00142,0.00142,0.1539715596,0.1231772476,0.2723108433
0.00142,0.00142,0.1539715596,0.1231772476,0.3802651977
0.00142,0.00142,0.1539715596,0.1231772476,0.5310167558
0.00142,0.00142,0.1539715596,0.1231772476,0.7415319537
0.00142,0.00142,0.1539715596,0.1231772476,1.0355033665
0.00142,0.00142,0.1539715596,0.1231772476,1.4460162057
0.00142,0.00142,0.1539715596,0.1231772476,2.0192719162
0.00142,0.00142,0.1539715596,0.1231772476,2.8197879494
0.00142,0.00142,0.1539715596,0.1231772476,3.9376589236
0.00142,0.00142,0.1539715596,0.1231772476,5.498696383
0.00142,0.00142,0.1539715596,0.1231772476,7.6785883437
0.00142,0.00142,0.1539715596,0.1231772476,10.7226722201
0.00142,0.00142,0.1539715596,0.1231772476,14.9735464897
0.00142,0.00142,0.1539715596,0.1231772476,20.9096286705
0.00142,0.00142,0.1539715596,0.1231772476,29.1989991443
0.00142,0.00142,0.1539715596,0.1231772476,40.7745907144
0.00142,0.00142,0.1539715596,0.1231772476,56.9391861586
0.00142,0.00142,0.1539715596,0.1231772476,79.5120407981
0.00142,0.00142,0.1539715596,0.1231772476,111.0336318168
0.00142,0.00142,0.1539715596,0.1231772476,155.0515779833
0.00142,0.00142,0.1539715596,0.1231772476,216.5199088036
0.00142,0.00142,0.1539715596,0.1231772476,302.3566191205
0.00142,0.00142,0.1539715596,0.1231772476,422.2222595195
0.00142,0.00142,0.1539715596,0.1231772476,589.6071895242
0.00142,0.00142,0.1539715596,0.1231772476,823.3498592289
0.00142,0.00142,0.1539715596,0.1231772476,1149.7569953977
0.00142,0.00142,0.1539715596,0.1231772476,1605.5643098112
0.00142,0.00142,0.1539715596,0.1231772476,2242.0709447806
0.00142,0.00142,0.1539715596,0.1231772476,3130.912969796
0.00142,0.00142,0.1539715596,0.1231772476,4372.1257113904
0.00142,0.00142,0.1539715596,0.1231772476,6105.4022965853
0.00142,0.00142,0.1539715596,0.1308758256,0.1
0.00142,0.00142,0.1539715596,0.1308758256,0.1396437957
0.00142,0.00142,0.1539715596,0.1308758256,0.1950038968
0.00142,0.00142,0.1539715596,0.1308758256,0.2723108433
0.00142,0.00142,0.1539715596,0.1308758256,0.3802651977
0.00142,0.00142,0.1539715596,0.1308758256,0.5310167558
0.00142,0.00142,0.1539715596,0.1308758256,0.7415319537
0.00142,0.00142,0.1539715596,0.1308758256,1.0355033665
0.00142,0.00142,0.1539715596,0.1308758256,1.4460162057
0.00142,0.00142,0.1539715596,0.1308758256,2.0192719162
0.00142,0.00142,0.1539715596,0.1308758256,2.8197879494
0.00142,0.00142,0.1539715596,0.1308758256,3.9376589236
0.00142,0.00142,0.1539715596,0.1308758256,5.498696383
0.00142,0.00142,0.1539715596,0.1308758256,7.6785883437
0.00142,0.00142,0.1539715596,0.1308758256,10.7226722201
0.00142,0.00142,0.1539715596,0.1308758256,14.9735464897
0.00142,0.00142,0.1539715596,0.1308758256,20.9096286705
0.00142,0.00142,0.1539715596,0.1308758256,29.1989991443
0.00142,0.00142,0.1539715596,0.1308758256,40.7745907144
0.00142,0.00142,0.1539715596,0.1308758256,56.9391861586
0.00142,0.00142,0.1539715596,0.1308758256,79.5120407981
0.00142,0.00142,0.1539715596,0.1308758256,111.0336318168
0.00142,0.00142,0.1539715596,0.1308758256,155.0515779833
0.00142,0.00142,0.1539715596,0.1308758256,216.5199088036
0.00142,0.00142,0.1539715596,0.1308758256,302.3566191205
0.00142,0.00142,0.1539715596,0.1308758256,422.2222595195
0.00142,0.00142,0.1539715596,0.1308758256,589.6071895242
0.00142,0.00142,0.1539715596,0.1308758256,823.3498592289
0.00142,0.00142,0.1539715596,0.1308758256,1149.7569953977
0.00142,0.00142,0.1539715596,0.1308758256,1605.5643098112
0.00142,0.00142,0.1539715596,0.1308758256,2242.0709447806
0.00142,0.00142,0.1539715596,0.1308758256,3130.912969796
0.00142,0.00142,0.1539715596,0.1308758256,4372.1257113904
0.00142,0.00142,0.1539715596,0.1308758256,6105.4022965853
0.00142,0.00142,0.1539715596,0.1385744036,0.1
0.00142,0.00142,0.1539715596,0.1385744036,0.1396437957
0.00142,0.00142,0.1539715596,0.1385744036,0.1950038968
0.00142,0.00142,0.1539715596,0.1385744036,0.2723108433
0.00142,0.00142,0.1539715596,0.1385744036,0.3802651977
0.00142,0.00142,0.1539715596,0.1385744036,0.5310167558
0.00142,0.00142,0.1539715596,0.1385744036,0.7415319537
0.00142,0.00142,0.1539715596,0.1385744036,1.0355033665
0.00142,0.00142,0.1539715596,0.1385744036,1.4460162057
0.00142,0.00142,0.1539715596,0.1385744036,2.0192719162
0.00142,0.00142,0.1539715596,0.1385744036,2.8197879494
0.00142,0.00142,0.1539715596,0.1385744036,3.9376589236
0.00142,0.00142,0.1539715596,0.1385744036,5.498696383
0.00142,0.00142,0.1539715596,0.1385744036,7.6785883437
0.00142,0.00142,0.1539715596,0.1385744036,10.7226722201
0.00142,0.00142,0.1539715596,0.1385744036,14.9735464897
0.00142,0.00142,0.1539715596,0.1385744036,20.9096286705
0.00142,0.00142,0.1539715596,0.1385744036,29.1989991443
0.00142,0.00142,0.1539715596,0.1385744036,40.7745907144
0.00142,0.00142,0.1539715596,0.1385744036,56.9391861586
0.00142,0.00142,0.1539715596,0.1385744036,79.5120407981
0.00142,0.00142,0.1539715596,0.1385744036,111.0336318168
0.00142,0.00142,0.1539715596,0.1385744036,155.0515779833
0.00142,0.00142,0.1539715596,0.1385744036,216.5199088036
0.00142,0.00142,0.1539715596,0.1385744036,302.3566191205
0.00142,0.00142,0.1539715596,0.1385744036,422.2222595195
0.00142,0.00142,0.1539715596,0.1385744036,589.6071895242
0.00142,0.00142,0.1539715596,0.1385744036,823.3498592289
0.00142,0.00142,0.1539715596,0.1385744036,1149.7569953977
0.00142,0.00142,0.1539715596,0.1385744036,1605.5643098112
0.00142,0.00142,0.1539715596,0.1385744036,2242.0709447806
0.00142,0.00142,0.1539715596,0.1385744036,3130.912969796
0.00142,0.00142,0.1539715596,0.1385744036,4372.1257113904
0.00142,0.00142,0.1539715596,0.1385744036,6105.4022965853
0.00142,0.00142,0.1539715596,0.1462729816,0.1
0.00142,0.00142,0.1539715596,0.1462729816,0.1396437957
0.00142,0.00142,0.1539715596,0.1462729816,0.1950038968
0.00142,0.00142,0.1539715596,0.1462729816,0.2723108433
0.00142,0.00142,0.1539715596,0.1462729816,0.3802651977
0.00142,0.00142,0.1539715596,0.1462729816,0.5310167558
0.00142,0.00142,0.1539715596,0.1462729816,0.7415319537
0.00142,0.00142,0.1539715596,0.1462729816,1.0355033665
0.00142,0.00142,0.1539715596,0.1462729816,1.4460162057
0.00142,0.00142,0.1539715596,0.1462729816,2.0192719162
0.00142,0.00142,0.1539715596,0.1462729816,2.8197879494
0.00142,0.00142,0.1539715596,0.1462729816,3.9376589236
0.00142,0.00142,0.1539715596,0.1462729816,5.498696383
0.00142,0.00142,0.1539715596,0.1462729816,7.6785883437
0.00142,0.00142,0.1539715596,0.1462729816,10.7226722201
0.00142,0.00142,0.1539715596,0.1462729816,14.9735464897
0.00142,0.00142,0.1539715596,0.1462729816,20.9096286705
0.00142,0.00142,0.1539715596,0.1462729816,29.1989991443
0.00142,0.00142,0.1539715596,0.1462729816,40.7745907144
0.00142,0.00142,0.1539715596,0.1462729816,56.9391861586
0.00142,0.00142,0.1539715596,0.1462729816,79.5120407981
0.00142,0.00142,0.1539715596,0.1462729816,111.0336318168
0.00142,0.00142,0.1539715596,0.1462729816,155.0515779833
0.00142,0.00142,0.1539715596,0.1462729816,216.5199088036
0.00142,0.00142,0.1539715596,0.1462729816,302.3566191205
0.00142,0.00142,0.1539715596,0.1462729816,422.2222595195
0.00142,0.00142,0.1539715596,0.1462729816,589.6071895242
0.00142,0.00142,0.1539715596,0.1462729816,823.3498592289
0.00142,0.00142,0.1539715596,0.1462729816,1149.7569953977
0.00142,0.00142,0.1539715596,0.1462729816,1605.5643098112
0.00142,0.00142,0.1539715596,0.1462729816,2242.0709447806
0.00142,0.00142,0.1539715596,0.1462729816,3130.912969796
0.00142,0.00142,0.1539715596,0.1462729816,4372.1257113904
0.00142,0.00142,0.1539715596,0.1462729816,6105.4022965853
0.00142,0.00142,0.1539715596,0.152431844,0.1
0.00142,0.00142,0.1539715596,0.152431844,0.1396437957
0.00142,0.00142,0.1539715596,0.152431844,0.1950038968
0.00142,0.00142,0.1539715596,0.152431844,0.2723108433
0.00142,0.00142,0.1539715596,0.152431844,0.3802651977
0.00142,0.00142,0.1539715596,0.152431844,0.5310167558
0.00142,0.00142,0.1539715596,0.152431844,0.7415319537
0.00142,0.00142,0.1539715596,0.152431844,1.0355033665
0.00142,0.00142,0.1539715596,0.152431844,1.4460162057
0.00142,0.00142,0.1539715596,0.152431844,2.0192719162
0.00142,0.00142,0.1539715596,0.152431844,2.8197879494
0.00142,0.00142,0.1539715596,0.152431844,3.9376589236
0.00142,0.00142,0.1539715596,0.152431844,5.498696383
0.00142,0.00142,0.1539715596,0.152431844,7.6785883437
0.00142,0.00142,0.1539715596,0.152431844,10.7226722201
0.00142,0.00142,0.1539715596,0.152431844,14.9735464897
0.00142,0.00142,0.1539715596,0.152431844,20.9096286705
0.00142,0.00142,0.1539715596,0.152431844,29.1989991443
0.00142,0.00142,0.1539715596,0.152431844,40.7745907144
0.00142,0.00142,0.1539715596,0.152431844,56.9391861586
0.00142,0.00142,0.1539715596,0.152431844,79.5120407981
0.00142,0.00142,0.1539715596,0.152431844,111.0336318168
0.00142,0.00142,0.1539715596,0.152431844,155.0515779833
0.00142,0.00142,0.1539715596,0.152431844,216.5199088036
0.00142,0.00142,0.1539715596,0.152431844,302.3566191205
0.00142,0.00142,0.1539715596,0.152431844,422.2222595195
0.00142,0.00142,0.1539715596,0.152431844,589.6071895242
0.00142,0.00142,0.1539715596,0.152431844,823.3498592289
0.00142,0.00142,0.1539715596,0.152431844,1149.7569953977
0.00142,0.00142,0.1539715596,0.152431844,1605.5643098112
0.00142,0.00142,0.1539715596,0.152431844,2242.0709447806
0.00142,0.00142,0.1539715596,0.152431844,3130.912969796
0.00142,0.00142,0.1539715596,0.152431844,4372.1257113904
0.00142,0.00142,0.1539715596,0.152431844,6105.4022965853
0.00142,0.00142,0.1715144188,0.1029086513,0.1
0.00142,0.00142,0.1715144188,0.1029086513,0.1396437957
0.00142,0.00142,0.1715144188,0.1029086513,0.1950038968
0.00142,0.00142,0.1715144188,0.1029086513,0.2723108433
0.00142,0.00142,0.1715144188,0.1029086513,0.3802651977
0.00142,0.00142,0.1715144188,0.1029086513,0.5310167558
0.00142,0.00142,0.1715144188,0.1029086513,0.7415319537
0.00142,0.00142,0.1715144188,0.1029086513,1.0355033665
0.00142,0.00142,0.1715144188,0.1029086513,1.4460162057
0.00142,0.00142,0.1715144188,0.1029086513,2.0192719162
0.00142,0.00142,0.1715144188,0.1029086513,2.8197879494
0.00142,0.00142,0.1715144188,0.1029086513,3.9376589236
0.00142,0.00142,0.1715144188,0.1029086513,5.498696383
0.00142,0.00142,0.1715144188,0.1029086513,7.6785883437
0.00142,0.00142,0.1715144188,0.1029086513,10.7226722201
0.00142,0.00142,0.1715144188,0.1029086513,14.9735464897
0.00142,0.00142,0.1715144188,0.1029086513,20.9096286705
0.00142,0.00142,0.1715144188,0.1029086513,29.1989991443
0.00142,0.00142,0.1715144188,0.1029086513,40.7745907144
0.00142,0.00142,0.1715144188,0.1029086513,56.9391861586
0.00142,0.00142,0.1715144188,0.1029086513,79.5120407981
0.00142,0.00142,0.1715144188,0.1029086513,111.0336318168
0.00142,0.00142,0.1715144188,0.1029086513,155.0515779833
0.00142,0.00142,0.1715144188,0.1029086513,216.5199088036
0.00142,0.00142,0.1715144188,0.1029086513,302.3566191205
0.00142,0.00142,0.1715144188,0.1029086513,422.2222595195
0.00142,0.00142,0.1715144188,0.1029086513,589.6071895242
0.00142,0.00142,0.1715144188,0.1029086513,823.3498592289
0.00142,0.00142,0.1715144188,0.1029086513,1149.7569953977
0.00142,0.00142,0.1715144188,0.1029086513,1605.5643098112
0.00142,0.00142,0.1715144188,0.1029086513,2242.0709447806
0.00142,0.00142,0.1715144188,0.1029086513,3130.912969796
0.00142,0.00142,0.1715144188,0.1029086513,4372.1257113904
0.00142,0.00142,0.1715144188,0.1029086513,6105.4022965853
0.00142,0.00142,0.1715144188,0.1114843722,0.1
0.00142,0.00142,0.1715144188,0.1114843722,0.1396437957
0.00142,0.00142,0.1715144188,0.1114843722,0.1950038968
0.00142,0.00142,0.1715144188,0.1114843722,0.2723108433
0.00142,0.00142,0.1715144188,0.1114843722,0.3802651977
0.00142,0.00142,0.1715144188,0.1114843722,0.5310167558
0.00142,0.00142,0.1715144188,0.1114843722,0.7415319537
0.00142,0.00142,0.1715144188,0.1114843722,1.0355033665
0.00142,0.00142,0.1715144188,0.1114843722,1.4460162057
0.00142,0.00142,0.1715144188,0.1114843722,2.0192719162
0.00142,0.00142,0.1715144188,0.1114843722,2.8197879494
0.00142,0.00142,0.1715144188,0.1114843722,3.9376589236
0.00142,0.00142,0.1715144188,0.1114843722,5.498696383
0.00142,0.00142,0.1715144188,0.1114843722,7.6785883437
0.00142,0.00142,0.1715144188,0.1114843722,10.7226722201
0.00142,0.00142,0.1715144188,0.1114843722,14.9735464897
0.00142,0.00142,0.1715144188,0.1114843722,20.9096286705
0.00142,0.00142,0.1715144188,0.1114843722,29.1989991443
0.00142,0.00142,0.1715144188,0.1114843722,40.7745907144
0.00142,0.00142,0.1715144188,0.1114843722,56.9391861586
0.00142,0.00142,0.1715144188,0.1114843722,79.5120407981
0.00142,0.00142,0.1715144188,0.1114843722,111.0336318168
0.00142,0.00142,0.1715144188,0.1114843722,155.0515779833
0.00142,0.00142,0.1715144188,0.1114843722,216.5199088036
0.00142,0.00142,0.1715144188,0.1114843722,302.3566191205
0.00142,0.00142,0.1715144188,0.1114843722,422.2222595195
0.00142,0.00142,0.1715144188,0.1114843722,589.6071895242
0.00142,0.00142,0.1715144188,0.1114843722,823.3498592289
0.00142,0.00142,0.1715144188,0.1114843722,1149.7569953977
0.00142,0.00142,0.1715144188,0.1114843722,1605.5643098112
0.00142,0.00142,0.1715144188,0.1114843722,2242.0709447806
0.00142,0.00142,0.1715144188,0.1114843722,3130.912969796
0.00142,0.00142,0.1715144188,0.1114843722,4372.1257113904
0.00142,0.00142,0.1715144188,0.1114843722,6105.4022965853
0.00142,0.00142,0.1715144188,0.1200600931,0.1
0.00142,0.00142,0.1715144188,0.1200600931,0.1396437957
0.00142,0.00142,0.1715144188,0.1200600931,0.1950038968
0.00142,0.00142,0.1715144188,0.1200600931,0.2723108433
0.00142,0.00142,0.1715144188,0.1200600931,0.3802651977
0.00142,0.00142,0.1715144188,0.1200600931,0.5310167558
0.00142,0.00142,0.1715144188,0.1200600931,0.7415319537
0.00142,0.00142,0.1715144188,0.1200600931,1.0355033665
0.00142,0.00142,0.1715144188,0.1200600931,1.4460162057
0.00142,0.00142,0.1715144188,0.1200600931,2.0192719162
0.00142,0.00142,0.1715144188,0.1200600931,2.8197879494
0.00142,0.00142,0.1715144188,0.1200600931,3.9376589236
0.00142,0.00142,0.1715144188,0.1200600931,5.498696383
0.00142,0.00142,0.1715144188,0.1200600931,7.6785883437
0.00142,0.00142,0.1715144188,0.1200600931,10.7226722201
0.00142,0.00142,0.1715144188,0.1200600931,14.9735464897
0.00142,0.00142,0.1715144188,0.1200600931,20.9096286705
0.00142,0.00142,0.1715144188,0.1200600931,29.1989991443
0.00142,0.00142,0.1715144188,0.1200600931,40.7745907144
0.00142,0.00142,0.1715144188,0.1200600931,56.9391861586
0.00142,0.00142,0.1715144188,0.1200600931,79.5120407981
0.00142,0.00142,0.1715144188,0.1200600931,111.0336318168
0.00142,0.00142,0.1715144188,0.1200600931,155.0515779833
0.00142,0.00142,0.1715144188,0.1200600931,216.5199088036
0.00142,0.00142,0.1715144188,0.1200600931,302.3566191205
0.00142,0.00142,0.1715144188,0.1200600931,422.2222595195
0.00142,0.00142,0.1715144188,0.1200600931,589.6071895242
0.00142,0.00142,0.1715144188,0.1200600931,823.3498592289
0.00142,0.00142,0.1715144188,0.1200600931,1149.7569953977
0.00142,0.00142,0.1715144188,0.1200600931,1605.5643098112
0.00142,0.00142,0.1715144188,0.1200600931,2242.0709447806
0.00142,0.00142,0.1715144188,0.1200600931,3130.912969796
0.00142,0.00142,0.1715144188,0.1200600931,4372.1257113904
0.00142,0.00142,0.1715144188,0.1200600931,6105.4022965853
0.00142,0.00142,0.1715144188,0.1286358141,0.1
0.00142,0.00142,0.1715144188,0.1286358141,0.1396437957
0.00142,0.00142,0.1715144188,0.1286358141,0.1950038968
0.00142,0.00142,0.1715144188,0.1286358141,0.2723108433
0.00142,0.00142,0.1715144188,0.1286358141,0.3802651977
0.00142,0.00142,0.1715144188,0.1286358141,0.5310167558
0.00142,0.00142,0.1715144188,0.1286358141,0.7415319537
0.00142,0.00142,0.1715144188,0.1286358141,1.0355033665
0.00142,0.00142,0.1715144188,0.1286358141,1.4460162057
0.00142,0.00142,0.1715144188,0.1286358141,2.0192719162
0.00142,0.00142,0.1715144188,0.1286358141,2.8197879494
0.00142,0.00142,0.1715144188,0.1286358141,3.9376589236
0.00142,0.00142,0.1715144188,0.1286358141,5.498696383
0.00142,0.00142,0.1715144188,0.1286358141,7.6785883437
0.00142,0.00142,0.1715144188,0.1286358141,10.7226722201
0.00142,0.00142,0.1715144188,0.1286358141,14.9735464897
0.00142,0.00142,0.1715144188,0.1286358141,20.9096286705
0.00142,0.00142,0.1715144188,0.1286358141,29.1989991443
0.00142,0.00142,0.1715144188,0.1286358141,40.7745907144
0.00142,0.00142,0.1715144188,0.1286358141,56.9391861586
0.00142,0.00142,0.1715144188,0.1286358141,79.5120407981
0.00142,0.00142,0.1715144188,0.1286358141,111.0336318168
0.00142,0.00142,0.1715144188,0.1286358141,155.0515779833
0.00142,0.00142,0.1715144188,0.1286358141,216.5199088036
0.00142,0.00142,0.1715144188,0.1286358141,302.3566191205
0.00142,0.00142,0.1715144188,0.1286358141,422.2222595195
0.00142,0.00142,0.1715144188,0.1286358141,589.6071895242
0.00142,0.00142,0.1715144188,0.1286358141,823.3498592289
0.00142,0.00142,0.1715144188,0.1286358141,1149.7569953977
0.00142,0.00142,0.1715144188,0.1286358141,1605.5643098112
0.00142,0.00142,0.1715144188,0.1286358141,2242.0709447806
0.00142,0.00142,0.1715144188,0.1286358141,3130.912969796
0.00142,0.00142,0.1715144188,0.1286358141,4372.1257113904
0.00142,0.00142,0.1715144188,0.1286358141,6105.4022965853
0.00142,0.00142,0.1715144188,0.137211535,0.1
0.00142,0.00142,0.1715144188,0.137211535,0.1396437957
0.00142,0.00142,0.1715144188,0.137211535,0.1950038968
0.00142,0.00142,0.1715144188,0.137211535,0.2723108433
0.00142,0.00142,0.1715144188,0.137211535,0.3802651977
0.00142,0.00142,0.1715144188,0.137211535,0.5310167558
0.00142,0.00142,0.1715144188,0.137211535,0.7415319537
0.00142,0.00142,0.1715144188,0.137211535,1.0355033665
0.00142,0.00142,0.1715144188,0.137211535,1.4460162057
0.00142,0.00142,0.1715144188,0.137211535,2.0192719162
0.00142,0.00142,0.1715144188,0.137211535,2.8197879494
0.00142,0.00142,0.1715144188,0.137211535,3.9376589236
0.00142,0.00142,0.1715144188,0.137211535,5.498696383
0.00142,0.00142,0.1715144188,0.137211535,7.6785883437
0.00142,0.00142,0.1715144188,0.137211535,10.7226722201
0.00142,0.00142,0.1715144188,0.137211535,14.9735464897
0.00142,0.00142,0.1715144188,0.137211535,20.9096286705
0.00142,0.00142,0.1715144188,0.137211535,29.1989991443
0.00142,0.00142,0.1715144188,0.137211535,40.7745907144
0.00142,0.00142,0.1715144188,0.137211535,56.9391861586
0.00142,0.00142,0.1715144188,0.137211535,79.5120407981
0.00142,0.00142,0.1715144188,0.137211535,111.0336318168
0.00142,0.00142,0.1715144188,0.137211535,155.0515779833
0.00142,0.00142,0.1715144188,0.137211535,216.5199088036
0.00142,0.00142,0.1715144188,0.137211535,302.3566191205
0.00142,0.00142,0.1715144188,0.137211535,422.2222595195
0.00142,0.00142,0.1715144188,0.137211535,589.6071895242
0.00142,0.00142,0.1715144188,0.137211535,823.3498592289
0.00142,0.00142,0.1715144188,0.137211535,1149.7569953977
0.00142,0.00142,0.1715144188,0.137211535,1605.5643098112
0.00142,0.00142,0.1715144188,0.137211535,2242.0709447806
0.00142,0.00142,0.1715144188,0.137211535,3130.912969796
0.00142,0.00142,0.1715144188,0.137211535,4372.1257113904
0.00142,0.00142,0.1715144188,0.137211535,6105.4022965853
0.00142,0.00142,0.1715144188,0.1457872559,0.1
0.00142,0.00142,0.1715144188,0.1457872559,0.1396437957
0.00142,0.00142,0.1715144188,0.1457872559,0.1950038968
0.00142,0.00142,0.1715144188,0.1457872559,0.2723108433
0.00142,0.00142,0.1715144188,0.1457872559,0.3802651977
0.00142,0.00142,0.1715144188,0.1457872559,0.5310167558
0.00142,0.00142,0.1715144188,0.1457872559,0.7415319537
0.00142,0.00142,0.1715144188,0.1457872559,1.0355033665
0.00142,0.00142,0.1715144188,0.1457872559,1.4460162057
0.00142,0.00142,0.1715144188,0.1457872559,2.0192719162
0.00142,0.00142,0.1715144188,0.1457872559,2.8197879494
0.00142,0.00142,0.1715144188,0.1457872559,3.9376589236
0.00142,0.00142,0.1715144188,0.1457872559,5.498696383
0.00142,0.00142,0.1715144188,0.1457872559,7.6785883437
0.00142,0.00142,0.1715144188,0.1457872559,10.7226722201
0.00142,0.00142,0.1715144188,0.1457872559,14.9735464897
0.00142,0.00142,0.1715144188,0.1457872559,20.9096286705
0.00142,0.00142,0.1715144188,0.1457872559,29.1989991443
0.00142,0.00142,0.1715144188,0.1457872559,40.7745907144
0.00142,0.00142,0.1715144188,0.1457872559,56.9391861586
0.00142,0.00142,0.1715144188,0.1457872559,79.5120407981
0.00142,0.00142,0.1715144188,0.1457872559,111.0336318168
0.00142,0.00142,0.1715144188,0.1457872559,155.0515779833
0.00142,0.00142,0.1715144188,0.1457872559,216.5199088036
0.00142,0.00142,0.1715144188,0.1457872559,302.3566191205
0.00142,0.00142,0.1715144188,0.1457872559,422.2222595195
0.00142,0.00142,0.1715144188,0.1457872559,589.6071895242
0.00142,0.00142,0.1715144188,0.1457872559,823.3498592289
0.00142,0.00142,0.1715144188,0.1457872559,1149.7569953977
0.00142,0.00142,0.1715144188,0.1457872559,1605.5643098112
0.00142,0.00142,0.1715144188,0.1457872559,2242.0709447806
0.00142,0.00142,0.1715144188,0.1457872559,3130.912969796
0.00142,0.00142,0.1715144188,0.1457872559,4372.1257113904
0.00142,0.00142,0.1715144188,0.1457872559,6105.4022965853
0.00142,0.00142,0.1715144188,0.1543629769,0.1
0.00142,0.00142,0.1715144188,0.1543629769,0.1396437957
0.00142,0.00142,0.1715144188,0.1543629769,0.1950038968
0.00142,0.00142,0.1715144188,0.1543629769,0.2723108433
0.00142,0.00142,0.1715144188,0.1543629769,0.3802651977
0.00142,0.00142,0.1715144188,0.1543629769,0.5310167558
0.00142,0.00142,0.1715144188,0.1543629769,0.7415319537
0.00142,0.00142,0.1715144188,0.1543629769,1.0355033665
0.00142,0.00142,0.1715144188,0.1543629769,1.4460162057
0.00142,0.00142,0.1715144188,0.1543629769,2.0192719162
0.00142,0.00142,0.1715144188,0.1543629769,2.8197879494
0.00142,0.00142,0.1715144188,0.1543629769,3.9376589236
0.00142,0.00142,0.1715144188,0.1543629769,5.498696383
0.00142,0.00142,0.1715144188,0.1543629769,7.6785883437
0.00142,0.00142,0.1715144188,0.1543629769,10.7226722201
0.00142,0.00142,0.1715144188,0.1543629769,14.9735464897
0.00142,0.00142,0.1715144188,0.1543629769,20.9096286705
0.00142,0.00142,0.1715144188,0.1543629769,29.1989991443
0.00142,0.00142,0.1715144188,0.1543629769,40.7745907144
0.00142,0.00142,0.1715144188,0.1543629769,56.9391861586
0.00142,0.00142,0.1715144188,0.1543629769,79.5120407981
0.00142,0.00142,0.1715144188,0.1543629769,111.0336318168
0.00142,0.00142,0.1715144188,0.1543629769,155.0515779833
0.00142,0.00142,0.1715144188,0.1543629769,216.5199088036
0.00142,0.00142,0.1715144188,0.1543629769,302.3566191205
0.00142,0.00142,0.1715144188,0.1543629769,422.2222595195
0.00142,0.00142,0.1715144188,0.1543629769,589.6071895242
0.00142,0.00142,0.1715144188,0.1543629769,823.3498592289
0.00142,0.00142,0.1715144188,0.1543629769,1149.7569953977
0.00142,0.00142,0.1715144188,0.1543629769,1605.5643098112
0.00142,0.00142,0.1715144188,0.1543629769,2242.0709447806
0.00142,0.00142,0.1715144188,0.1543629769,3130.912969796
0.00142,0.00142,0.1715144188,0.1543629769,4372.1257113904
0.00142,0.00142,0.1715144188,0.1543629769,6105.4022965853
0.00142,0.00142,0.1715144188,0.1629386978,0.1
0.00142,0.00142,0.1715144188,0.1629386978,0.1396437957
0.00142,0.00142,0.1715144188,0.1629386978,0.1950038968
0.00142,0.00142,0.1715144188,0.1629386978,0.2723108433
0.00142,0.00142,0.1715144188,0.1629386978,0.3802651977
0.00142,0.00142,0.1715144188,0.1629386978,0.5310167558
0.00142,0.00142,0.1715144188,0.1629386978,0.7415319537
0.00142,0.00142,0.1715144188,0.1629386978,1.0355033665
0.00142,0.00142,0.1715144188,0.1629386978,1.4460162057
0.00142,0.00142,0.1715144188,0.1629386978,2.0192719162
0.00142,0.00142,0.1715144188,0.1629386978,2.8197879494
0.00142,0.00142,0.1715144188,0.1629386978,3.9376589236
0.00142,0.00142,0.1715144188,0.1629386978,5.498696383
0.00142,0.00142,0.1715144188,0.1629386978,7.6785883437
0.00142,0.00142,0.1715144188,0.1629386978,10.7226722201
0.00142,0.00142,0.1715144188,0.1629386978,14.9735464897
0.00142,0.00142,0.1715144188,0.1629386978,20.9096286705
0.00142,0.00142,0.1715144188,0.1629386978,29.1989991443
0.00142,0.00142,0.1715144188,0.1629386978,40.7745907144
0.00142,0.00142,0.1715144188,0.1629386978,56.9391861586
0.00142,0.00142,0.1715144188,0.1629386978,79.5120407981
0.00142,0.00142,0.1715144188,0.1629386978,111.0336318168
0.00142,0.00142,0.1715144188,0.1629386978,155.0515779833
0.00142,0.00142,0.1715144188,0.1629386978,216.5199088036
0.00142,0.00142,0.1715144188,0.1629386978,302.3566191205
0.00142,0.00142,0.1715144188,0.1629386978,422.2222595195
0.00142,0.00142,0.1715144188,0.1629386978,589.6071895242
0.00142,0.00142,0.1715144188,0.1629386978,823.3498592289
0.00142,0.00142,0.1715144188,0.1629386978,1149.7569953977
0.00142,0.00142,0.1715144188,0.1629386978,1605.5643098112
0.00142,0.00142,0.1715144188,0.1629386978,2242.0709447806
0.00142,0.00142,0.1715144188,0.1629386978,3130.912969796
0.00142,0.00142,0.1715144188,0.1629386978,4372.1257113904
0.00142,0.00142,0.1715144188,0.1629386978,6105.4022965853
0.00142,0.00142,0.1715144188,0.1697992746,0.1
0.00142,0.00142,0.1715144188,0.1697992746,0.1396437957
0.00142,0.00142,0.1715144188,0.1697992746,0.1950038968
0.00142,0.00142,0.1715144188,0.1697992746,0.2723108433
0.00142,0.00142,0.1715144188,0.1697992746,0.3802651977
0.00142,0.00142,0.1715144188,0.1697992746,0.5310167558
0.00142,0.00142,0.1715144188,0.1697992746,0.7415319537
0.00142,0.00142,0.1715144188,0.1697992746,1.0355033665
0.00142,0.00142,0.1715144188,0.1697992746,1.4460162057
0.00142,0.00142,0.1715144188,0.1697992746,2.0192719162
0.00142,0.00142,0.1715144188,0.1697992746,2.8197879494
0.00142,0.00142,0.1715144188,0.1697992746,3.9376589236
0.00142,0.00142,0.1715144188,0.1697992746,5.498696383
0.00142,0.00142,0.1715144188,0.1697992746,7.6785883437
0.00142,0.00142,0.1715144188,0.1697992746,10.7226722201
0.00142,0.00142,0.1715144188,0.1697992746,14.9735464897
0.00142,0.00142,0.1715144188,0.1697992746,20.9096286705
0.00142,0.00142,0.1715144188,0.1697992746,29.1989991443
0.00142,0.00142,0.1715144188,0.1697992746,40.7745907144
0.00142,0.00142,0.1715144188,0.1697992746,56.9391861586
0.00142,0.00142,0.1715144188,0.1697992746,79.5120407981
0.00142,0.00142,0.1715144188,0.1697992746,111.0336318168
0.00142,0.00142,0.1715144188,0.1697992746,155.0515779833
0.00142,0.00142,0.1715144188,0.1697992746,216.5199088036
0.00142,0.00142,0.1715144188,0.1697992746,302.3566191205
0.00142,0.00142,0.1715144188,0.1697992746,422.2222595195
0.00142,0.00142,0.1715144188,0.1697992746,589.6071895242
0.00142,0.00142,0.1715144188,0.1697992746,823.3498592289
0.00142,0.00142,0.1715144188,0.1697992746,1149.7569953977
0.00142,0.00142,0.1715144188,0.1697992746,1605.5643098112
0.00142,0.00142,0.1715144188,0.1697992746,2242.0709447806
0.00142,0.00142,0.1715144188,0.1697992746,3130.912969796
0.00142,0.00142,0.1715144188,0.1697992746,4372.1257113904
0.00142,0.00142,0.1715144188,0.1697992746,6105.4022965853
0.00142,0.00142,0.1910560361,0.1050808199,0.1
0.00142,0.00142,0.1910560361,0.1050808199,0.1396437957
0.00142,0.00142,0.1910560361,0.1050808199,0.1950038968
0.00142,0.00142,0.1910560361,0.1050808199,0.2723108433
0.00142,0.00142,0.1910560361,0.1050808199,0.3802651977
0.00142,0.00142,0.1910560361,0.1050808199,0.5310167558
0.00142,0.00142,0.1910560361,0.1050808199,0.7415319537
0.00142,0.00142,0.1910560361,0.1050808199,1.0355033665
0.00142,0.00142,0.1910560361,0.1050808199,1.4460162057
0.00142,0.00142,0.1910560361,0.1050808199,2.0192719162
0.00142,0.00142,0.1910560361,0.1050808199,2.8197879494
0.00142,0.00142,0.1910560361,0.1050808199,3.9376589236
0.00142,0.00142,0.1910560361,0.1050808199,5.498696383
0.00142,0.00142,0.1910560361,0.1050808199,7.6785883437
0.00142,0.00142,0.1910560361,0.1050808199,10.7226722201
0.00142,0.00142,0.1910560361,0.1050808199,14.9735464897
0.00142,0.00142,0.1910560361,0.1050808199,20.9096286705
0.00142,0.00142,0.1910560361,0.1050808199,29.1989991443
0.00142,0.00142,0.1910560361,0.1050808199,40.7745907144
0.00142,0.00142,0.1910560361,0.1050808199,56.9391861586
0.00142,0.00142,0.1910560361,0.1050808199,79.5120407981
0.00142,0.00142,0.1910560361,0.1050808199,111.0336318168
0.00142,0.00142,0.1910560361,0.1050808199,155.0515779833
0.00142,0.00142,0.1910560361,0.1050808199,216.5199088036
0.00142,0.00142,0.1910560361,0.1050808199,302.3566191205
0.00142,0.00142,0.1910560361,0.1050808199,422.2222595195
0.00142,0.00142,0.1910560361,0.1050808199,589.6071895242
0.00142,0.00142,0.1910560361,0.1050808199,823.3498592289
0.00142,0.00142,0.1910560361,0.1050808199,1149.7569953977
0.00142,0.00142,0.1910560361,0.1050808199,1605.5643098112
0.00142,0.00142,0.1910560361,0.1050808199,2242.0709447806
0.00142,0.00142,0.1910560361,0.1050808199,3130.912969796
0.00142,0.00142,0.1910560361,0.1050808199,4372.1257113904
0.00142,0.00142,0.1910560361,0.1050808199,6105.4022965853
0.00142,0.00142,0.1910560361,0.1146336217,0.1
0.00142,0.00142,0.1910560361,0.1146336217,0.1396437957
0.00142,0.00142,0.1910560361,0.1146336217,0.1950038968
0.00142,0.00142,0.1910560361,0.1146336217,0.2723108433
0.00142,0.00142,0.1910560361,0.1146336217,0.3802651977
0.00142,0.00142,0.1910560361,0.1146336217,0.5310167558
0.00142,0.00142,0.1910560361,0.1146336217,0.7415319537
0.00142,0.00142,0.1910560361,0.1146336217,1.0355033665
0.00142,0.00142,0.1910560361,0.1146336217,1.4460162057
0.00142,0.00142,0.1910560361,0.1146336217,2.0192719162
0.00142,0.00142,0.1910560361,0.1146336217,2.8197879494
0.00142,0.00142,0.1910560361,0.1146336217,3.9376589236
0.00142,0.00142,0.1910560361,0.1146336217,5.498696383
0.00142,0.00142,0.1910560361,0.1146336217,7.6785883437
0.00142,0.00142,0.1910560361,0.1146336217,10.7226722201
0.00142,0.00142,0.1910560361,0.1146336217,14.9735464897
0.00142,0.00142,0.1910560361,0.1146336217,20.9096286705
0.00142,0.00142,0.1910560361,0.1146336217,29.1989991443
0.00142,0.00142,0.1910560361,0.1146336217,40.7745907144
0.00142,0.00142,0.1910560361,0.1146336217,56.9391861586
0.00142,0.00142,0.1910560361,0.1146336217,79.5120407981
0.00142,0.00142,0.1910560361,0.1146336217,111.0336318168
0.00142,0.00142,0.1910560361,0.1146336217,155.0515779833
0.00142,0.00142,0.1910560361,0.1146336217,216.5199088036
0.00142,0.00142,0.1910560361,0.1146336217,302.3566191205
0.00142,0.00142,0.1910560361,0.1146336217,422.2222595195
0.00142,0.00142,0.1910560361,0.1146336217,589.6071895242
0.00142,0.00142,0.1910560361,0.1146336217,823.3498592289
0.00142,0.00142,0.1910560361,0.1146336217,1149.7569953977
0.00142,0.00142,0.1910560361,0.1146336217,1605.5643098112
0.00142,0.00142,0.1910560361,0.1146336217,2242.0709447806
0.00142,0.00142,0.1910560361,0.1146336217,3130.912969796
0.00142,0.00142,0.1910560361,0.1146336217,4372.1257113904
0.00142,0.00142,0.1910560361,0.1146336217,6105.4022965853
0.00142,0.00142,0.1910560361,0.1241864235,0.1
0.00142,0.00142,0.1910560361,0.1241864235,0.1396437957
0.00142,0.00142,0.1910560361,0.1241864235,0.1950038968
0.00142,0.00142,0.1910560361,0.1241864235,0.2723108433
0.00142,0.00142,0.1910560361,0.1241864235,0.3802651977
0.00142,0.00142,0.1910560361,0.1241864235,0.5310167558
0.00142,0.00142,0.1910560361,0.1241864235,0.7415319537
0.00142,0.00142,0.1910560361,0.1241864235,1.0355033665
0.00142,0.00142,0.1910560361,0.1241864235,1.4460162057
0.00142,0.00142,0.1910560361,0.1241864235,2.0192719162
0.00142,0.00142,0.1910560361,0.1241864235,2.8197879494
0.00142,0.00142,0.1910560361,0.1241864235,3.9376589236
0.00142,0.00142,0.1910560361,0.1241864235,5.498696383
0.00142,0.00142,0.1910560361,0.1241864235,7.6785883437
0.00142,0.00142,0.1910560361,0.1241864235,10.7226722201
0.00142,0.00142,0.1910560361,0.1241864235,14.9735464897
0.00142,0.00142,0.1910560361,0.1241864235,20.9096286705
0.00142,0.00142,0.1910560361,0.1241864235,29.1989991443
0.00142,0.00142,0.1910560361,0.1241864235,40.7745907144
0.00142,0.00142,0.1910560361,0.1241864235,56.9391861586
0.00142,0.00142,0.1910560361,0.1241864235,79.5120407981
0.00142,0.00142,0.1910560361,0.1241864235,111.0336318168
0.00142,0.00142,0.1910560361,0.1241864235,155.0515779833
0.00142,0.00142,0.1910560361,0.1241864235,216.5199088036
0.00142,0.00142,0.1910560361,0.1241864235,302.3566191205
0.00142,0.00142,0.1910560361,0.1241864235,422.2222595195
0.00142,0.00142,0.1910560361,0.1241864235,589.6071895242
0.00142,0.00142,0.1910560361,0.1241864235,823.3498592289
0.00142,0.00142,0.1910560361,0.1241864235,1149.7569953977
0.00142,0.00142,0.1910560361,0.1241864235,1605.5643098112
0.00142,0.00142,0.1910560361,0.1241864235,2242.0709447806
0.00142,0.00142,0.1910560361,0.1241864235,3130.912969796
0.00142,0.00142,0.1910560361,0.1241864235,4372.1257113904
0.00142,0.00142,0.1910560361,0.1241864235,6105.4022965853
0.00142,0.00142,0.1910560361,0.1337392253,0.1
0.00142,0.00142,0.1910560361,0.1337392253,0.1396437957
0.00142,0.00142,0.1910560361,0.1337392253,0.1950038968
0.00142,0.00142,0.1910560361,0.1337392253,0.2723108433
0.00142,0.00142,0.1910560361,0.1337392253,0.3802651977
0.00142,0.00142,0.1910560361,0.1337392253,0.5310167558
0.00142,0.00142,0.1910560361,0.1337392253,0.7415319537
0.00142,0.00142,0.1910560361,0.1337392253,1.0355033665
0.00142,0.00142,0.1910560361,0.1337392253,1.4460162057
0.00142,0.00142,0.1910560361,0.1337392253,2.0192719162
0.00142,0.00142,0.1910560361,0.1337392253,2.8197879494
0.00142,0.00142,0.1910560361,0.1337392253,3.9376589236
0.00142,0.00142,0.1910560361,0.1337392253,5.498696383
0.00142,0.00142,0.1910560361,0.1337392253,7.6785883437
0.00142,0.00142,0.1910560361,0.1337392253,10.7226722201
0.00142,0.00142,0.1910560361,0.1337392253,14.9735464897
0.00142,0.00142,0.1910560361,0.1337392253,20.9096286705
0.00142,0.00142,0.1910560361,0.1337392253,29.1989991443
0.00142,0.00142,0.1910560361,0.1337392253,40.7745907144
0.00142,0.00142,0.1910560361,0.1337392253,56.9391861586
0.00142,0.00142,0.1910560361,0.1337392253,79.5120407981
0.00142,0.00142,0.1910560361,0.1337392253,111.0336318168
0.00142,0.00142,0.1910560361,0.1337392253,155.0515779833
0.00142,0.00142,0.1910560361,0.1337392253,216.5199088036
0.00142,0.00142,0.1910560361,0.1337392253,302.3566191205
0.00142,0.00142,0.1910560361,0.1337392253,422.2222595195
0.00142,0.00142,0.1910560361,0.1337392253,589.6071895242
0.00142,0.00142,0.1910560361,0.1337392253,823.3498592289
0.00142,0.00142,0.1910560361,0.1337392253,1149.7569953977
0.00142,0.00142,0.1910560361,0.1337392253,1605.5643098112
0.00142,0.00142,0.1910560361,0.1337392253,2242.0709447806
0.00142,0.00142,0.1910560361,0.1337392253,3130.912969796
0.00142,0.00142,0.1910560361,0.1337392253,4372.1257113904
0.00142,0.00142,0.1910560361,0.1337392253,6105.4022965853
0.00142,0.00142,0.1910560361,0.1432920271,0.1
0.00142,0.00142,0.1910560361,0.1432920271,0.1396437957
0.00142,0.00142,0.1910560361,0.1432920271,0.1950038968
0.00142,0.00142,0.1910560361,0.1432920271,0.2723108433
0.00142,0.00142,0.1910560361,0.1432920271,0.3802651977
0.00142,0.00142,0.1910560361,0.1432920271,0.5310167558
0.00142,0.00142,0.1910560361,0.1432920271,0.7415319537
0.00142,0.00142,0.1910560361,0.1432920271,1.0355033665
0.00142,0.00142,0.1910560361,0.1432920271,1.4460162057
0.00142,0.00142,0.1910560361,0.1432920271,2.0192719162
0.00142,0.00142,0.1910560361,0.1432920271,2.8197879494
0.00142,0.00142,0.1910560361,0.1432920271,3.9376589236
0.00142,0.00142,0.1910560361,0.1432920271,5.498696383
0.00142,0.00142,0.1910560361,0.1432920271,7.6785883437
0.00142,0.00142,0.1910560361,0.1432920271,10.7226722201
0.00142,0.00142,0.1910560361,0.1432920271,14.9735464897
0.00142,0.00142,0.1910560361,0.1432920271,20.9096286705
0.00142,0.00142,0.1910560361,0.1432920271,29.1989991443
0.00142,0.00142,0.1910560361,0.1432920271,40.7745907144
0.00142,0.00142,0.1910560361,0.1432920271,56.9391861586
0.00142,0.00142,0.1910560361,0.1432920271,79.5120407981
0.00142,0.00142,0.1910560361,0.1432920271,111.0336318168
0.00142,0.00142,0.1910560361,0.1432920271,155.0515779833
0.00142,0.00142,0.1910560361,0.1432920271,216.5199088036
0.00142,0.00142,0.1910560361,0.1432920271,302.3566191205
0.00142,0.00142,0.1910560361,0.1432920271,422.2222595195
0.00142,0.00142,0.1910560361,0.1432920271,589.6071895242
0.00142,0.00142,0.1910560361,0.1432920271,823.3498592289
0.00142,0.00142,0.1910560361,0.1432920271,1149.7569953977
0.00142,0.00142,0.1910560361,0.1432920271,1605.5643098112
0.00142,0.00142,0.1910560361,0.1432920271,2242.0709447806
0.00142,0.00142,0.1910560361,0.1432920271,3130.912969796
0.00142,0.00142,0.1910560361,0.1432920271,4372.1257113904
0.00142,0.00142,0.1910560361,0.1432920271,6105.4022965853
0.00142,0.00142,0.1910560361,0.1528448289,0.1
0.00142,0.00142,0.1910560361,0.1528448289,0.1396437957
0.00142,0.00142,0.1910560361,0.1528448289,0.1950038968
0.00142,0.00142,0.1910560361,0.1528448289,0.2723108433
0.00142,0.00142,0.1910560361,0.1528448289,0.3802651977
0.00142,0.00142,0.1910560361,0.1528448289,0.5310167558
0.00142,0.00142,0.1910560361,0.1528448289,0.7415319537
0.00142,0.00142,0.1910560361,0.1528448289,1.0355033665
0.00142,0.00142,0.1910560361,0.1528448289,1.4460162057
0.00142,0.00142,0.1910560361,0.1528448289,2.0192719162
0.00142,0.00142,0.1910560361,0.1528448289,2.8197879494
0.00142,0.00142,0.1910560361,0.1528448289,3.9376589236
0.00142,0.00142,0.1910560361,0.1528448289,5.498696383
0.00142,0.00142,0.1910560361,0.1528448289,7.6785883437
0.00142,0.00142,0.1910560361,0.1528448289,10.7226722201
0.00142,0.00142,0.1910560361,0.1528448289,14.9735464897
0.00142,0.00142,0.1910560361,0.1528448289,20.9096286705
0.00142,0.00142,0.1910560361,0.1528448289,29.1989991443
0.00142,0.00142,0.1910560361,0.1528448289,40.7745907144
0.00142,0.00142,0.1910560361,0.1528448289,56.9391861586
0.00142,0.00142,0.1910560361,0.1528448289,79.5120407981
0.00142,0.00142,0.1910560361,0.1528448289,111.0336318168
0.00142,0.00142,0.1910560361,0.1528448289,155.0515779833
0.00142,0.00142,0.1910560361,0.1528448289,216.5199088036
0.00142,0.00142,0.1910560361,0.1528448289,302.3566191205
0.00142,0.00142,0.1910560361,0.1528448289,422.2222595195
0.00142,0.00142,0.1910560361,0.1528448289,589.6071895242
0.00142,0.00142,0.1910560361,0.1528448289,823.3498592289
0.00142,0.00142,0.1910560361,0.1528448289,1149.7569953977
0.00142,0.00142,0.1910560361,0.1528448289,1605.5643098112
0.00142,0.00142,0.1910560361,0.1528448289,2242.0709447806
0.00142,0.00142,0.1910560361,0.1528448289,3130.912969796
0.00142,0.00142,0.1910560361,0.1528448289,4372.1257113904
0.00142,0.00142,0.1910560361,0.1528448289,6105.4022965853
0.00142,0.00142,0.1910560361,0.1623976307,0.1
0.00142,0.00142,0.1910560361,0.1623976307,0.1396437957
0.00142,0.00142,0.1910560361,0.1623976307,0.1950038968
0.00142,0.00142,0.1910560361,0.1623976307,0.2723108433
0.00142,0.00142,0.1910560361,0.1623976307,0.3802651977
0.00142,0.00142,0.1910560361,0.1623976307,0.5310167558
0.00142,0.00142,0.1910560361,0.1623976307,0.7415319537
0.00142,0.00142,0.1910560361,0.1623976307,1.0355033665
0.00142,0.00142,0.1910560361,0.1623976307,1.4460162057
0.00142,0.00142,0.1910560361,0.1623976307,2.0192719162
0.00142,0.00142,0.1910560361,0.1623976307,2.8197879494
0.00142,0.00142,0.1910560361,0.1623976307,3.9376589236
0.00142,0.00142,0.1910560361,0.1623976307,5.498696383
0.00142,0.00142,0.1910560361,0.1623976307,7.6785883437
0.00142,0.00142,0.1910560361,0.1623976307,10.7226722201
0.00142,0.00142,0.1910560361,0.1623976307,14.9735464897
0.00142,0.00142,0.1910560361,0.1623976307,20.9096286705
0.00142,0.00142,0.1910560361,0.1623976307,29.1989991443
0.00142,0.00142,0.1910560361,0.1623976307,40.7745907144
0.00142,0.00142,0.1910560361,0.1623976307,56.9391861586
0.00142,0.00142,0.1910560361,0.1623976307,79.5120407981
0.00142,0.00142,0.1910560361,0.1623976307,111.0336318168
0.00142,0.00142,0.1910560361,0.1623976307,155.0515779833
0.00142,0.00142,0.1910560361,0.1623976307,216.5199088036
0.00142,0.00142,0.1910560361,0.1623976307,302.3566191205
0.00142,0.00142,0.1910560361,0.1623976307,422.2222595195
0.00142,0.00142,0.1910560361,0.1623976307,589.6071895242
0.00142,0.00142,0.1910560361,0.1623976307,823.3498592289
0.00142,0.00142,0.1910560361,0.1623976307,1149.7569953977
0.00142,0.00142,0.1910560361,0.1623976307,1605.5643098112
0.00142,0.00142,0.1910560361,0.1623976307,2242.0709447806
0.00142,0.00142,0.1910560361,0.1623976307,3130.912969796
0.00142,0.00142,0.1910560361,0.1623976307,4372.1257113904
0.00142,0.00142,0.1910560361,0.1623976307,6105.4022965853
0.00142,0.00142,0.1910560361,0.1719504325,0.1
0.00142,0.00142,0.1910560361,0.1719504325,0.1396437957
0.00142,0.00142,0.1910560361,0.1719504325,0.1950038968
0.00142,0.00142,0.1910560361,0.1719504325,0.2723108433
0.00142,0.00142,0.1910560361,0.1719504325,0.3802651977
0.00142,0.00142,0.1910560361,0.1719504325,0.5310167558
0.00142,0.00142,0.1910560361,0.1719504325,0.7415319537
0.00142,0.00142,0.1910560361,0.1719504325,1.0355033665
0.00142,0.00142,0.1910560361,0.1719504325,1.4460162057
0.00142,0.00142,0.1910560361,0.1719504325,2.0192719162
0.00142,0.00142,0.1910560361,0.1719504325,2.8197879494
0.00142,0.00142,0.1910560361,0.1719504325,3.9376589236
0.00142,0.00142,0.1910560361,0.1719504325,5.498696383
0.00142,0.00142,0.1910560361,0.1719504325,7.6785883437
0.00142,0.00142,0.1910560361,0.1719504325,10.7226722201
0.00142,0.00142,0.1910560361,0.1719504325,14.9735464897
0.00142,0.00142,0.1910560361,0.1719504325,20.9096286705
0.00142,0.00142,0.1910560361,0.1719504325,29.1989991443
0.00142,0.00142,0.1910560361,0.1719504325,40.7745907144
0.00142,0.00142,0.1910560361,0.1719504325,56.9391861586
0.00142,0.00142,0.1910560361,0.1719504325,79.5120407981
0.00142,0.00142,0.1910560361,0.1719504325,111.0336318168
0.00142,0.00142,0.1910560361,0.1719504325,155.0515779833
0.00142,0.00142,0.1910560361,0.1719504325,216.5199088036
0.00142,0.00142,0.1910560361,0.1719504325,302.3566191205
0.00142,0.00142,0.1910560361,0.1719504325,422.2222595195
0.00142,0.00142,0.1910560361,0.1719504325,589.6071895242
0.00142,0.00142,0.1910560361,0.1719504325,823.3498592289
0.00142,0.00142,0.1910560361,0.1719504325,1149.7569953977
0.00142,0.00142,0.1910560361,0.1719504325,1605.5643098112
0.00142,0.00142,0.1910560361,0.1719504325,2242.0709447806
0.00142,0.00142,0.1910560361,0.1719504325,3130.912969796
0.00142,0.00142,0.1910560361,0.1719504325,4372.1257113904
0.00142,0.00142,0.1910560361,0.1719504325,6105.4022965853
0.00142,0.00142,0.1910560361,0.1815032343,0.1
0.00142,0.00142,0.1910560361,0.1815032343,0.1396437957
0.00142,0.00142,0.1910560361,0.1815032343,0.1950038968
0.00142,0.00142,0.1910560361,0.1815032343,0.2723108433
0.00142,0.00142,0.1910560361,0.1815032343,0.3802651977
0.00142,0.00142,0.1910560361,0.1815032343,0.5310167558
0.00142,0.00142,0.1910560361,0.1815032343,0.7415319537
0.00142,0.00142,0.1910560361,0.1815032343,1.0355033665
0.00142,0.00142,0.1910560361,0.1815032343,1.4460162057
0.00142,0.00142,0.1910560361,0.1815032343,2.0192719162
0.00142,0.00142,0.1910560361,0.1815032343,2.8197879494
0.00142,0.00142,0.1910560361,0.1815032343,3.9376589236
0.00142,0.00142,0.1910560361,0.1815032343,5.498696383
0.00142,0.00142,0.1910560361,0.1815032343,7.6785883437
0.00142,0.00142,0.1910560361,0.1815032343,10.7226722201
0.00142,0.00142,0.1910560361,0.1815032343,14.9735464897
0.00142,0.00142,0.1910560361,0.1815032343,20.9096286705
0.00142,0.00142,0.1910560361,0.1815032343,29.1989991443
0.00142,0.00142,0.1910560361,0.1815032343,40.7745907144
0.00142,0.00142,0.1910560361,0.1815032343,56.9391861586
0.00142,0.00142,0.1910560361,0.1815032343,79.5120407981
0.00142,0.00142,0.1910560361,0.1815032343,111.0336318168
0.00142,0.00142,0.1910560361,0.1815032343,155.0515779833
0.00142,0.00142,0.1910560361,0.1815032343,216.5199088036
0.00142,0.00142,0.1910560361,0.1815032343,302.3566191205
0.00142,0.00142,0.1910560361,0.1815032343,422.2222595195
0.00142,0.00142,0.1910560361,0.1815032343,589.6071895242
0.00142,0.00142,0.1910560361,0.1815032343,823.3498592289
0.00142,0.00142,0.1910560361,0.1815032343,1149.7569953977
0.00142,0.00142,0.1910560361,0.1815032343,1605.5643098112
0.00142,0.00142,0.1910560361,0.1815032343,2242.0709447806
0.00142,0.00142,0.1910560361,0.1815032343,3130.912969796
0.00142,0.00142,0.1910560361,0.1815032343,4372.1257113904
0.00142,0.00142,0.1910560361,0.1815032343,6105.4022965853
0.00142,0.00142,0.1910560361,0.1891454757,0.1
0.00142,0.00142,0.1910560361,0.1891454757,0.1396437957
0.00142,0.00142,0.1910560361,0.1891454757,0.1950038968
0.00142,0.00142,0.1910560361,0.1891454757,0.2723108433
0.00142,0.00142,0.1910560361,0.1891454757,0.3802651977
0.00142,0.00142,0.1910560361,0.1891454757,0.5310167558
0.00142,0.00142,0.1910560361,0.1891454757,0.7415319537
0.00142,0.00142,0.1910560361,0.1891454757,1.0355033665
0.00142,0.00142,0.1910560361,0.1891454757,1.4460162057
0.00142,0.00142,0.1910560361,0.1891454757,2.0192719162
0.00142,0.00142,0.1910560361,0.1891454757,2.8197879494
0.00142,0.00142,0.1910560361,0.1891454757,3.9376589236
0.00142,0.00142,0.1910560361,0.1891454757,5.498696383
0.00142,0.00142,0.1910560361,0.1891454757,7.6785883437
0.00142,0.00142,0.1910560361,0.1891454757,10.7226722201
0.00142,0.00142,0.1910560361,0.1891454757,14.9735464897
0.00142,0.00142,0.1910560361,0.1891454757,20.9096286705
0.00142,0.00142,0.1910560361,0.1891454757,29.1989991443
0.00142,0.00142,0.1910560361,0.1891454757,40.7745907144
0.00142,0.00142,0.1910560361,0.1891454757,56.9391861586
0.00142,0.00142,0.1910560361,0.1891454757,79.5120407981
0.00142,0.00142,0.1910560361,0.1891454757,111.0336318168
0.00142,0.00142,0.1910560361,0.1891454757,155.0515779833
0.00142,0.00142,0.1910560361,0.1891454757,216.5199088036
0.00142,0.00142,0.1910560361,0.1891454757,302.3566191205
0.00142,0.00142,0.1910560361,0.1891454757,422.2222595195
0.00142,0.00142,0.1910560361,0.1891454757,589.6071895242
0.00142,0.00142,0.1910560361,0.1891454757,823.3498592289
0.00142,0.00142,0.1910560361,0.1891454757,1149.7569953977
0.00142,0.00142,0.1910560361,0.1891454757,1605.5643098112
0.00142,0.00142,0.1910560361,0.1891454757,2242.0709447806
0.00142,0.00142,0.1910560361,0.1891454757,3130.912969796
0.00142,0.00142,0.1910560361,0.1891454757,4372.1257113904
0.00142,0.00142,0.1910560361,0.1891454757,6105.4022965853
0.00142,0.00142,0.2128241415,0.1064120708,0.1
0.00142,0.00142,0.2128241415,0.1064120708,0.1396437957
0.00142,0.00142,0.2128241415,0.1064120708,0.1950038968
0.00142,0.00142,0.2128241415,0.1064120708,0.2723108433
0.00142,0.00142,0.2128241415,0.1064120708,0.3802651977
0.00142,0.00142,0.2128241415,0.1064120708,0.5310167558
0.00142,0.00142,0.2128241415,0.1064120708,0.7415319537
0.00142,0.00142,0.2128241415,0.1064120708,1.0355033665
0.00142,0.00142,0.2128241415,0.1064120708,1.4460162057
0.00142,0.00142,0.2128241415,0.1064120708,2.0192719162
0.00142,0.00142,0.2128241415,0.1064120708,2.8197879494
0.00142,0.00142,0.2128241415,0.1064120708,3.9376589236
0.00142,0.00142,0.2128241415,0.1064120708,5.498696383
0.00142,0.00142,0.2128241415,0.1064120708,7.6785883437
0.00142,0.00142,0.2128241415,0.1064120708,10.7226722201
0.00142,0.00142,0.2128241415,0.1064120708,14.9735464897
0.00142,0.00142,0.2128241415,0.1064120708,20.9096286705
0.00142,0.00142,0.2128241415,0.1064120708,29.1989991443
0.00142,0.00142,0.2128241415,0.1064120708,40.7745907144
0.00142,0.00142,0.2128241415,0.1064120708,56.9391861586
0.00142,0.00142,0.2128241415,0.1064120708,79.5120407981
0.00142,0.00142,0.2128241415,0.1064120708,111.0336318168
0.00142,0.00142,0.2128241415,0.1064120708,155.0515779833
0.00142,0.00142,0.2128241415,0.1064120708,216.5199088036
0.00142,0.00142,0.2128241415,0.1064120708,302.3566191205
0.00142,0.00142,0.2128241415,0.1064120708,422.2222595195
0.00142,0.00142,0.2128241415,0.1064120708,589.6071895242
0.00142,0.00142,0.2128241415,0.1064120708,823.3498592289
0.00142,0.00142,0.2128241415,0.1064120708,1149.7569953977
0.00142,0.00142,0.2128241415,0.1064120708,1605.5643098112
0.00142,0.00142,0.2128241415,0.1064120708,2242.0709447806
0.00142,0.00142,0.2128241415,0.1064120708,3130.912969796
0.00142,0.00142,0.2128241415,0.1064120708,4372.1257113904
0.00142,0.00142,0.2128241415,0.1064120708,6105.4022965853
0.00142,0.00142,0.2128241415,0.1170532778,0.1
0.00142,0.00142,0.2128241415,0.1170532778,0.1396437957
0.00142,0.00142,0.2128241415,0.1170532778,0.1950038968
0.00142,0.00142,0.2128241415,0.1170532778,0.2723108433
0.00142,0.00142,0.2128241415,0.1170532778,0.3802651977
0.00142,0.00142,0.2128241415,0.1170532778,0.5310167558
0.00142,0.00142,0.2128241415,0.1170532778,0.7415319537
0.00142,0.00142,0.2128241415,0.1170532778,1.0355033665
0.00142,0.00142,0.2128241415,0.1170532778,1.4460162057
0.00142,0.00142,0.2128241415,0.1170532778,2.0192719162
0.00142,0.00142,0.2128241415,0.1170532778,2.8197879494
0.00142,0.00142,0.2128241415,0.1170532778,3.9376589236
0.00142,0.00142,0.2128241415,0.1170532778,5.498696383
0.00142,0.00142,0.2128241415,0.1170532778,7.6785883437
0.00142,0.00142,0.2128241415,0.1170532778,10.7226722201
0.00142,0.00142,0.2128241415,0.1170532778,14.9735464897
0.00142,0.00142,0.2128241415,0.1170532778,20.9096286705
0.00142,0.00142,0.2128241415,0.1170532778,29.1989991443
0.00142,0.00142,0.2128241415,0.1170532778,40.7745907144
0.00142,0.00142,0.2128241415,0.1170532778,56.9391861586
0.00142,0.00142,0.2128241415,0.1170532778,79.5120407981
0.00142,0.00142,0.2128241415,0.1170532778,111.0336318168
0.00142,0.00142,0.2128241415,0.1170532778,155.0515779833
0.00142,0.00142,0.2128241415,0.1170532778,216.5199088036
0.00142,0.00142,0.2128241415,0.1170532778,302.3566191205
0.00142,0.00142,0.2128241415,0.1170532778,422.2222595195
0.00142,0.00142,0.2128241415,0.1170532778,589.6071895242
0.00142,0.00142,0.2128241415,0.1170532778,823.3498592289
0.00142,0.00142,0.2128241415,0.1170532778,1149.7569953977
0.00142,0.00142,0.2128241415,0.1170532778,1605.5643098112
0.00142,0.00142,0.2128241415,0.1170532778,2242.0709447806
0.00142,0.00142,0.2128241415,0.1170532778,3130.912969796
0.00142,0.00142,0.2128241415,0.1170532778,4372.1257113904
0.00142,0.00142,0.2128241415,0.1170532778,6105.4022965853
0.00142,0.00142,0.2128241415,0.1276944849,0.1
0.00142,0.00142,0.2128241415,0.1276944849,0.1396437957
0.00142,0.00142,0.2128241415,0.1276944849,0.1950038968
0.00142,0.00142,0.2128241415,0.1276944849,0.2723108433
0.00142,0.00142,0.2128241415,0.1276944849,0.3802651977
0.00142,0.00142,0.2128241415,0.1276944849,0.5310167558
0.00142,0.00142,0.2128241415,0.1276944849,0.7415319537
0.00142,0.00142,0.2128241415,0.1276944849,1.0355033665
0.00142,0.00142,0.2128241415,0.1276944849,1.4460162057
0.00142,0.00142,0.2128241415,0.1276944849,2.0192719162
0.00142,0.00142,0.2128241415,0.1276944849,2.8197879494
0.00142,0.00142,0.2128241415,0.1276944849,3.9376589236
0.00142,0.00142,0.2128241415,0.1276944849,5.498696383
0.00142,0.00142,0.2128241415,0.1276944849,7.6785883437
0.00142,0.00142,0.2128241415,0.1276944849,10.7226722201
0.00142,0.00142,0.2128241415,0.1276944849,14.9735464897
0.00142,0.00142,0.2128241415,0.1276944849,20.9096286705
0.00142,0.00142,0.2128241415,0.1276944849,29.1989991443
0.00142,0.00142,0.2128241415,0.1276944849,40.7745907144
0.00142,0.00142,0.2128241415,0.1276944849,56.9391861586
0.00142,0.00142,0.2128241415,0.1276944849,79.5120407981
0.00142,0.00142,0.2128241415,0.1276944849,111.0336318168
0.00142,0.00142,0.2128241415,0.1276944849,155.0515779833
0.00142,0.00142,0.2128241415,0.1276944849,216.5199088036
0.00142,0.00142,0.2128241415,0.1276944849,302.3566191205
0.00142,0.00142,0.2128241415,0.1276944849,422.2222595195
0.00142,0.00142,0.2128241415,0.1276944849,589.6071895242
0.00142,0.00142,0.2128241415,0.1276944849,823.3498592289
0.00142,0.00142,0.2128241415,0.1276944849,1149.7569953977
0.00142,0.00142,0.2128241415,0.1276944849,1605.5643098112
0.00142,0.00142,0.2128241415,0.1276944849,2242.0709447806
0.00142,0.00142,0.2128241415,0.1276944849,3130.912969796
0.00142,0.00142,0.2128241415,0.1276944849,4372.1257113904
0.00142,0.00142,0.2128241415,0.1276944849,6105.4022965853
0.00142,0.00142,0.2128241415,0.138335692,0.1
0.00142,0.00142,0.2128241415,0.138335692,0.1396437957
0.00142,0.00142,0.2128241415,0.138335692,0.1950038968
0.00142,0.00142,0.2128241415,0.138335692,0.2723108433
0.00142,0.00142,0.2128241415,0.138335692,0.3802651977
0.00142,0.00142,0.2128241415,0.138335692,0.5310167558
0.00142,0.00142,0.2128241415,0.138335692,0.7415319537
0.00142,0.00142,0.2128241415,0.138335692,1.0355033665
0.00142,0.00142,0.2128241415,0.138335692,1.4460162057
0.00142,0.00142,0.2128241415,0.138335692,2.0192719162
0.00142,0.00142,0.2128241415,0.138335692,2.8197879494
0.00142,0.00142,0.2128241415,0.138335692,3.9376589236
0.00142,0.00142,0.2128241415,0.138335692,5.498696383
0.00142,0.00142,0.2128241415,0.138335692,7.6785883437
0.00142,0.00142,0.2128241415,0.138335692,10.7226722201
0.00142,0.00142,0.2128241415,0.138335692,14.9735464897
0.00142,0.00142,0.2128241415,0.138335692,20.9096286705
0.00142,0.00142,0.2128241415,0.138335692,29.1989991443
0.00142,0.00142,0.2128241415,0.138335692,40.7745907144
0.00142,0.00142,0.2128241415,0.138335692,56.9391861586
0.00142,0.00142,0.2128241415,0.138335692,79.5120407981
0.00142,0.00142,0.2128241415,0.138335692,111.0336318168
0.00142,0.00142,0.2128241415,0.138335692,155.0515779833
0.00142,0.00142,0.2128241415,0.138335692,216.5199088036
0.00142,0.00142,0.2128241415,0.138335692,302.3566191205
0.00142,0.00142,0.2128241415,0.138335692,422.2222595195
0.00142,0.00142,0.2128241415,0.138335692,589.6071895242
0.00142,0.00142,0.2128241415,0.138335692,823.3498592289
0.00142,0.00142,0.2128241415,0.138335692,1149.7569953977
0.00142,0.00142,0.2128241415,0.138335692,1605.5643098112
0.00142,0.00142,0.2128241415,0.138335692,2242.0709447806
0.00142,0.00142,0.2128241415,0.138335692,3130.912969796
0.00142,0.00142,0.2128241415,0.138335692,4372.1257113904
0.00142,0.00142,0.2128241415,0.138335692,6105.4022965853
0.00142,0.00142,0.2128241415,0.1489768991,0.1
0.00142,0.00142,0.2128241415,0.1489768991,0.1396437957
0.00142,0.00142,0.2128241415,0.1489768991,0.1950038968
0.00142,0.00142,0.2128241415,0.1489768991,0.2723108433
0.00142,0.00142,0.2128241415,0.1489768991,0.3802651977
0.00142,0.00142,0.2128241415,0.1489768991,0.5310167558
0.00142,0.00142,0.2128241415,0.1489768991,0.7415319537
0.00142,0.00142,0.2128241415,0.1489768991,1.0355033665
0.00142,0.00142,0.2128241415,0.1489768991,1.4460162057
0.00142,0.00142,0.2128241415,0.1489768991,2.0192719162
0.00142,0.00142,0.2128241415,0.1489768991,2.8197879494
0.00142,0.00142,0.2128241415,0.1489768991,3.9376589236
0.00142,0.00142,0.2128241415,0.1489768991,5.498696383
0.00142,0.00142,0.2128241415,0.1489768991,7.6785883437
0.00142,0.00142,0.2128241415,0.1489768991,10.7226722201
0.00142,0.00142,0.2128241415,0.1489768991,14.9735464897
0.00142,0.00142,0.2128241415,0.1489768991,20.9096286705
0.00142,0.00142,0.2128241415,0.1489768991,29.1989991443
0.00142,0.00142,0.2128241415,0.1489768991,40.7745907144
0.00142,0.00142,0.2128241415,0.1489768991,56.9391861586
0.00142,0.00142,0.2128241415,0.1489768991,79.5120407981
0.00142,0.00142,0.2128241415,0.1489768991,111.0336318168
0.00142,0.00142,0.2128241415,0.1489768991,155.0515779833
0.00142,0.00142,0.2128241415,0.1489768991,216.5199088036
0.00142,0.00142,0.2128241415,0.1489768991,302.3566191205
0.00142,0.00142,0.2128241415,0.1489768991,422.2222595195
0.00142,0.00142,0.2128241415,0.1489768991,589.6071895242
0.00142,0.00142,0.2128241415,0.1489768991,823.3498592289
0.00142,0.00142,0.2128241415,0.1489768991,1149.7569953977
0.00142,0.00142,0.2128241415,0.1489768991,1605.5643098112
0.00142,0.00142,0.2128241415,0.1489768991,2242.0709447806
0.00142,0.00142,0.2128241415,0.1489768991,3130.912969796
0.00142,0.00142,0.2128241415,0.1489768991,4372.1257113904
0.00142,0.00142,0.2128241415,0.1489768991,6105.4022965853
0.00142,0.00142,0.2128241415,0.1596181061,0.1
0.00142,0.00142,0.2128241415,0.1596181061,0.1396437957
0.00142,0.00142,0.2128241415,0.1596181061,0.1950038968
0.00142,0.00142,0.2128241415,0.1596181061,0.2723108433
0.00142,0.00142,0.2128241415,0.1596181061,0.3802651977
0.00142,0.00142,0.2128241415,0.1596181061,0.5310167558
0.00142,0.00142,0.2128241415,0.1596181061,0.7415319537
0.00142,0.00142,0.2128241415,0.1596181061,1.0355033665
0.00142,0.00142,0.2128241415,0.1596181061,1.4460162057
0.00142,0.00142,0.2128241415,0.1596181061,2.0192719162
0.00142,0.00142,0.2128241415,0.1596181061,2.8197879494
0.00142,0.00142,0.2128241415,0.1596181061,3.9376589236
0.00142,0.00142,0.2128241415,0.1596181061,5.498696383
0.00142,0.00142,0.2128241415,0.1596181061,7.6785883437
0.00142,0.00142,0.2128241415,0.1596181061,10.7226722201
0.00142,0.00142,0.2128241415,0.1596181061,14.9735464897
0.00142,0.00142,0.2128241415,0.1596181061,20.9096286705
0.00142,0.00142,0.2128241415,0.1596181061,29.1989991443
0.00142,0.00142,0.2128241415,0.1596181061,40.7745907144
0.00142,0.00142,0.2128241415,0.1596181061,56.9391861586
0.00142,0.00142,0.2128241415,0.1596181061,79.5120407981
0.00142,0.00142,0.2128241415,0.1596181061,111.0336318168
0.00142,0.00142,0.2128241415,0.1596181061,155.0515779833
0.00142,0.00142,0.2128241415,0.1596181061,216.5199088036
0.00142,0.00142,0.2128241415,0.1596181061,302.3566191205
0.00142,0.00142,0.2128241415,0.1596181061,422.2222595195
0.00142,0.00142,0.2128241415,0.1596181061,589.6071895242
0.00142,0.00142,0.2128241415,0.1596181061,823.3498592289
0.00142,0.00142,0.2128241415,0.1596181061,1149.7569953977
0.00142,0.00142,0.2128241415,0.1596181061,1605.5643098112
0.00142,0.00142,0.2128241415,0.1596181061,2242.0709447806
0.00142,0.00142,0.2128241415,0.1596181061,3130.912969796
0.00142,0.00142,0.2128241415,0.1596181061,4372.1257113904
0.00142,0.00142,0.2128241415,0.1596181061,6105.4022965853
0.00142,0.00142,0.2128241415,0.1702593132,0.1
0.00142,0.00142,0.2128241415,0.1702593132,0.1396437957
0.00142,0.00142,0.2128241415,0.1702593132,0.1950038968
0.00142,0.00142,0.2128241415,0.1702593132,0.2723108433
0.00142,0.00142,0.2128241415,0.1702593132,0.3802651977
0.00142,0.00142,0.2128241415,0.1702593132,0.5310167558
0.00142,0.00142,0.2128241415,0.1702593132,0.7415319537
0.00142,0.00142,0.2128241415,0.1702593132,1.0355033665
0.00142,0.00142,0.2128241415,0.1702593132,1.4460162057
0.00142,0.00142,0.2128241415,0.1702593132,2.0192719162
0.00142,0.00142,0.2128241415,0.1702593132,2.8197879494
0.00142,0.00142,0.2128241415,0.1702593132,3.9376589236
0.00142,0.00142,0.2128241415,0.1702593132,5.498696383
0.00142,0.00142,0.2128241415,0.1702593132,7.6785883437
0.00142,0.00142,0.2128241415,0.1702593132,10.7226722201
0.00142,0.00142,0.2128241415,0.1702593132,14.9735464897
0.00142,0.00142,0.2128241415,0.1702593132,20.9096286705
0.00142,0.00142,0.2128241415,0.1702593132,29.1989991443
0.00142,0.00142,0.2128241415,0.1702593132,40.7745907144
0.00142,0.00142,0.2128241415,0.1702593132,56.9391861586
0.00142,0.00142,0.2128241415,0.1702593132,79.5120407981
0.00142,0.00142,0.2128241415,0.1702593132,111.0336318168
0.00142,0.00142,0.2128241415,0.1702593132,155.0515779833
0.00142,0.00142,0.2128241415,0.1702593132,216.5199088036
0.00142,0.00142,0.2128241415,0.1702593132,302.3566191205
0.00142,0.00142,0.2128241415,0.1702593132,422.2222595195
0.00142,0.00142,0.2128241415,0.1702593132,589.6071895242
0.00142,0.00142,0.2128241415,0.1702593132,823.3498592289
0.00142,0.00142,0.2128241415,0.1702593132,1149.7569953977
0.00142,0.00142,0.2128241415,0.1702593132,1605.5643098112
0.00142,0.00142,0.2128241415,0.1702593132,2242.0709447806
0.00142,0.00142,0.2128241415,0.1702593132,3130.912969796
0.00142,0.00142,0.2128241415,0.1702593132,4372.1257113904
0.00142,0.00142,0.2128241415,0.1702593132,6105.4022965853
0.00142,0.00142,0.2128241415,0.1809005203,0.1
0.00142,0.00142,0.2128241415,0.1809005203,0.1396437957
0.00142,0.00142,0.2128241415,0.1809005203,0.1950038968
0.00142,0.00142,0.2128241415,0.1809005203,0.2723108433
0.00142,0.00142,0.2128241415,0.1809005203,0.3802651977
0.00142,0.00142,0.2128241415,0.1809005203,0.5310167558
0.00142,0.00142,0.2128241415,0.1809005203,0.7415319537
0.00142,0.00142,0.2128241415,0.1809005203,1.0355033665
0.00142,0.00142,0.2128241415,0.1809005203,1.4460162057
0.00142,0.00142,0.2128241415,0.1809005203,2.0192719162
0.00142,0.00142,0.2128241415,0.1809005203,2.8197879494
0.00142,0.00142,0.2128241415,0.1809005203,3.9376589236
0.00142,0.00142,0.2128241415,0.1809005203,5.498696383
0.00142,0.00142,0.2128241415,0.1809005203,7.6785883437
0.00142,0.00142,0.2128241415,0.1809005203,10.7226722201
0.00142,0.00142,0.2128241415,0.1809005203,14.9735464897
0.00142,0.00142,0.2128241415,0.1809005203,20.9096286705
0.00142,0.00142,0.2128241415,0.1809005203,29.1989991443
0.00142,0.00142,0.2128241415,0.1809005203,40.7745907144
0.00142,0.00142,0.2128241415,0.1809005203,56.9391861586
0.00142,0.00142,0.2128241415,0.1809005203,79.5120407981
0.00142,0.00142,0.2128241415,0.1809005203,111.0336318168
0.00142,0.00142,0.2128241415,0.1809005203,155.0515779833
0.00142,0.00142,0.2128241415,0.1809005203,216.5199088036
0.00142,0.00142,0.2128241415,0.1809005203,302.3566191205
0.00142,0.00142,0.2128241415,0.1809005203,422.2222595195
0.00142,0.00142,0.2128241415,0.1809005203,589.6071895242
0.00142,0.00142,0.2128241415,0.1809005203,823.3498592289
0.00142,0.00142,0.2128241415,0.1809005203,1149.7569953977
0.00142,0.00142,0.2128241415,0.1809005203,1605.5643098112
0.00142,0.00142,0.2128241415,0.1809005203,2242.0709447806
0.00142,0.00142,0.2128241415,0.1809005203,3130.912969796
0.00142,0.00142,0.2128241415,0.1809005203,4372.1257113904
0.00142,0.00142,0.2128241415,0.1809005203,6105.4022965853
0.00142,0.00142,0.2128241415,0.1915417274,0.1
0.00142,0.00142,0.2128241415,0.1915417274,0.1396437957
0.00142,0.00142,0.2128241415,0.1915417274,0.1950038968
0.00142,0.00142,0.2128241415,0.1915417274,0.2723108433
0.00142,0.00142,0.2128241415,0.1915417274,0.3802651977
0.00142,0.00142,0.2128241415,0.1915417274,0.5310167558
0.00142,0.00142,0.2128241415,0.1915417274,0.7415319537
0.00142,0.00142,0.2128241415,0.1915417274,1.0355033665
0.00142,0.00142,0.2128241415,0.1915417274,1.4460162057
0.00142,0.00142,0.2128241415,0.1915417274,2.0192719162
0.00142,0.00142,0.2128241415,0.1915417274,2.8197879494
0.00142,0.00142,0.2128241415,0.1915417274,3.9376589236
0.00142,0.00142,0.2128241415,0.1915417274,5.498696383
0.00142,0.00142,0.2128241415,0.1915417274,7.6785883437
0.00142,0.00142,0.2128241415,0.1915417274,10.7226722201
0.00142,0.00142,0.2128241415,0.1915417274,14.9735464897
0.00142,0.00142,0.2128241415,0.1915417274,20.9096286705
0.00142,0.00142,0.2128241415,0.1915417274,29.1989991443
0.00142,0.00142,0.2128241415,0.1915417274,40.7745907144
0.00142,0.00142,0.2128241415,0.1915417274,56.9391861586
0.00142,0.00142,0.2128241415,0.1915417274,79.5120407981
0.00142,0.00142,0.2128241415,0.1915417274,111.0336318168
0.00142,0.00142,0.2128241415,0.1915417274,155.0515779833
0.00142,0.00142,0.2128241415,0.1915417274,216.5199088036
0.00142,0.00142,0.2128241415,0.1915417274,302.3566191205
0.00142,0.00142,0.2128241415,0.1915417274,422.2222595195
0.00142,0.00142,0.2128241415,0.1915417274,589.6071895242
0.00142,0.00142,0.2128241415,0.1915417274,823.3498592289
0.00142,0.00142,0.2128241415,0.1915417274,1149.7569953977
0.00142,0.00142,0.2128241415,0.1915417274,1605.5643098112
0.00142,0.00142,0.2128241415,0.1915417274,2242.0709447806
0.00142,0.00142,0.2128241415,0.1915417274,3130.912969796
0.00142,0.00142,0.2128241415,0.1915417274,4372.1257113904
0.00142,0.00142,0.2128241415,0.1915417274,6105.4022965853
0.00142,0.00142,0.2128241415,0.2021829344,0.1
0.00142,0.00142,0.2128241415,0.2021829344,0.1396437957
0.00142,0.00142,0.2128241415,0.2021829344,0.1950038968
0.00142,0.00142,0.2128241415,0.2021829344,0.2723108433
0.00142,0.00142,0.2128241415,0.2021829344,0.3802651977
0.00142,0.00142,0.2128241415,0.2021829344,0.5310167558
0.00142,0.00142,0.2128241415,0.2021829344,0.7415319537
0.00142,0.00142,0.2128241415,0.2021829344,1.0355033665
0.00142,0.00142,0.2128241415,0.2021829344,1.4460162057
0.00142,0.00142,0.2128241415,0.2021829344,2.0192719162
0.00142,0.00142,0.2128241415,0.2021829344,2.8197879494
0.00142,0.00142,0.2128241415,0.2021829344,3.9376589236
0.00142,0.00142,0.2128241415,0.2021829344,5.498696383
0.00142,0.00142,0.2128241415,0.2021829344,7.6785883437
0.00142,0.00142,0.2128241415,0.2021829344,10.7226722201
0.00142,0.00142,0.2128241415,0.2021829344,14.9735464897
0.00142,0.00142,0.2128241415,0.2021829344,20.9096286705
0.00142,0.00142,0.2128241415,0.2021829344,29.1989991443
0.00142,0.00142,0.2128241415,0.2021829344,40.7745907144
0.00142,0.00142,0.2128241415,0.2021829344,56.9391861586
0.00142,0.00142,0.2128241415,0.2021829344,79.5120407981
0.00142,0.00142,0.2128241415,0.2021829344,111.0336318168
0.00142,0.00142,0.2128241415,0.2021829344,155.0515779833
0.00142,0.00142,0.2128241415,0.2021829344,216.5199088036
0.00142,0.00142,0.2128241415,0.2021829344,302.3566191205
0.00142,0.00142,0.2128241415,0.2021829344,422.2222595195
0.00142,0.00142,0.2128241415,0.2021829344,589.6071895242
0.00142,0.00142,0.2128241415,0.2021829344,823.3498592289
0.00142,0.00142,0.2128241415,0.2021829344,1149.7569953977
0.00142,0.00142,0.2128241415,0.2021829344,1605.5643098112
0.00142,0.00142,0.2128241415,0.2021829344,2242.0709447806
0.00142,0.00142,0.2128241415,0.2021829344,3130.912969796
0.00142,0.00142,0.2128241415,0.2021829344,4372.1257113904
0.00142,0.00142,0.2128241415,0.2021829344,6105.4022965853
0.00142,0.00142,0.2128241415,0.2106959001,0.1
0.00142,0.00142,0.2128241415,0.2106959001,0.1396437957
0.00142,0.00142,0.2128241415,0.2106959001,0.1950038968
0.00142,0.00142,0.2128241415,0.2106959001,0.2723108433
0.00142,0.00142,0.2128241415,0.2106959001,0.3802651977
0.00142,0.00142,0.2128241415,0.2106959001,0.5310167558
0.00142,0.00142,0.2128241415,0.2106959001,0.7415319537
0.00142,0.00142,0.2128241415,0.2106959001,1.0355033665
0.00142,0.00142,0.2128241415,0.2106959001,1.4460162057
0.00142,0.00142,0.2128241415,0.2106959001,2.0192719162
0.00142,0.00142,0.2128241415,0.2106959001,2.8197879494
0.00142,0.00142,0.2128241415,0.2106959001,3.9376589236
0.00142,0.00142,0.2128241415,0.2106959001,5.498696383
0.00142,0.00142,0.2128241415,0.2106959001,7.6785883437
0.00142,0.00142,0.2128241415,0.2106959001,10.7226722201
0.00142,0.00142,0.2128241415,0.2106959001,14.9735464897
0.00142,0.00142,0.2128241415,0.2106959001,20.9096286705
0.00142,0.00142,0.2128241415,0.2106959001,29.1989991443
0.00142,0.00142,0.2128241415,0.2106959001,40.7745907144
0.00142,0.00142,0.2128241415,0.2106959001,56.9391861586
0.00142,0.00142,0.2128241415,0.2106959001,79.5120407981
0.00142,0.00142,0.2128241415,0.2106959001,111.0336318168
0.00142,0.00142,0.2128241415,0.2106959001,155.0515779833
0.00142,0.00142,0.2128241415,0.2106959001,216.5199088036
0.00142,0.00142,0.2128241415,0.2106959001,302.3566191205
0.00142,0.00142,0.2128241415,0.2106959001,422.2222595195
0.00142,0.00142,0.2128241415,0.2106959001,589.6071895242
0.00142,0.00142,0.2128241415,0.2106959001,823.3498592289
0.00142,0.00142,0.2128241415,0.2106959001,1149.7569953977
0.00142,0.00142,0.2128241415,0.2106959001,1605.5643098112
0.00142,0.00142,0.2128241415,0.2106959001,2242.0709447806
0.00142,0.00142,0.2128241415,0.2106959001,3130.912969796
0.00142,0.00142,0.2128241415,0.2106959001,4372.1257113904
0.00142,0.00142,0.2128241415,0.2106959001,6105.4022965853
0.00142,0.00142,0.2370724115,0.1066825852,0.1
0.00142,0.00142,0.2370724115,0.1066825852,0.1396437957
0.00142,0.00142,0.2370724115,0.1066825852,0.1950038968
0.00142,0.00142,0.2370724115,0.1066825852,0.2723108433
0.00142,0.00142,0.2370724115,0.1066825852,0.3802651977
0.00142,0.00142,0.2370724115,0.1066825852,0.5310167558
0.00142,0.00142,0.2370724115,0.1066825852,0.7415319537
0.00142,0.00142,0.2370724115,0.1066825852,1.0355033665
0.00142,0.00142,0.2370724115,0.1066825852,1.4460162057
0.00142,0.00142,0.2370724115,0.1066825852,2.0192719162
0.00142,0.00142,0.2370724115,0.1066825852,2.8197879494
0.00142,0.00142,0.2370724115,0.1066825852,3.9376589236
0.00142,0.00142,0.2370724115,0.1066825852,5.498696383
0.00142,0.00142,0.2370724115,0.1066825852,7.6785883437
0.00142,0.00142,0.2370724115,0.1066825852,10.7226722201
0.00142,0.00142,0.2370724115,0.1066825852,14.9735464897
0.00142,0.00142,0.2370724115,0.1066825852,20.9096286705
0.00142,0.00142,0.2370724115,0.1066825852,29.1989991443
0.00142,0.00142,0.2370724115,0.1066825852,40.7745907144
0.00142,0.00142,0.2370724115,0.1066825852,56.9391861586
0.00142,0.00142,0.2370724115,0.1066825852,79.5120407981
0.00142,0.00142,0.2370724115,0.1066825852,111.0336318168
0.00142,0.00142,0.2370724115,0.1066825852,155.0515779833
0.00142,0.00142,0.2370724115,0.1066825852,216.5199088036
0.00142,0.00142,0.2370724115,0.1066825852,302.3566191205
0.00142,0.00142,0.2370724115,0.1066825852,422.2222595195
0.00142,0.00142,0.2370724115,0.1066825852,589.6071895242
0.00142,0.00142,0.2370724115,0.1066825852,823.3498592289
0.00142,0.00142,0.2370724115,0.1066825852,1149.7569953977
0.00142,0.00142,0.2370724115,0.1066825852,1605.5643098112
0.00142,0.00142,0.2370724115,0.1066825852,2242.0709447806
0.00142,0.00142,0.2370724115,0.1066825852,3130.912969796
0.00142,0.00142,0.2370724115,0.1066825852,4372.1257113904
0.00142,0.00142,0.2370724115,0.1066825852,6105.4022965853
0.00142,0.00142,0.2370724115,0.1185362058,0.1
0.00142,0.00142,0.2370724115,0.1185362058,0.1396437957
0.00142,0.00142,0.2370724115,0.1185362058,0.1950038968
0.00142,0.00142,0.2370724115,0.1185362058,0.2723108433
0.00142,0.00142,0.2370724115,0.1185362058,0.3802651977
0.00142,0.00142,0.2370724115,0.1185362058,0.5310167558
0.00142,0.00142,0.2370724115,0.1185362058,0.7415319537
0.00142,0.00142,0.2370724115,0.1185362058,1.0355033665
0.00142,0.00142,0.2370724115,0.1185362058,1.4460162057
0.00142,0.00142,0.2370724115,0.1185362058,2.0192719162
0.00142,0.00142,0.2370724115,0.1185362058,2.8197879494
0.00142,0.00142,0.2370724115,0.1185362058,3.9376589236
0.00142,0.00142,0.2370724115,0.1185362058,5.498696383
0.00142,0.00142,0.2370724115,0.1185362058,7.6785883437
0.00142,0.00142,0.2370724115,0.1185362058,10.7226722201
0.00142,0.00142,0.2370724115,0.1185362058,14.9735464897
0.00142,0.00142,0.2370724115,0.1185362058,20.9096286705
0.00142,0.00142,0.2370724115,0.1185362058,29.1989991443
0.00142,0.00142,0.2370724115,0.1185362058,40.7745907144
0.00142,0.00142,0.2370724115,0.1185362058,56.9391861586
0.00142,0.00142,0.2370724115,0.1185362058,79.5120407981
0.00142,0.00142,0.2370724115,0.1185362058,111.0336318168
0.00142,0.00142,0.2370724115,0.1185362058,155.0515779833
0.00142,0.00142,0.2370724115,0.1185362058,216.5199088036
0.00142,0.00142,0.2370724115,0.1185362058,302.3566191205
0.00142,0.00142,0.2370724115,0.1185362058,422.2222595195
0.00142,0.00142,0.2370724115,0.1185362058,589.6071895242
0.00142,0.00142,0.2370724115,0.1185362058,823.3498592289
0.00142,0.00142,0.2370724115,0.1185362058,1149.7569953977
0.00142,0.00142,0.2370724115,0.1185362058,1605.5643098112
0.00142,0.00142,0.2370724115,0.1185362058,2242.0709447806
0.00142,0.00142,0.2370724115,0.1185362058,3130.912969796
0.00142,0.00142,0.2370724115,0.1185362058,4372.1257113904
0.00142,0.00142,0.2370724115,0.1185362058,6105.4022965853
0.00142,0.00142,0.2370724115,0.1303898263,0.1
0.00142,0.00142,0.2370724115,0.1303898263,0.1396437957
0.00142,0.00142,0.2370724115,0.1303898263,0.1950038968
0.00142,0.00142,0.2370724115,0.1303898263,0.2723108433
0.00142,0.00142,0.2370724115,0.1303898263,0.3802651977
0.00142,0.00142,0.2370724115,0.1303898263,0.5310167558
0.00142,0.00142,0.2370724115,0.1303898263,0.7415319537
0.00142,0.00142,0.2370724115,0.1303898263,1.0355033665
0.00142,0.00142,0.2370724115,0.1303898263,1.4460162057
0.00142,0.00142,0.2370724115,0.1303898263,2.0192719162
0.00142,0.00142,0.2370724115,0.1303898263,2.8197879494
0.00142,0.00142,0.2370724115,0.1303898263,3.9376589236
0.00142,0.00142,0.2370724115,0.1303898263,5.498696383
0.00142,0.00142,0.2370724115,0.1303898263,7.6785883437
0.00142,0.00142,0.2370724115,0.1303898263,10.7226722201
0.00142,0.00142,0.2370724115,0.1303898263,14.9735464897
0.00142,0.00142,0.2370724115,0.1303898263,20.9096286705
0.00142,0.00142,0.2370724115,0.1303898263,29.1989991443
0.00142,0.00142,0.2370724115,0.1303898263,40.7745907144
0.00142,0.00142,0.2370724115,0.1303898263,56.9391861586
0.00142,0.00142,0.2370724115,0.1303898263,79.5120407981
0.00142,0.00142,0.2370724115,0.1303898263,111.0336318168
0.00142,0.00142,0.2370724115,0.1303898263,155.0515779833
0.00142,0.00142,0.2370724115,0.1303898263,216.5199088036
0.00142,0.00142,0.2370724115,0.1303898263,302.3566191205
0.00142,0.00142,0.2370724115,0.1303898263,422.2222595195
0.00142,0.00142,0.2370724115,0.1303898263,589.6071895242
0.00142,0.00142,0.2370724115,0.1303898263,823.3498592289
0.00142,0.00142,0.2370724115,0.1303898263,1149.7569953977
0.00142,0.00142,0.2370724115,0.1303898263,1605.5643098112
0.00142,0.00142,0.2370724115,0.1303898263,2242.0709447806
0.00142,0.00142,0.2370724115,0.1303898263,3130.912969796
0.00142,0.00142,0.2370724115,0.1303898263,4372.1257113904
0.00142,0.00142,0.2370724115,0.1303898263,6105.4022965853
0.00142,0.00142,0.2370724115,0.1422434469,0.1
0.00142,0.00142,0.2370724115,0.1422434469,0.1396437957
0.00142,0.00142,0.2370724115,0.1422434469,0.1950038968
0.00142,0.00142,0.2370724115,0.1422434469,0.2723108433
0.00142,0.00142,0.2370724115,0.1422434469,0.3802651977
0.00142,0.00142,0.2370724115,0.1422434469,0.5310167558
0.00142,0.00142,0.2370724115,0.1422434469,0.7415319537
0.00142,0.00142,0.2370724115,0.1422434469,1.0355033665
0.00142,0.00142,0.2370724115,0.1422434469,1.4460162057
0.00142,0.00142,0.2370724115,0.1422434469,2.0192719162
0.00142,0.00142,0.2370724115,0.1422434469,2.8197879494
0.00142,0.00142,0.2370724115,0.1422434469,3.9376589236
0.00142,0.00142,0.2370724115,0.1422434469,5.498696383
0.00142,0.00142,0.2370724115,0.1422434469,7.6785883437
0.00142,0.00142,0.2370724115,0.1422434469,10.7226722201
0.00142,0.00142,0.2370724115,0.1422434469,14.9735464897
0.00142,0.00142,0.2370724115,0.1422434469,20.9096286705
0.00142,0.00142,0.2370724115,0.1422434469,29.1989991443
0.00142,0.00142,0.2370724115,0.1422434469,40.7745907144
0.00142,0.00142,0.2370724115,0.1422434469,56.9391861586
0.00142,0.00142,0.2370724115,0.1422434469,79.5120407981
0.00142,0.00142,0.2370724115,0.1422434469,111.0336318168
0.00142,0.00142,0.2370724115,0.1422434469,155.0515779833
0.00142,0.00142,0.2370724115,0.1422434469,216.5199088036
0.00142,0.00142,0.2370724115,0.1422434469,302.3566191205
0.00142,0.00142,0.2370724115,0.1422434469,422.2222595195
0.00142,0.00142,0.2370724115,0.1422434469,589.6071895242
0.00142,0.00142,0.2370724115,0.1422434469,823.3498592289
0.00142,0.00142,0.2370724115,0.1422434469,1149.7569953977
0.00142,0.00142,0.2370724115,0.1422434469,1605.5643098112
0.00142,0.00142,0.2370724115,0.1422434469,2242.0709447806
0.00142,0.00142,0.2370724115,0.1422434469,3130.912969796
0.00142,0.00142,0.2370724115,0.1422434469,4372.1257113904
0.00142,0.00142,0.2370724115,0.1422434469,6105.4022965853
0.00142,0.00142,0.2370724115,0.1540970675,0.1
0.00142,0.00142,0.2370724115,0.1540970675,0.1396437957
0.00142,0.00142,0.2370724115,0.1540970675,0.1950038968
0.00142,0.00142,0.2370724115,0.1540970675,0.2723108433
0.00142,0.00142,0.2370724115,0.1540970675,0.3802651977
0.00142,0.00142,0.2370724115,0.1540970675,0.5310167558
0.00142,0.00142,0.2370724115,0.1540970675,0.7415319537
0.00142,0.00142,0.2370724115,0.1540970675,1.0355033665
0.00142,0.00142,0.2370724115,0.1540970675,1.4460162057
0.00142,0.00142,0.2370724115,0.1540970675,2.0192719162
0.00142,0.00142,0.2370724115,0.1540970675,2.8197879494
0.00142,0.00142,0.2370724115,0.1540970675,3.9376589236
0.00142,0.00142,0.2370724115,0.1540970675,5.498696383
0.00142,0.00142,0.2370724115,0.1540970675,7.6785883437
0.00142,0.00142,0.2370724115,0.1540970675,10.7226722201
0.00142,0.00142,0.2370724115,0.1540970675,14.9735464897
0.00142,0.00142,0.2370724115,0.1540970675,20.9096286705
0.00142,0.00142,0.2370724115,0.1540970675,29.1989991443
0.00142,0.00142,0.2370724115,0.1540970675,40.7745907144
0.00142,0.00142,0.2370724115,0.1540970675,56.9391861586
0.00142,0.00142,0.2370724115,0.1540970675,79.5120407981
0.00142,0.00142,0.2370724115,0.1540970675,111.0336318168
0.00142,0.00142,0.2370724115,0.1540970675,155.0515779833
0.00142,0.00142,0.2370724115,0.1540970675,216.5199088036
0.00142,0.00142,0.2370724115,0.1540970675,302.3566191205
0.00142,0.00142,0.2370724115,0.1540970675,422.2222595195
0.00142,0.00142,0.2370724115,0.1540970675,589.6071895242
0.00142,0.00142,0.2370724115,0.1540970675,823.3498592289
0.00142,0.00142,0.2370724115,0.1540970675,1149.7569953977
0.00142,0.00142,0.2370724115,0.1540970675,1605.5643098112
0.00142,0.00142,0.2370724115,0.1540970675,2242.0709447806
0.00142,0.00142,0.2370724115,0.1540970675,3130.912969796
0.00142,0.00142,0.2370724115,0.1540970675,4372.1257113904
0.00142,0.00142,0.2370724115,0.1540970675,6105.4022965853
0.00142,0.00142,0.2370724115,0.1659506881,0.1
0.00142,0.00142,0.2370724115,0.1659506881,0.1396437957
0.00142,0.00142,0.2370724115,0.1659506881,0.1950038968
0.00142,0.00142,0.2370724115,0.1659506881,0.2723108433
0.00142,0.00142,0.2370724115,0.1659506881,0.3802651977
0.00142,0.00142,0.2370724115,0.1659506881,0.5310167558
0.00142,0.00142,0.2370724115,0.1659506881,0.7415319537
0.00142,0.00142,0.2370724115,0.1659506881,1.0355033665
0.00142,0.00142,0.2370724115,0.1659506881,1.4460162057
0.00142,0.00142,0.2370724115,0.1659506881,2.0192719162
0.00142,0.00142,0.2370724115,0.1659506881,2.8197879494
0.00142,0.00142,0.2370724115,0.1659506881,3.9376589236
0.00142,0.00142,0.2370724115,0.1659506881,5.498696383
0.00142,0.00142,0.2370724115,0.1659506881,7.6785883437
0.00142,0.00142,0.2370724115,0.1659506881,10.7226722201
0.00142,0.00142,0.2370724115,0.1659506881,14.9735464897
0.00142,0.00142,0.2370724115,0.1659506881,20.9096286705
0.00142,0.00142,0.2370724115,0.1659506881,29.1989991443
0.00142,0.00142,0.2370724115,0.1659506881,40.7745907144
0.00142,0.00142,0.2370724115,0.1659506881,56.9391861586
0.00142,0.00142,0.2370724115,0.1659506881,79.5120407981
0.00142,0.00142,0.2370724115,0.1659506881,111.0336318168
0.00142,0.00142,0.2370724115,0.1659506881,155.0515779833
0.00142,0.00142,0.2370724115,0.1659506881,216.5199088036
0.00142,0.00142,0.2370724115,0.1659506881,302.3566191205
0.00142,0.00142,0.2370724115,0.1659506881,422.2222595195
0.00142,0.00142,0.2370724115,0.1659506881,589.6071895242
0.00142,0.00142,0.2370724115,0.1659506881,823.3498592289
0.00142,0.00142,0.2370724115,0.1659506881,1149.7569953977
0.00142,0.00142,0.2370724115,0.1659506881,1605.5643098112
0.00142,0.00142,0.2370724115,0.1659506881,2242.0709447806
0.00142,0.00142,0.2370724115,0.1659506881,3130.912969796
0.00142,0.00142,0.2370724115,0.1659506881,4372.1257113904
0.00142,0.00142,0.2370724115,0.1659506881,6105.4022965853
0.00142,0.00142,0.2370724115,0.1778043086,0.1
0.00142,0.00142,0.2370724115,0.1778043086,0.1396437957
0.00142,0.00142,0.2370724115,0.1778043086,0.1950038968
0.00142,0.00142,0.2370724115,0.1778043086,0.2723108433
0.00142,0.00142,0.2370724115,0.1778043086,0.3802651977
0.00142,0.00142,0.2370724115,0.1778043086,0.5310167558
0.00142,0.00142,0.2370724115,0.1778043086,0.7415319537
0.00142,0.00142,0.2370724115,0.1778043086,1.0355033665
0.00142,0.00142,0.2370724115,0.1778043086,1.4460162057
0.00142,0.00142,0.2370724115,0.1778043086,2.0192719162
0.00142,0.00142,0.2370724115,0.1778043086,2.8197879494
0.00142,0.00142,0.2370724115,0.1778043086,3.9376589236
0.00142,0.00142,0.2370724115,0.1778043086,5.498696383
0.00142,0.00142,0.2370724115,0.1778043086,7.6785883437
0.00142,0.00142,0.2370724115,0.1778043086,10.7226722201
0.00142,0.00142,0.2370724115,0.1778043086,14.9735464897
0.00142,0.00142,0.2370724115,0.1778043086,20.9096286705
0.00142,0.00142,0.2370724115,0.1778043086,29.1989991443
0.00142,0.00142,0.2370724115,0.1778043086,40.7745907144
0.00142,0.00142,0.2370724115,0.1778043086,56.9391861586
0.00142,0.00142,0.2370724115,0.1778043086,79.5120407981
0.00142,0.00142,0.2370724115,0.1778043086,111.0336318168
0.00142,0.00142,0.2370724115,0.1778043086,155.0515779833
0.00142,0.00142,0.2370724115,0.1778043086,216.5199088036
0.00142,0.00142,0.2370724115,0.1778043086,302.3566191205
0.00142,0.00142,0.2370724115,0.1778043086,422.2222595195
0.00142,0.00142,0.2370724115,0.1778043086,589.6071895242
0.00142,0.00142,0.2370724115,0.1778043086,823.3498592289
0.00142,0.00142,0.2370724115,0.1778043086,1149.7569953977
0.00142,0.00142,0.2370724115,0.1778043086,1605.5643098112
0.00142,0.00142,0.2370724115,0.1778043086,2242.0709447806
0.00142,0.00142,0.2370724115,0.1778043086,3130.912969796
0.00142,0.00142,0.2370724115,0.1778043086,4372.1257113904
0.00142,0.00142,0.2370724115,0.1778043086,6105.4022965853
0.00142,0.00142,0.2370724115,0.1896579292,0.1
0.00142,0.00142,0.2370724115,0.1896579292,0.1396437957
0.00142,0.00142,0.2370724115,0.1896579292,0.1950038968
0.00142,0.00142,0.2370724115,0.1896579292,0.2723108433
0.00142,0.00142,0.2370724115,0.1896579292,0.3802651977
0.00142,0.00142,0.2370724115,0.1896579292,0.5310167558
0.00142,0.00142,0.2370724115,0.1896579292,0.7415319537
0.00142,0.00142,0.2370724115,0.1896579292,1.0355033665
0.00142,0.00142,0.2370724115,0.1896579292,1.4460162057
0.00142,0.00142,0.2370724115,0.1896579292,2.0192719162
0.00142,0.00142,0.2370724115,0.1896579292,2.8197879494
0.00142,0.00142,0.2370724115,0.1896579292,3.9376589236
0.00142,0.00142,0.2370724115,0.1896579292,5.498696383
0.00142,0.00142,0.2370724115,0.1896579292,7.6785883437
0.00142,0.00142,0.2370724115,0.1896579292,10.7226722201
0.00142,0.00142,0.2370724115,0.1896579292,14.9735464897
0.00142,0.00142,0.2370724115,0.1896579292,20.9096286705
0.00142,0.00142,0.2370724115,0.1896579292,29.1989991443
0.00142,0.00142,0.2370724115,0.1896579292,40.7745907144
0.00142,0.00142,0.2370724115,0.1896579292,56.9391861586
0.00142,0.00142,0.2370724115,0.1896579292,79.5120407981
0.00142,0.00142,0.2370724115,0.1896579292,111.0336318168
0.00142,0.00142,0.2370724115,0.1896579292,155.0515779833
0.00142,0.00142,0.2370724115,0.1896579292,216.5199088036
0.00142,0.00142,0.2370724115,0.1896579292,302.3566191205
0.00142,0.00142,0.2370724115,0.1896579292,422.2222595195
0.00142,0.00142,0.2370724115,0.1896579292,589.6071895242
0.00142,0.00142,0.2370724115,0.1896579292,823.3498592289
0.00142,0.00142,0.2370724115,0.1896579292,1149.7569953977
0.00142,0.00142,0.2370724115,0.1896579292,1605.5643098112
0.00142,0.00142,0.2370724115,0.1896579292,2242.0709447806
0.00142,0.00142,0.2370724115,0.1896579292,3130.912969796
0.00142,0.00142,0.2370724115,0.1896579292,4372.1257113904
0.00142,0.00142,0.2370724115,0.1896579292,6105.4022965853
0.00142,0.00142,0.2370724115,0.2015115498,0.1
0.00142,0.00142,0.2370724115,0.2015115498,0.1396437957
0.00142,0.00142,0.2370724115,0.2015115498,0.1950038968
0.00142,0.00142,0.2370724115,0.2015115498,0.2723108433
0.00142,0.00142,0.2370724115,0.2015115498,0.3802651977
0.00142,0.00142,0.2370724115,0.2015115498,0.5310167558
0.00142,0.00142,0.2370724115,0.2015115498,0.7415319537
0.00142,0.00142,0.2370724115,0.2015115498,1.0355033665
0.00142,0.00142,0.2370724115,0.2015115498,1.4460162057
0.00142,0.00142,0.2370724115,0.2015115498,2.0192719162
0.00142,0.00142,0.2370724115,0.2015115498,2.8197879494
0.00142,0.00142,0.2370724115,0.2015115498,3.9376589236
0.00142,0.00142,0.2370724115,0.2015115498,5.498696383
0.00142,0.00142,0.2370724115,0.2015115498,7.6785883437
0.00142,0.00142,0.2370724115,0.2015115498,10.7226722201
0.00142,0.00142,0.2370724115,0.2015115498,14.9735464897
0.00142,0.00142,0.2370724115,0.2015115498,20.9096286705
0.00142,0.00142,0.2370724115,0.2015115498,29.1989991443
0.00142,0.00142,0.2370724115,0.2015115498,40.7745907144
0.00142,0.00142,0.2370724115,0.2015115498,56.9391861586
0.00142,0.00142,0.2370724115,0.2015115498,79.5120407981
0.00142,0.00142,0.2370724115,0.2015115498,111.0336318168
0.00142,0.00142,0.2370724115,0.2015115498,155.0515779833
0.00142,0.00142,0.2370724115,0.2015115498,216.5199088036
0.00142,0.00142,0.2370724115,0.2015115498,302.3566191205
0.00142,0.00142,0.2370724115,0.2015115498,422.2222595195
0.00142,0.00142,0.2370724115,0.2015115498,589.6071895242
0.00142,0.00142,0.2370724115,0.2015115498,823.3498592289
0.00142,0.00142,0.2370724115,0.2015115498,1149.7569953977
0.00142,0.00142,0.2370724115,0.2015115498,1605.5643098112
0.00142,0.00142,0.2370724115,0.2015115498,2242.0709447806
0.00142,0.00142,0.2370724115,0.2015115498,3130.912969796
0.00142,0.00142,0.2370724115,0.2015115498,4372.1257113904
0.00142,0.00142,0.2370724115,0.2015115498,6105.4022965853
0.00142,0.00142,0.2370724115,0.2133651704,0.1
0.00142,0.00142,0.2370724115,0.2133651704,0.1396437957
0.00142,0.00142,0.2370724115,0.2133651704,0.1950038968
0.00142,0.00142,0.2370724115,0.2133651704,0.2723108433
0.00142,0.00142,0.2370724115,0.2133651704,0.3802651977
0.00142,0.00142,0.2370724115,0.2133651704,0.5310167558
0.00142,0.00142,0.2370724115,0.2133651704,0.7415319537
0.00142,0.00142,0.2370724115,0.2133651704,1.0355033665
0.00142,0.00142,0.2370724115,0.2133651704,1.4460162057
0.00142,0.00142,0.2370724115,0.2133651704,2.0192719162
0.00142,0.00142,0.2370724115,0.2133651704,2.8197879494
0.00142,0.00142,0.2370724115,0.2133651704,3.9376589236
0.00142,0.00142,0.2370724115,0.2133651704,5.498696383
0.00142,0.00142,0.2370724115,0.2133651704,7.6785883437
0.00142,0.00142,0.2370724115,0.2133651704,10.7226722201
0.00142,0.00142,0.2370724115,0.2133651704,14.9735464897
0.00142,0.00142,0.2370724115,0.2133651704,20.9096286705
0.00142,0.00142,0.2370724115,0.2133651704,29.1989991443
0.00142,0.00142,0.2370724115,0.2133651704,40.7745907144
0.00142,0.00142,0.2370724115,0.2133651704,56.9391861586
0.00142,0.00142,0.2370724115,0.2133651704,79.5120407981
0.00142,0.00142,0.2370724115,0.2133651704,111.0336318168
0.00142,0.00142,0.2370724115,0.2133651704,155.0515779833
0.00142,0.00142,0.2370724115,0.2133651704,216.5199088036
0.00142,0.00142,0.2370724115,0.2133651704,302.3566191205
0.00142,0.00142,0.2370724115,0.2133651704,422.2222595195
0.00142,0.00142,0.2370724115,0.2133651704,589.6071895242
0.00142,0.00142,0.2370724115,0.2133651704,823.3498592289
0.00142,0.00142,0.2370724115,0.2133651704,1149.7569953977
0.00142,0.00142,0.2370724115,0.2133651704,1605.5643098112
0.00142,0.00142,0.2370724115,0.2133651704,2242.0709447806
0.00142,0.00142,0.2370724115,0.2133651704,3130.912969796
0.00142,0.00142,0.2370724115,0.2133651704,4372.1257113904
0.00142,0.00142,0.2370724115,0.2133651704,6105.4022965853
0.00142,0.00142,0.2370724115,0.2252187909,0.1
0.00142,0.00142,0.2370724115,0.2252187909,0.1396437957
0.00142,0.00142,0.2370724115,0.2252187909,0.1950038968
0.00142,0.00142,0.2370724115,0.2252187909,0.2723108433
0.00142,0.00142,0.2370724115,0.2252187909,0.3802651977
0.00142,0.00142,0.2370724115,0.2252187909,0.5310167558
0.00142,0.00142,0.2370724115,0.2252187909,0.7415319537
0.00142,0.00142,0.2370724115,0.2252187909,1.0355033665
0.00142,0.00142,0.2370724115,0.2252187909,1.4460162057
0.00142,0.00142,0.2370724115,0.2252187909,2.0192719162
0.00142,0.00142,0.2370724115,0.2252187909,2.8197879494
0.00142,0.00142,0.2370724115,0.2252187909,3.9376589236
0.00142,0.00142,0.2370724115,0.2252187909,5.498696383
0.00142,0.00142,0.2370724115,0.2252187909,7.6785883437
0.00142,0.00142,0.2370724115,0.2252187909,10.7226722201
0.00142,0.00142,0.2370724115,0.2252187909,14.9735464897
0.00142,0.00142,0.2370724115,0.2252187909,20.9096286705
0.00142,0.00142,0.2370724115,0.2252187909,29.1989991443
0.00142,0.00142,0.2370724115,0.2252187909,40.7745907144
0.00142,0.00142,0.2370724115,0.2252187909,56.9391861586
0.00142,0.00142,0.2370724115,0.2252187909,79.5120407981
0.00142,0.00142,0.2370724115,0.2252187909,111.0336318168
0.00142,0.00142,0.2370724115,0.2252187909,155.0515779833
0.00142,0.00142,0.2370724115,0.2252187909,216.5199088036
0.00142,0.00142,0.2370724115,0.2252187909,302.3566191205
0.00142,0.00142,0.2370724115,0.2252187909,422.2222595195
0.00142,0.00142,0.2370724115,0.2252187909,589.6071895242
0.00142,0.00142,0.2370724115,0.2252187909,823.3498592289
0.00142,0.00142,0.2370724115,0.2252187909,1149.7569953977
0.00142,0.00142,0.2370724115,0.2252187909,1605.5643098112
0.00142,0.00142,0.2370724115,0.2252187909,2242.0709447806
0.00142,0.00142,0.2370724115,0.2252187909,3130.912969796
0.00142,0.00142,0.2370724115,0.2252187909,4372.1257113904
0.00142,0.00142,0.2370724115,0.2252187909,6105.4022965853
0.00142,0.00142,0.2370724115,0.2347016874,0.1
0.00142,0.00142,0.2370724115,0.2347016874,0.1396437957
0.00142,0.00142,0.2370724115,0.2347016874,0.1950038968
0.00142,0.00142,0.2370724115,0.2347016874,0.2723108433
0.00142,0.00142,0.2370724115,0.2347016874,0.3802651977
0.00142,0.00142,0.2370724115,0.2347016874,0.5310167558
0.00142,0.00142,0.2370724115,0.2347016874,0.7415319537
0.00142,0.00142,0.2370724115,0.2347016874,1.0355033665
0.00142,0.00142,0.2370724115,0.2347016874,1.4460162057
0.00142,0.00142,0.2370724115,0.2347016874,2.0192719162
0.00142,0.00142,0.2370724115,0.2347016874,2.8197879494
0.00142,0.00142,0.2370724115,0.2347016874,3.9376589236
0.00142,0.00142,0.2370724115,0.2347016874,5.498696383
0.00142,0.00142,0.2370724115,0.2347016874,7.6785883437
0.00142,0.00142,0.2370724115,0.2347016874,10.7226722201
0.00142,0.00142,0.2370724115,0.2347016874,14.9735464897
0.00142,0.00142,0.2370724115,0.2347016874,20.9096286705
0.00142,0.00142,0.2370724115,0.2347016874,29.1989991443
0.00142,0.00142,0.2370724115,0.2347016874,40.7745907144
0.00142,0.00142,0.2370724115,0.2347016874,56.9391861586
0.00142,0.00142,0.2370724115,0.2347016874,79.5120407981
0.00142,0.00142,0.2370724115,0.2347016874,111.0336318168
0.00142,0.00142,0.2370724115,0.2347016874,155.0515779833
0.00142,0.00142,0.2370724115,0.2347016874,216.5199088036
0.00142,0.00142,0.2370724115,0.2347016874,302.3566191205
0.00142,0.00142,0.2370724115,0.2347016874,422.2222595195
0.00142,0.00142,0.2370724115,0.2347016874,589.6071895242
0.00142,0.00142,0.2370724115,0.2347016874,823.3498592289
0.00142,0.00142,0.2370724115,0.2347016874,1149.7569953977
0.00142,0.00142,0.2370724115,0.2347016874,1605.5643098112
0.00142,0.00142,0.2370724115,0.2347016874,2242.0709447806
0.00142,0.00142,0.2370724115,0.2347016874,3130.912969796
0.00142,0.00142,0.2370724115,0.2347016874,4372.1257113904
0.00142,0.00142,0.2370724115,0.2347016874,6105.4022965853
0.00142,0.00142,0.2640834254,0.1056333702,0.1
