initial_z,Zbase,m1,m2,initial_period_in_days
0.0142,0.0142,0.1240852769,0.1178810131,111.0336318168
0.0142,0.0142,0.1240852769,0.1178810131,155.0515779833
0.0142,0.0142,0.1240852769,0.1178810131,216.5199088036
0.0142,0.0142,0.1240852769,0.1178810131,302.3566191205
0.0142,0.0142,0.1240852769,0.1178810131,422.2222595195
0.0142,0.0142,0.1240852769,0.1178810131,589.6071895242
0.0142,0.0142,0.1240852769,0.1178810131,823.3498592289
0.0142,0.0142,0.1240852769,0.1178810131,1149.7569953977
0.0142,0.0142,0.1240852769,0.1178810131,1605.5643098112
0.0142,0.0142,0.1240852769,0.1178810131,2242.0709447806
0.0142,0.0142,0.1240852769,0.1178810131,3130.912969796
0.0142,0.0142,0.1240852769,0.1178810131,4372.1257113904
0.0142,0.0142,0.1240852769,0.1178810131,6105.4022965853
0.0142,0.0142,0.1240852769,0.1228444242,0.1
0.0142,0.0142,0.1240852769,0.1228444242,0.1396437957
0.0142,0.0142,0.1240852769,0.1228444242,0.1950038968
0.0142,0.0142,0.1240852769,0.1228444242,0.2723108433
0.0142,0.0142,0.1240852769,0.1228444242,0.3802651977
0.0142,0.0142,0.1240852769,0.1228444242,0.5310167558
0.0142,0.0142,0.1240852769,0.1228444242,0.7415319537
0.0142,0.0142,0.1240852769,0.1228444242,1.0355033665
0.0142,0.0142,0.1240852769,0.1228444242,1.4460162057
0.0142,0.0142,0.1240852769,0.1228444242,2.0192719162
0.0142,0.0142,0.1240852769,0.1228444242,2.8197879494
0.0142,0.0142,0.1240852769,0.1228444242,3.9376589236
0.0142,0.0142,0.1240852769,0.1228444242,5.498696383
0.0142,0.0142,0.1240852769,0.1228444242,7.6785883437
0.0142,0.0142,0.1240852769,0.1228444242,10.7226722201
0.0142,0.0142,0.1240852769,0.1228444242,14.9735464897
0.0142,0.0142,0.1240852769,0.1228444242,20.9096286705
0.0142,0.0142,0.1240852769,0.1228444242,29.1989991443
0.0142,0.0142,0.1240852769,0.1228444242,40.7745907144
0.0142,0.0142,0.1240852769,0.1228444242,56.9391861586
0.0142,0.0142,0.1240852769,0.1228444242,79.5120407981
0.0142,0.0142,0.1240852769,0.1228444242,111.0336318168
0.0142,0.0142,0.1240852769,0.1228444242,155.0515779833
0.0142,0.0142,0.1240852769,0.1228444242,216.5199088036
0.0142,0.0142,0.1240852769,0.1228444242,302.3566191205
0.0142,0.0142,0.1240852769,0.1228444242,422.2222595195
0.0142,0.0142,0.1240852769,0.1228444242,589.6071895242
0.0142,0.0142,0.1240852769,0.1228444242,823.3498592289
0.0142,0.0142,0.1240852769,0.1228444242,1149.7569953977
0.0142,0.0142,0.1240852769,0.1228444242,1605.5643098112
0.0142,0.0142,0.1240852769,0.1228444242,2242.0709447806
0.0142,0.0142,0.1240852769,0.1228444242,3130.912969796
0.0142,0.0142,0.1240852769,0.1228444242,4372.1257113904
0.0142,0.0142,0.1240852769,0.1228444242,6105.4022965853
0.0142,0.0142,0.1382230213,0.103667266,0.1
0.0142,0.0142,0.1382230213,0.103667266,0.1396437957
0.0142,0.0142,0.1382230213,0.103667266,0.1950038968
0.0142,0.0142,0.1382230213,0.103667266,0.2723108433
0.0142,0.0142,0.1382230213,0.103667266,0.3802651977
0.0142,0.0142,0.1382230213,0.103667266,0.5310167558
0.0142,0.0142,0.1382230213,0.103667266,0.7415319537
0.0142,0.0142,0.1382230213,0.103667266,1.0355033665
0.0142,0.0142,0.1382230213,0.103667266,1.4460162057
0.0142,0.0142,0.1382230213,0.103667266,2.0192719162
0.0142,0.0142,0.1382230213,0.103667266,2.8197879494
0.0142,0.0142,0.1382230213,0.103667266,3.9376589236
0.0142,0.0142,0.1382230213,0.103667266,5.498696383
0.0142,0.0142,0.1382230213,0.103667266,7.6785883437
0.0142,0.0142,0.1382230213,0.103667266,10.7226722201
0.0142,0.0142,0.1382230213,0.103667266,14.9735464897
0.0142,0.0142,0.1382230213,0.103667266,20.9096286705
0.0142,0.0142,0.1382230213,0.103667266,29.1989991443
0.0142,0.0142,0.1382230213,0.103667266,40.7745907144
0.0142,0.0142,0.1382230213,0.103667266,56.9391861586
0.0142,0.0142,0.1382230213,0.103667266,79.5120407981
0.0142,0.0142,0.1382230213,0.103667266,111.0336318168
0.0142,0.0142,0.1382230213,0.103667266,155.0515779833
0.0142,0.0142,0.1382230213,0.103667266,216.5199088036
0.0142,0.0142,0.1382230213,0.103667266,302.3566191205
0.0142,0.0142,0.1382230213,0.103667266,422.2222595195
0.0142,0.0142,0.1382230213,0.103667266,589.6071895242
0.0142,0.0142,0.1382230213,0.103667266,823.3498592289
0.0142,0.0142,0.1382230213,0.103667266,1149.7569953977
0.0142,0.0142,0.1382230213,0.103667266,1605.5643098112
0.0142,0.0142,0.1382230213,0.103667266,2242.0709447806
0.0142,0.0142,0.1382230213,0.103667266,3130.912969796
0.0142,0.0142,0.1382230213,0.103667266,4372.1257113904
0.0142,0.0142,0.1382230213,0.103667266,6105.4022965853
0.0142,0.0142,0.1382230213,0.110578417,0.1
0.0142,0.0142,0.1382230213,0.110578417,0.1396437957
0.0142,0.0142,0.1382230213,0.110578417,0.1950038968
0.0142,0.0142,0.1382230213,0.110578417,0.2723108433
0.0142,0.0142,0.1382230213,0.110578417,0.3802651977
0.0142,0.0142,0.1382230213,0.110578417,0.5310167558
0.0142,0.0142,0.1382230213,0.110578417,0.7415319537
0.0142,0.0142,0.1382230213,0.110578417,1.0355033665
0.0142,0.0142,0.1382230213,0.110578417,1.4460162057
0.0142,0.0142,0.1382230213,0.110578417,2.0192719162
0.0142,0.0142,0.1382230213,0.110578417,2.8197879494
0.0142,0.0142,0.1382230213,0.110578417,3.9376589236
0.0142,0.0142,0.1382230213,0.110578417,5.498696383
0.0142,0.0142,0.1382230213,0.110578417,7.6785883437
0.0142,0.0142,0.1382230213,0.110578417,10.7226722201
0.0142,0.0142,0.1382230213,0.110578417,14.9735464897
0.0142,0.0142,0.1382230213,0.110578417,20.9096286705
0.0142,0.0142,0.1382230213,0.110578417,29.1989991443
0.0142,0.0142,0.1382230213,0.110578417,40.7745907144
0.0142,0.0142,0.1382230213,0.110578417,56.9391861586
0.0142,0.0142,0.1382230213,0.110578417,79.5120407981
0.0142,0.0142,0.1382230213,0.110578417,111.0336318168
0.0142,0.0142,0.1382230213,0.110578417,155.0515779833
0.0142,0.0142,0.1382230213,0.110578417,216.5199088036
0.0142,0.0142,0.1382230213,0.110578417,302.3566191205
0.0142,0.0142,0.1382230213,0.110578417,422.2222595195
0.0142,0.0142,0.1382230213,0.110578417,589.6071895242
0.0142,0.0142,0.1382230213,0.110578417,823.3498592289
0.0142,0.0142,0.1382230213,0.110578417,1149.7569953977
0.0142,0.0142,0.1382230213,0.110578417,1605.5643098112
0.0142,0.0142,0.1382230213,0.110578417,2242.0709447806
0.0142,0.0142,0.1382230213,0.110578417,3130.912969796
0.0142,0.0142,0.1382230213,0.110578417,4372.1257113904
0.0142,0.0142,0.1382230213,0.110578417,6105.4022965853
0.0142,0.0142,0.1382230213,0.1174895681,0.1
0.0142,0.0142,0.1382230213,0.1174895681,0.1396437957
0.0142,0.0142,0.1382230213,0.1174895681,0.1950038968
0.0142,0.0142,0.1382230213,0.1174895681,0.2723108433
0.0142,0.0142,0.1382230213,0.1174895681,0.3802651977
0.0142,0.0142,0.1382230213,0.1174895681,0.5310167558
0.0142,0.0142,0.1382230213,0.1174895681,0.7415319537
0.0142,0.0142,0.1382230213,0.1174895681,1.0355033665
0.0142,0.0142,0.1382230213,0.1174895681,1.4460162057
0.0142,0.0142,0.1382230213,0.1174895681,2.0192719162
0.0142,0.0142,0.1382230213,0.1174895681,2.8197879494
0.0142,0.0142,0.1382230213,0.1174895681,3.9376589236
0.0142,0.0142,0.1382230213,0.1174895681,5.498696383
0.0142,0.0142,0.1382230213,0.1174895681,7.6785883437
0.0142,0.0142,0.1382230213,0.1174895681,10.7226722201
0.0142,0.0142,0.1382230213,0.1174895681,14.9735464897
0.0142,0.0142,0.1382230213,0.1174895681,20.9096286705
0.0142,0.0142,0.1382230213,0.1174895681,29.1989991443
0.0142,0.0142,0.1382230213,0.1174895681,40.7745907144
0.0142,0.0142,0.1382230213,0.1174895681,56.9391861586
0.0142,0.0142,0.1382230213,0.1174895681,79.5120407981
0.0142,0.0142,0.1382230213,0.1174895681,111.0336318168
0.0142,0.0142,0.1382230213,0.1174895681,155.0515779833
0.0142,0.0142,0.1382230213,0.1174895681,216.5199088036
0.0142,0.0142,0.1382230213,0.1174895681,302.3566191205
0.0142,0.0142,0.1382230213,0.1174895681,422.2222595195
0.0142,0.0142,0.1382230213,0.1174895681,589.6071895242
0.0142,0.0142,0.1382230213,0.1174895681,823.3498592289
0.0142,0.0142,0.1382230213,0.1174895681,1149.7569953977
0.0142,0.0142,0.1382230213,0.1174895681,1605.5643098112
0.0142,0.0142,0.1382230213,0.1174895681,2242.0709447806
0.0142,0.0142,0.1382230213,0.1174895681,3130.912969796
0.0142,0.0142,0.1382230213,0.1174895681,4372.1257113904
0.0142,0.0142,0.1382230213,0.1174895681,6105.4022965853
0.0142,0.0142,0.1382230213,0.1244007191,0.1
0.0142,0.0142,0.1382230213,0.1244007191,0.1396437957
0.0142,0.0142,0.1382230213,0.1244007191,0.1950038968
0.0142,0.0142,0.1382230213,0.1244007191,0.2723108433
0.0142,0.0142,0.1382230213,0.1244007191,0.3802651977
0.0142,0.0142,0.1382230213,0.1244007191,0.5310167558
0.0142,0.0142,0.1382230213,0.1244007191,0.7415319537
0.0142,0.0142,0.1382230213,0.1244007191,1.0355033665
0.0142,0.0142,0.1382230213,0.1244007191,1.4460162057
0.0142,0.0142,0.1382230213,0.1244007191,2.0192719162
0.0142,0.0142,0.1382230213,0.1244007191,2.8197879494
0.0142,0.0142,0.1382230213,0.1244007191,3.9376589236
0.0142,0.0142,0.1382230213,0.1244007191,5.498696383
0.0142,0.0142,0.1382230213,0.1244007191,7.6785883437
0.0142,0.0142,0.1382230213,0.1244007191,10.7226722201
0.0142,0.0142,0.1382230213,0.1244007191,14.9735464897
0.0142,0.0142,0.1382230213,0.1244007191,20.9096286705
0.0142,0.0142,0.1382230213,0.1244007191,29.1989991443
0.0142,0.0142,0.1382230213,0.1244007191,40.7745907144
0.0142,0.0142,0.1382230213,0.1244007191,56.9391861586
0.0142,0.0142,0.1382230213,0.1244007191,79.5120407981
0.0142,0.0142,0.1382230213,0.1244007191,111.0336318168
0.0142,0.0142,0.1382230213,0.1244007191,155.0515779833
0.0142,0.0142,0.1382230213,0.1244007191,216.5199088036
0.0142,0.0142,0.1382230213,0.1244007191,302.3566191205
0.0142,0.0142,0.1382230213,0.1244007191,422.2222595195
0.0142,0.0142,0.1382230213,0.1244007191,589.6071895242
0.0142,0.0142,0.1382230213,0.1244007191,823.3498592289
0.0142,0.0142,0.1382230213,0.1244007191,1149.7569953977
0.0142,0.0142,0.1382230213,0.1244007191,1605.5643098112
0.0142,0.0142,0.1382230213,0.1244007191,2242.0709447806
0.0142,0.0142,0.1382230213,0.1244007191,3130.912969796
0.0142,0.0142,0.1382230213,0.1244007191,4372.1257113904
0.0142,0.0142,0.1382230213,0.1244007191,6105.4022965853
0.0142,0.0142,0.1382230213,0.1313118702,0.1
0.0142,0.0142,0.1382230213,0.1313118702,0.1396437957
0.0142,0.0142,0.1382230213,0.1313118702,0.1950038968
0.0142,0.0142,0.1382230213,0.1313118702,0.2723108433
0.0142,0.0142,0.1382230213,0.1313118702,0.3802651977
0.0142,0.0142,0.1382230213,0.1313118702,0.5310167558
0.0142,0.0142,0.1382230213,0.1313118702,0.7415319537
0.0142,0.0142,0.1382230213,0.1313118702,1.0355033665
0.0142,0.0142,0.1382230213,0.1313118702,1.4460162057
0.0142,0.0142,0.1382230213,0.1313118702,2.0192719162
0.0142,0.0142,0.1382230213,0.1313118702,2.8197879494
0.0142,0.0142,0.1382230213,0.1313118702,3.9376589236
0.0142,0.0142,0.1382230213,0.1313118702,5.498696383
0.0142,0.0142,0.1382230213,0.1313118702,7.6785883437
0.0142,0.0142,0.1382230213,0.1313118702,10.7226722201
0.0142,0.0142,0.1382230213,0.1313118702,14.9735464897
0.0142,0.0142,0.1382230213,0.1313118702,20.9096286705
0.0142,0.0142,0.1382230213,0.1313118702,29.1989991443
0.0142,0.0142,0.1382230213,0.1313118702,40.7745907144
0.0142,0.0142,0.1382230213,0.1313118702,56.9391861586
0.0142,0.0142,0.1382230213,0.1313118702,79.5120407981
0.0142,0.0142,0.1382230213,0.1313118702,111.0336318168
0.0142,0.0142,0.1382230213,0.1313118702,155.0515779833
0.0142,0.0142,0.1382230213,0.1313118702,216.5199088036
0.0142,0.0142,0.1382230213,0.1313118702,302.3566191205
0.0142,0.0142,0.1382230213,0.1313118702,422.2222595195
0.0142,0.0142,0.1382230213,0.1313118702,589.6071895242
0.0142,0.0142,0.1382230213,0.1313118702,823.3498592289
0.0142,0.0142,0.1382230213,0.1313118702,1149.7569953977
0.0142,0.0142,0.1382230213,0.1313118702,1605.5643098112
0.0142,0.0142,0.1382230213,0.1313118702,2242.0709447806
0.0142,0.0142,0.1382230213,0.1313118702,3130.912969796
0.0142,0.0142,0.1382230213,0.1313118702,4372.1257113904
0.0142,0.0142,0.1382230213,0.1313118702,6105.4022965853
0.0142,0.0142,0.1382230213,0.1368407911,0.1
0.0142,0.0142,0.1382230213,0.1368407911,0.1396437957
0.0142,0.0142,0.1382230213,0.1368407911,0.1950038968
0.0142,0.0142,0.1382230213,0.1368407911,0.2723108433
0.0142,0.0142,0.1382230213,0.1368407911,0.3802651977
0.0142,0.0142,0.1382230213,0.1368407911,0.5310167558
0.0142,0.0142,0.1382230213,0.1368407911,0.7415319537
0.0142,0.0142,0.1382230213,0.1368407911,1.0355033665
0.0142,0.0142,0.1382230213,0.1368407911,1.4460162057
0.0142,0.0142,0.1382230213,0.1368407911,2.0192719162
0.0142,0.0142,0.1382230213,0.1368407911,2.8197879494
0.0142,0.0142,0.1382230213,0.1368407911,3.9376589236
0.0142,0.0142,0.1382230213,0.1368407911,5.498696383
0.0142,0.0142,0.1382230213,0.1368407911,7.6785883437
0.0142,0.0142,0.1382230213,0.1368407911,10.7226722201
0.0142,0.0142,0.1382230213,0.1368407911,14.9735464897
0.0142,0.0142,0.1382230213,0.1368407911,20.9096286705
0.0142,0.0142,0.1382230213,0.1368407911,29.1989991443
0.0142,0.0142,0.1382230213,0.1368407911,40.7745907144
0.0142,0.0142,0.1382230213,0.1368407911,56.9391861586
0.0142,0.0142,0.1382230213,0.1368407911,79.5120407981
0.0142,0.0142,0.1382230213,0.1368407911,111.0336318168
0.0142,0.0142,0.1382230213,0.1368407911,155.0515779833
0.0142,0.0142,0.1382230213,0.1368407911,216.5199088036
0.0142,0.0142,0.1382230213,0.1368407911,302.3566191205
0.0142,0.0142,0.1382230213,0.1368407911,422.2222595195
0.0142,0.0142,0.1382230213,0.1368407911,589.6071895242
0.0142,0.0142,0.1382230213,0.1368407911,823.3498592289
0.0142,0.0142,0.1382230213,0.1368407911,1149.7569953977
0.0142,0.0142,0.1382230213,0.1368407911,1605.5643098112
0.0142,0.0142,0.1382230213,0.1368407911,2242.0709447806
0.0142,0.0142,0.1382230213,0.1368407911,3130.912969796
0.0142,0.0142,0.1382230213,0.1368407911,4372.1257113904
0.0142,0.0142,0.1382230213,0.1368407911,6105.4022965853
0.0142,0.0142,0.1539715596,0.1000815137,0.1
0.0142,0.0142,0.1539715596,0.1000815137,0.1396437957
0.0142,0.0142,0.1539715596,0.1000815137,0.1950038968
0.0142,0.0142,0.1539715596,0.1000815137,0.2723108433
0.0142,0.0142,0.1539715596,0.1000815137,0.3802651977
0.0142,0.0142,0.1539715596,0.1000815137,0.5310167558
0.0142,0.0142,0.1539715596,0.1000815137,0.7415319537
0.0142,0.0142,0.1539715596,0.1000815137,1.0355033665
0.0142,0.0142,0.1539715596,0.1000815137,1.4460162057
0.0142,0.0142,0.1539715596,0.1000815137,2.0192719162
0.0142,0.0142,0.1539715596,0.1000815137,2.8197879494
0.0142,0.0142,0.1539715596,0.1000815137,3.9376589236
0.0142,0.0142,0.1539715596,0.1000815137,5.498696383
0.0142,0.0142,0.1539715596,0.1000815137,7.6785883437
0.0142,0.0142,0.1539715596,0.1000815137,10.7226722201
0.0142,0.0142,0.1539715596,0.1000815137,14.9735464897
0.0142,0.0142,0.1539715596,0.1000815137,20.9096286705
0.0142,0.0142,0.1539715596,0.1000815137,29.1989991443
0.0142,0.0142,0.1539715596,0.1000815137,40.7745907144
0.0142,0.0142,0.1539715596,0.1000815137,56.9391861586
0.0142,0.0142,0.1539715596,0.1000815137,79.5120407981
0.0142,0.0142,0.1539715596,0.1000815137,111.0336318168
0.0142,0.0142,0.1539715596,0.1000815137,155.0515779833
0.0142,0.0142,0.1539715596,0.1000815137,216.5199088036
0.0142,0.0142,0.1539715596,0.1000815137,302.3566191205
0.0142,0.0142,0.1539715596,0.1000815137,422.2222595195
0.0142,0.0142,0.1539715596,0.1000815137,589.6071895242
0.0142,0.0142,0.1539715596,0.1000815137,823.3498592289
0.0142,0.0142,0.1539715596,0.1000815137,1149.7569953977
0.0142,0.0142,0.1539715596,0.1000815137,1605.5643098112
0.0142,0.0142,0.1539715596,0.1000815137,2242.0709447806
0.0142,0.0142,0.1539715596,0.1000815137,3130.912969796
0.0142,0.0142,0.1539715596,0.1000815137,4372.1257113904
0.0142,0.0142,0.1539715596,0.1000815137,6105.4022965853
0.0142,0.0142,0.1539715596,0.1077800917,0.1
0.0142,0.0142,0.1539715596,0.1077800917,0.1396437957
0.0142,0.0142,0.1539715596,0.1077800917,0.1950038968
0.0142,0.0142,0.1539715596,0.1077800917,0.2723108433
0.0142,0.0142,0.1539715596,0.1077800917,0.3802651977
0.0142,0.0142,0.1539715596,0.1077800917,0.5310167558
0.0142,0.0142,0.1539715596,0.1077800917,0.7415319537
0.0142,0.0142,0.1539715596,0.1077800917,1.0355033665
0.0142,0.0142,0.1539715596,0.1077800917,1.4460162057
0.0142,0.0142,0.1539715596,0.1077800917,2.0192719162
0.0142,0.0142,0.1539715596,0.1077800917,2.8197879494
0.0142,0.0142,0.1539715596,0.1077800917,3.9376589236
0.0142,0.0142,0.1539715596,0.1077800917,5.498696383
0.0142,0.0142,0.1539715596,0.1077800917,7.6785883437
0.0142,0.0142,0.1539715596,0.1077800917,10.7226722201
0.0142,0.0142,0.1539715596,0.1077800917,14.9735464897
0.0142,0.0142,0.1539715596,0.1077800917,20.9096286705
0.0142,0.0142,0.1539715596,0.1077800917,29.1989991443
0.0142,0.0142,0.1539715596,0.1077800917,40.7745907144
0.0142,0.0142,0.1539715596,0.1077800917,56.9391861586
0.0142,0.0142,0.1539715596,0.1077800917,79.5120407981
0.0142,0.0142,0.1539715596,0.1077800917,111.0336318168
0.0142,0.0142,0.1539715596,0.1077800917,155.0515779833
0.0142,0.0142,0.1539715596,0.1077800917,216.5199088036
0.0142,0.0142,0.1539715596,0.1077800917,302.3566191205
0.0142,0.0142,0.1539715596,0.1077800917,422.2222595195
0.0142,0.0142,0.1539715596,0.1077800917,589.6071895242
0.0142,0.0142,0.1539715596,0.1077800917,823.3498592289
0.0142,0.0142,0.1539715596,0.1077800917,1149.7569953977
0.0142,0.0142,0.1539715596,0.1077800917,1605.5643098112
0.0142,0.0142,0.1539715596,0.1077800917,2242.0709447806
0.0142,0.0142,0.1539715596,0.1077800917,3130.912969796
0.0142,0.0142,0.1539715596,0.1077800917,4372.1257113904
0.0142,0.0142,0.1539715596,0.1077800917,6105.4022965853
0.0142,0.0142,0.1539715596,0.1154786697,0.1
0.0142,0.0142,0.1539715596,0.1154786697,0.1396437957
0.0142,0.0142,0.1539715596,0.1154786697,0.1950038968
0.0142,0.0142,0.1539715596,0.1154786697,0.2723108433
0.0142,0.0142,0.1539715596,0.1154786697,0.3802651977
0.0142,0.0142,0.1539715596,0.1154786697,0.5310167558
0.0142,0.0142,0.1539715596,0.1154786697,0.7415319537
0.0142,0.0142,0.1539715596,0.1154786697,1.0355033665
0.0142,0.0142,0.1539715596,0.1154786697,1.4460162057
0.0142,0.0142,0.1539715596,0.1154786697,2.0192719162
0.0142,0.0142,0.1539715596,0.1154786697,2.8197879494
0.0142,0.0142,0.1539715596,0.1154786697,3.9376589236
0.0142,0.0142,0.1539715596,0.1154786697,5.498696383
0.0142,0.0142,0.1539715596,0.1154786697,7.6785883437
0.0142,0.0142,0.1539715596,0.1154786697,10.7226722201
0.0142,0.0142,0.1539715596,0.1154786697,14.9735464897
0.0142,0.0142,0.1539715596,0.1154786697,20.9096286705
0.0142,0.0142,0.1539715596,0.1154786697,29.1989991443
0.0142,0.0142,0.1539715596,0.1154786697,40.7745907144
0.0142,0.0142,0.1539715596,0.1154786697,56.9391861586
0.0142,0.0142,0.1539715596,0.1154786697,79.5120407981
0.0142,0.0142,0.1539715596,0.1154786697,111.0336318168
0.0142,0.0142,0.1539715596,0.1154786697,155.0515779833
0.0142,0.0142,0.1539715596,0.1154786697,216.5199088036
0.0142,0.0142,0.1539715596,0.1154786697,302.3566191205
0.0142,0.0142,0.1539715596,0.1154786697,422.2222595195
0.0142,0.0142,0.1539715596,0.1154786697,589.6071895242
0.0142,0.0142,0.1539715596,0.1154786697,823.3498592289
0.0142,0.0142,0.1539715596,0.1154786697,1149.7569953977
0.0142,0.0142,0.1539715596,0.1154786697,1605.5643098112
0.0142,0.0142,0.1539715596,0.1154786697,2242.0709447806
0.0142,0.0142,0.1539715596,0.1154786697,3130.912969796
0.0142,0.0142,0.1539715596,0.1154786697,4372.1257113904
0.0142,0.0142,0.1539715596,0.1154786697,6105.4022965853
0.0142,0.0142,0.1539715596,0.1231772476,0.1
0.0142,0.0142,0.1539715596,0.1231772476,0.1396437957
0.0142,0.0142,0.1539715596,0.1231772476,0.1950038968
0.0142,0.0142,0.1539715596,0.1231772476,0.2723108433
0.0142,0.0142,0.1539715596,0.1231772476,0.3802651977
0.0142,0.0142,0.1539715596,0.1231772476,0.5310167558
0.0142,0.0142,0.1539715596,0.1231772476,0.7415319537
0.0142,0.0142,0.1539715596,0.1231772476,1.0355033665
0.0142,0.0142,0.1539715596,0.1231772476,1.4460162057
0.0142,0.0142,0.1539715596,0.1231772476,2.0192719162
0.0142,0.0142,0.1539715596,0.1231772476,2.8197879494
0.0142,0.0142,0.1539715596,0.1231772476,3.9376589236
0.0142,0.0142,0.1539715596,0.1231772476,5.498696383
0.0142,0.0142,0.1539715596,0.1231772476,7.6785883437
0.0142,0.0142,0.1539715596,0.1231772476,10.7226722201
0.0142,0.0142,0.1539715596,0.1231772476,14.9735464897
0.0142,0.0142,0.1539715596,0.1231772476,20.9096286705
0.0142,0.0142,0.1539715596,0.1231772476,29.1989991443
0.0142,0.0142,0.1539715596,0.1231772476,40.7745907144
0.0142,0.0142,0.1539715596,0.1231772476,56.9391861586
0.0142,0.0142,0.1539715596,0.1231772476,79.5120407981
0.0142,0.0142,0.1539715596,0.1231772476,111.0336318168
0.0142,0.0142,0.1539715596,0.1231772476,155.0515779833
0.0142,0.0142,0.1539715596,0.1231772476,216.5199088036
0.0142,0.0142,0.1539715596,0.1231772476,302.3566191205
0.0142,0.0142,0.1539715596,0.1231772476,422.2222595195
0.0142,0.0142,0.1539715596,0.1231772476,589.6071895242
0.0142,0.0142,0.1539715596,0.1231772476,823.3498592289
0.0142,0.0142,0.1539715596,0.1231772476,1149.7569953977
0.0142,0.0142,0.1539715596,0.1231772476,1605.5643098112
0.0142,0.0142,0.1539715596,0.1231772476,2242.0709447806
0.0142,0.0142,0.1539715596,0.1231772476,3130.912969796
0.0142,0.0142,0.1539715596,0.1231772476,4372.1257113904
0.0142,0.0142,0.1539715596,0.1231772476,6105.4022965853
0.0142,0.0142,0.1539715596,0.1308758256,0.1
0.0142,0.0142,0.1539715596,0.1308758256,0.1396437957
0.0142,0.0142,0.1539715596,0.1308758256,0.1950038968
0.0142,0.0142,0.1539715596,0.1308758256,0.2723108433
0.0142,0.0142,0.1539715596,0.1308758256,0.3802651977
0.0142,0.0142,0.1539715596,0.1308758256,0.5310167558
0.0142,0.0142,0.1539715596,0.1308758256,0.7415319537
0.0142,0.0142,0.1539715596,0.1308758256,1.0355033665
0.0142,0.0142,0.1539715596,0.1308758256,1.4460162057
0.0142,0.0142,0.1539715596,0.1308758256,2.0192719162
0.0142,0.0142,0.1539715596,0.1308758256,2.8197879494
0.0142,0.0142,0.1539715596,0.1308758256,3.9376589236
0.0142,0.0142,0.1539715596,0.1308758256,5.498696383
0.0142,0.0142,0.1539715596,0.1308758256,7.6785883437
0.0142,0.0142,0.1539715596,0.1308758256,10.7226722201
0.0142,0.0142,0.1539715596,0.1308758256,14.9735464897
0.0142,0.0142,0.1539715596,0.1308758256,20.9096286705
0.0142,0.0142,0.1539715596,0.1308758256,29.1989991443
0.0142,0.0142,0.1539715596,0.1308758256,40.7745907144
0.0142,0.0142,0.1539715596,0.1308758256,56.9391861586
0.0142,0.0142,0.1539715596,0.1308758256,79.5120407981
0.0142,0.0142,0.1539715596,0.1308758256,111.0336318168
0.0142,0.0142,0.1539715596,0.1308758256,155.0515779833
0.0142,0.0142,0.1539715596,0.1308758256,216.5199088036
0.0142,0.0142,0.1539715596,0.1308758256,302.3566191205
0.0142,0.0142,0.1539715596,0.1308758256,422.2222595195
0.0142,0.0142,0.1539715596,0.1308758256,589.6071895242
0.0142,0.0142,0.1539715596,0.1308758256,823.3498592289
0.0142,0.0142,0.1539715596,0.1308758256,1149.7569953977
0.0142,0.0142,0.1539715596,0.1308758256,1605.5643098112
0.0142,0.0142,0.1539715596,0.1308758256,2242.0709447806
0.0142,0.0142,0.1539715596,0.1308758256,3130.912969796
0.0142,0.0142,0.1539715596,0.1308758256,4372.1257113904
0.0142,0.0142,0.1539715596,0.1308758256,6105.4022965853
0.0142,0.0142,0.1539715596,0.1385744036,0.1
0.0142,0.0142,0.1539715596,0.1385744036,0.1396437957
0.0142,0.0142,0.1539715596,0.1385744036,0.1950038968
0.0142,0.0142,0.1539715596,0.1385744036,0.2723108433
0.0142,0.0142,0.1539715596,0.1385744036,0.3802651977
0.0142,0.0142,0.1539715596,0.1385744036,0.5310167558
0.0142,0.0142,0.1539715596,0.1385744036,0.7415319537
0.0142,0.0142,0.1539715596,0.1385744036,1.0355033665
0.0142,0.0142,0.1539715596,0.1385744036,1.4460162057
0.0142,0.0142,0.1539715596,0.1385744036,2.0192719162
0.0142,0.0142,0.1539715596,0.1385744036,2.8197879494
0.0142,0.0142,0.1539715596,0.1385744036,3.9376589236
0.0142,0.0142,0.1539715596,0.1385744036,5.498696383
0.0142,0.0142,0.1539715596,0.1385744036,7.6785883437
0.0142,0.0142,0.1539715596,0.1385744036,10.7226722201
0.0142,0.0142,0.1539715596,0.1385744036,14.9735464897
0.0142,0.0142,0.1539715596,0.1385744036,20.9096286705
0.0142,0.0142,0.1539715596,0.1385744036,29.1989991443
0.0142,0.0142,0.1539715596,0.1385744036,40.7745907144
0.0142,0.0142,0.1539715596,0.1385744036,56.9391861586
0.0142,0.0142,0.1539715596,0.1385744036,79.5120407981
0.0142,0.0142,0.1539715596,0.1385744036,111.0336318168
0.0142,0.0142,0.1539715596,0.1385744036,155.0515779833
0.0142,0.0142,0.1539715596,0.1385744036,216.5199088036
0.0142,0.0142,0.1539715596,0.1385744036,302.3566191205
0.0142,0.0142,0.1539715596,0.1385744036,422.2222595195
0.0142,0.0142,0.1539715596,0.1385744036,589.6071895242
0.0142,0.0142,0.1539715596,0.1385744036,823.3498592289
0.0142,0.0142,0.1539715596,0.1385744036,1149.7569953977
0.0142,0.0142,0.1539715596,0.1385744036,1605.5643098112
0.0142,0.0142,0.1539715596,0.1385744036,2242.0709447806
0.0142,0.0142,0.1539715596,0.1385744036,3130.912969796
0.0142,0.0142,0.1539715596,0.1385744036,4372.1257113904
0.0142,0.0142,0.1539715596,0.1385744036,6105.4022965853
0.0142,0.0142,0.1539715596,0.1462729816,0.1
0.0142,0.0142,0.1539715596,0.1462729816,0.1396437957
0.0142,0.0142,0.1539715596,0.1462729816,0.1950038968
0.0142,0.0142,0.1539715596,0.1462729816,0.2723108433
0.0142,0.0142,0.1539715596,0.1462729816,0.3802651977
0.0142,0.0142,0.1539715596,0.1462729816,0.5310167558
0.0142,0.0142,0.1539715596,0.1462729816,0.7415319537
0.0142,0.0142,0.1539715596,0.1462729816,1.0355033665
0.0142,0.0142,0.1539715596,0.1462729816,1.4460162057
0.0142,0.0142,0.1539715596,0.1462729816,2.0192719162
0.0142,0.0142,0.1539715596,0.1462729816,2.8197879494
0.0142,0.0142,0.1539715596,0.1462729816,3.9376589236
0.0142,0.0142,0.1539715596,0.1462729816,5.498696383
0.0142,0.0142,0.1539715596,0.1462729816,7.6785883437
0.0142,0.0142,0.1539715596,0.1462729816,10.7226722201
0.0142,0.0142,0.1539715596,0.1462729816,14.9735464897
0.0142,0.0142,0.1539715596,0.1462729816,20.9096286705
0.0142,0.0142,0.1539715596,0.1462729816,29.1989991443
0.0142,0.0142,0.1539715596,0.1462729816,40.7745907144
0.0142,0.0142,0.1539715596,0.1462729816,56.9391861586
0.0142,0.0142,0.1539715596,0.1462729816,79.5120407981
0.0142,0.0142,0.1539715596,0.1462729816,111.0336318168
0.0142,0.0142,0.1539715596,0.1462729816,155.0515779833
0.0142,0.0142,0.1539715596,0.1462729816,216.5199088036
0.0142,0.0142,0.1539715596,0.1462729816,302.3566191205
0.0142,0.0142,0.1539715596,0.1462729816,422.2222595195
0.0142,0.0142,0.1539715596,0.1462729816,589.6071895242
0.0142,0.0142,0.1539715596,0.1462729816,823.3498592289
0.0142,0.0142,0.1539715596,0.1462729816,1149.7569953977
0.0142,0.0142,0.1539715596,0.1462729816,1605.5643098112
0.0142,0.0142,0.1539715596,0.1462729816,2242.0709447806
0.0142,0.0142,0.1539715596,0.1462729816,3130.912969796
0.0142,0.0142,0.1539715596,0.1462729816,4372.1257113904
0.0142,0.0142,0.1539715596,0.1462729816,6105.4022965853
0.0142,0.0142,0.1539715596,0.152431844,0.1
0.0142,0.0142,0.1539715596,0.152431844,0.1396437957
0.0142,0.0142,0.1539715596,0.152431844,0.1950038968
0.0142,0.0142,0.1539715596,0.152431844,0.2723108433
0.0142,0.0142,0.1539715596,0.152431844,0.3802651977
0.0142,0.0142,0.1539715596,0.152431844,0.5310167558
0.0142,0.0142,0.1539715596,0.152431844,0.7415319537
0.0142,0.0142,0.1539715596,0.152431844,1.0355033665
0.0142,0.0142,0.1539715596,0.152431844,1.4460162057
0.0142,0.0142,0.1539715596,0.152431844,2.0192719162
0.0142,0.0142,0.1539715596,0.152431844,2.8197879494
0.0142,0.0142,0.1539715596,0.152431844,3.9376589236
0.0142,0.0142,0.1539715596,0.152431844,5.498696383
0.0142,0.0142,0.1539715596,0.152431844,7.6785883437
0.0142,0.0142,0.1539715596,0.152431844,10.7226722201
0.0142,0.0142,0.1539715596,0.152431844,14.9735464897
0.0142,0.0142,0.1539715596,0.152431844,20.9096286705
0.0142,0.0142,0.1539715596,0.152431844,29.1989991443
0.0142,0.0142,0.1539715596,0.152431844,40.7745907144
0.0142,0.0142,0.1539715596,0.152431844,56.9391861586
0.0142,0.0142,0.1539715596,0.152431844,79.5120407981
0.0142,0.0142,0.1539715596,0.152431844,111.0336318168
0.0142,0.0142,0.1539715596,0.152431844,155.0515779833
0.0142,0.0142,0.1539715596,0.152431844,216.5199088036
0.0142,0.0142,0.1539715596,0.152431844,302.3566191205
0.0142,0.0142,0.1539715596,0.152431844,422.2222595195
0.0142,0.0142,0.1539715596,0.152431844,589.6071895242
0.0142,0.0142,0.1539715596,0.152431844,823.3498592289
0.0142,0.0142,0.1539715596,0.152431844,1149.7569953977
0.0142,0.0142,0.1539715596,0.152431844,1605.5643098112
0.0142,0.0142,0.1539715596,0.152431844,2242.0709447806
0.0142,0.0142,0.1539715596,0.152431844,3130.912969796
0.0142,0.0142,0.1539715596,0.152431844,4372.1257113904
0.0142,0.0142,0.1539715596,0.152431844,6105.4022965853
0.0142,0.0142,0.1715144188,0.1029086513,0.1
0.0142,0.0142,0.1715144188,0.1029086513,0.1396437957
0.0142,0.0142,0.1715144188,0.1029086513,0.1950038968
0.0142,0.0142,0.1715144188,0.1029086513,0.2723108433
0.0142,0.0142,0.1715144188,0.1029086513,0.3802651977
0.0142,0.0142,0.1715144188,0.1029086513,0.5310167558
0.0142,0.0142,0.1715144188,0.1029086513,0.7415319537
0.0142,0.0142,0.1715144188,0.1029086513,1.0355033665
0.0142,0.0142,0.1715144188,0.1029086513,1.4460162057
0.0142,0.0142,0.1715144188,0.1029086513,2.0192719162
0.0142,0.0142,0.1715144188,0.1029086513,2.8197879494
0.0142,0.0142,0.1715144188,0.1029086513,3.9376589236
0.0142,0.0142,0.1715144188,0.1029086513,5.498696383
0.0142,0.0142,0.1715144188,0.1029086513,7.6785883437
0.0142,0.0142,0.1715144188,0.1029086513,10.7226722201
0.0142,0.0142,0.1715144188,0.1029086513,14.9735464897
0.0142,0.0142,0.1715144188,0.1029086513,20.9096286705
0.0142,0.0142,0.1715144188,0.1029086513,29.1989991443
0.0142,0.0142,0.1715144188,0.1029086513,40.7745907144
0.0142,0.0142,0.1715144188,0.1029086513,56.9391861586
0.0142,0.0142,0.1715144188,0.1029086513,79.5120407981
0.0142,0.0142,0.1715144188,0.1029086513,111.0336318168
0.0142,0.0142,0.1715144188,0.1029086513,155.0515779833
0.0142,0.0142,0.1715144188,0.1029086513,216.5199088036
0.0142,0.0142,0.1715144188,0.1029086513,302.3566191205
0.0142,0.0142,0.1715144188,0.1029086513,422.2222595195
0.0142,0.0142,0.1715144188,0.1029086513,589.6071895242
0.0142,0.0142,0.1715144188,0.1029086513,823.3498592289
0.0142,0.0142,0.1715144188,0.1029086513,1149.7569953977
0.0142,0.0142,0.1715144188,0.1029086513,1605.5643098112
0.0142,0.0142,0.1715144188,0.1029086513,2242.0709447806
0.0142,0.0142,0.1715144188,0.1029086513,3130.912969796
0.0142,0.0142,0.1715144188,0.1029086513,4372.1257113904
0.0142,0.0142,0.1715144188,0.1029086513,6105.4022965853
0.0142,0.0142,0.1715144188,0.1114843722,0.1
0.0142,0.0142,0.1715144188,0.1114843722,0.1396437957
0.0142,0.0142,0.1715144188,0.1114843722,0.1950038968
0.0142,0.0142,0.1715144188,0.1114843722,0.2723108433
0.0142,0.0142,0.1715144188,0.1114843722,0.3802651977
0.0142,0.0142,0.1715144188,0.1114843722,0.5310167558
0.0142,0.0142,0.1715144188,0.1114843722,0.7415319537
0.0142,0.0142,0.1715144188,0.1114843722,1.0355033665
0.0142,0.0142,0.1715144188,0.1114843722,1.4460162057
0.0142,0.0142,0.1715144188,0.1114843722,2.0192719162
0.0142,0.0142,0.1715144188,0.1114843722,2.8197879494
0.0142,0.0142,0.1715144188,0.1114843722,3.9376589236
0.0142,0.0142,0.1715144188,0.1114843722,5.498696383
0.0142,0.0142,0.1715144188,0.1114843722,7.6785883437
0.0142,0.0142,0.1715144188,0.1114843722,10.7226722201
0.0142,0.0142,0.1715144188,0.1114843722,14.9735464897
0.0142,0.0142,0.1715144188,0.1114843722,20.9096286705
0.0142,0.0142,0.1715144188,0.1114843722,29.1989991443
0.0142,0.0142,0.1715144188,0.1114843722,40.7745907144
0.0142,0.0142,0.1715144188,0.1114843722,56.9391861586
0.0142,0.0142,0.1715144188,0.1114843722,79.5120407981
0.0142,0.0142,0.1715144188,0.1114843722,111.0336318168
0.0142,0.0142,0.1715144188,0.1114843722,155.0515779833
0.0142,0.0142,0.1715144188,0.1114843722,216.5199088036
0.0142,0.0142,0.1715144188,0.1114843722,302.3566191205
0.0142,0.0142,0.1715144188,0.1114843722,422.2222595195
0.0142,0.0142,0.1715144188,0.1114843722,589.6071895242
0.0142,0.0142,0.1715144188,0.1114843722,823.3498592289
0.0142,0.0142,0.1715144188,0.1114843722,1149.7569953977
0.0142,0.0142,0.1715144188,0.1114843722,1605.5643098112
0.0142,0.0142,0.1715144188,0.1114843722,2242.0709447806
0.0142,0.0142,0.1715144188,0.1114843722,3130.912969796
0.0142,0.0142,0.1715144188,0.1114843722,4372.1257113904
0.0142,0.0142,0.1715144188,0.1114843722,6105.4022965853
0.0142,0.0142,0.1715144188,0.1200600931,0.1
0.0142,0.0142,0.1715144188,0.1200600931,0.1396437957
0.0142,0.0142,0.1715144188,0.1200600931,0.1950038968
0.0142,0.0142,0.1715144188,0.1200600931,0.2723108433
0.0142,0.0142,0.1715144188,0.1200600931,0.3802651977
0.0142,0.0142,0.1715144188,0.1200600931,0.5310167558
0.0142,0.0142,0.1715144188,0.1200600931,0.7415319537
0.0142,0.0142,0.1715144188,0.1200600931,1.0355033665
0.0142,0.0142,0.1715144188,0.1200600931,1.4460162057
0.0142,0.0142,0.1715144188,0.1200600931,2.0192719162
0.0142,0.0142,0.1715144188,0.1200600931,2.8197879494
0.0142,0.0142,0.1715144188,0.1200600931,3.9376589236
0.0142,0.0142,0.1715144188,0.1200600931,5.498696383
0.0142,0.0142,0.1715144188,0.1200600931,7.6785883437
0.0142,0.0142,0.1715144188,0.1200600931,10.7226722201
0.0142,0.0142,0.1715144188,0.1200600931,14.9735464897
0.0142,0.0142,0.1715144188,0.1200600931,20.9096286705
0.0142,0.0142,0.1715144188,0.1200600931,29.1989991443
0.0142,0.0142,0.1715144188,0.1200600931,40.7745907144
0.0142,0.0142,0.1715144188,0.1200600931,56.9391861586
0.0142,0.0142,0.1715144188,0.1200600931,79.5120407981
0.0142,0.0142,0.1715144188,0.1200600931,111.0336318168
0.0142,0.0142,0.1715144188,0.1200600931,155.0515779833
0.0142,0.0142,0.1715144188,0.1200600931,216.5199088036
0.0142,0.0142,0.1715144188,0.1200600931,302.3566191205
0.0142,0.0142,0.1715144188,0.1200600931,422.2222595195
0.0142,0.0142,0.1715144188,0.1200600931,589.6071895242
0.0142,0.0142,0.1715144188,0.1200600931,823.3498592289
0.0142,0.0142,0.1715144188,0.1200600931,1149.7569953977
0.0142,0.0142,0.1715144188,0.1200600931,1605.5643098112
0.0142,0.0142,0.1715144188,0.1200600931,2242.0709447806
0.0142,0.0142,0.1715144188,0.1200600931,3130.912969796
0.0142,0.0142,0.1715144188,0.1200600931,4372.1257113904
0.0142,0.0142,0.1715144188,0.1200600931,6105.4022965853
0.0142,0.0142,0.1715144188,0.1286358141,0.1
0.0142,0.0142,0.1715144188,0.1286358141,0.1396437957
0.0142,0.0142,0.1715144188,0.1286358141,0.1950038968
0.0142,0.0142,0.1715144188,0.1286358141,0.2723108433
0.0142,0.0142,0.1715144188,0.1286358141,0.3802651977
0.0142,0.0142,0.1715144188,0.1286358141,0.5310167558
0.0142,0.0142,0.1715144188,0.1286358141,0.7415319537
0.0142,0.0142,0.1715144188,0.1286358141,1.0355033665
0.0142,0.0142,0.1715144188,0.1286358141,1.4460162057
0.0142,0.0142,0.1715144188,0.1286358141,2.0192719162
0.0142,0.0142,0.1715144188,0.1286358141,2.8197879494
0.0142,0.0142,0.1715144188,0.1286358141,3.9376589236
0.0142,0.0142,0.1715144188,0.1286358141,5.498696383
0.0142,0.0142,0.1715144188,0.1286358141,7.6785883437
0.0142,0.0142,0.1715144188,0.1286358141,10.7226722201
0.0142,0.0142,0.1715144188,0.1286358141,14.9735464897
0.0142,0.0142,0.1715144188,0.1286358141,20.9096286705
0.0142,0.0142,0.1715144188,0.1286358141,29.1989991443
0.0142,0.0142,0.1715144188,0.1286358141,40.7745907144
0.0142,0.0142,0.1715144188,0.1286358141,56.9391861586
0.0142,0.0142,0.1715144188,0.1286358141,79.5120407981
0.0142,0.0142,0.1715144188,0.1286358141,111.0336318168
0.0142,0.0142,0.1715144188,0.1286358141,155.0515779833
0.0142,0.0142,0.1715144188,0.1286358141,216.5199088036
0.0142,0.0142,0.1715144188,0.1286358141,302.3566191205
0.0142,0.0142,0.1715144188,0.1286358141,422.2222595195
0.0142,0.0142,0.1715144188,0.1286358141,589.6071895242
0.0142,0.0142,0.1715144188,0.1286358141,823.3498592289
0.0142,0.0142,0.1715144188,0.1286358141,1149.7569953977
0.0142,0.0142,0.1715144188,0.1286358141,1605.5643098112
0.0142,0.0142,0.1715144188,0.1286358141,2242.0709447806
0.0142,0.0142,0.1715144188,0.1286358141,3130.912969796
0.0142,0.0142,0.1715144188,0.1286358141,4372.1257113904
0.0142,0.0142,0.1715144188,0.1286358141,6105.4022965853
0.0142,0.0142,0.1715144188,0.137211535,0.1
0.0142,0.0142,0.1715144188,0.137211535,0.1396437957
0.0142,0.0142,0.1715144188,0.137211535,0.1950038968
0.0142,0.0142,0.1715144188,0.137211535,0.2723108433
0.0142,0.0142,0.1715144188,0.137211535,0.3802651977
0.0142,0.0142,0.1715144188,0.137211535,0.5310167558
0.0142,0.0142,0.1715144188,0.137211535,0.7415319537
0.0142,0.0142,0.1715144188,0.137211535,1.0355033665
0.0142,0.0142,0.1715144188,0.137211535,1.4460162057
0.0142,0.0142,0.1715144188,0.137211535,2.0192719162
0.0142,0.0142,0.1715144188,0.137211535,2.8197879494
0.0142,0.0142,0.1715144188,0.137211535,3.9376589236
0.0142,0.0142,0.1715144188,0.137211535,5.498696383
0.0142,0.0142,0.1715144188,0.137211535,7.6785883437
0.0142,0.0142,0.1715144188,0.137211535,10.7226722201
0.0142,0.0142,0.1715144188,0.137211535,14.9735464897
0.0142,0.0142,0.1715144188,0.137211535,20.9096286705
0.0142,0.0142,0.1715144188,0.137211535,29.1989991443
0.0142,0.0142,0.1715144188,0.137211535,40.7745907144
0.0142,0.0142,0.1715144188,0.137211535,56.9391861586
0.0142,0.0142,0.1715144188,0.137211535,79.5120407981
0.0142,0.0142,0.1715144188,0.137211535,111.0336318168
0.0142,0.0142,0.1715144188,0.137211535,155.0515779833
0.0142,0.0142,0.1715144188,0.137211535,216.5199088036
0.0142,0.0142,0.1715144188,0.137211535,302.3566191205
0.0142,0.0142,0.1715144188,0.137211535,422.2222595195
0.0142,0.0142,0.1715144188,0.137211535,589.6071895242
0.0142,0.0142,0.1715144188,0.137211535,823.3498592289
0.0142,0.0142,0.1715144188,0.137211535,1149.7569953977
0.0142,0.0142,0.1715144188,0.137211535,1605.5643098112
0.0142,0.0142,0.1715144188,0.137211535,2242.0709447806
0.0142,0.0142,0.1715144188,0.137211535,3130.912969796
0.0142,0.0142,0.1715144188,0.137211535,4372.1257113904
0.0142,0.0142,0.1715144188,0.137211535,6105.4022965853
0.0142,0.0142,0.1715144188,0.1457872559,0.1
0.0142,0.0142,0.1715144188,0.1457872559,0.1396437957
0.0142,0.0142,0.1715144188,0.1457872559,0.1950038968
0.0142,0.0142,0.1715144188,0.1457872559,0.2723108433
0.0142,0.0142,0.1715144188,0.1457872559,0.3802651977
0.0142,0.0142,0.1715144188,0.1457872559,0.5310167558
0.0142,0.0142,0.1715144188,0.1457872559,0.7415319537
0.0142,0.0142,0.1715144188,0.1457872559,1.0355033665
0.0142,0.0142,0.1715144188,0.1457872559,1.4460162057
0.0142,0.0142,0.1715144188,0.1457872559,2.0192719162
0.0142,0.0142,0.1715144188,0.1457872559,2.8197879494
0.0142,0.0142,0.1715144188,0.1457872559,3.9376589236
0.0142,0.0142,0.1715144188,0.1457872559,5.498696383
0.0142,0.0142,0.1715144188,0.1457872559,7.6785883437
0.0142,0.0142,0.1715144188,0.1457872559,10.7226722201
0.0142,0.0142,0.1715144188,0.1457872559,14.9735464897
0.0142,0.0142,0.1715144188,0.1457872559,20.9096286705
0.0142,0.0142,0.1715144188,0.1457872559,29.1989991443
0.0142,0.0142,0.1715144188,0.1457872559,40.7745907144
0.0142,0.0142,0.1715144188,0.1457872559,56.9391861586
0.0142,0.0142,0.1715144188,0.1457872559,79.5120407981
0.0142,0.0142,0.1715144188,0.1457872559,111.0336318168
0.0142,0.0142,0.1715144188,0.1457872559,155.0515779833
0.0142,0.0142,0.1715144188,0.1457872559,216.5199088036
0.0142,0.0142,0.1715144188,0.1457872559,302.3566191205
0.0142,0.0142,0.1715144188,0.1457872559,422.2222595195
0.0142,0.0142,0.1715144188,0.1457872559,589.6071895242
0.0142,0.0142,0.1715144188,0.1457872559,823.3498592289
0.0142,0.0142,0.1715144188,0.1457872559,1149.7569953977
0.0142,0.0142,0.1715144188,0.1457872559,1605.5643098112
0.0142,0.0142,0.1715144188,0.1457872559,2242.0709447806
0.0142,0.0142,0.1715144188,0.1457872559,3130.912969796
0.0142,0.0142,0.1715144188,0.1457872559,4372.1257113904
0.0142,0.0142,0.1715144188,0.1457872559,6105.4022965853
0.0142,0.0142,0.1715144188,0.1543629769,0.1
0.0142,0.0142,0.1715144188,0.1543629769,0.1396437957
0.0142,0.0142,0.1715144188,0.1543629769,0.1950038968
0.0142,0.0142,0.1715144188,0.1543629769,0.2723108433
0.0142,0.0142,0.1715144188,0.1543629769,0.3802651977
0.0142,0.0142,0.1715144188,0.1543629769,0.5310167558
0.0142,0.0142,0.1715144188,0.1543629769,0.7415319537
0.0142,0.0142,0.1715144188,0.1543629769,1.0355033665
0.0142,0.0142,0.1715144188,0.1543629769,1.4460162057
0.0142,0.0142,0.1715144188,0.1543629769,2.0192719162
0.0142,0.0142,0.1715144188,0.1543629769,2.8197879494
0.0142,0.0142,0.1715144188,0.1543629769,3.9376589236
0.0142,0.0142,0.1715144188,0.1543629769,5.498696383
0.0142,0.0142,0.1715144188,0.1543629769,7.6785883437
0.0142,0.0142,0.1715144188,0.1543629769,10.7226722201
0.0142,0.0142,0.1715144188,0.1543629769,14.9735464897
0.0142,0.0142,0.1715144188,0.1543629769,20.9096286705
0.0142,0.0142,0.1715144188,0.1543629769,29.1989991443
0.0142,0.0142,0.1715144188,0.1543629769,40.7745907144
0.0142,0.0142,0.1715144188,0.1543629769,56.9391861586
0.0142,0.0142,0.1715144188,0.1543629769,79.5120407981
0.0142,0.0142,0.1715144188,0.1543629769,111.0336318168
0.0142,0.0142,0.1715144188,0.1543629769,155.0515779833
0.0142,0.0142,0.1715144188,0.1543629769,216.5199088036
0.0142,0.0142,0.1715144188,0.1543629769,302.3566191205
0.0142,0.0142,0.1715144188,0.1543629769,422.2222595195
0.0142,0.0142,0.1715144188,0.1543629769,589.6071895242
0.0142,0.0142,0.1715144188,0.1543629769,823.3498592289
0.0142,0.0142,0.1715144188,0.1543629769,1149.7569953977
0.0142,0.0142,0.1715144188,0.1543629769,1605.5643098112
0.0142,0.0142,0.1715144188,0.1543629769,2242.0709447806
0.0142,0.0142,0.1715144188,0.1543629769,3130.912969796
0.0142,0.0142,0.1715144188,0.1543629769,4372.1257113904
0.0142,0.0142,0.1715144188,0.1543629769,6105.4022965853
0.0142,0.0142,0.1715144188,0.1629386978,0.1
0.0142,0.0142,0.1715144188,0.1629386978,0.1396437957
0.0142,0.0142,0.1715144188,0.1629386978,0.1950038968
0.0142,0.0142,0.1715144188,0.1629386978,0.2723108433
0.0142,0.0142,0.1715144188,0.1629386978,0.3802651977
0.0142,0.0142,0.1715144188,0.1629386978,0.5310167558
0.0142,0.0142,0.1715144188,0.1629386978,0.7415319537
0.0142,0.0142,0.1715144188,0.1629386978,1.0355033665
0.0142,0.0142,0.1715144188,0.1629386978,1.4460162057
0.0142,0.0142,0.1715144188,0.1629386978,2.0192719162
0.0142,0.0142,0.1715144188,0.1629386978,2.8197879494
0.0142,0.0142,0.1715144188,0.1629386978,3.9376589236
0.0142,0.0142,0.1715144188,0.1629386978,5.498696383
0.0142,0.0142,0.1715144188,0.1629386978,7.6785883437
0.0142,0.0142,0.1715144188,0.1629386978,10.7226722201
0.0142,0.0142,0.1715144188,0.1629386978,14.9735464897
0.0142,0.0142,0.1715144188,0.1629386978,20.9096286705
0.0142,0.0142,0.1715144188,0.1629386978,29.1989991443
0.0142,0.0142,0.1715144188,0.1629386978,40.7745907144
0.0142,0.0142,0.1715144188,0.1629386978,56.9391861586
0.0142,0.0142,0.1715144188,0.1629386978,79.5120407981
0.0142,0.0142,0.1715144188,0.1629386978,111.0336318168
0.0142,0.0142,0.1715144188,0.1629386978,155.0515779833
0.0142,0.0142,0.1715144188,0.1629386978,216.5199088036
0.0142,0.0142,0.1715144188,0.1629386978,302.3566191205
0.0142,0.0142,0.1715144188,0.1629386978,422.2222595195
0.0142,0.0142,0.1715144188,0.1629386978,589.6071895242
0.0142,0.0142,0.1715144188,0.1629386978,823.3498592289
0.0142,0.0142,0.1715144188,0.1629386978,1149.7569953977
0.0142,0.0142,0.1715144188,0.1629386978,1605.5643098112
0.0142,0.0142,0.1715144188,0.1629386978,2242.0709447806
0.0142,0.0142,0.1715144188,0.1629386978,3130.912969796
0.0142,0.0142,0.1715144188,0.1629386978,4372.1257113904
0.0142,0.0142,0.1715144188,0.1629386978,6105.4022965853
0.0142,0.0142,0.1715144188,0.1697992746,0.1
0.0142,0.0142,0.1715144188,0.1697992746,0.1396437957
0.0142,0.0142,0.1715144188,0.1697992746,0.1950038968
0.0142,0.0142,0.1715144188,0.1697992746,0.2723108433
0.0142,0.0142,0.1715144188,0.1697992746,0.3802651977
0.0142,0.0142,0.1715144188,0.1697992746,0.5310167558
0.0142,0.0142,0.1715144188,0.1697992746,0.7415319537
0.0142,0.0142,0.1715144188,0.1697992746,1.0355033665
0.0142,0.0142,0.1715144188,0.1697992746,1.4460162057
0.0142,0.0142,0.1715144188,0.1697992746,2.0192719162
0.0142,0.0142,0.1715144188,0.1697992746,2.8197879494
0.0142,0.0142,0.1715144188,0.1697992746,3.9376589236
0.0142,0.0142,0.1715144188,0.1697992746,5.498696383
0.0142,0.0142,0.1715144188,0.1697992746,7.6785883437
0.0142,0.0142,0.1715144188,0.1697992746,10.7226722201
0.0142,0.0142,0.1715144188,0.1697992746,14.9735464897
0.0142,0.0142,0.1715144188,0.1697992746,20.9096286705
0.0142,0.0142,0.1715144188,0.1697992746,29.1989991443
0.0142,0.0142,0.1715144188,0.1697992746,40.7745907144
0.0142,0.0142,0.1715144188,0.1697992746,56.9391861586
0.0142,0.0142,0.1715144188,0.1697992746,79.5120407981
0.0142,0.0142,0.1715144188,0.1697992746,111.0336318168
0.0142,0.0142,0.1715144188,0.1697992746,155.0515779833
0.0142,0.0142,0.1715144188,0.1697992746,216.5199088036
0.0142,0.0142,0.1715144188,0.1697992746,302.3566191205
0.0142,0.0142,0.1715144188,0.1697992746,422.2222595195
0.0142,0.0142,0.1715144188,0.1697992746,589.6071895242
0.0142,0.0142,0.1715144188,0.1697992746,823.3498592289
0.0142,0.0142,0.1715144188,0.1697992746,1149.7569953977
0.0142,0.0142,0.1715144188,0.1697992746,1605.5643098112
0.0142,0.0142,0.1715144188,0.1697992746,2242.0709447806
0.0142,0.0142,0.1715144188,0.1697992746,3130.912969796
0.0142,0.0142,0.1715144188,0.1697992746,4372.1257113904
0.0142,0.0142,0.1715144188,0.1697992746,6105.4022965853
0.0142,0.0142,0.1910560361,0.1050808199,0.1
0.0142,0.0142,0.1910560361,0.1050808199,0.1396437957
0.0142,0.0142,0.1910560361,0.1050808199,0.1950038968
0.0142,0.0142,0.1910560361,0.1050808199,0.2723108433
0.0142,0.0142,0.1910560361,0.1050808199,0.3802651977
0.0142,0.0142,0.1910560361,0.1050808199,0.5310167558
0.0142,0.0142,0.1910560361,0.1050808199,0.7415319537
0.0142,0.0142,0.1910560361,0.1050808199,1.0355033665
0.0142,0.0142,0.1910560361,0.1050808199,1.4460162057
0.0142,0.0142,0.1910560361,0.1050808199,2.0192719162
0.0142,0.0142,0.1910560361,0.1050808199,2.8197879494
0.0142,0.0142,0.1910560361,0.1050808199,3.9376589236
0.0142,0.0142,0.1910560361,0.1050808199,5.498696383
0.0142,0.0142,0.1910560361,0.1050808199,7.6785883437
0.0142,0.0142,0.1910560361,0.1050808199,10.7226722201
0.0142,0.0142,0.1910560361,0.1050808199,14.9735464897
0.0142,0.0142,0.1910560361,0.1050808199,20.9096286705
0.0142,0.0142,0.1910560361,0.1050808199,29.1989991443
0.0142,0.0142,0.1910560361,0.1050808199,40.7745907144
0.0142,0.0142,0.1910560361,0.1050808199,56.9391861586
0.0142,0.0142,0.1910560361,0.1050808199,79.5120407981
0.0142,0.0142,0.1910560361,0.1050808199,111.0336318168
0.0142,0.0142,0.1910560361,0.1050808199,155.0515779833
0.0142,0.0142,0.1910560361,0.1050808199,216.5199088036
0.0142,0.0142,0.1910560361,0.1050808199,302.3566191205
0.0142,0.0142,0.1910560361,0.1050808199,422.2222595195
0.0142,0.0142,0.1910560361,0.1050808199,589.6071895242
0.0142,0.0142,0.1910560361,0.1050808199,823.3498592289
0.0142,0.0142,0.1910560361,0.1050808199,1149.7569953977
0.0142,0.0142,0.1910560361,0.1050808199,1605.5643098112
0.0142,0.0142,0.1910560361,0.1050808199,2242.0709447806
0.0142,0.0142,0.1910560361,0.1050808199,3130.912969796
0.0142,0.0142,0.1910560361,0.1050808199,4372.1257113904
0.0142,0.0142,0.1910560361,0.1050808199,6105.4022965853
0.0142,0.0142,0.1910560361,0.1146336217,0.1
0.0142,0.0142,0.1910560361,0.1146336217,0.1396437957
0.0142,0.0142,0.1910560361,0.1146336217,0.1950038968
0.0142,0.0142,0.1910560361,0.1146336217,0.2723108433
0.0142,0.0142,0.1910560361,0.1146336217,0.3802651977
0.0142,0.0142,0.1910560361,0.1146336217,0.5310167558
0.0142,0.0142,0.1910560361,0.1146336217,0.7415319537
0.0142,0.0142,0.1910560361,0.1146336217,1.0355033665
0.0142,0.0142,0.1910560361,0.1146336217,1.4460162057
0.0142,0.0142,0.1910560361,0.1146336217,2.0192719162
0.0142,0.0142,0.1910560361,0.1146336217,2.8197879494
0.0142,0.0142,0.1910560361,0.1146336217,3.9376589236
0.0142,0.0142,0.1910560361,0.1146336217,5.498696383
0.0142,0.0142,0.1910560361,0.1146336217,7.6785883437
0.0142,0.0142,0.1910560361,0.1146336217,10.7226722201
0.0142,0.0142,0.1910560361,0.1146336217,14.9735464897
0.0142,0.0142,0.1910560361,0.1146336217,20.9096286705
0.0142,0.0142,0.1910560361,0.1146336217,29.1989991443
0.0142,0.0142,0.1910560361,0.1146336217,40.7745907144
0.0142,0.0142,0.1910560361,0.1146336217,56.9391861586
0.0142,0.0142,0.1910560361,0.1146336217,79.5120407981
0.0142,0.0142,0.1910560361,0.1146336217,111.0336318168
0.0142,0.0142,0.1910560361,0.1146336217,155.0515779833
0.0142,0.0142,0.1910560361,0.1146336217,216.5199088036
0.0142,0.0142,0.1910560361,0.1146336217,302.3566191205
0.0142,0.0142,0.1910560361,0.1146336217,422.2222595195
0.0142,0.0142,0.1910560361,0.1146336217,589.6071895242
0.0142,0.0142,0.1910560361,0.1146336217,823.3498592289
0.0142,0.0142,0.1910560361,0.1146336217,1149.7569953977
0.0142,0.0142,0.1910560361,0.1146336217,1605.5643098112
0.0142,0.0142,0.1910560361,0.1146336217,2242.0709447806
0.0142,0.0142,0.1910560361,0.1146336217,3130.912969796
0.0142,0.0142,0.1910560361,0.1146336217,4372.1257113904
0.0142,0.0142,0.1910560361,0.1146336217,6105.4022965853
0.0142,0.0142,0.1910560361,0.1241864235,0.1
0.0142,0.0142,0.1910560361,0.1241864235,0.1396437957
0.0142,0.0142,0.1910560361,0.1241864235,0.1950038968
0.0142,0.0142,0.1910560361,0.1241864235,0.2723108433
0.0142,0.0142,0.1910560361,0.1241864235,0.3802651977
0.0142,0.0142,0.1910560361,0.1241864235,0.5310167558
0.0142,0.0142,0.1910560361,0.1241864235,0.7415319537
0.0142,0.0142,0.1910560361,0.1241864235,1.0355033665
0.0142,0.0142,0.1910560361,0.1241864235,1.4460162057
0.0142,0.0142,0.1910560361,0.1241864235,2.0192719162
0.0142,0.0142,0.1910560361,0.1241864235,2.8197879494
0.0142,0.0142,0.1910560361,0.1241864235,3.9376589236
0.0142,0.0142,0.1910560361,0.1241864235,5.498696383
0.0142,0.0142,0.1910560361,0.1241864235,7.6785883437
0.0142,0.0142,0.1910560361,0.1241864235,10.7226722201
0.0142,0.0142,0.1910560361,0.1241864235,14.9735464897
0.0142,0.0142,0.1910560361,0.1241864235,20.9096286705
0.0142,0.0142,0.1910560361,0.1241864235,29.1989991443
0.0142,0.0142,0.1910560361,0.1241864235,40.7745907144
0.0142,0.0142,0.1910560361,0.1241864235,56.9391861586
0.0142,0.0142,0.1910560361,0.1241864235,79.5120407981
0.0142,0.0142,0.1910560361,0.1241864235,111.0336318168
0.0142,0.0142,0.1910560361,0.1241864235,155.0515779833
0.0142,0.0142,0.1910560361,0.1241864235,216.5199088036
0.0142,0.0142,0.1910560361,0.1241864235,302.3566191205
0.0142,0.0142,0.1910560361,0.1241864235,422.2222595195
0.0142,0.0142,0.1910560361,0.1241864235,589.6071895242
0.0142,0.0142,0.1910560361,0.1241864235,823.3498592289
0.0142,0.0142,0.1910560361,0.1241864235,1149.7569953977
0.0142,0.0142,0.1910560361,0.1241864235,1605.5643098112
0.0142,0.0142,0.1910560361,0.1241864235,2242.0709447806
0.0142,0.0142,0.1910560361,0.1241864235,3130.912969796
0.0142,0.0142,0.1910560361,0.1241864235,4372.1257113904
0.0142,0.0142,0.1910560361,0.1241864235,6105.4022965853
0.0142,0.0142,0.1910560361,0.1337392253,0.1
0.0142,0.0142,0.1910560361,0.1337392253,0.1396437957
0.0142,0.0142,0.1910560361,0.1337392253,0.1950038968
0.0142,0.0142,0.1910560361,0.1337392253,0.2723108433
0.0142,0.0142,0.1910560361,0.1337392253,0.3802651977
0.0142,0.0142,0.1910560361,0.1337392253,0.5310167558
0.0142,0.0142,0.1910560361,0.1337392253,0.7415319537
0.0142,0.0142,0.1910560361,0.1337392253,1.0355033665
0.0142,0.0142,0.1910560361,0.1337392253,1.4460162057
0.0142,0.0142,0.1910560361,0.1337392253,2.0192719162
0.0142,0.0142,0.1910560361,0.1337392253,2.8197879494
0.0142,0.0142,0.1910560361,0.1337392253,3.9376589236
0.0142,0.0142,0.1910560361,0.1337392253,5.498696383
0.0142,0.0142,0.1910560361,0.1337392253,7.6785883437
0.0142,0.0142,0.1910560361,0.1337392253,10.7226722201
0.0142,0.0142,0.1910560361,0.1337392253,14.9735464897
0.0142,0.0142,0.1910560361,0.1337392253,20.9096286705
0.0142,0.0142,0.1910560361,0.1337392253,29.1989991443
0.0142,0.0142,0.1910560361,0.1337392253,40.7745907144
0.0142,0.0142,0.1910560361,0.1337392253,56.9391861586
0.0142,0.0142,0.1910560361,0.1337392253,79.5120407981
0.0142,0.0142,0.1910560361,0.1337392253,111.0336318168
0.0142,0.0142,0.1910560361,0.1337392253,155.0515779833
0.0142,0.0142,0.1910560361,0.1337392253,216.5199088036
0.0142,0.0142,0.1910560361,0.1337392253,302.3566191205
0.0142,0.0142,0.1910560361,0.1337392253,422.2222595195
0.0142,0.0142,0.1910560361,0.1337392253,589.6071895242
0.0142,0.0142,0.1910560361,0.1337392253,823.3498592289
0.0142,0.0142,0.1910560361,0.1337392253,1149.7569953977
0.0142,0.0142,0.1910560361,0.1337392253,1605.5643098112
0.0142,0.0142,0.1910560361,0.1337392253,2242.0709447806
0.0142,0.0142,0.1910560361,0.1337392253,3130.912969796
0.0142,0.0142,0.1910560361,0.1337392253,4372.1257113904
0.0142,0.0142,0.1910560361,0.1337392253,6105.4022965853
0.0142,0.0142,0.1910560361,0.1432920271,0.1
0.0142,0.0142,0.1910560361,0.1432920271,0.1396437957
0.0142,0.0142,0.1910560361,0.1432920271,0.1950038968
0.0142,0.0142,0.1910560361,0.1432920271,0.2723108433
0.0142,0.0142,0.1910560361,0.1432920271,0.3802651977
0.0142,0.0142,0.1910560361,0.1432920271,0.5310167558
0.0142,0.0142,0.1910560361,0.1432920271,0.7415319537
0.0142,0.0142,0.1910560361,0.1432920271,1.0355033665
0.0142,0.0142,0.1910560361,0.1432920271,1.4460162057
0.0142,0.0142,0.1910560361,0.1432920271,2.0192719162
0.0142,0.0142,0.1910560361,0.1432920271,2.8197879494
0.0142,0.0142,0.1910560361,0.1432920271,3.9376589236
0.0142,0.0142,0.1910560361,0.1432920271,5.498696383
0.0142,0.0142,0.1910560361,0.1432920271,7.6785883437
0.0142,0.0142,0.1910560361,0.1432920271,10.7226722201
0.0142,0.0142,0.1910560361,0.1432920271,14.9735464897
0.0142,0.0142,0.1910560361,0.1432920271,20.9096286705
0.0142,0.0142,0.1910560361,0.1432920271,29.1989991443
0.0142,0.0142,0.1910560361,0.1432920271,40.7745907144
0.0142,0.0142,0.1910560361,0.1432920271,56.9391861586
0.0142,0.0142,0.1910560361,0.1432920271,79.5120407981
0.0142,0.0142,0.1910560361,0.1432920271,111.0336318168
0.0142,0.0142,0.1910560361,0.1432920271,155.0515779833
0.0142,0.0142,0.1910560361,0.1432920271,216.5199088036
0.0142,0.0142,0.1910560361,0.1432920271,302.3566191205
0.0142,0.0142,0.1910560361,0.1432920271,422.2222595195
0.0142,0.0142,0.1910560361,0.1432920271,589.6071895242
0.0142,0.0142,0.1910560361,0.1432920271,823.3498592289
0.0142,0.0142,0.1910560361,0.1432920271,1149.7569953977
0.0142,0.0142,0.1910560361,0.1432920271,1605.5643098112
0.0142,0.0142,0.1910560361,0.1432920271,2242.0709447806
0.0142,0.0142,0.1910560361,0.1432920271,3130.912969796
0.0142,0.0142,0.1910560361,0.1432920271,4372.1257113904
0.0142,0.0142,0.1910560361,0.1432920271,6105.4022965853
0.0142,0.0142,0.1910560361,0.1528448289,0.1
0.0142,0.0142,0.1910560361,0.1528448289,0.1396437957
0.0142,0.0142,0.1910560361,0.1528448289,0.1950038968
0.0142,0.0142,0.1910560361,0.1528448289,0.2723108433
0.0142,0.0142,0.1910560361,0.1528448289,0.3802651977
0.0142,0.0142,0.1910560361,0.1528448289,0.5310167558
0.0142,0.0142,0.1910560361,0.1528448289,0.7415319537
0.0142,0.0142,0.1910560361,0.1528448289,1.0355033665
0.0142,0.0142,0.1910560361,0.1528448289,1.4460162057
0.0142,0.0142,0.1910560361,0.1528448289,2.0192719162
0.0142,0.0142,0.1910560361,0.1528448289,2.8197879494
0.0142,0.0142,0.1910560361,0.1528448289,3.9376589236
0.0142,0.0142,0.1910560361,0.1528448289,5.498696383
0.0142,0.0142,0.1910560361,0.1528448289,7.6785883437
0.0142,0.0142,0.1910560361,0.1528448289,10.7226722201
0.0142,0.0142,0.1910560361,0.1528448289,14.9735464897
0.0142,0.0142,0.1910560361,0.1528448289,20.9096286705
0.0142,0.0142,0.1910560361,0.1528448289,29.1989991443
0.0142,0.0142,0.1910560361,0.1528448289,40.7745907144
0.0142,0.0142,0.1910560361,0.1528448289,56.9391861586
0.0142,0.0142,0.1910560361,0.1528448289,79.5120407981
0.0142,0.0142,0.1910560361,0.1528448289,111.0336318168
0.0142,0.0142,0.1910560361,0.1528448289,155.0515779833
0.0142,0.0142,0.1910560361,0.1528448289,216.5199088036
0.0142,0.0142,0.1910560361,0.1528448289,302.3566191205
0.0142,0.0142,0.1910560361,0.1528448289,422.2222595195
0.0142,0.0142,0.1910560361,0.1528448289,589.6071895242
0.0142,0.0142,0.1910560361,0.1528448289,823.3498592289
0.0142,0.0142,0.1910560361,0.1528448289,1149.7569953977
0.0142,0.0142,0.1910560361,0.1528448289,1605.5643098112
0.0142,0.0142,0.1910560361,0.1528448289,2242.0709447806
0.0142,0.0142,0.1910560361,0.1528448289,3130.912969796
0.0142,0.0142,0.1910560361,0.1528448289,4372.1257113904
0.0142,0.0142,0.1910560361,0.1528448289,6105.4022965853
0.0142,0.0142,0.1910560361,0.1623976307,0.1
0.0142,0.0142,0.1910560361,0.1623976307,0.1396437957
0.0142,0.0142,0.1910560361,0.1623976307,0.1950038968
0.0142,0.0142,0.1910560361,0.1623976307,0.2723108433
0.0142,0.0142,0.1910560361,0.1623976307,0.3802651977
0.0142,0.0142,0.1910560361,0.1623976307,0.5310167558
0.0142,0.0142,0.1910560361,0.1623976307,0.7415319537
0.0142,0.0142,0.1910560361,0.1623976307,1.0355033665
0.0142,0.0142,0.1910560361,0.1623976307,1.4460162057
0.0142,0.0142,0.1910560361,0.1623976307,2.0192719162
0.0142,0.0142,0.1910560361,0.1623976307,2.8197879494
0.0142,0.0142,0.1910560361,0.1623976307,3.9376589236
0.0142,0.0142,0.1910560361,0.1623976307,5.498696383
0.0142,0.0142,0.1910560361,0.1623976307,7.6785883437
0.0142,0.0142,0.1910560361,0.1623976307,10.7226722201
0.0142,0.0142,0.1910560361,0.1623976307,14.9735464897
0.0142,0.0142,0.1910560361,0.1623976307,20.9096286705
0.0142,0.0142,0.1910560361,0.1623976307,29.1989991443
0.0142,0.0142,0.1910560361,0.1623976307,40.7745907144
0.0142,0.0142,0.1910560361,0.1623976307,56.9391861586
0.0142,0.0142,0.1910560361,0.1623976307,79.5120407981
0.0142,0.0142,0.1910560361,0.1623976307,111.0336318168
0.0142,0.0142,0.1910560361,0.1623976307,155.0515779833
0.0142,0.0142,0.1910560361,0.1623976307,216.5199088036
0.0142,0.0142,0.1910560361,0.1623976307,302.3566191205
0.0142,0.0142,0.1910560361,0.1623976307,422.2222595195
0.0142,0.0142,0.1910560361,0.1623976307,589.6071895242
0.0142,0.0142,0.1910560361,0.1623976307,823.3498592289
0.0142,0.0142,0.1910560361,0.1623976307,1149.7569953977
0.0142,0.0142,0.1910560361,0.1623976307,1605.5643098112
0.0142,0.0142,0.1910560361,0.1623976307,2242.0709447806
0.0142,0.0142,0.1910560361,0.1623976307,3130.912969796
0.0142,0.0142,0.1910560361,0.1623976307,4372.1257113904
0.0142,0.0142,0.1910560361,0.1623976307,6105.4022965853
0.0142,0.0142,0.1910560361,0.1719504325,0.1
0.0142,0.0142,0.1910560361,0.1719504325,0.1396437957
0.0142,0.0142,0.1910560361,0.1719504325,0.1950038968
0.0142,0.0142,0.1910560361,0.1719504325,0.2723108433
0.0142,0.0142,0.1910560361,0.1719504325,0.3802651977
0.0142,0.0142,0.1910560361,0.1719504325,0.5310167558
0.0142,0.0142,0.1910560361,0.1719504325,0.7415319537
0.0142,0.0142,0.1910560361,0.1719504325,1.0355033665
0.0142,0.0142,0.1910560361,0.1719504325,1.4460162057
0.0142,0.0142,0.1910560361,0.1719504325,2.0192719162
0.0142,0.0142,0.1910560361,0.1719504325,2.8197879494
0.0142,0.0142,0.1910560361,0.1719504325,3.9376589236
0.0142,0.0142,0.1910560361,0.1719504325,5.498696383
0.0142,0.0142,0.1910560361,0.1719504325,7.6785883437
0.0142,0.0142,0.1910560361,0.1719504325,10.7226722201
0.0142,0.0142,0.1910560361,0.1719504325,14.9735464897
0.0142,0.0142,0.1910560361,0.1719504325,20.9096286705
0.0142,0.0142,0.1910560361,0.1719504325,29.1989991443
0.0142,0.0142,0.1910560361,0.1719504325,40.7745907144
0.0142,0.0142,0.1910560361,0.1719504325,56.9391861586
0.0142,0.0142,0.1910560361,0.1719504325,79.5120407981
0.0142,0.0142,0.1910560361,0.1719504325,111.0336318168
0.0142,0.0142,0.1910560361,0.1719504325,155.0515779833
0.0142,0.0142,0.1910560361,0.1719504325,216.5199088036
0.0142,0.0142,0.1910560361,0.1719504325,302.3566191205
0.0142,0.0142,0.1910560361,0.1719504325,422.2222595195
0.0142,0.0142,0.1910560361,0.1719504325,589.6071895242
0.0142,0.0142,0.1910560361,0.1719504325,823.3498592289
0.0142,0.0142,0.1910560361,0.1719504325,1149.7569953977
0.0142,0.0142,0.1910560361,0.1719504325,1605.5643098112
0.0142,0.0142,0.1910560361,0.1719504325,2242.0709447806
0.0142,0.0142,0.1910560361,0.1719504325,3130.912969796
0.0142,0.0142,0.1910560361,0.1719504325,4372.1257113904
0.0142,0.0142,0.1910560361,0.1719504325,6105.4022965853
0.0142,0.0142,0.1910560361,0.1815032343,0.1
0.0142,0.0142,0.1910560361,0.1815032343,0.1396437957
0.0142,0.0142,0.1910560361,0.1815032343,0.1950038968
0.0142,0.0142,0.1910560361,0.1815032343,0.2723108433
0.0142,0.0142,0.1910560361,0.1815032343,0.3802651977
0.0142,0.0142,0.1910560361,0.1815032343,0.5310167558
0.0142,0.0142,0.1910560361,0.1815032343,0.7415319537
0.0142,0.0142,0.1910560361,0.1815032343,1.0355033665
0.0142,0.0142,0.1910560361,0.1815032343,1.4460162057
0.0142,0.0142,0.1910560361,0.1815032343,2.0192719162
0.0142,0.0142,0.1910560361,0.1815032343,2.8197879494
0.0142,0.0142,0.1910560361,0.1815032343,3.9376589236
0.0142,0.0142,0.1910560361,0.1815032343,5.498696383
0.0142,0.0142,0.1910560361,0.1815032343,7.6785883437
0.0142,0.0142,0.1910560361,0.1815032343,10.7226722201
0.0142,0.0142,0.1910560361,0.1815032343,14.9735464897
0.0142,0.0142,0.1910560361,0.1815032343,20.9096286705
0.0142,0.0142,0.1910560361,0.1815032343,29.1989991443
0.0142,0.0142,0.1910560361,0.1815032343,40.7745907144
0.0142,0.0142,0.1910560361,0.1815032343,56.9391861586
0.0142,0.0142,0.1910560361,0.1815032343,79.5120407981
0.0142,0.0142,0.1910560361,0.1815032343,111.0336318168
0.0142,0.0142,0.1910560361,0.1815032343,155.0515779833
0.0142,0.0142,0.1910560361,0.1815032343,216.5199088036
0.0142,0.0142,0.1910560361,0.1815032343,302.3566191205
0.0142,0.0142,0.1910560361,0.1815032343,422.2222595195
0.0142,0.0142,0.1910560361,0.1815032343,589.6071895242
0.0142,0.0142,0.1910560361,0.1815032343,823.3498592289
0.0142,0.0142,0.1910560361,0.1815032343,1149.7569953977
0.0142,0.0142,0.1910560361,0.1815032343,1605.5643098112
0.0142,0.0142,0.1910560361,0.1815032343,2242.0709447806
0.0142,0.0142,0.1910560361,0.1815032343,3130.912969796
0.0142,0.0142,0.1910560361,0.1815032343,4372.1257113904
0.0142,0.0142,0.1910560361,0.1815032343,6105.4022965853
0.0142,0.0142,0.1910560361,0.1891454757,0.1
0.0142,0.0142,0.1910560361,0.1891454757,0.1396437957
0.0142,0.0142,0.1910560361,0.1891454757,0.1950038968
0.0142,0.0142,0.1910560361,0.1891454757,0.2723108433
0.0142,0.0142,0.1910560361,0.1891454757,0.3802651977
0.0142,0.0142,0.1910560361,0.1891454757,0.5310167558
0.0142,0.0142,0.1910560361,0.1891454757,0.7415319537
0.0142,0.0142,0.1910560361,0.1891454757,1.0355033665
0.0142,0.0142,0.1910560361,0.1891454757,1.4460162057
0.0142,0.0142,0.1910560361,0.1891454757,2.0192719162
0.0142,0.0142,0.1910560361,0.1891454757,2.8197879494
0.0142,0.0142,0.1910560361,0.1891454757,3.9376589236
0.0142,0.0142,0.1910560361,0.1891454757,5.498696383
0.0142,0.0142,0.1910560361,0.1891454757,7.6785883437
0.0142,0.0142,0.1910560361,0.1891454757,10.7226722201
0.0142,0.0142,0.1910560361,0.1891454757,14.9735464897
0.0142,0.0142,0.1910560361,0.1891454757,20.9096286705
0.0142,0.0142,0.1910560361,0.1891454757,29.1989991443
0.0142,0.0142,0.1910560361,0.1891454757,40.7745907144
0.0142,0.0142,0.1910560361,0.1891454757,56.9391861586
0.0142,0.0142,0.1910560361,0.1891454757,79.5120407981
0.0142,0.0142,0.1910560361,0.1891454757,111.0336318168
0.0142,0.0142,0.1910560361,0.1891454757,155.0515779833
0.0142,0.0142,0.1910560361,0.1891454757,216.5199088036
0.0142,0.0142,0.1910560361,0.1891454757,302.3566191205
0.0142,0.0142,0.1910560361,0.1891454757,422.2222595195
0.0142,0.0142,0.1910560361,0.1891454757,589.6071895242
0.0142,0.0142,0.1910560361,0.1891454757,823.3498592289
0.0142,0.0142,0.1910560361,0.1891454757,1149.7569953977
0.0142,0.0142,0.1910560361,0.1891454757,1605.5643098112
0.0142,0.0142,0.1910560361,0.1891454757,2242.0709447806
0.0142,0.0142,0.1910560361,0.1891454757,3130.912969796
0.0142,0.0142,0.1910560361,0.1891454757,4372.1257113904
0.0142,0.0142,0.1910560361,0.1891454757,6105.4022965853
0.0142,0.0142,0.2128241415,0.1064120708,0.1
0.0142,0.0142,0.2128241415,0.1064120708,0.1396437957
0.0142,0.0142,0.2128241415,0.1064120708,0.1950038968
0.0142,0.0142,0.2128241415,0.1064120708,0.2723108433
0.0142,0.0142,0.2128241415,0.1064120708,0.3802651977
0.0142,0.0142,0.2128241415,0.1064120708,0.5310167558
0.0142,0.0142,0.2128241415,0.1064120708,0.7415319537
0.0142,0.0142,0.2128241415,0.1064120708,1.0355033665
0.0142,0.0142,0.2128241415,0.1064120708,1.4460162057
0.0142,0.0142,0.2128241415,0.1064120708,2.0192719162
0.0142,0.0142,0.2128241415,0.1064120708,2.8197879494
0.0142,0.0142,0.2128241415,0.1064120708,3.9376589236
0.0142,0.0142,0.2128241415,0.1064120708,5.498696383
0.0142,0.0142,0.2128241415,0.1064120708,7.6785883437
0.0142,0.0142,0.2128241415,0.1064120708,10.7226722201
0.0142,0.0142,0.2128241415,0.1064120708,14.9735464897
0.0142,0.0142,0.2128241415,0.1064120708,20.9096286705
0.0142,0.0142,0.2128241415,0.1064120708,29.1989991443
0.0142,0.0142,0.2128241415,0.1064120708,40.7745907144
0.0142,0.0142,0.2128241415,0.1064120708,56.9391861586
0.0142,0.0142,0.2128241415,0.1064120708,79.5120407981
0.0142,0.0142,0.2128241415,0.1064120708,111.0336318168
0.0142,0.0142,0.2128241415,0.1064120708,155.0515779833
0.0142,0.0142,0.2128241415,0.1064120708,216.5199088036
0.0142,0.0142,0.2128241415,0.1064120708,302.3566191205
0.0142,0.0142,0.2128241415,0.1064120708,422.2222595195
0.0142,0.0142,0.2128241415,0.1064120708,589.6071895242
0.0142,0.0142,0.2128241415,0.1064120708,823.3498592289
0.0142,0.0142,0.2128241415,0.1064120708,1149.7569953977
0.0142,0.0142,0.2128241415,0.1064120708,1605.5643098112
0.0142,0.0142,0.2128241415,0.1064120708,2242.0709447806
0.0142,0.0142,0.2128241415,0.1064120708,3130.912969796
0.0142,0.0142,0.2128241415,0.1064120708,4372.1257113904
0.0142,0.0142,0.2128241415,0.1064120708,6105.4022965853
0.0142,0.0142,0.2128241415,0.1170532778,0.1
0.0142,0.0142,0.2128241415,0.1170532778,0.1396437957
0.0142,0.0142,0.2128241415,0.1170532778,0.1950038968
0.0142,0.0142,0.2128241415,0.1170532778,0.2723108433
0.0142,0.0142,0.2128241415,0.1170532778,0.3802651977
0.0142,0.0142,0.2128241415,0.1170532778,0.5310167558
0.0142,0.0142,0.2128241415,0.1170532778,0.7415319537
0.0142,0.0142,0.2128241415,0.1170532778,1.0355033665
0.0142,0.0142,0.2128241415,0.1170532778,1.4460162057
0.0142,0.0142,0.2128241415,0.1170532778,2.0192719162
0.0142,0.0142,0.2128241415,0.1170532778,2.8197879494
0.0142,0.0142,0.2128241415,0.1170532778,3.9376589236
0.0142,0.0142,0.2128241415,0.1170532778,5.498696383
0.0142,0.0142,0.2128241415,0.1170532778,7.6785883437
0.0142,0.0142,0.2128241415,0.1170532778,10.7226722201
0.0142,0.0142,0.2128241415,0.1170532778,14.9735464897
0.0142,0.0142,0.2128241415,0.1170532778,20.9096286705
0.0142,0.0142,0.2128241415,0.1170532778,29.1989991443
0.0142,0.0142,0.2128241415,0.1170532778,40.7745907144
0.0142,0.0142,0.2128241415,0.1170532778,56.9391861586
0.0142,0.0142,0.2128241415,0.1170532778,79.5120407981
0.0142,0.0142,0.2128241415,0.1170532778,111.0336318168
0.0142,0.0142,0.2128241415,0.1170532778,155.0515779833
0.0142,0.0142,0.2128241415,0.1170532778,216.5199088036
0.0142,0.0142,0.2128241415,0.1170532778,302.3566191205
0.0142,0.0142,0.2128241415,0.1170532778,422.2222595195
0.0142,0.0142,0.2128241415,0.1170532778,589.6071895242
0.0142,0.0142,0.2128241415,0.1170532778,823.3498592289
0.0142,0.0142,0.2128241415,0.1170532778,1149.7569953977
0.0142,0.0142,0.2128241415,0.1170532778,1605.5643098112
0.0142,0.0142,0.2128241415,0.1170532778,2242.0709447806
0.0142,0.0142,0.2128241415,0.1170532778,3130.912969796
0.0142,0.0142,0.2128241415,0.1170532778,4372.1257113904
0.0142,0.0142,0.2128241415,0.1170532778,6105.4022965853
0.0142,0.0142,0.2128241415,0.1276944849,0.1
0.0142,0.0142,0.2128241415,0.1276944849,0.1396437957
0.0142,0.0142,0.2128241415,0.1276944849,0.1950038968
0.0142,0.0142,0.2128241415,0.1276944849,0.2723108433
0.0142,0.0142,0.2128241415,0.1276944849,0.3802651977
0.0142,0.0142,0.2128241415,0.1276944849,0.5310167558
0.0142,0.0142,0.2128241415,0.1276944849,0.7415319537
0.0142,0.0142,0.2128241415,0.1276944849,1.0355033665
0.0142,0.0142,0.2128241415,0.1276944849,1.4460162057
0.0142,0.0142,0.2128241415,0.1276944849,2.0192719162
0.0142,0.0142,0.2128241415,0.1276944849,2.8197879494
0.0142,0.0142,0.2128241415,0.1276944849,3.9376589236
0.0142,0.0142,0.2128241415,0.1276944849,5.498696383
0.0142,0.0142,0.2128241415,0.1276944849,7.6785883437
0.0142,0.0142,0.2128241415,0.1276944849,10.7226722201
0.0142,0.0142,0.2128241415,0.1276944849,14.9735464897
0.0142,0.0142,0.2128241415,0.1276944849,20.9096286705
0.0142,0.0142,0.2128241415,0.1276944849,29.1989991443
0.0142,0.0142,0.2128241415,0.1276944849,40.7745907144
0.0142,0.0142,0.2128241415,0.1276944849,56.9391861586
0.0142,0.0142,0.2128241415,0.1276944849,79.5120407981
0.0142,0.0142,0.2128241415,0.1276944849,111.0336318168
0.0142,0.0142,0.2128241415,0.1276944849,155.0515779833
0.0142,0.0142,0.2128241415,0.1276944849,216.5199088036
0.0142,0.0142,0.2128241415,0.1276944849,302.3566191205
0.0142,0.0142,0.2128241415,0.1276944849,422.2222595195
0.0142,0.0142,0.2128241415,0.1276944849,589.6071895242
0.0142,0.0142,0.2128241415,0.1276944849,823.3498592289
0.0142,0.0142,0.2128241415,0.1276944849,1149.7569953977
0.0142,0.0142,0.2128241415,0.1276944849,1605.5643098112
0.0142,0.0142,0.2128241415,0.1276944849,2242.0709447806
0.0142,0.0142,0.2128241415,0.1276944849,3130.912969796
0.0142,0.0142,0.2128241415,0.1276944849,4372.1257113904
0.0142,0.0142,0.2128241415,0.1276944849,6105.4022965853
0.0142,0.0142,0.2128241415,0.138335692,0.1
0.0142,0.0142,0.2128241415,0.138335692,0.1396437957
0.0142,0.0142,0.2128241415,0.138335692,0.1950038968
0.0142,0.0142,0.2128241415,0.138335692,0.2723108433
0.0142,0.0142,0.2128241415,0.138335692,0.3802651977
0.0142,0.0142,0.2128241415,0.138335692,0.5310167558
0.0142,0.0142,0.2128241415,0.138335692,0.7415319537
0.0142,0.0142,0.2128241415,0.138335692,1.0355033665
0.0142,0.0142,0.2128241415,0.138335692,1.4460162057
0.0142,0.0142,0.2128241415,0.138335692,2.0192719162
0.0142,0.0142,0.2128241415,0.138335692,2.8197879494
0.0142,0.0142,0.2128241415,0.138335692,3.9376589236
0.0142,0.0142,0.2128241415,0.138335692,5.498696383
0.0142,0.0142,0.2128241415,0.138335692,7.6785883437
0.0142,0.0142,0.2128241415,0.138335692,10.7226722201
0.0142,0.0142,0.2128241415,0.138335692,14.9735464897
0.0142,0.0142,0.2128241415,0.138335692,20.9096286705
0.0142,0.0142,0.2128241415,0.138335692,29.1989991443
0.0142,0.0142,0.2128241415,0.138335692,40.7745907144
0.0142,0.0142,0.2128241415,0.138335692,56.9391861586
0.0142,0.0142,0.2128241415,0.138335692,79.5120407981
0.0142,0.0142,0.2128241415,0.138335692,111.0336318168
0.0142,0.0142,0.2128241415,0.138335692,155.0515779833
0.0142,0.0142,0.2128241415,0.138335692,216.5199088036
0.0142,0.0142,0.2128241415,0.138335692,302.3566191205
0.0142,0.0142,0.2128241415,0.138335692,422.2222595195
0.0142,0.0142,0.2128241415,0.138335692,589.6071895242
0.0142,0.0142,0.2128241415,0.138335692,823.3498592289
0.0142,0.0142,0.2128241415,0.138335692,1149.7569953977
0.0142,0.0142,0.2128241415,0.138335692,1605.5643098112
0.0142,0.0142,0.2128241415,0.138335692,2242.0709447806
0.0142,0.0142,0.2128241415,0.138335692,3130.912969796
0.0142,0.0142,0.2128241415,0.138335692,4372.1257113904
0.0142,0.0142,0.2128241415,0.138335692,6105.4022965853
0.0142,0.0142,0.2128241415,0.1489768991,0.1
0.0142,0.0142,0.2128241415,0.1489768991,0.1396437957
0.0142,0.0142,0.2128241415,0.1489768991,0.1950038968
0.0142,0.0142,0.2128241415,0.1489768991,0.2723108433
0.0142,0.0142,0.2128241415,0.1489768991,0.3802651977
0.0142,0.0142,0.2128241415,0.1489768991,0.5310167558
0.0142,0.0142,0.2128241415,0.1489768991,0.7415319537
0.0142,0.0142,0.2128241415,0.1489768991,1.0355033665
0.0142,0.0142,0.2128241415,0.1489768991,1.4460162057
0.0142,0.0142,0.2128241415,0.1489768991,2.0192719162
0.0142,0.0142,0.2128241415,0.1489768991,2.8197879494
0.0142,0.0142,0.2128241415,0.1489768991,3.9376589236
0.0142,0.0142,0.2128241415,0.1489768991,5.498696383
0.0142,0.0142,0.2128241415,0.1489768991,7.6785883437
0.0142,0.0142,0.2128241415,0.1489768991,10.7226722201
0.0142,0.0142,0.2128241415,0.1489768991,14.9735464897
0.0142,0.0142,0.2128241415,0.1489768991,20.9096286705
0.0142,0.0142,0.2128241415,0.1489768991,29.1989991443
0.0142,0.0142,0.2128241415,0.1489768991,40.7745907144
0.0142,0.0142,0.2128241415,0.1489768991,56.9391861586
0.0142,0.0142,0.2128241415,0.1489768991,79.5120407981
0.0142,0.0142,0.2128241415,0.1489768991,111.0336318168
0.0142,0.0142,0.2128241415,0.1489768991,155.0515779833
0.0142,0.0142,0.2128241415,0.1489768991,216.5199088036
0.0142,0.0142,0.2128241415,0.1489768991,302.3566191205
0.0142,0.0142,0.2128241415,0.1489768991,422.2222595195
0.0142,0.0142,0.2128241415,0.1489768991,589.6071895242
0.0142,0.0142,0.2128241415,0.1489768991,823.3498592289
0.0142,0.0142,0.2128241415,0.1489768991,1149.7569953977
0.0142,0.0142,0.2128241415,0.1489768991,1605.5643098112
0.0142,0.0142,0.2128241415,0.1489768991,2242.0709447806
0.0142,0.0142,0.2128241415,0.1489768991,3130.912969796
0.0142,0.0142,0.2128241415,0.1489768991,4372.1257113904
0.0142,0.0142,0.2128241415,0.1489768991,6105.4022965853
0.0142,0.0142,0.2128241415,0.1596181061,0.1
0.0142,0.0142,0.2128241415,0.1596181061,0.1396437957
0.0142,0.0142,0.2128241415,0.1596181061,0.1950038968
0.0142,0.0142,0.2128241415,0.1596181061,0.2723108433
0.0142,0.0142,0.2128241415,0.1596181061,0.3802651977
0.0142,0.0142,0.2128241415,0.1596181061,0.5310167558
0.0142,0.0142,0.2128241415,0.1596181061,0.7415319537
0.0142,0.0142,0.2128241415,0.1596181061,1.0355033665
0.0142,0.0142,0.2128241415,0.1596181061,1.4460162057
0.0142,0.0142,0.2128241415,0.1596181061,2.0192719162
0.0142,0.0142,0.2128241415,0.1596181061,2.8197879494
0.0142,0.0142,0.2128241415,0.1596181061,3.9376589236
0.0142,0.0142,0.2128241415,0.1596181061,5.498696383
0.0142,0.0142,0.2128241415,0.1596181061,7.6785883437
0.0142,0.0142,0.2128241415,0.1596181061,10.7226722201
0.0142,0.0142,0.2128241415,0.1596181061,14.9735464897
0.0142,0.0142,0.2128241415,0.1596181061,20.9096286705
0.0142,0.0142,0.2128241415,0.1596181061,29.1989991443
0.0142,0.0142,0.2128241415,0.1596181061,40.7745907144
0.0142,0.0142,0.2128241415,0.1596181061,56.9391861586
0.0142,0.0142,0.2128241415,0.1596181061,79.5120407981
0.0142,0.0142,0.2128241415,0.1596181061,111.0336318168
0.0142,0.0142,0.2128241415,0.1596181061,155.0515779833
0.0142,0.0142,0.2128241415,0.1596181061,216.5199088036
0.0142,0.0142,0.2128241415,0.1596181061,302.3566191205
0.0142,0.0142,0.2128241415,0.1596181061,422.2222595195
0.0142,0.0142,0.2128241415,0.1596181061,589.6071895242
0.0142,0.0142,0.2128241415,0.1596181061,823.3498592289
0.0142,0.0142,0.2128241415,0.1596181061,1149.7569953977
0.0142,0.0142,0.2128241415,0.1596181061,1605.5643098112
0.0142,0.0142,0.2128241415,0.1596181061,2242.0709447806
0.0142,0.0142,0.2128241415,0.1596181061,3130.912969796
0.0142,0.0142,0.2128241415,0.1596181061,4372.1257113904
0.0142,0.0142,0.2128241415,0.1596181061,6105.4022965853
0.0142,0.0142,0.2128241415,0.1702593132,0.1
0.0142,0.0142,0.2128241415,0.1702593132,0.1396437957
0.0142,0.0142,0.2128241415,0.1702593132,0.1950038968
0.0142,0.0142,0.2128241415,0.1702593132,0.2723108433
0.0142,0.0142,0.2128241415,0.1702593132,0.3802651977
0.0142,0.0142,0.2128241415,0.1702593132,0.5310167558
0.0142,0.0142,0.2128241415,0.1702593132,0.7415319537
0.0142,0.0142,0.2128241415,0.1702593132,1.0355033665
0.0142,0.0142,0.2128241415,0.1702593132,1.4460162057
0.0142,0.0142,0.2128241415,0.1702593132,2.0192719162
0.0142,0.0142,0.2128241415,0.1702593132,2.8197879494
0.0142,0.0142,0.2128241415,0.1702593132,3.9376589236
0.0142,0.0142,0.2128241415,0.1702593132,5.498696383
0.0142,0.0142,0.2128241415,0.1702593132,7.6785883437
0.0142,0.0142,0.2128241415,0.1702593132,10.7226722201
0.0142,0.0142,0.2128241415,0.1702593132,14.9735464897
0.0142,0.0142,0.2128241415,0.1702593132,20.9096286705
0.0142,0.0142,0.2128241415,0.1702593132,29.1989991443
0.0142,0.0142,0.2128241415,0.1702593132,40.7745907144
0.0142,0.0142,0.2128241415,0.1702593132,56.9391861586
0.0142,0.0142,0.2128241415,0.1702593132,79.5120407981
0.0142,0.0142,0.2128241415,0.1702593132,111.0336318168
0.0142,0.0142,0.2128241415,0.1702593132,155.0515779833
0.0142,0.0142,0.2128241415,0.1702593132,216.5199088036
0.0142,0.0142,0.2128241415,0.1702593132,302.3566191205
0.0142,0.0142,0.2128241415,0.1702593132,422.2222595195
0.0142,0.0142,0.2128241415,0.1702593132,589.6071895242
0.0142,0.0142,0.2128241415,0.1702593132,823.3498592289
0.0142,0.0142,0.2128241415,0.1702593132,1149.7569953977
0.0142,0.0142,0.2128241415,0.1702593132,1605.5643098112
0.0142,0.0142,0.2128241415,0.1702593132,2242.0709447806
0.0142,0.0142,0.2128241415,0.1702593132,3130.912969796
0.0142,0.0142,0.2128241415,0.1702593132,4372.1257113904
0.0142,0.0142,0.2128241415,0.1702593132,6105.4022965853
0.0142,0.0142,0.2128241415,0.1809005203,0.1
0.0142,0.0142,0.2128241415,0.1809005203,0.1396437957
0.0142,0.0142,0.2128241415,0.1809005203,0.1950038968
0.0142,0.0142,0.2128241415,0.1809005203,0.2723108433
0.0142,0.0142,0.2128241415,0.1809005203,0.3802651977
0.0142,0.0142,0.2128241415,0.1809005203,0.5310167558
0.0142,0.0142,0.2128241415,0.1809005203,0.7415319537
0.0142,0.0142,0.2128241415,0.1809005203,1.0355033665
0.0142,0.0142,0.2128241415,0.1809005203,1.4460162057
0.0142,0.0142,0.2128241415,0.1809005203,2.0192719162
0.0142,0.0142,0.2128241415,0.1809005203,2.8197879494
0.0142,0.0142,0.2128241415,0.1809005203,3.9376589236
0.0142,0.0142,0.2128241415,0.1809005203,5.498696383
0.0142,0.0142,0.2128241415,0.1809005203,7.6785883437
0.0142,0.0142,0.2128241415,0.1809005203,10.7226722201
0.0142,0.0142,0.2128241415,0.1809005203,14.9735464897
0.0142,0.0142,0.2128241415,0.1809005203,20.9096286705
0.0142,0.0142,0.2128241415,0.1809005203,29.1989991443
0.0142,0.0142,0.2128241415,0.1809005203,40.7745907144
0.0142,0.0142,0.2128241415,0.1809005203,56.9391861586
0.0142,0.0142,0.2128241415,0.1809005203,79.5120407981
0.0142,0.0142,0.2128241415,0.1809005203,111.0336318168
0.0142,0.0142,0.2128241415,0.1809005203,155.0515779833
0.0142,0.0142,0.2128241415,0.1809005203,216.5199088036
0.0142,0.0142,0.2128241415,0.1809005203,302.3566191205
0.0142,0.0142,0.2128241415,0.1809005203,422.2222595195
0.0142,0.0142,0.2128241415,0.1809005203,589.6071895242
0.0142,0.0142,0.2128241415,0.1809005203,823.3498592289
0.0142,0.0142,0.2128241415,0.1809005203,1149.7569953977
0.0142,0.0142,0.2128241415,0.1809005203,1605.5643098112
0.0142,0.0142,0.2128241415,0.1809005203,2242.0709447806
0.0142,0.0142,0.2128241415,0.1809005203,3130.912969796
0.0142,0.0142,0.2128241415,0.1809005203,4372.1257113904
0.0142,0.0142,0.2128241415,0.1809005203,6105.4022965853
0.0142,0.0142,0.2128241415,0.1915417274,0.1
0.0142,0.0142,0.2128241415,0.1915417274,0.1396437957
0.0142,0.0142,0.2128241415,0.1915417274,0.1950038968
0.0142,0.0142,0.2128241415,0.1915417274,0.2723108433
0.0142,0.0142,0.2128241415,0.1915417274,0.3802651977
0.0142,0.0142,0.2128241415,0.1915417274,0.5310167558
0.0142,0.0142,0.2128241415,0.1915417274,0.7415319537
0.0142,0.0142,0.2128241415,0.1915417274,1.0355033665
0.0142,0.0142,0.2128241415,0.1915417274,1.4460162057
0.0142,0.0142,0.2128241415,0.1915417274,2.0192719162
0.0142,0.0142,0.2128241415,0.1915417274,2.8197879494
0.0142,0.0142,0.2128241415,0.1915417274,3.9376589236
0.0142,0.0142,0.2128241415,0.1915417274,5.498696383
0.0142,0.0142,0.2128241415,0.1915417274,7.6785883437
0.0142,0.0142,0.2128241415,0.1915417274,10.7226722201
0.0142,0.0142,0.2128241415,0.1915417274,14.9735464897
0.0142,0.0142,0.2128241415,0.1915417274,20.9096286705
0.0142,0.0142,0.2128241415,0.1915417274,29.1989991443
0.0142,0.0142,0.2128241415,0.1915417274,40.7745907144
0.0142,0.0142,0.2128241415,0.1915417274,56.9391861586
0.0142,0.0142,0.2128241415,0.1915417274,79.5120407981
0.0142,0.0142,0.2128241415,0.1915417274,111.0336318168
0.0142,0.0142,0.2128241415,0.1915417274,155.0515779833
0.0142,0.0142,0.2128241415,0.1915417274,216.5199088036
0.0142,0.0142,0.2128241415,0.1915417274,302.3566191205
0.0142,0.0142,0.2128241415,0.1915417274,422.2222595195
0.0142,0.0142,0.2128241415,0.1915417274,589.6071895242
0.0142,0.0142,0.2128241415,0.1915417274,823.3498592289
0.0142,0.0142,0.2128241415,0.1915417274,1149.7569953977
0.0142,0.0142,0.2128241415,0.1915417274,1605.5643098112
0.0142,0.0142,0.2128241415,0.1915417274,2242.0709447806
0.0142,0.0142,0.2128241415,0.1915417274,3130.912969796
0.0142,0.0142,0.2128241415,0.1915417274,4372.1257113904
0.0142,0.0142,0.2128241415,0.1915417274,6105.4022965853
0.0142,0.0142,0.2128241415,0.2021829344,0.1
0.0142,0.0142,0.2128241415,0.2021829344,0.1396437957
0.0142,0.0142,0.2128241415,0.2021829344,0.1950038968
0.0142,0.0142,0.2128241415,0.2021829344,0.2723108433
0.0142,0.0142,0.2128241415,0.2021829344,0.3802651977
0.0142,0.0142,0.2128241415,0.2021829344,0.5310167558
0.0142,0.0142,0.2128241415,0.2021829344,0.7415319537
0.0142,0.0142,0.2128241415,0.2021829344,1.0355033665
0.0142,0.0142,0.2128241415,0.2021829344,1.4460162057
0.0142,0.0142,0.2128241415,0.2021829344,2.0192719162
0.0142,0.0142,0.2128241415,0.2021829344,2.8197879494
0.0142,0.0142,0.2128241415,0.2021829344,3.9376589236
0.0142,0.0142,0.2128241415,0.2021829344,5.498696383
0.0142,0.0142,0.2128241415,0.2021829344,7.6785883437
0.0142,0.0142,0.2128241415,0.2021829344,10.7226722201
0.0142,0.0142,0.2128241415,0.2021829344,14.9735464897
0.0142,0.0142,0.2128241415,0.2021829344,20.9096286705
0.0142,0.0142,0.2128241415,0.2021829344,29.1989991443
0.0142,0.0142,0.2128241415,0.2021829344,40.7745907144
0.0142,0.0142,0.2128241415,0.2021829344,56.9391861586
0.0142,0.0142,0.2128241415,0.2021829344,79.5120407981
0.0142,0.0142,0.2128241415,0.2021829344,111.0336318168
0.0142,0.0142,0.2128241415,0.2021829344,155.0515779833
0.0142,0.0142,0.2128241415,0.2021829344,216.5199088036
0.0142,0.0142,0.2128241415,0.2021829344,302.3566191205
0.0142,0.0142,0.2128241415,0.2021829344,422.2222595195
0.0142,0.0142,0.2128241415,0.2021829344,589.6071895242
0.0142,0.0142,0.2128241415,0.2021829344,823.3498592289
0.0142,0.0142,0.2128241415,0.2021829344,1149.7569953977
0.0142,0.0142,0.2128241415,0.2021829344,1605.5643098112
0.0142,0.0142,0.2128241415,0.2021829344,2242.0709447806
0.0142,0.0142,0.2128241415,0.2021829344,3130.912969796
0.0142,0.0142,0.2128241415,0.2021829344,4372.1257113904
0.0142,0.0142,0.2128241415,0.2021829344,6105.4022965853
0.0142,0.0142,0.2128241415,0.2106959001,0.1
0.0142,0.0142,0.2128241415,0.2106959001,0.1396437957
0.0142,0.0142,0.2128241415,0.2106959001,0.1950038968
0.0142,0.0142,0.2128241415,0.2106959001,0.2723108433
0.0142,0.0142,0.2128241415,0.2106959001,0.3802651977
0.0142,0.0142,0.2128241415,0.2106959001,0.5310167558
0.0142,0.0142,0.2128241415,0.2106959001,0.7415319537
0.0142,0.0142,0.2128241415,0.2106959001,1.0355033665
0.0142,0.0142,0.2128241415,0.2106959001,1.4460162057
0.0142,0.0142,0.2128241415,0.2106959001,2.0192719162
0.0142,0.0142,0.2128241415,0.2106959001,2.8197879494
0.0142,0.0142,0.2128241415,0.2106959001,3.9376589236
0.0142,0.0142,0.2128241415,0.2106959001,5.498696383
0.0142,0.0142,0.2128241415,0.2106959001,7.6785883437
0.0142,0.0142,0.2128241415,0.2106959001,10.7226722201
0.0142,0.0142,0.2128241415,0.2106959001,14.9735464897
0.0142,0.0142,0.2128241415,0.2106959001,20.9096286705
0.0142,0.0142,0.2128241415,0.2106959001,29.1989991443
0.0142,0.0142,0.2128241415,0.2106959001,40.7745907144
0.0142,0.0142,0.2128241415,0.2106959001,56.9391861586
0.0142,0.0142,0.2128241415,0.2106959001,79.5120407981
0.0142,0.0142,0.2128241415,0.2106959001,111.0336318168
0.0142,0.0142,0.2128241415,0.2106959001,155.0515779833
0.0142,0.0142,0.2128241415,0.2106959001,216.5199088036
0.0142,0.0142,0.2128241415,0.2106959001,302.3566191205
0.0142,0.0142,0.2128241415,0.2106959001,422.2222595195
0.0142,0.0142,0.2128241415,0.2106959001,589.6071895242
0.0142,0.0142,0.2128241415,0.2106959001,823.3498592289
0.0142,0.0142,0.2128241415,0.2106959001,1149.7569953977
0.0142,0.0142,0.2128241415,0.2106959001,1605.5643098112
0.0142,0.0142,0.2128241415,0.2106959001,2242.0709447806
0.0142,0.0142,0.2128241415,0.2106959001,3130.912969796
0.0142,0.0142,0.2128241415,0.2106959001,4372.1257113904
0.0142,0.0142,0.2128241415,0.2106959001,6105.4022965853
0.0142,0.0142,0.2370724115,0.1066825852,0.1
0.0142,0.0142,0.2370724115,0.1066825852,0.1396437957
0.0142,0.0142,0.2370724115,0.1066825852,0.1950038968
0.0142,0.0142,0.2370724115,0.1066825852,0.2723108433
0.0142,0.0142,0.2370724115,0.1066825852,0.3802651977
0.0142,0.0142,0.2370724115,0.1066825852,0.5310167558
0.0142,0.0142,0.2370724115,0.1066825852,0.7415319537
0.0142,0.0142,0.2370724115,0.1066825852,1.0355033665
0.0142,0.0142,0.2370724115,0.1066825852,1.4460162057
0.0142,0.0142,0.2370724115,0.1066825852,2.0192719162
0.0142,0.0142,0.2370724115,0.1066825852,2.8197879494
0.0142,0.0142,0.2370724115,0.1066825852,3.9376589236
0.0142,0.0142,0.2370724115,0.1066825852,5.498696383
0.0142,0.0142,0.2370724115,0.1066825852,7.6785883437
0.0142,0.0142,0.2370724115,0.1066825852,10.7226722201
0.0142,0.0142,0.2370724115,0.1066825852,14.9735464897
0.0142,0.0142,0.2370724115,0.1066825852,20.9096286705
0.0142,0.0142,0.2370724115,0.1066825852,29.1989991443
0.0142,0.0142,0.2370724115,0.1066825852,40.7745907144
0.0142,0.0142,0.2370724115,0.1066825852,56.9391861586
0.0142,0.0142,0.2370724115,0.1066825852,79.5120407981
0.0142,0.0142,0.2370724115,0.1066825852,111.0336318168
0.0142,0.0142,0.2370724115,0.1066825852,155.0515779833
0.0142,0.0142,0.2370724115,0.1066825852,216.5199088036
0.0142,0.0142,0.2370724115,0.1066825852,302.3566191205
0.0142,0.0142,0.2370724115,0.1066825852,422.2222595195
0.0142,0.0142,0.2370724115,0.1066825852,589.6071895242
0.0142,0.0142,0.2370724115,0.1066825852,823.3498592289
0.0142,0.0142,0.2370724115,0.1066825852,1149.7569953977
0.0142,0.0142,0.2370724115,0.1066825852,1605.5643098112
0.0142,0.0142,0.2370724115,0.1066825852,2242.0709447806
0.0142,0.0142,0.2370724115,0.1066825852,3130.912969796
0.0142,0.0142,0.2370724115,0.1066825852,4372.1257113904
0.0142,0.0142,0.2370724115,0.1066825852,6105.4022965853
0.0142,0.0142,0.2370724115,0.1185362058,0.1
0.0142,0.0142,0.2370724115,0.1185362058,0.1396437957
0.0142,0.0142,0.2370724115,0.1185362058,0.1950038968
0.0142,0.0142,0.2370724115,0.1185362058,0.2723108433
0.0142,0.0142,0.2370724115,0.1185362058,0.3802651977
0.0142,0.0142,0.2370724115,0.1185362058,0.5310167558
0.0142,0.0142,0.2370724115,0.1185362058,0.7415319537
0.0142,0.0142,0.2370724115,0.1185362058,1.0355033665
0.0142,0.0142,0.2370724115,0.1185362058,1.4460162057
0.0142,0.0142,0.2370724115,0.1185362058,2.0192719162
0.0142,0.0142,0.2370724115,0.1185362058,2.8197879494
0.0142,0.0142,0.2370724115,0.1185362058,3.9376589236
0.0142,0.0142,0.2370724115,0.1185362058,5.498696383
0.0142,0.0142,0.2370724115,0.1185362058,7.6785883437
0.0142,0.0142,0.2370724115,0.1185362058,10.7226722201
0.0142,0.0142,0.2370724115,0.1185362058,14.9735464897
0.0142,0.0142,0.2370724115,0.1185362058,20.9096286705
0.0142,0.0142,0.2370724115,0.1185362058,29.1989991443
0.0142,0.0142,0.2370724115,0.1185362058,40.7745907144
0.0142,0.0142,0.2370724115,0.1185362058,56.9391861586
0.0142,0.0142,0.2370724115,0.1185362058,79.5120407981
0.0142,0.0142,0.2370724115,0.1185362058,111.0336318168
0.0142,0.0142,0.2370724115,0.1185362058,155.0515779833
0.0142,0.0142,0.2370724115,0.1185362058,216.5199088036
0.0142,0.0142,0.2370724115,0.1185362058,302.3566191205
0.0142,0.0142,0.2370724115,0.1185362058,422.2222595195
0.0142,0.0142,0.2370724115,0.1185362058,589.6071895242
0.0142,0.0142,0.2370724115,0.1185362058,823.3498592289
0.0142,0.0142,0.2370724115,0.1185362058,1149.7569953977
0.0142,0.0142,0.2370724115,0.1185362058,1605.5643098112
0.0142,0.0142,0.2370724115,0.1185362058,2242.0709447806
0.0142,0.0142,0.2370724115,0.1185362058,3130.912969796
0.0142,0.0142,0.2370724115,0.1185362058,4372.1257113904
0.0142,0.0142,0.2370724115,0.1185362058,6105.4022965853
0.0142,0.0142,0.2370724115,0.1303898263,0.1
0.0142,0.0142,0.2370724115,0.1303898263,0.1396437957
0.0142,0.0142,0.2370724115,0.1303898263,0.1950038968
0.0142,0.0142,0.2370724115,0.1303898263,0.2723108433
0.0142,0.0142,0.2370724115,0.1303898263,0.3802651977
0.0142,0.0142,0.2370724115,0.1303898263,0.5310167558
0.0142,0.0142,0.2370724115,0.1303898263,0.7415319537
0.0142,0.0142,0.2370724115,0.1303898263,1.0355033665
0.0142,0.0142,0.2370724115,0.1303898263,1.4460162057
0.0142,0.0142,0.2370724115,0.1303898263,2.0192719162
0.0142,0.0142,0.2370724115,0.1303898263,2.8197879494
0.0142,0.0142,0.2370724115,0.1303898263,3.9376589236
0.0142,0.0142,0.2370724115,0.1303898263,5.498696383
0.0142,0.0142,0.2370724115,0.1303898263,7.6785883437
0.0142,0.0142,0.2370724115,0.1303898263,10.7226722201
0.0142,0.0142,0.2370724115,0.1303898263,14.9735464897
0.0142,0.0142,0.2370724115,0.1303898263,20.9096286705
0.0142,0.0142,0.2370724115,0.1303898263,29.1989991443
0.0142,0.0142,0.2370724115,0.1303898263,40.7745907144
0.0142,0.0142,0.2370724115,0.1303898263,56.9391861586
0.0142,0.0142,0.2370724115,0.1303898263,79.5120407981
0.0142,0.0142,0.2370724115,0.1303898263,111.0336318168
0.0142,0.0142,0.2370724115,0.1303898263,155.0515779833
0.0142,0.0142,0.2370724115,0.1303898263,216.5199088036
0.0142,0.0142,0.2370724115,0.1303898263,302.3566191205
0.0142,0.0142,0.2370724115,0.1303898263,422.2222595195
0.0142,0.0142,0.2370724115,0.1303898263,589.6071895242
0.0142,0.0142,0.2370724115,0.1303898263,823.3498592289
0.0142,0.0142,0.2370724115,0.1303898263,1149.7569953977
0.0142,0.0142,0.2370724115,0.1303898263,1605.5643098112
0.0142,0.0142,0.2370724115,0.1303898263,2242.0709447806
0.0142,0.0142,0.2370724115,0.1303898263,3130.912969796
0.0142,0.0142,0.2370724115,0.1303898263,4372.1257113904
0.0142,0.0142,0.2370724115,0.1303898263,6105.4022965853
0.0142,0.0142,0.2370724115,0.1422434469,0.1
0.0142,0.0142,0.2370724115,0.1422434469,0.1396437957
0.0142,0.0142,0.2370724115,0.1422434469,0.1950038968
0.0142,0.0142,0.2370724115,0.1422434469,0.2723108433
0.0142,0.0142,0.2370724115,0.1422434469,0.3802651977
0.0142,0.0142,0.2370724115,0.1422434469,0.5310167558
0.0142,0.0142,0.2370724115,0.1422434469,0.7415319537
0.0142,0.0142,0.2370724115,0.1422434469,1.0355033665
0.0142,0.0142,0.2370724115,0.1422434469,1.4460162057
0.0142,0.0142,0.2370724115,0.1422434469,2.0192719162
0.0142,0.0142,0.2370724115,0.1422434469,2.8197879494
0.0142,0.0142,0.2370724115,0.1422434469,3.9376589236
0.0142,0.0142,0.2370724115,0.1422434469,5.498696383
0.0142,0.0142,0.2370724115,0.1422434469,7.6785883437
0.0142,0.0142,0.2370724115,0.1422434469,10.7226722201
0.0142,0.0142,0.2370724115,0.1422434469,14.9735464897
0.0142,0.0142,0.2370724115,0.1422434469,20.9096286705
0.0142,0.0142,0.2370724115,0.1422434469,29.1989991443
0.0142,0.0142,0.2370724115,0.1422434469,40.7745907144
0.0142,0.0142,0.2370724115,0.1422434469,56.9391861586
0.0142,0.0142,0.2370724115,0.1422434469,79.5120407981
0.0142,0.0142,0.2370724115,0.1422434469,111.0336318168
0.0142,0.0142,0.2370724115,0.1422434469,155.0515779833
0.0142,0.0142,0.2370724115,0.1422434469,216.5199088036
0.0142,0.0142,0.2370724115,0.1422434469,302.3566191205
0.0142,0.0142,0.2370724115,0.1422434469,422.2222595195
0.0142,0.0142,0.2370724115,0.1422434469,589.6071895242
0.0142,0.0142,0.2370724115,0.1422434469,823.3498592289
0.0142,0.0142,0.2370724115,0.1422434469,1149.7569953977
0.0142,0.0142,0.2370724115,0.1422434469,1605.5643098112
0.0142,0.0142,0.2370724115,0.1422434469,2242.0709447806
0.0142,0.0142,0.2370724115,0.1422434469,3130.912969796
0.0142,0.0142,0.2370724115,0.1422434469,4372.1257113904
0.0142,0.0142,0.2370724115,0.1422434469,6105.4022965853
0.0142,0.0142,0.2370724115,0.1540970675,0.1
0.0142,0.0142,0.2370724115,0.1540970675,0.1396437957
0.0142,0.0142,0.2370724115,0.1540970675,0.1950038968
0.0142,0.0142,0.2370724115,0.1540970675,0.2723108433
0.0142,0.0142,0.2370724115,0.1540970675,0.3802651977
0.0142,0.0142,0.2370724115,0.1540970675,0.5310167558
0.0142,0.0142,0.2370724115,0.1540970675,0.7415319537
0.0142,0.0142,0.2370724115,0.1540970675,1.0355033665
0.0142,0.0142,0.2370724115,0.1540970675,1.4460162057
0.0142,0.0142,0.2370724115,0.1540970675,2.0192719162
0.0142,0.0142,0.2370724115,0.1540970675,2.8197879494
0.0142,0.0142,0.2370724115,0.1540970675,3.9376589236
0.0142,0.0142,0.2370724115,0.1540970675,5.498696383
0.0142,0.0142,0.2370724115,0.1540970675,7.6785883437
0.0142,0.0142,0.2370724115,0.1540970675,10.7226722201
0.0142,0.0142,0.2370724115,0.1540970675,14.9735464897
0.0142,0.0142,0.2370724115,0.1540970675,20.9096286705
0.0142,0.0142,0.2370724115,0.1540970675,29.1989991443
0.0142,0.0142,0.2370724115,0.1540970675,40.7745907144
0.0142,0.0142,0.2370724115,0.1540970675,56.9391861586
0.0142,0.0142,0.2370724115,0.1540970675,79.5120407981
0.0142,0.0142,0.2370724115,0.1540970675,111.0336318168
0.0142,0.0142,0.2370724115,0.1540970675,155.0515779833
0.0142,0.0142,0.2370724115,0.1540970675,216.5199088036
0.0142,0.0142,0.2370724115,0.1540970675,302.3566191205
0.0142,0.0142,0.2370724115,0.1540970675,422.2222595195
0.0142,0.0142,0.2370724115,0.1540970675,589.6071895242
0.0142,0.0142,0.2370724115,0.1540970675,823.3498592289
0.0142,0.0142,0.2370724115,0.1540970675,1149.7569953977
0.0142,0.0142,0.2370724115,0.1540970675,1605.5643098112
0.0142,0.0142,0.2370724115,0.1540970675,2242.0709447806
0.0142,0.0142,0.2370724115,0.1540970675,3130.912969796
0.0142,0.0142,0.2370724115,0.1540970675,4372.1257113904
0.0142,0.0142,0.2370724115,0.1540970675,6105.4022965853
0.0142,0.0142,0.2370724115,0.1659506881,0.1
0.0142,0.0142,0.2370724115,0.1659506881,0.1396437957
0.0142,0.0142,0.2370724115,0.1659506881,0.1950038968
0.0142,0.0142,0.2370724115,0.1659506881,0.2723108433
0.0142,0.0142,0.2370724115,0.1659506881,0.3802651977
0.0142,0.0142,0.2370724115,0.1659506881,0.5310167558
0.0142,0.0142,0.2370724115,0.1659506881,0.7415319537
0.0142,0.0142,0.2370724115,0.1659506881,1.0355033665
0.0142,0.0142,0.2370724115,0.1659506881,1.4460162057
0.0142,0.0142,0.2370724115,0.1659506881,2.0192719162
0.0142,0.0142,0.2370724115,0.1659506881,2.8197879494
0.0142,0.0142,0.2370724115,0.1659506881,3.9376589236
0.0142,0.0142,0.2370724115,0.1659506881,5.498696383
0.0142,0.0142,0.2370724115,0.1659506881,7.6785883437
0.0142,0.0142,0.2370724115,0.1659506881,10.7226722201
0.0142,0.0142,0.2370724115,0.1659506881,14.9735464897
0.0142,0.0142,0.2370724115,0.1659506881,20.9096286705
0.0142,0.0142,0.2370724115,0.1659506881,29.1989991443
0.0142,0.0142,0.2370724115,0.1659506881,40.7745907144
0.0142,0.0142,0.2370724115,0.1659506881,56.9391861586
0.0142,0.0142,0.2370724115,0.1659506881,79.5120407981
0.0142,0.0142,0.2370724115,0.1659506881,111.0336318168
0.0142,0.0142,0.2370724115,0.1659506881,155.0515779833
0.0142,0.0142,0.2370724115,0.1659506881,216.5199088036
0.0142,0.0142,0.2370724115,0.1659506881,302.3566191205
0.0142,0.0142,0.2370724115,0.1659506881,422.2222595195
0.0142,0.0142,0.2370724115,0.1659506881,589.6071895242
0.0142,0.0142,0.2370724115,0.1659506881,823.3498592289
0.0142,0.0142,0.2370724115,0.1659506881,1149.7569953977
0.0142,0.0142,0.2370724115,0.1659506881,1605.5643098112
0.0142,0.0142,0.2370724115,0.1659506881,2242.0709447806
0.0142,0.0142,0.2370724115,0.1659506881,3130.912969796
0.0142,0.0142,0.2370724115,0.1659506881,4372.1257113904
0.0142,0.0142,0.2370724115,0.1659506881,6105.4022965853
0.0142,0.0142,0.2370724115,0.1778043086,0.1
0.0142,0.0142,0.2370724115,0.1778043086,0.1396437957
0.0142,0.0142,0.2370724115,0.1778043086,0.1950038968
0.0142,0.0142,0.2370724115,0.1778043086,0.2723108433
0.0142,0.0142,0.2370724115,0.1778043086,0.3802651977
0.0142,0.0142,0.2370724115,0.1778043086,0.5310167558
0.0142,0.0142,0.2370724115,0.1778043086,0.7415319537
0.0142,0.0142,0.2370724115,0.1778043086,1.0355033665
0.0142,0.0142,0.2370724115,0.1778043086,1.4460162057
0.0142,0.0142,0.2370724115,0.1778043086,2.0192719162
0.0142,0.0142,0.2370724115,0.1778043086,2.8197879494
0.0142,0.0142,0.2370724115,0.1778043086,3.9376589236
0.0142,0.0142,0.2370724115,0.1778043086,5.498696383
0.0142,0.0142,0.2370724115,0.1778043086,7.6785883437
0.0142,0.0142,0.2370724115,0.1778043086,10.7226722201
0.0142,0.0142,0.2370724115,0.1778043086,14.9735464897
0.0142,0.0142,0.2370724115,0.1778043086,20.9096286705
0.0142,0.0142,0.2370724115,0.1778043086,29.1989991443
0.0142,0.0142,0.2370724115,0.1778043086,40.7745907144
0.0142,0.0142,0.2370724115,0.1778043086,56.9391861586
0.0142,0.0142,0.2370724115,0.1778043086,79.5120407981
0.0142,0.0142,0.2370724115,0.1778043086,111.0336318168
0.0142,0.0142,0.2370724115,0.1778043086,155.0515779833
0.0142,0.0142,0.2370724115,0.1778043086,216.5199088036
0.0142,0.0142,0.2370724115,0.1778043086,302.3566191205
0.0142,0.0142,0.2370724115,0.1778043086,422.2222595195
0.0142,0.0142,0.2370724115,0.1778043086,589.6071895242
0.0142,0.0142,0.2370724115,0.1778043086,823.3498592289
0.0142,0.0142,0.2370724115,0.1778043086,1149.7569953977
0.0142,0.0142,0.2370724115,0.1778043086,1605.5643098112
0.0142,0.0142,0.2370724115,0.1778043086,2242.0709447806
0.0142,0.0142,0.2370724115,0.1778043086,3130.912969796
0.0142,0.0142,0.2370724115,0.1778043086,4372.1257113904
0.0142,0.0142,0.2370724115,0.1778043086,6105.4022965853
0.0142,0.0142,0.2370724115,0.1896579292,0.1
0.0142,0.0142,0.2370724115,0.1896579292,0.1396437957
0.0142,0.0142,0.2370724115,0.1896579292,0.1950038968
0.0142,0.0142,0.2370724115,0.1896579292,0.2723108433
0.0142,0.0142,0.2370724115,0.1896579292,0.3802651977
0.0142,0.0142,0.2370724115,0.1896579292,0.5310167558
0.0142,0.0142,0.2370724115,0.1896579292,0.7415319537
0.0142,0.0142,0.2370724115,0.1896579292,1.0355033665
0.0142,0.0142,0.2370724115,0.1896579292,1.4460162057
0.0142,0.0142,0.2370724115,0.1896579292,2.0192719162
0.0142,0.0142,0.2370724115,0.1896579292,2.8197879494
0.0142,0.0142,0.2370724115,0.1896579292,3.9376589236
0.0142,0.0142,0.2370724115,0.1896579292,5.498696383
0.0142,0.0142,0.2370724115,0.1896579292,7.6785883437
0.0142,0.0142,0.2370724115,0.1896579292,10.7226722201
0.0142,0.0142,0.2370724115,0.1896579292,14.9735464897
0.0142,0.0142,0.2370724115,0.1896579292,20.9096286705
0.0142,0.0142,0.2370724115,0.1896579292,29.1989991443
0.0142,0.0142,0.2370724115,0.1896579292,40.7745907144
0.0142,0.0142,0.2370724115,0.1896579292,56.9391861586
0.0142,0.0142,0.2370724115,0.1896579292,79.5120407981
0.0142,0.0142,0.2370724115,0.1896579292,111.0336318168
0.0142,0.0142,0.2370724115,0.1896579292,155.0515779833
0.0142,0.0142,0.2370724115,0.1896579292,216.5199088036
0.0142,0.0142,0.2370724115,0.1896579292,302.3566191205
0.0142,0.0142,0.2370724115,0.1896579292,422.2222595195
0.0142,0.0142,0.2370724115,0.1896579292,589.6071895242
0.0142,0.0142,0.2370724115,0.1896579292,823.3498592289
0.0142,0.0142,0.2370724115,0.1896579292,1149.7569953977
0.0142,0.0142,0.2370724115,0.1896579292,1605.5643098112
0.0142,0.0142,0.2370724115,0.1896579292,2242.0709447806
0.0142,0.0142,0.2370724115,0.1896579292,3130.912969796
0.0142,0.0142,0.2370724115,0.1896579292,4372.1257113904
0.0142,0.0142,0.2370724115,0.1896579292,6105.4022965853
0.0142,0.0142,0.2370724115,0.2015115498,0.1
0.0142,0.0142,0.2370724115,0.2015115498,0.1396437957
0.0142,0.0142,0.2370724115,0.2015115498,0.1950038968
0.0142,0.0142,0.2370724115,0.2015115498,0.2723108433
0.0142,0.0142,0.2370724115,0.2015115498,0.3802651977
0.0142,0.0142,0.2370724115,0.2015115498,0.5310167558
0.0142,0.0142,0.2370724115,0.2015115498,0.7415319537
0.0142,0.0142,0.2370724115,0.2015115498,1.0355033665
0.0142,0.0142,0.2370724115,0.2015115498,1.4460162057
0.0142,0.0142,0.2370724115,0.2015115498,2.0192719162
0.0142,0.0142,0.2370724115,0.2015115498,2.8197879494
0.0142,0.0142,0.2370724115,0.2015115498,3.9376589236
0.0142,0.0142,0.2370724115,0.2015115498,5.498696383
0.0142,0.0142,0.2370724115,0.2015115498,7.6785883437
0.0142,0.0142,0.2370724115,0.2015115498,10.7226722201
0.0142,0.0142,0.2370724115,0.2015115498,14.9735464897
0.0142,0.0142,0.2370724115,0.2015115498,20.9096286705
0.0142,0.0142,0.2370724115,0.2015115498,29.1989991443
0.0142,0.0142,0.2370724115,0.2015115498,40.7745907144
0.0142,0.0142,0.2370724115,0.2015115498,56.9391861586
0.0142,0.0142,0.2370724115,0.2015115498,79.5120407981
0.0142,0.0142,0.2370724115,0.2015115498,111.0336318168
0.0142,0.0142,0.2370724115,0.2015115498,155.0515779833
0.0142,0.0142,0.2370724115,0.2015115498,216.5199088036
0.0142,0.0142,0.2370724115,0.2015115498,302.3566191205
0.0142,0.0142,0.2370724115,0.2015115498,422.2222595195
0.0142,0.0142,0.2370724115,0.2015115498,589.6071895242
0.0142,0.0142,0.2370724115,0.2015115498,823.3498592289
0.0142,0.0142,0.2370724115,0.2015115498,1149.7569953977
0.0142,0.0142,0.2370724115,0.2015115498,1605.5643098112
0.0142,0.0142,0.2370724115,0.2015115498,2242.0709447806
0.0142,0.0142,0.2370724115,0.2015115498,3130.912969796
0.0142,0.0142,0.2370724115,0.2015115498,4372.1257113904
0.0142,0.0142,0.2370724115,0.2015115498,6105.4022965853
0.0142,0.0142,0.2370724115,0.2133651704,0.1
0.0142,0.0142,0.2370724115,0.2133651704,0.1396437957
0.0142,0.0142,0.2370724115,0.2133651704,0.1950038968
0.0142,0.0142,0.2370724115,0.2133651704,0.2723108433
0.0142,0.0142,0.2370724115,0.2133651704,0.3802651977
0.0142,0.0142,0.2370724115,0.2133651704,0.5310167558
0.0142,0.0142,0.2370724115,0.2133651704,0.7415319537
0.0142,0.0142,0.2370724115,0.2133651704,1.0355033665
0.0142,0.0142,0.2370724115,0.2133651704,1.4460162057
0.0142,0.0142,0.2370724115,0.2133651704,2.0192719162
0.0142,0.0142,0.2370724115,0.2133651704,2.8197879494
0.0142,0.0142,0.2370724115,0.2133651704,3.9376589236
0.0142,0.0142,0.2370724115,0.2133651704,5.498696383
0.0142,0.0142,0.2370724115,0.2133651704,7.6785883437
0.0142,0.0142,0.2370724115,0.2133651704,10.7226722201
0.0142,0.0142,0.2370724115,0.2133651704,14.9735464897
0.0142,0.0142,0.2370724115,0.2133651704,20.9096286705
0.0142,0.0142,0.2370724115,0.2133651704,29.1989991443
0.0142,0.0142,0.2370724115,0.2133651704,40.7745907144
0.0142,0.0142,0.2370724115,0.2133651704,56.9391861586
0.0142,0.0142,0.2370724115,0.2133651704,79.5120407981
0.0142,0.0142,0.2370724115,0.2133651704,111.0336318168
0.0142,0.0142,0.2370724115,0.2133651704,155.0515779833
0.0142,0.0142,0.2370724115,0.2133651704,216.5199088036
0.0142,0.0142,0.2370724115,0.2133651704,302.3566191205
0.0142,0.0142,0.2370724115,0.2133651704,422.2222595195
0.0142,0.0142,0.2370724115,0.2133651704,589.6071895242
0.0142,0.0142,0.2370724115,0.2133651704,823.3498592289
0.0142,0.0142,0.2370724115,0.2133651704,1149.7569953977
0.0142,0.0142,0.2370724115,0.2133651704,1605.5643098112
0.0142,0.0142,0.2370724115,0.2133651704,2242.0709447806
0.0142,0.0142,0.2370724115,0.2133651704,3130.912969796
0.0142,0.0142,0.2370724115,0.2133651704,4372.1257113904
0.0142,0.0142,0.2370724115,0.2133651704,6105.4022965853
0.0142,0.0142,0.2370724115,0.2252187909,0.1
0.0142,0.0142,0.2370724115,0.2252187909,0.1396437957
0.0142,0.0142,0.2370724115,0.2252187909,0.1950038968
0.0142,0.0142,0.2370724115,0.2252187909,0.2723108433
0.0142,0.0142,0.2370724115,0.2252187909,0.3802651977
0.0142,0.0142,0.2370724115,0.2252187909,0.5310167558
0.0142,0.0142,0.2370724115,0.2252187909,0.7415319537
0.0142,0.0142,0.2370724115,0.2252187909,1.0355033665
0.0142,0.0142,0.2370724115,0.2252187909,1.4460162057
0.0142,0.0142,0.2370724115,0.2252187909,2.0192719162
0.0142,0.0142,0.2370724115,0.2252187909,2.8197879494
0.0142,0.0142,0.2370724115,0.2252187909,3.9376589236
0.0142,0.0142,0.2370724115,0.2252187909,5.498696383
0.0142,0.0142,0.2370724115,0.2252187909,7.6785883437
0.0142,0.0142,0.2370724115,0.2252187909,10.7226722201
0.0142,0.0142,0.2370724115,0.2252187909,14.9735464897
0.0142,0.0142,0.2370724115,0.2252187909,20.9096286705
0.0142,0.0142,0.2370724115,0.2252187909,29.1989991443
0.0142,0.0142,0.2370724115,0.2252187909,40.7745907144
0.0142,0.0142,0.2370724115,0.2252187909,56.9391861586
0.0142,0.0142,0.2370724115,0.2252187909,79.5120407981
0.0142,0.0142,0.2370724115,0.2252187909,111.0336318168
0.0142,0.0142,0.2370724115,0.2252187909,155.0515779833
0.0142,0.0142,0.2370724115,0.2252187909,216.5199088036
0.0142,0.0142,0.2370724115,0.2252187909,302.3566191205
0.0142,0.0142,0.2370724115,0.2252187909,422.2222595195
0.0142,0.0142,0.2370724115,0.2252187909,589.6071895242
0.0142,0.0142,0.2370724115,0.2252187909,823.3498592289
0.0142,0.0142,0.2370724115,0.2252187909,1149.7569953977
0.0142,0.0142,0.2370724115,0.2252187909,1605.5643098112
0.0142,0.0142,0.2370724115,0.2252187909,2242.0709447806
0.0142,0.0142,0.2370724115,0.2252187909,3130.912969796
0.0142,0.0142,0.2370724115,0.2252187909,4372.1257113904
0.0142,0.0142,0.2370724115,0.2252187909,6105.4022965853
0.0142,0.0142,0.2370724115,0.2347016874,0.1
0.0142,0.0142,0.2370724115,0.2347016874,0.1396437957
0.0142,0.0142,0.2370724115,0.2347016874,0.1950038968
0.0142,0.0142,0.2370724115,0.2347016874,0.2723108433
0.0142,0.0142,0.2370724115,0.2347016874,0.3802651977
0.0142,0.0142,0.2370724115,0.2347016874,0.5310167558
0.0142,0.0142,0.2370724115,0.2347016874,0.7415319537
0.0142,0.0142,0.2370724115,0.2347016874,1.0355033665
0.0142,0.0142,0.2370724115,0.2347016874,1.4460162057
0.0142,0.0142,0.2370724115,0.2347016874,2.0192719162
0.0142,0.0142,0.2370724115,0.2347016874,2.8197879494
0.0142,0.0142,0.2370724115,0.2347016874,3.9376589236
0.0142,0.0142,0.2370724115,0.2347016874,5.498696383
0.0142,0.0142,0.2370724115,0.2347016874,7.6785883437
0.0142,0.0142,0.2370724115,0.2347016874,10.7226722201
0.0142,0.0142,0.2370724115,0.2347016874,14.9735464897
0.0142,0.0142,0.2370724115,0.2347016874,20.9096286705
0.0142,0.0142,0.2370724115,0.2347016874,29.1989991443
0.0142,0.0142,0.2370724115,0.2347016874,40.7745907144
0.0142,0.0142,0.2370724115,0.2347016874,56.9391861586
0.0142,0.0142,0.2370724115,0.2347016874,79.5120407981
0.0142,0.0142,0.2370724115,0.2347016874,111.0336318168
0.0142,0.0142,0.2370724115,0.2347016874,155.0515779833
0.0142,0.0142,0.2370724115,0.2347016874,216.5199088036
0.0142,0.0142,0.2370724115,0.2347016874,302.3566191205
0.0142,0.0142,0.2370724115,0.2347016874,422.2222595195
0.0142,0.0142,0.2370724115,0.2347016874,589.6071895242
0.0142,0.0142,0.2370724115,0.2347016874,823.3498592289
0.0142,0.0142,0.2370724115,0.2347016874,1149.7569953977
0.0142,0.0142,0.2370724115,0.2347016874,1605.5643098112
0.0142,0.0142,0.2370724115,0.2347016874,2242.0709447806
0.0142,0.0142,0.2370724115,0.2347016874,3130.912969796
0.0142,0.0142,0.2370724115,0.2347016874,4372.1257113904
0.0142,0.0142,0.2370724115,0.2347016874,6105.4022965853
0.0142,0.0142,0.2640834254,0.1056333702,0.1
0.0142,0.0142,0.2640834254,0.1056333702,0.1396437957
0.0142,0.0142,0.2640834254,0.1056333702,0.1950038968
0.0142,0.0142,0.2640834254,0.1056333702,0.2723108433
0.0142,0.0142,0.2640834254,0.1056333702,0.3802651977
0.0142,0.0142,0.2640834254,0.1056333702,0.5310167558
0.0142,0.0142,0.2640834254,0.1056333702,0.7415319537
0.0142,0.0142,0.2640834254,0.1056333702,1.0355033665
0.0142,0.0142,0.2640834254,0.1056333702,1.4460162057
0.0142,0.0142,0.2640834254,0.1056333702,2.0192719162
0.0142,0.0142,0.2640834254,0.1056333702,2.8197879494
0.0142,0.0142,0.2640834254,0.1056333702,3.9376589236
0.0142,0.0142,0.2640834254,0.1056333702,5.498696383
0.0142,0.0142,0.2640834254,0.1056333702,7.6785883437
0.0142,0.0142,0.2640834254,0.1056333702,10.7226722201
0.0142,0.0142,0.2640834254,0.1056333702,14.9735464897
0.0142,0.0142,0.2640834254,0.1056333702,20.9096286705
0.0142,0.0142,0.2640834254,0.1056333702,29.1989991443
0.0142,0.0142,0.2640834254,0.1056333702,40.7745907144
0.0142,0.0142,0.2640834254,0.1056333702,56.9391861586
0.0142,0.0142,0.2640834254,0.1056333702,79.5120407981
0.0142,0.0142,0.2640834254,0.1056333702,111.0336318168
0.0142,0.0142,0.2640834254,0.1056333702,155.0515779833
0.0142,0.0142,0.2640834254,0.1056333702,216.5199088036
0.0142,0.0142,0.2640834254,0.1056333702,302.3566191205
0.0142,0.0142,0.2640834254,0.1056333702,422.2222595195
0.0142,0.0142,0.2640834254,0.1056333702,589.6071895242
0.0142,0.0142,0.2640834254,0.1056333702,823.3498592289
0.0142,0.0142,0.2640834254,0.1056333702,1149.7569953977
0.0142,0.0142,0.2640834254,0.1056333702,1605.5643098112
0.0142,0.0142,0.2640834254,0.1056333702,2242.0709447806
0.0142,0.0142,0.2640834254,0.1056333702,3130.912969796
0.0142,0.0142,0.2640834254,0.1056333702,4372.1257113904
0.0142,0.0142,0.2640834254,0.1056333702,6105.4022965853
0.0142,0.0142,0.2640834254,0.1188375414,0.1
0.0142,0.0142,0.2640834254,0.1188375414,0.1396437957
0.0142,0.0142,0.2640834254,0.1188375414,0.1950038968
0.0142,0.0142,0.2640834254,0.1188375414,0.2723108433
0.0142,0.0142,0.2640834254,0.1188375414,0.3802651977
0.0142,0.0142,0.2640834254,0.1188375414,0.5310167558
0.0142,0.0142,0.2640834254,0.1188375414,0.7415319537
0.0142,0.0142,0.2640834254,0.1188375414,1.0355033665
0.0142,0.0142,0.2640834254,0.1188375414,1.4460162057
0.0142,0.0142,0.2640834254,0.1188375414,2.0192719162
0.0142,0.0142,0.2640834254,0.1188375414,2.8197879494
0.0142,0.0142,0.2640834254,0.1188375414,3.9376589236
0.0142,0.0142,0.2640834254,0.1188375414,5.498696383
0.0142,0.0142,0.2640834254,0.1188375414,7.6785883437
0.0142,0.0142,0.2640834254,0.1188375414,10.7226722201
0.0142,0.0142,0.2640834254,0.1188375414,14.9735464897
0.0142,0.0142,0.2640834254,0.1188375414,20.9096286705
0.0142,0.0142,0.2640834254,0.1188375414,29.1989991443
0.0142,0.0142,0.2640834254,0.1188375414,40.7745907144
0.0142,0.0142,0.2640834254,0.1188375414,56.9391861586
0.0142,0.0142,0.2640834254,0.1188375414,79.5120407981
0.0142,0.0142,0.2640834254,0.1188375414,111.0336318168
0.0142,0.0142,0.2640834254,0.1188375414,155.0515779833
0.0142,0.0142,0.2640834254,0.1188375414,216.5199088036
0.0142,0.0142,0.2640834254,0.1188375414,302.3566191205
0.0142,0.0142,0.2640834254,0.1188375414,422.2222595195
0.0142,0.0142,0.2640834254,0.1188375414,589.6071895242
0.0142,0.0142,0.2640834254,0.1188375414,823.3498592289
0.0142,0.0142,0.2640834254,0.1188375414,1149.7569953977
0.0142,0.0142,0.2640834254,0.1188375414,1605.5643098112
0.0142,0.0142,0.2640834254,0.1188375414,2242.0709447806
0.0142,0.0142,0.2640834254,0.1188375414,3130.912969796
0.0142,0.0142,0.2640834254,0.1188375414,4372.1257113904
0.0142,0.0142,0.2640834254,0.1188375414,6105.4022965853
0.0142,0.0142,0.2640834254,0.1320417127,0.1
0.0142,0.0142,0.2640834254,0.1320417127,0.1396437957
0.0142,0.0142,0.2640834254,0.1320417127,0.1950038968
0.0142,0.0142,0.2640834254,0.1320417127,0.2723108433
0.0142,0.0142,0.2640834254,0.1320417127,0.3802651977
0.0142,0.0142,0.2640834254,0.1320417127,0.5310167558
0.0142,0.0142,0.2640834254,0.1320417127,0.7415319537
0.0142,0.0142,0.2640834254,0.1320417127,1.0355033665
0.0142,0.0142,0.2640834254,0.1320417127,1.4460162057
0.0142,0.0142,0.2640834254,0.1320417127,2.0192719162
0.0142,0.0142,0.2640834254,0.1320417127,2.8197879494
0.0142,0.0142,0.2640834254,0.1320417127,3.9376589236
0.0142,0.0142,0.2640834254,0.1320417127,5.498696383
0.0142,0.0142,0.2640834254,0.1320417127,7.6785883437
0.0142,0.0142,0.2640834254,0.1320417127,10.7226722201
0.0142,0.0142,0.2640834254,0.1320417127,14.9735464897
0.0142,0.0142,0.2640834254,0.1320417127,20.9096286705
0.0142,0.0142,0.2640834254,0.1320417127,29.1989991443
0.0142,0.0142,0.2640834254,0.1320417127,40.7745907144
0.0142,0.0142,0.2640834254,0.1320417127,56.9391861586
0.0142,0.0142,0.2640834254,0.1320417127,79.5120407981
0.0142,0.0142,0.2640834254,0.1320417127,111.0336318168
0.0142,0.0142,0.2640834254,0.1320417127,155.0515779833
0.0142,0.0142,0.2640834254,0.1320417127,216.5199088036
0.0142,0.0142,0.2640834254,0.1320417127,302.3566191205
0.0142,0.0142,0.2640834254,0.1320417127,422.2222595195
0.0142,0.0142,0.2640834254,0.1320417127,589.6071895242
0.0142,0.0142,0.2640834254,0.1320417127,823.3498592289
0.0142,0.0142,0.2640834254,0.1320417127,1149.7569953977
0.0142,0.0142,0.2640834254,0.1320417127,1605.5643098112
0.0142,0.0142,0.2640834254,0.1320417127,2242.0709447806
0.0142,0.0142,0.2640834254,0.1320417127,3130.912969796
0.0142,0.0142,0.2640834254,0.1320417127,4372.1257113904
0.0142,0.0142,0.2640834254,0.1320417127,6105.4022965853
0.0142,0.0142,0.2640834254,0.145245884,0.1
0.0142,0.0142,0.2640834254,0.145245884,0.1396437957
0.0142,0.0142,0.2640834254,0.145245884,0.1950038968
0.0142,0.0142,0.2640834254,0.145245884,0.2723108433
0.0142,0.0142,0.2640834254,0.145245884,0.3802651977
0.0142,0.0142,0.2640834254,0.145245884,0.5310167558
0.0142,0.0142,0.2640834254,0.145245884,0.7415319537
0.0142,0.0142,0.2640834254,0.145245884,1.0355033665
0.0142,0.0142,0.2640834254,0.145245884,1.4460162057
0.0142,0.0142,0.2640834254,0.145245884,2.0192719162
0.0142,0.0142,0.2640834254,0.145245884,2.8197879494
0.0142,0.0142,0.2640834254,0.145245884,3.9376589236
0.0142,0.0142,0.2640834254,0.145245884,5.498696383
0.0142,0.0142,0.2640834254,0.145245884,7.6785883437
0.0142,0.0142,0.2640834254,0.145245884,10.7226722201
0.0142,0.0142,0.2640834254,0.145245884,14.9735464897
0.0142,0.0142,0.2640834254,0.145245884,20.9096286705
0.0142,0.0142,0.2640834254,0.145245884,29.1989991443
0.0142,0.0142,0.2640834254,0.145245884,40.7745907144
0.0142,0.0142,0.2640834254,0.145245884,56.9391861586
0.0142,0.0142,0.2640834254,0.145245884,79.5120407981
0.0142,0.0142,0.2640834254,0.145245884,111.0336318168
0.0142,0.0142,0.2640834254,0.145245884,155.0515779833
0.0142,0.0142,0.2640834254,0.145245884,216.5199088036
0.0142,0.0142,0.2640834254,0.145245884,302.3566191205
0.0142,0.0142,0.2640834254,0.145245884,422.2222595195
0.0142,0.0142,0.2640834254,0.145245884,589.6071895242
0.0142,0.0142,0.2640834254,0.145245884,823.3498592289
0.0142,0.0142,0.2640834254,0.145245884,1149.7569953977
0.0142,0.0142,0.2640834254,0.145245884,1605.5643098112
0.0142,0.0142,0.2640834254,0.145245884,2242.0709447806
0.0142,0.0142,0.2640834254,0.145245884,3130.912969796
0.0142,0.0142,0.2640834254,0.145245884,4372.1257113904
0.0142,0.0142,0.2640834254,0.145245884,6105.4022965853
0.0142,0.0142,0.2640834254,0.1584500553,0.1
0.0142,0.0142,0.2640834254,0.1584500553,0.1396437957
0.0142,0.0142,0.2640834254,0.1584500553,0.1950038968
0.0142,0.0142,0.2640834254,0.1584500553,0.2723108433
0.0142,0.0142,0.2640834254,0.1584500553,0.3802651977
0.0142,0.0142,0.2640834254,0.1584500553,0.5310167558
0.0142,0.0142,0.2640834254,0.1584500553,0.7415319537
0.0142,0.0142,0.2640834254,0.1584500553,1.0355033665
0.0142,0.0142,0.2640834254,0.1584500553,1.4460162057
0.0142,0.0142,0.2640834254,0.1584500553,2.0192719162
0.0142,0.0142,0.2640834254,0.1584500553,2.8197879494
0.0142,0.0142,0.2640834254,0.1584500553,3.9376589236
0.0142,0.0142,0.2640834254,0.1584500553,5.498696383
0.0142,0.0142,0.2640834254,0.1584500553,7.6785883437
0.0142,0.0142,0.2640834254,0.1584500553,10.7226722201
0.0142,0.0142,0.2640834254,0.1584500553,14.9735464897
0.0142,0.0142,0.2640834254,0.1584500553,20.9096286705
0.0142,0.0142,0.2640834254,0.1584500553,29.1989991443
0.0142,0.0142,0.2640834254,0.1584500553,40.7745907144
0.0142,0.0142,0.2640834254,0.1584500553,56.9391861586
0.0142,0.0142,0.2640834254,0.1584500553,79.5120407981
0.0142,0.0142,0.2640834254,0.1584500553,111.0336318168
0.0142,0.0142,0.2640834254,0.1584500553,155.0515779833
0.0142,0.0142,0.2640834254,0.1584500553,216.5199088036
0.0142,0.0142,0.2640834254,0.1584500553,302.3566191205
0.0142,0.0142,0.2640834254,0.1584500553,422.2222595195
0.0142,0.0142,0.2640834254,0.1584500553,589.6071895242
0.0142,0.0142,0.2640834254,0.1584500553,823.3498592289
0.0142,0.0142,0.2640834254,0.1584500553,1149.7569953977
0.0142,0.0142,0.2640834254,0.1584500553,1605.5643098112
0.0142,0.0142,0.2640834254,0.1584500553,2242.0709447806
0.0142,0.0142,0.2640834254,0.1584500553,3130.912969796
0.0142,0.0142,0.2640834254,0.1584500553,4372.1257113904
0.0142,0.0142,0.2640834254,0.1584500553,6105.4022965853
0.0142,0.0142,0.2640834254,0.1716542265,0.1
0.0142,0.0142,0.2640834254,0.1716542265,0.1396437957
0.0142,0.0142,0.2640834254,0.1716542265,0.1950038968
0.0142,0.0142,0.2640834254,0.1716542265,0.2723108433
0.0142,0.0142,0.2640834254,0.1716542265,0.3802651977
0.0142,0.0142,0.2640834254,0.1716542265,0.5310167558
0.0142,0.0142,0.2640834254,0.1716542265,0.7415319537
0.0142,0.0142,0.2640834254,0.1716542265,1.0355033665
0.0142,0.0142,0.2640834254,0.1716542265,1.4460162057
0.0142,0.0142,0.2640834254,0.1716542265,2.0192719162
0.0142,0.0142,0.2640834254,0.1716542265,2.8197879494
0.0142,0.0142,0.2640834254,0.1716542265,3.9376589236
0.0142,0.0142,0.2640834254,0.1716542265,5.498696383
0.0142,0.0142,0.2640834254,0.1716542265,7.6785883437
0.0142,0.0142,0.2640834254,0.1716542265,10.7226722201
0.0142,0.0142,0.2640834254,0.1716542265,14.9735464897
0.0142,0.0142,0.2640834254,0.1716542265,20.9096286705
0.0142,0.0142,0.2640834254,0.1716542265,29.1989991443
0.0142,0.0142,0.2640834254,0.1716542265,40.7745907144
0.0142,0.0142,0.2640834254,0.1716542265,56.9391861586
0.0142,0.0142,0.2640834254,0.1716542265,79.5120407981
0.0142,0.0142,0.2640834254,0.1716542265,111.0336318168
0.0142,0.0142,0.2640834254,0.1716542265,155.0515779833
0.0142,0.0142,0.2640834254,0.1716542265,216.5199088036
0.0142,0.0142,0.2640834254,0.1716542265,302.3566191205
0.0142,0.0142,0.2640834254,0.1716542265,422.2222595195
0.0142,0.0142,0.2640834254,0.1716542265,589.6071895242
0.0142,0.0142,0.2640834254,0.1716542265,823.3498592289
0.0142,0.0142,0.2640834254,0.1716542265,1149.7569953977
0.0142,0.0142,0.2640834254,0.1716542265,1605.5643098112
0.0142,0.0142,0.2640834254,0.1716542265,2242.0709447806
0.0142,0.0142,0.2640834254,0.1716542265,3130.912969796
0.0142,0.0142,0.2640834254,0.1716542265,4372.1257113904
0.0142,0.0142,0.2640834254,0.1716542265,6105.4022965853
0.0142,0.0142,0.2640834254,0.1848583978,0.1
0.0142,0.0142,0.2640834254,0.1848583978,0.1396437957
0.0142,0.0142,0.2640834254,0.1848583978,0.1950038968
0.0142,0.0142,0.2640834254,0.1848583978,0.2723108433
0.0142,0.0142,0.2640834254,0.1848583978,0.3802651977
0.0142,0.0142,0.2640834254,0.1848583978,0.5310167558
0.0142,0.0142,0.2640834254,0.1848583978,0.7415319537
0.0142,0.0142,0.2640834254,0.1848583978,1.0355033665
0.0142,0.0142,0.2640834254,0.1848583978,1.4460162057
0.0142,0.0142,0.2640834254,0.1848583978,2.0192719162
0.0142,0.0142,0.2640834254,0.1848583978,2.8197879494
0.0142,0.0142,0.2640834254,0.1848583978,3.9376589236
0.0142,0.0142,0.2640834254,0.1848583978,5.498696383
0.0142,0.0142,0.2640834254,0.1848583978,7.6785883437
0.0142,0.0142,0.2640834254,0.1848583978,10.7226722201
0.0142,0.0142,0.2640834254,0.1848583978,14.9735464897
0.0142,0.0142,0.2640834254,0.1848583978,20.9096286705
0.0142,0.0142,0.2640834254,0.1848583978,29.1989991443
0.0142,0.0142,0.2640834254,0.1848583978,40.7745907144
0.0142,0.0142,0.2640834254,0.1848583978,56.9391861586
0.0142,0.0142,0.2640834254,0.1848583978,79.5120407981
0.0142,0.0142,0.2640834254,0.1848583978,111.0336318168
0.0142,0.0142,0.2640834254,0.1848583978,155.0515779833
0.0142,0.0142,0.2640834254,0.1848583978,216.5199088036
0.0142,0.0142,0.2640834254,0.1848583978,302.3566191205
0.0142,0.0142,0.2640834254,0.1848583978,422.2222595195
0.0142,0.0142,0.2640834254,0.1848583978,589.6071895242
0.0142,0.0142,0.2640834254,0.1848583978,823.3498592289
0.0142,0.0142,0.2640834254,0.1848583978,1149.7569953977
0.0142,0.0142,0.2640834254,0.1848583978,1605.5643098112
0.0142,0.0142,0.2640834254,0.1848583978,2242.0709447806
0.0142,0.0142,0.2640834254,0.1848583978,3130.912969796
0.0142,0.0142,0.2640834254,0.1848583978,4372.1257113904
0.0142,0.0142,0.2640834254,0.1848583978,6105.4022965853
0.0142,0.0142,0.2640834254,0.1980625691,0.1
0.0142,0.0142,0.2640834254,0.1980625691,0.1396437957
0.0142,0.0142,0.2640834254,0.1980625691,0.1950038968
0.0142,0.0142,0.2640834254,0.1980625691,0.2723108433
0.0142,0.0142,0.2640834254,0.1980625691,0.3802651977
0.0142,0.0142,0.2640834254,0.1980625691,0.5310167558
0.0142,0.0142,0.2640834254,0.1980625691,0.7415319537
0.0142,0.0142,0.2640834254,0.1980625691,1.0355033665
0.0142,0.0142,0.2640834254,0.1980625691,1.4460162057
0.0142,0.0142,0.2640834254,0.1980625691,2.0192719162
0.0142,0.0142,0.2640834254,0.1980625691,2.8197879494
0.0142,0.0142,0.2640834254,0.1980625691,3.9376589236
0.0142,0.0142,0.2640834254,0.1980625691,5.498696383
0.0142,0.0142,0.2640834254,0.1980625691,7.6785883437
0.0142,0.0142,0.2640834254,0.1980625691,10.7226722201
0.0142,0.0142,0.2640834254,0.1980625691,14.9735464897
0.0142,0.0142,0.2640834254,0.1980625691,20.9096286705
0.0142,0.0142,0.2640834254,0.1980625691,29.1989991443
0.0142,0.0142,0.2640834254,0.1980625691,40.7745907144
0.0142,0.0142,0.2640834254,0.1980625691,56.9391861586
0.0142,0.0142,0.2640834254,0.1980625691,79.5120407981
0.0142,0.0142,0.2640834254,0.1980625691,111.0336318168
0.0142,0.0142,0.2640834254,0.1980625691,155.0515779833
0.0142,0.0142,0.2640834254,0.1980625691,216.5199088036
0.0142,0.0142,0.2640834254,0.1980625691,302.3566191205
0.0142,0.0142,0.2640834254,0.1980625691,422.2222595195
0.0142,0.0142,0.2640834254,0.1980625691,589.6071895242
0.0142,0.0142,0.2640834254,0.1980625691,823.3498592289
0.0142,0.0142,0.2640834254,0.1980625691,1149.7569953977
0.0142,0.0142,0.2640834254,0.1980625691,1605.5643098112
0.0142,0.0142,0.2640834254,0.1980625691,2242.0709447806
0.0142,0.0142,0.2640834254,0.1980625691,3130.912969796
0.0142,0.0142,0.2640834254,0.1980625691,4372.1257113904
0.0142,0.0142,0.2640834254,0.1980625691,6105.4022965853
0.0142,0.0142,0.2640834254,0.2112667403,0.1
0.0142,0.0142,0.2640834254,0.2112667403,0.1396437957
0.0142,0.0142,0.2640834254,0.2112667403,0.1950038968
0.0142,0.0142,0.2640834254,0.2112667403,0.2723108433
0.0142,0.0142,0.2640834254,0.2112667403,0.3802651977
0.0142,0.0142,0.2640834254,0.2112667403,0.5310167558
0.0142,0.0142,0.2640834254,0.2112667403,0.7415319537
0.0142,0.0142,0.2640834254,0.2112667403,1.0355033665
0.0142,0.0142,0.2640834254,0.2112667403,1.4460162057
0.0142,0.0142,0.2640834254,0.2112667403,2.0192719162
0.0142,0.0142,0.2640834254,0.2112667403,2.8197879494
0.0142,0.0142,0.2640834254,0.2112667403,3.9376589236
0.0142,0.0142,0.2640834254,0.2112667403,5.498696383
0.0142,0.0142,0.2640834254,0.2112667403,7.6785883437
0.0142,0.0142,0.2640834254,0.2112667403,10.7226722201
0.0142,0.0142,0.2640834254,0.2112667403,14.9735464897
0.0142,0.0142,0.2640834254,0.2112667403,20.9096286705
0.0142,0.0142,0.2640834254,0.2112667403,29.1989991443
0.0142,0.0142,0.2640834254,0.2112667403,40.7745907144
0.0142,0.0142,0.2640834254,0.2112667403,56.9391861586
0.0142,0.0142,0.2640834254,0.2112667403,79.5120407981
0.0142,0.0142,0.2640834254,0.2112667403,111.0336318168
0.0142,0.0142,0.2640834254,0.2112667403,155.0515779833
0.0142,0.0142,0.2640834254,0.2112667403,216.5199088036
0.0142,0.0142,0.2640834254,0.2112667403,302.3566191205
0.0142,0.0142,0.2640834254,0.2112667403,422.2222595195
0.0142,0.0142,0.2640834254,0.2112667403,589.6071895242
0.0142,0.0142,0.2640834254,0.2112667403,823.3498592289
0.0142,0.0142,0.2640834254,0.2112667403,1149.7569953977
0.0142,0.0142,0.2640834254,0.2112667403,1605.5643098112
0.0142,0.0142,0.2640834254,0.2112667403,2242.0709447806
0.0142,0.0142,0.2640834254,0.2112667403,3130.912969796
0.0142,0.0142,0.2640834254,0.2112667403,4372.1257113904
0.0142,0.0142,0.2640834254,0.2112667403,6105.4022965853
0.0142,0.0142,0.2640834254,0.2244709116,0.1
0.0142,0.0142,0.2640834254,0.2244709116,0.1396437957
0.0142,0.0142,0.2640834254,0.2244709116,0.1950038968
0.0142,0.0142,0.2640834254,0.2244709116,0.2723108433
0.0142,0.0142,0.2640834254,0.2244709116,0.3802651977
0.0142,0.0142,0.2640834254,0.2244709116,0.5310167558
0.0142,0.0142,0.2640834254,0.2244709116,0.7415319537
0.0142,0.0142,0.2640834254,0.2244709116,1.0355033665
0.0142,0.0142,0.2640834254,0.2244709116,1.4460162057
0.0142,0.0142,0.2640834254,0.2244709116,2.0192719162
0.0142,0.0142,0.2640834254,0.2244709116,2.8197879494
0.0142,0.0142,0.2640834254,0.2244709116,3.9376589236
0.0142,0.0142,0.2640834254,0.2244709116,5.498696383
0.0142,0.0142,0.2640834254,0.2244709116,7.6785883437
0.0142,0.0142,0.2640834254,0.2244709116,10.7226722201
0.0142,0.0142,0.2640834254,0.2244709116,14.9735464897
0.0142,0.0142,0.2640834254,0.2244709116,20.9096286705
0.0142,0.0142,0.2640834254,0.2244709116,29.1989991443
0.0142,0.0142,0.2640834254,0.2244709116,40.7745907144
0.0142,0.0142,0.2640834254,0.2244709116,56.9391861586
0.0142,0.0142,0.2640834254,0.2244709116,79.5120407981
0.0142,0.0142,0.2640834254,0.2244709116,111.0336318168
0.0142,0.0142,0.2640834254,0.2244709116,155.0515779833
0.0142,0.0142,0.2640834254,0.2244709116,216.5199088036
0.0142,0.0142,0.2640834254,0.2244709116,302.3566191205
0.0142,0.0142,0.2640834254,0.2244709116,422.2222595195
0.0142,0.0142,0.2640834254,0.2244709116,589.6071895242
0.0142,0.0142,0.2640834254,0.2244709116,823.3498592289
0.0142,0.0142,0.2640834254,0.2244709116,1149.7569953977
0.0142,0.0142,0.2640834254,0.2244709116,1605.5643098112
0.0142,0.0142,0.2640834254,0.2244709116,2242.0709447806
0.0142,0.0142,0.2640834254,0.2244709116,3130.912969796
0.0142,0.0142,0.2640834254,0.2244709116,4372.1257113904
0.0142,0.0142,0.2640834254,0.2244709116,6105.4022965853
0.0142,0.0142,0.2640834254,0.2376750829,0.1
0.0142,0.0142,0.2640834254,0.2376750829,0.1396437957
0.0142,0.0142,0.2640834254,0.2376750829,0.1950038968
0.0142,0.0142,0.2640834254,0.2376750829,0.2723108433
0.0142,0.0142,0.2640834254,0.2376750829,0.3802651977
0.0142,0.0142,0.2640834254,0.2376750829,0.5310167558
0.0142,0.0142,0.2640834254,0.2376750829,0.7415319537
0.0142,0.0142,0.2640834254,0.2376750829,1.0355033665
0.0142,0.0142,0.2640834254,0.2376750829,1.4460162057
0.0142,0.0142,0.2640834254,0.2376750829,2.0192719162
0.0142,0.0142,0.2640834254,0.2376750829,2.8197879494
0.0142,0.0142,0.2640834254,0.2376750829,3.9376589236
0.0142,0.0142,0.2640834254,0.2376750829,5.498696383
0.0142,0.0142,0.2640834254,0.2376750829,7.6785883437
0.0142,0.0142,0.2640834254,0.2376750829,10.7226722201
0.0142,0.0142,0.2640834254,0.2376750829,14.9735464897
0.0142,0.0142,0.2640834254,0.2376750829,20.9096286705
0.0142,0.0142,0.2640834254,0.2376750829,29.1989991443
0.0142,0.0142,0.2640834254,0.2376750829,40.7745907144
0.0142,0.0142,0.2640834254,0.2376750829,56.9391861586
0.0142,0.0142,0.2640834254,0.2376750829,79.5120407981
0.0142,0.0142,0.2640834254,0.2376750829,111.0336318168
0.0142,0.0142,0.2640834254,0.2376750829,155.0515779833
0.0142,0.0142,0.2640834254,0.2376750829,216.5199088036
0.0142,0.0142,0.2640834254,0.2376750829,302.3566191205
0.0142,0.0142,0.2640834254,0.2376750829,422.2222595195
0.0142,0.0142,0.2640834254,0.2376750829,589.6071895242
0.0142,0.0142,0.2640834254,0.2376750829,823.3498592289
0.0142,0.0142,0.2640834254,0.2376750829,1149.7569953977
0.0142,0.0142,0.2640834254,0.2376750829,1605.5643098112
0.0142,0.0142,0.2640834254,0.2376750829,2242.0709447806
0.0142,0.0142,0.2640834254,0.2376750829,3130.912969796
0.0142,0.0142,0.2640834254,0.2376750829,4372.1257113904
0.0142,0.0142,0.2640834254,0.2376750829,6105.4022965853
0.0142,0.0142,0.2640834254,0.2508792542,0.1
0.0142,0.0142,0.2640834254,0.2508792542,0.1396437957
0.0142,0.0142,0.2640834254,0.2508792542,0.1950038968
0.0142,0.0142,0.2640834254,0.2508792542,0.2723108433
0.0142,0.0142,0.2640834254,0.2508792542,0.3802651977
0.0142,0.0142,0.2640834254,0.2508792542,0.5310167558
0.0142,0.0142,0.2640834254,0.2508792542,0.7415319537
0.0142,0.0142,0.2640834254,0.2508792542,1.0355033665
0.0142,0.0142,0.2640834254,0.2508792542,1.4460162057
0.0142,0.0142,0.2640834254,0.2508792542,2.0192719162
0.0142,0.0142,0.2640834254,0.2508792542,2.8197879494
0.0142,0.0142,0.2640834254,0.2508792542,3.9376589236
0.0142,0.0142,0.2640834254,0.2508792542,5.498696383
0.0142,0.0142,0.2640834254,0.2508792542,7.6785883437
0.0142,0.0142,0.2640834254,0.2508792542,10.7226722201
0.0142,0.0142,0.2640834254,0.2508792542,14.9735464897
0.0142,0.0142,0.2640834254,0.2508792542,20.9096286705
0.0142,0.0142,0.2640834254,0.2508792542,29.1989991443
0.0142,0.0142,0.2640834254,0.2508792542,40.7745907144
0.0142,0.0142,0.2640834254,0.2508792542,56.9391861586
0.0142,0.0142,0.2640834254,0.2508792542,79.5120407981
0.0142,0.0142,0.2640834254,0.2508792542,111.0336318168
0.0142,0.0142,0.2640834254,0.2508792542,155.0515779833
0.0142,0.0142,0.2640834254,0.2508792542,216.5199088036
0.0142,0.0142,0.2640834254,0.2508792542,302.3566191205
0.0142,0.0142,0.2640834254,0.2508792542,422.2222595195
0.0142,0.0142,0.2640834254,0.2508792542,589.6071895242
0.0142,0.0142,0.2640834254,0.2508792542,823.3498592289
0.0142,0.0142,0.2640834254,0.2508792542,1149.7569953977
0.0142,0.0142,0.2640834254,0.2508792542,1605.5643098112
0.0142,0.0142,0.2640834254,0.2508792542,2242.0709447806
0.0142,0.0142,0.2640834254,0.2508792542,3130.912969796
0.0142,0.0142,0.2640834254,0.2508792542,4372.1257113904
0.0142,0.0142,0.2640834254,0.2508792542,6105.4022965853
0.0142,0.0142,0.2640834254,0.2614425912,0.1
0.0142,0.0142,0.2640834254,0.2614425912,0.1396437957
0.0142,0.0142,0.2640834254,0.2614425912,0.1950038968
0.0142,0.0142,0.2640834254,0.2614425912,0.2723108433
0.0142,0.0142,0.2640834254,0.2614425912,0.3802651977
0.0142,0.0142,0.2640834254,0.2614425912,0.5310167558
0.0142,0.0142,0.2640834254,0.2614425912,0.7415319537
0.0142,0.0142,0.2640834254,0.2614425912,1.0355033665
0.0142,0.0142,0.2640834254,0.2614425912,1.4460162057
0.0142,0.0142,0.2640834254,0.2614425912,2.0192719162
0.0142,0.0142,0.2640834254,0.2614425912,2.8197879494
0.0142,0.0142,0.2640834254,0.2614425912,3.9376589236
0.0142,0.0142,0.2640834254,0.2614425912,5.498696383
0.0142,0.0142,0.2640834254,0.2614425912,7.6785883437
0.0142,0.0142,0.2640834254,0.2614425912,10.7226722201
0.0142,0.0142,0.2640834254,0.2614425912,14.9735464897
0.0142,0.0142,0.2640834254,0.2614425912,20.9096286705
0.0142,0.0142,0.2640834254,0.2614425912,29.1989991443
0.0142,0.0142,0.2640834254,0.2614425912,40.7745907144
0.0142,0.0142,0.2640834254,0.2614425912,56.9391861586
0.0142,0.0142,0.2640834254,0.2614425912,79.5120407981
0.0142,0.0142,0.2640834254,0.2614425912,111.0336318168
0.0142,0.0142,0.2640834254,0.2614425912,155.0515779833
0.0142,0.0142,0.2640834254,0.2614425912,216.5199088036
0.0142,0.0142,0.2640834254,0.2614425912,302.3566191205
0.0142,0.0142,0.2640834254,0.2614425912,422.2222595195
0.0142,0.0142,0.2640834254,0.2614425912,589.6071895242
0.0142,0.0142,0.2640834254,0.2614425912,823.3498592289
0.0142,0.0142,0.2640834254,0.2614425912,1149.7569953977
0.0142,0.0142,0.2640834254,0.2614425912,1605.5643098112
0.0142,0.0142,0.2640834254,0.2614425912,2242.0709447806
0.0142,0.0142,0.2640834254,0.2614425912,3130.912969796
0.0142,0.0142,0.2640834254,0.2614425912,4372.1257113904
0.0142,0.0142,0.2640834254,0.2614425912,6105.4022965853
0.0142,0.0142,0.2941719584,0.1029601854,0.1
0.0142,0.0142,0.2941719584,0.1029601854,0.1396437957
0.0142,0.0142,0.2941719584,0.1029601854,0.1950038968
0.0142,0.0142,0.2941719584,0.1029601854,0.2723108433
0.0142,0.0142,0.2941719584,0.1029601854,0.3802651977
0.0142,0.0142,0.2941719584,0.1029601854,0.5310167558
0.0142,0.0142,0.2941719584,0.1029601854,0.7415319537
0.0142,0.0142,0.2941719584,0.1029601854,1.0355033665
0.0142,0.0142,0.2941719584,0.1029601854,1.4460162057
0.0142,0.0142,0.2941719584,0.1029601854,2.0192719162
0.0142,0.0142,0.2941719584,0.1029601854,2.8197879494
0.0142,0.0142,0.2941719584,0.1029601854,3.9376589236
0.0142,0.0142,0.2941719584,0.1029601854,5.498696383
0.0142,0.0142,0.2941719584,0.1029601854,7.6785883437
0.0142,0.0142,0.2941719584,0.1029601854,10.7226722201
0.0142,0.0142,0.2941719584,0.1029601854,14.9735464897
0.0142,0.0142,0.2941719584,0.1029601854,20.9096286705
0.0142,0.0142,0.2941719584,0.1029601854,29.1989991443
0.0142,0.0142,0.2941719584,0.1029601854,40.7745907144
0.0142,0.0142,0.2941719584,0.1029601854,56.9391861586
0.0142,0.0142,0.2941719584,0.1029601854,79.5120407981
0.0142,0.0142,0.2941719584,0.1029601854,111.0336318168
0.0142,0.0142,0.2941719584,0.1029601854,155.0515779833
0.0142,0.0142,0.2941719584,0.1029601854,216.5199088036
0.0142,0.0142,0.2941719584,0.1029601854,302.3566191205
0.0142,0.0142,0.2941719584,0.1029601854,422.2222595195
0.0142,0.0142,0.2941719584,0.1029601854,589.6071895242
0.0142,0.0142,0.2941719584,0.1029601854,823.3498592289
0.0142,0.0142,0.2941719584,0.1029601854,1149.7569953977
0.0142,0.0142,0.2941719584,0.1029601854,1605.5643098112
0.0142,0.0142,0.2941719584,0.1029601854,2242.0709447806
0.0142,0.0142,0.2941719584,0.1029601854,3130.912969796
0.0142,0.0142,0.2941719584,0.1029601854,4372.1257113904
0.0142,0.0142,0.2941719584,0.1029601854,6105.4022965853
0.0142,0.0142,0.2941719584,0.1176687834,0.1
0.0142,0.0142,0.2941719584,0.1176687834,0.1396437957
0.0142,0.0142,0.2941719584,0.1176687834,0.1950038968
0.0142,0.0142,0.2941719584,0.1176687834,0.2723108433
0.0142,0.0142,0.2941719584,0.1176687834,0.3802651977
0.0142,0.0142,0.2941719584,0.1176687834,0.5310167558
0.0142,0.0142,0.2941719584,0.1176687834,0.7415319537
0.0142,0.0142,0.2941719584,0.1176687834,1.0355033665
0.0142,0.0142,0.2941719584,0.1176687834,1.4460162057
0.0142,0.0142,0.2941719584,0.1176687834,2.0192719162
0.0142,0.0142,0.2941719584,0.1176687834,2.8197879494
0.0142,0.0142,0.2941719584,0.1176687834,3.9376589236
0.0142,0.0142,0.2941719584,0.1176687834,5.498696383
0.0142,0.0142,0.2941719584,0.1176687834,7.6785883437
0.0142,0.0142,0.2941719584,0.1176687834,10.7226722201
0.0142,0.0142,0.2941719584,0.1176687834,14.9735464897
0.0142,0.0142,0.2941719584,0.1176687834,20.9096286705
0.0142,0.0142,0.2941719584,0.1176687834,29.1989991443
0.0142,0.0142,0.2941719584,0.1176687834,40.7745907144
0.0142,0.0142,0.2941719584,0.1176687834,56.9391861586
0.0142,0.0142,0.2941719584,0.1176687834,79.5120407981
0.0142,0.0142,0.2941719584,0.1176687834,111.0336318168
0.0142,0.0142,0.2941719584,0.1176687834,155.0515779833
0.0142,0.0142,0.2941719584,0.1176687834,216.5199088036
0.0142,0.0142,0.2941719584,0.1176687834,302.3566191205
0.0142,0.0142,0.2941719584,0.1176687834,422.2222595195
0.0142,0.0142,0.2941719584,0.1176687834,589.6071895242
0.0142,0.0142,0.2941719584,0.1176687834,823.3498592289
0.0142,0.0142,0.2941719584,0.1176687834,1149.7569953977
0.0142,0.0142,0.2941719584,0.1176687834,1605.5643098112
0.0142,0.0142,0.2941719584,0.1176687834,2242.0709447806
0.0142,0.0142,0.2941719584,0.1176687834,3130.912969796
0.0142,0.0142,0.2941719584,0.1176687834,4372.1257113904
0.0142,0.0142,0.2941719584,0.1176687834,6105.4022965853
0.0142,0.0142,0.2941719584,0.1323773813,0.1
0.0142,0.0142,0.2941719584,0.1323773813,0.1396437957
0.0142,0.0142,0.2941719584,0.1323773813,0.1950038968
0.0142,0.0142,0.2941719584,0.1323773813,0.2723108433
0.0142,0.0142,0.2941719584,0.1323773813,0.3802651977
0.0142,0.0142,0.2941719584,0.1323773813,0.5310167558
0.0142,0.0142,0.2941719584,0.1323773813,0.7415319537
0.0142,0.0142,0.2941719584,0.1323773813,1.0355033665
0.0142,0.0142,0.2941719584,0.1323773813,1.4460162057
0.0142,0.0142,0.2941719584,0.1323773813,2.0192719162
0.0142,0.0142,0.2941719584,0.1323773813,2.8197879494
0.0142,0.0142,0.2941719584,0.1323773813,3.9376589236
0.0142,0.0142,0.2941719584,0.1323773813,5.498696383
0.0142,0.0142,0.2941719584,0.1323773813,7.6785883437
0.0142,0.0142,0.2941719584,0.1323773813,10.7226722201
0.0142,0.0142,0.2941719584,0.1323773813,14.9735464897
0.0142,0.0142,0.2941719584,0.1323773813,20.9096286705
0.0142,0.0142,0.2941719584,0.1323773813,29.1989991443
0.0142,0.0142,0.2941719584,0.1323773813,40.7745907144
0.0142,0.0142,0.2941719584,0.1323773813,56.9391861586
0.0142,0.0142,0.2941719584,0.1323773813,79.5120407981
0.0142,0.0142,0.2941719584,0.1323773813,111.0336318168
0.0142,0.0142,0.2941719584,0.1323773813,155.0515779833
0.0142,0.0142,0.2941719584,0.1323773813,216.5199088036
0.0142,0.0142,0.2941719584,0.1323773813,302.3566191205
0.0142,0.0142,0.2941719584,0.1323773813,422.2222595195
0.0142,0.0142,0.2941719584,0.1323773813,589.6071895242
0.0142,0.0142,0.2941719584,0.1323773813,823.3498592289
0.0142,0.0142,0.2941719584,0.1323773813,1149.7569953977
0.0142,0.0142,0.2941719584,0.1323773813,1605.5643098112
0.0142,0.0142,0.2941719584,0.1323773813,2242.0709447806
0.0142,0.0142,0.2941719584,0.1323773813,3130.912969796
0.0142,0.0142,0.2941719584,0.1323773813,4372.1257113904
0.0142,0.0142,0.2941719584,0.1323773813,6105.4022965853
0.0142,0.0142,0.2941719584,0.1470859792,0.1
0.0142,0.0142,0.2941719584,0.1470859792,0.1396437957
0.0142,0.0142,0.2941719584,0.1470859792,0.1950038968
0.0142,0.0142,0.2941719584,0.1470859792,0.2723108433
0.0142,0.0142,0.2941719584,0.1470859792,0.3802651977
0.0142,0.0142,0.2941719584,0.1470859792,0.5310167558
0.0142,0.0142,0.2941719584,0.1470859792,0.7415319537
0.0142,0.0142,0.2941719584,0.1470859792,1.0355033665
0.0142,0.0142,0.2941719584,0.1470859792,1.4460162057
0.0142,0.0142,0.2941719584,0.1470859792,2.0192719162
0.0142,0.0142,0.2941719584,0.1470859792,2.8197879494
0.0142,0.0142,0.2941719584,0.1470859792,3.9376589236
0.0142,0.0142,0.2941719584,0.1470859792,5.498696383
0.0142,0.0142,0.2941719584,0.1470859792,7.6785883437
0.0142,0.0142,0.2941719584,0.1470859792,10.7226722201
0.0142,0.0142,0.2941719584,0.1470859792,14.9735464897
0.0142,0.0142,0.2941719584,0.1470859792,20.9096286705
0.0142,0.0142,0.2941719584,0.1470859792,29.1989991443
0.0142,0.0142,0.2941719584,0.1470859792,40.7745907144
0.0142,0.0142,0.2941719584,0.1470859792,56.9391861586
0.0142,0.0142,0.2941719584,0.1470859792,79.5120407981
0.0142,0.0142,0.2941719584,0.1470859792,111.0336318168
0.0142,0.0142,0.2941719584,0.1470859792,155.0515779833
0.0142,0.0142,0.2941719584,0.1470859792,216.5199088036
0.0142,0.0142,0.2941719584,0.1470859792,302.3566191205
0.0142,0.0142,0.2941719584,0.1470859792,422.2222595195
0.0142,0.0142,0.2941719584,0.1470859792,589.6071895242
0.0142,0.0142,0.2941719584,0.1470859792,823.3498592289
0.0142,0.0142,0.2941719584,0.1470859792,1149.7569953977
0.0142,0.0142,0.2941719584,0.1470859792,1605.5643098112
0.0142,0.0142,0.2941719584,0.1470859792,2242.0709447806
0.0142,0.0142,0.2941719584,0.1470859792,3130.912969796
0.0142,0.0142,0.2941719584,0.1470859792,4372.1257113904
0.0142,0.0142,0.2941719584,0.1470859792,6105.4022965853
0.0142,0.0142,0.2941719584,0.1617945771,0.1
0.0142,0.0142,0.2941719584,0.1617945771,0.1396437957
0.0142,0.0142,0.2941719584,0.1617945771,0.1950038968
0.0142,0.0142,0.2941719584,0.1617945771,0.2723108433
0.0142,0.0142,0.2941719584,0.1617945771,0.3802651977
0.0142,0.0142,0.2941719584,0.1617945771,0.5310167558
0.0142,0.0142,0.2941719584,0.1617945771,0.7415319537
0.0142,0.0142,0.2941719584,0.1617945771,1.0355033665
0.0142,0.0142,0.2941719584,0.1617945771,1.4460162057
0.0142,0.0142,0.2941719584,0.1617945771,2.0192719162
0.0142,0.0142,0.2941719584,0.1617945771,2.8197879494
0.0142,0.0142,0.2941719584,0.1617945771,3.9376589236
0.0142,0.0142,0.2941719584,0.1617945771,5.498696383
0.0142,0.0142,0.2941719584,0.1617945771,7.6785883437
0.0142,0.0142,0.2941719584,0.1617945771,10.7226722201
0.0142,0.0142,0.2941719584,0.1617945771,14.9735464897
0.0142,0.0142,0.2941719584,0.1617945771,20.9096286705
0.0142,0.0142,0.2941719584,0.1617945771,29.1989991443
0.0142,0.0142,0.2941719584,0.1617945771,40.7745907144
0.0142,0.0142,0.2941719584,0.1617945771,56.9391861586
0.0142,0.0142,0.2941719584,0.1617945771,79.5120407981
0.0142,0.0142,0.2941719584,0.1617945771,111.0336318168
0.0142,0.0142,0.2941719584,0.1617945771,155.0515779833
0.0142,0.0142,0.2941719584,0.1617945771,216.5199088036
0.0142,0.0142,0.2941719584,0.1617945771,302.3566191205
0.0142,0.0142,0.2941719584,0.1617945771,422.2222595195
0.0142,0.0142,0.2941719584,0.1617945771,589.6071895242
0.0142,0.0142,0.2941719584,0.1617945771,823.3498592289
0.0142,0.0142,0.2941719584,0.1617945771,1149.7569953977
0.0142,0.0142,0.2941719584,0.1617945771,1605.5643098112
0.0142,0.0142,0.2941719584,0.1617945771,2242.0709447806
0.0142,0.0142,0.2941719584,0.1617945771,3130.912969796
0.0142,0.0142,0.2941719584,0.1617945771,4372.1257113904
0.0142,0.0142,0.2941719584,0.1617945771,6105.4022965853
0.0142,0.0142,0.2941719584,0.176503175,0.1
0.0142,0.0142,0.2941719584,0.176503175,0.1396437957
0.0142,0.0142,0.2941719584,0.176503175,0.1950038968
0.0142,0.0142,0.2941719584,0.176503175,0.2723108433
0.0142,0.0142,0.2941719584,0.176503175,0.3802651977
0.0142,0.0142,0.2941719584,0.176503175,0.5310167558
0.0142,0.0142,0.2941719584,0.176503175,0.7415319537
0.0142,0.0142,0.2941719584,0.176503175,1.0355033665
0.0142,0.0142,0.2941719584,0.176503175,1.4460162057
0.0142,0.0142,0.2941719584,0.176503175,2.0192719162
0.0142,0.0142,0.2941719584,0.176503175,2.8197879494
0.0142,0.0142,0.2941719584,0.176503175,3.9376589236
0.0142,0.0142,0.2941719584,0.176503175,5.498696383
0.0142,0.0142,0.2941719584,0.176503175,7.6785883437
0.0142,0.0142,0.2941719584,0.176503175,10.7226722201
0.0142,0.0142,0.2941719584,0.176503175,14.9735464897
0.0142,0.0142,0.2941719584,0.176503175,20.9096286705
0.0142,0.0142,0.2941719584,0.176503175,29.1989991443
0.0142,0.0142,0.2941719584,0.176503175,40.7745907144
0.0142,0.0142,0.2941719584,0.176503175,56.9391861586
0.0142,0.0142,0.2941719584,0.176503175,79.5120407981
0.0142,0.0142,0.2941719584,0.176503175,111.0336318168
0.0142,0.0142,0.2941719584,0.176503175,155.0515779833
0.0142,0.0142,0.2941719584,0.176503175,216.5199088036
0.0142,0.0142,0.2941719584,0.176503175,302.3566191205
0.0142,0.0142,0.2941719584,0.176503175,422.2222595195
0.0142,0.0142,0.2941719584,0.176503175,589.6071895242
0.0142,0.0142,0.2941719584,0.176503175,823.3498592289
0.0142,0.0142,0.2941719584,0.176503175,1149.7569953977
0.0142,0.0142,0.2941719584,0.176503175,1605.5643098112
0.0142,0.0142,0.2941719584,0.176503175,2242.0709447806
0.0142,0.0142,0.2941719584,0.176503175,3130.912969796
0.0142,0.0142,0.2941719584,0.176503175,4372.1257113904
0.0142,0.0142,0.2941719584,0.176503175,6105.4022965853
0.0142,0.0142,0.2941719584,0.191211773,0.1
0.0142,0.0142,0.2941719584,0.191211773,0.1396437957
0.0142,0.0142,0.2941719584,0.191211773,0.1950038968
0.0142,0.0142,0.2941719584,0.191211773,0.2723108433
0.0142,0.0142,0.2941719584,0.191211773,0.3802651977
0.0142,0.0142,0.2941719584,0.191211773,0.5310167558
0.0142,0.0142,0.2941719584,0.191211773,0.7415319537
0.0142,0.0142,0.2941719584,0.191211773,1.0355033665
0.0142,0.0142,0.2941719584,0.191211773,1.4460162057
0.0142,0.0142,0.2941719584,0.191211773,2.0192719162
0.0142,0.0142,0.2941719584,0.191211773,2.8197879494
0.0142,0.0142,0.2941719584,0.191211773,3.9376589236
0.0142,0.0142,0.2941719584,0.191211773,5.498696383
0.0142,0.0142,0.2941719584,0.191211773,7.6785883437
0.0142,0.0142,0.2941719584,0.191211773,10.7226722201
0.0142,0.0142,0.2941719584,0.191211773,14.9735464897
0.0142,0.0142,0.2941719584,0.191211773,20.9096286705
0.0142,0.0142,0.2941719584,0.191211773,29.1989991443
0.0142,0.0142,0.2941719584,0.191211773,40.7745907144
0.0142,0.0142,0.2941719584,0.191211773,56.9391861586
0.0142,0.0142,0.2941719584,0.191211773,79.5120407981
0.0142,0.0142,0.2941719584,0.191211773,111.0336318168
0.0142,0.0142,0.2941719584,0.191211773,155.0515779833
0.0142,0.0142,0.2941719584,0.191211773,216.5199088036
0.0142,0.0142,0.2941719584,0.191211773,302.3566191205
0.0142,0.0142,0.2941719584,0.191211773,422.2222595195
0.0142,0.0142,0.2941719584,0.191211773,589.6071895242
0.0142,0.0142,0.2941719584,0.191211773,823.3498592289
0.0142,0.0142,0.2941719584,0.191211773,1149.7569953977
0.0142,0.0142,0.2941719584,0.191211773,1605.5643098112
0.0142,0.0142,0.2941719584,0.191211773,2242.0709447806
0.0142,0.0142,0.2941719584,0.191211773,3130.912969796
0.0142,0.0142,0.2941719584,0.191211773,4372.1257113904
0.0142,0.0142,0.2941719584,0.191211773,6105.4022965853
0.0142,0.0142,0.2941719584,0.2059203709,0.1
0.0142,0.0142,0.2941719584,0.2059203709,0.1396437957
0.0142,0.0142,0.2941719584,0.2059203709,0.1950038968
0.0142,0.0142,0.2941719584,0.2059203709,0.2723108433
0.0142,0.0142,0.2941719584,0.2059203709,0.3802651977
0.0142,0.0142,0.2941719584,0.2059203709,0.5310167558
0.0142,0.0142,0.2941719584,0.2059203709,0.7415319537
0.0142,0.0142,0.2941719584,0.2059203709,1.0355033665
0.0142,0.0142,0.2941719584,0.2059203709,1.4460162057
0.0142,0.0142,0.2941719584,0.2059203709,2.0192719162
0.0142,0.0142,0.2941719584,0.2059203709,2.8197879494
0.0142,0.0142,0.2941719584,0.2059203709,3.9376589236
0.0142,0.0142,0.2941719584,0.2059203709,5.498696383
0.0142,0.0142,0.2941719584,0.2059203709,7.6785883437
0.0142,0.0142,0.2941719584,0.2059203709,10.7226722201
0.0142,0.0142,0.2941719584,0.2059203709,14.9735464897
0.0142,0.0142,0.2941719584,0.2059203709,20.9096286705
0.0142,0.0142,0.2941719584,0.2059203709,29.1989991443
0.0142,0.0142,0.2941719584,0.2059203709,40.7745907144
0.0142,0.0142,0.2941719584,0.2059203709,56.9391861586
0.0142,0.0142,0.2941719584,0.2059203709,79.5120407981
0.0142,0.0142,0.2941719584,0.2059203709,111.0336318168
0.0142,0.0142,0.2941719584,0.2059203709,155.0515779833
0.0142,0.0142,0.2941719584,0.2059203709,216.5199088036
0.0142,0.0142,0.2941719584,0.2059203709,302.3566191205
0.0142,0.0142,0.2941719584,0.2059203709,422.2222595195
0.0142,0.0142,0.2941719584,0.2059203709,589.6071895242
0.0142,0.0142,0.2941719584,0.2059203709,823.3498592289
0.0142,0.0142,0.2941719584,0.2059203709,1149.7569953977
0.0142,0.0142,0.2941719584,0.2059203709,1605.5643098112
0.0142,0.0142,0.2941719584,0.2059203709,2242.0709447806
0.0142,0.0142,0.2941719584,0.2059203709,3130.912969796
0.0142,0.0142,0.2941719584,0.2059203709,4372.1257113904
0.0142,0.0142,0.2941719584,0.2059203709,6105.4022965853
0.0142,0.0142,0.2941719584,0.2206289688,0.1
0.0142,0.0142,0.2941719584,0.2206289688,0.1396437957
0.0142,0.0142,0.2941719584,0.2206289688,0.1950038968
0.0142,0.0142,0.2941719584,0.2206289688,0.2723108433
0.0142,0.0142,0.2941719584,0.2206289688,0.3802651977
0.0142,0.0142,0.2941719584,0.2206289688,0.5310167558
0.0142,0.0142,0.2941719584,0.2206289688,0.7415319537
0.0142,0.0142,0.2941719584,0.2206289688,1.0355033665
0.0142,0.0142,0.2941719584,0.2206289688,1.4460162057
0.0142,0.0142,0.2941719584,0.2206289688,2.0192719162
0.0142,0.0142,0.2941719584,0.2206289688,2.8197879494
0.0142,0.0142,0.2941719584,0.2206289688,3.9376589236
0.0142,0.0142,0.2941719584,0.2206289688,5.498696383
0.0142,0.0142,0.2941719584,0.2206289688,7.6785883437
0.0142,0.0142,0.2941719584,0.2206289688,10.7226722201
0.0142,0.0142,0.2941719584,0.2206289688,14.9735464897
0.0142,0.0142,0.2941719584,0.2206289688,20.9096286705
0.0142,0.0142,0.2941719584,0.2206289688,29.1989991443
0.0142,0.0142,0.2941719584,0.2206289688,40.7745907144
0.0142,0.0142,0.2941719584,0.2206289688,56.9391861586
0.0142,0.0142,0.2941719584,0.2206289688,79.5120407981
0.0142,0.0142,0.2941719584,0.2206289688,111.0336318168
0.0142,0.0142,0.2941719584,0.2206289688,155.0515779833
0.0142,0.0142,0.2941719584,0.2206289688,216.5199088036
0.0142,0.0142,0.2941719584,0.2206289688,302.3566191205
0.0142,0.0142,0.2941719584,0.2206289688,422.2222595195
0.0142,0.0142,0.2941719584,0.2206289688,589.6071895242
0.0142,0.0142,0.2941719584,0.2206289688,823.3498592289
0.0142,0.0142,0.2941719584,0.2206289688,1149.7569953977
0.0142,0.0142,0.2941719584,0.2206289688,1605.5643098112
0.0142,0.0142,0.2941719584,0.2206289688,2242.0709447806
0.0142,0.0142,0.2941719584,0.2206289688,3130.912969796
0.0142,0.0142,0.2941719584,0.2206289688,4372.1257113904
0.0142,0.0142,0.2941719584,0.2206289688,6105.4022965853
0.0142,0.0142,0.2941719584,0.2353375667,0.1
0.0142,0.0142,0.2941719584,0.2353375667,0.1396437957
0.0142,0.0142,0.2941719584,0.2353375667,0.1950038968
0.0142,0.0142,0.2941719584,0.2353375667,0.2723108433
0.0142,0.0142,0.2941719584,0.2353375667,0.3802651977
0.0142,0.0142,0.2941719584,0.2353375667,0.5310167558
0.0142,0.0142,0.2941719584,0.2353375667,0.7415319537
0.0142,0.0142,0.2941719584,0.2353375667,1.0355033665
0.0142,0.0142,0.2941719584,0.2353375667,1.4460162057
0.0142,0.0142,0.2941719584,0.2353375667,2.0192719162
0.0142,0.0142,0.2941719584,0.2353375667,2.8197879494
0.0142,0.0142,0.2941719584,0.2353375667,3.9376589236
0.0142,0.0142,0.2941719584,0.2353375667,5.498696383
0.0142,0.0142,0.2941719584,0.2353375667,7.6785883437
0.0142,0.0142,0.2941719584,0.2353375667,10.7226722201
0.0142,0.0142,0.2941719584,0.2353375667,14.9735464897
0.0142,0.0142,0.2941719584,0.2353375667,20.9096286705
0.0142,0.0142,0.2941719584,0.2353375667,29.1989991443
0.0142,0.0142,0.2941719584,0.2353375667,40.7745907144
0.0142,0.0142,0.2941719584,0.2353375667,56.9391861586
0.0142,0.0142,0.2941719584,0.2353375667,79.5120407981
0.0142,0.0142,0.2941719584,0.2353375667,111.0336318168
0.0142,0.0142,0.2941719584,0.2353375667,155.0515779833
0.0142,0.0142,0.2941719584,0.2353375667,216.5199088036
0.0142,0.0142,0.2941719584,0.2353375667,302.3566191205
0.0142,0.0142,0.2941719584,0.2353375667,422.2222595195
0.0142,0.0142,0.2941719584,0.2353375667,589.6071895242
0.0142,0.0142,0.2941719584,0.2353375667,823.3498592289
0.0142,0.0142,0.2941719584,0.2353375667,1149.7569953977
0.0142,0.0142,0.2941719584,0.2353375667,1605.5643098112
0.0142,0.0142,0.2941719584,0.2353375667,2242.0709447806
0.0142,0.0142,0.2941719584,0.2353375667,3130.912969796
0.0142,0.0142,0.2941719584,0.2353375667,4372.1257113904
0.0142,0.0142,0.2941719584,0.2353375667,6105.4022965853
0.0142,0.0142,0.2941719584,0.2500461646,0.1
0.0142,0.0142,0.2941719584,0.2500461646,0.1396437957
0.0142,0.0142,0.2941719584,0.2500461646,0.1950038968
0.0142,0.0142,0.2941719584,0.2500461646,0.2723108433
0.0142,0.0142,0.2941719584,0.2500461646,0.3802651977
0.0142,0.0142,0.2941719584,0.2500461646,0.5310167558
0.0142,0.0142,0.2941719584,0.2500461646,0.7415319537
0.0142,0.0142,0.2941719584,0.2500461646,1.0355033665
0.0142,0.0142,0.2941719584,0.2500461646,1.4460162057
0.0142,0.0142,0.2941719584,0.2500461646,2.0192719162
0.0142,0.0142,0.2941719584,0.2500461646,2.8197879494
0.0142,0.0142,0.2941719584,0.2500461646,3.9376589236
0.0142,0.0142,0.2941719584,0.2500461646,5.498696383
0.0142,0.0142,0.2941719584,0.2500461646,7.6785883437
0.0142,0.0142,0.2941719584,0.2500461646,10.7226722201
0.0142,0.0142,0.2941719584,0.2500461646,14.9735464897
0.0142,0.0142,0.2941719584,0.2500461646,20.9096286705
0.0142,0.0142,0.2941719584,0.2500461646,29.1989991443
0.0142,0.0142,0.2941719584,0.2500461646,40.7745907144
0.0142,0.0142,0.2941719584,0.2500461646,56.9391861586
0.0142,0.0142,0.2941719584,0.2500461646,79.5120407981
0.0142,0.0142,0.2941719584,0.2500461646,111.0336318168
0.0142,0.0142,0.2941719584,0.2500461646,155.0515779833
0.0142,0.0142,0.2941719584,0.2500461646,216.5199088036
0.0142,0.0142,0.2941719584,0.2500461646,302.3566191205
0.0142,0.0142,0.2941719584,0.2500461646,422.2222595195
0.0142,0.0142,0.2941719584,0.2500461646,589.6071895242
0.0142,0.0142,0.2941719584,0.2500461646,823.3498592289
0.0142,0.0142,0.2941719584,0.2500461646,1149.7569953977
0.0142,0.0142,0.2941719584,0.2500461646,1605.5643098112
0.0142,0.0142,0.2941719584,0.2500461646,2242.0709447806
0.0142,0.0142,0.2941719584,0.2500461646,3130.912969796
0.0142,0.0142,0.2941719584,0.2500461646,4372.1257113904
0.0142,0.0142,0.2941719584,0.2500461646,6105.4022965853
0.0142,0.0142,0.2941719584,0.2647547626,0.1
0.0142,0.0142,0.2941719584,0.2647547626,0.1396437957
0.0142,0.0142,0.2941719584,0.2647547626,0.1950038968
0.0142,0.0142,0.2941719584,0.2647547626,0.2723108433
0.0142,0.0142,0.2941719584,0.2647547626,0.3802651977
0.0142,0.0142,0.2941719584,0.2647547626,0.5310167558
0.0142,0.0142,0.2941719584,0.2647547626,0.7415319537
0.0142,0.0142,0.2941719584,0.2647547626,1.0355033665
0.0142,0.0142,0.2941719584,0.2647547626,1.4460162057
0.0142,0.0142,0.2941719584,0.2647547626,2.0192719162
0.0142,0.0142,0.2941719584,0.2647547626,2.8197879494
0.0142,0.0142,0.2941719584,0.2647547626,3.9376589236
0.0142,0.0142,0.2941719584,0.2647547626,5.498696383
0.0142,0.0142,0.2941719584,0.2647547626,7.6785883437
0.0142,0.0142,0.2941719584,0.2647547626,10.7226722201
0.0142,0.0142,0.2941719584,0.2647547626,14.9735464897
0.0142,0.0142,0.2941719584,0.2647547626,20.9096286705
0.0142,0.0142,0.2941719584,0.2647547626,29.1989991443
0.0142,0.0142,0.2941719584,0.2647547626,40.7745907144
0.0142,0.0142,0.2941719584,0.2647547626,56.9391861586
0.0142,0.0142,0.2941719584,0.2647547626,79.5120407981
0.0142,0.0142,0.2941719584,0.2647547626,111.0336318168
0.0142,0.0142,0.2941719584,0.2647547626,155.0515779833
0.0142,0.0142,0.2941719584,0.2647547626,216.5199088036
0.0142,0.0142,0.2941719584,0.2647547626,302.3566191205
0.0142,0.0142,0.2941719584,0.2647547626,422.2222595195
0.0142,0.0142,0.2941719584,0.2647547626,589.6071895242
0.0142,0.0142,0.2941719584,0.2647547626,823.3498592289
0.0142,0.0142,0.2941719584,0.2647547626,1149.7569953977
0.0142,0.0142,0.2941719584,0.2647547626,1605.5643098112
0.0142,0.0142,0.2941719584,0.2647547626,2242.0709447806
0.0142,0.0142,0.2941719584,0.2647547626,3130.912969796
0.0142,0.0142,0.2941719584,0.2647547626,4372.1257113904
0.0142,0.0142,0.2941719584,0.2647547626,6105.4022965853
0.0142,0.0142,0.2941719584,0.2794633605,0.1
0.0142,0.0142,0.2941719584,0.2794633605,0.1396437957
0.0142,0.0142,0.2941719584,0.2794633605,0.1950038968
0.0142,0.0142,0.2941719584,0.2794633605,0.2723108433
0.0142,0.0142,0.2941719584,0.2794633605,0.3802651977
0.0142,0.0142,0.2941719584,0.2794633605,0.5310167558
0.0142,0.0142,0.2941719584,0.2794633605,0.7415319537
0.0142,0.0142,0.2941719584,0.2794633605,1.0355033665
0.0142,0.0142,0.2941719584,0.2794633605,1.4460162057
0.0142,0.0142,0.2941719584,0.2794633605,2.0192719162
0.0142,0.0142,0.2941719584,0.2794633605,2.8197879494
0.0142,0.0142,0.2941719584,0.2794633605,3.9376589236
0.0142,0.0142,0.2941719584,0.2794633605,5.498696383
0.0142,0.0142,0.2941719584,0.2794633605,7.6785883437
0.0142,0.0142,0.2941719584,0.2794633605,10.7226722201
0.0142,0.0142,0.2941719584,0.2794633605,14.9735464897
0.0142,0.0142,0.2941719584,0.2794633605,20.9096286705
0.0142,0.0142,0.2941719584,0.2794633605,29.1989991443
0.0142,0.0142,0.2941719584,0.2794633605,40.7745907144
0.0142,0.0142,0.2941719584,0.2794633605,56.9391861586
0.0142,0.0142,0.2941719584,0.2794633605,79.5120407981
0.0142,0.0142,0.2941719584,0.2794633605,111.0336318168
0.0142,0.0142,0.2941719584,0.2794633605,155.0515779833
0.0142,0.0142,0.2941719584,0.2794633605,216.5199088036
0.0142,0.0142,0.2941719584,0.2794633605,302.3566191205
0.0142,0.0142,0.2941719584,0.2794633605,422.2222595195
0.0142,0.0142,0.2941719584,0.2794633605,589.6071895242
0.0142,0.0142,0.2941719584,0.2794633605,823.3498592289
0.0142,0.0142,0.2941719584,0.2794633605,1149.7569953977
0.0142,0.0142,0.2941719584,0.2794633605,1605.5643098112
0.0142,0.0142,0.2941719584,0.2794633605,2242.0709447806
0.0142,0.0142,0.2941719584,0.2794633605,3130.912969796
0.0142,0.0142,0.2941719584,0.2794633605,4372.1257113904
0.0142,0.0142,0.2941719584,0.2794633605,6105.4022965853
0.0142,0.0142,0.2941719584,0.2912302388,0.1
0.0142,0.0142,0.2941719584,0.2912302388,0.1396437957
0.0142,0.0142,0.2941719584,0.2912302388,0.1950038968
0.0142,0.0142,0.2941719584,0.2912302388,0.2723108433
0.0142,0.0142,0.2941719584,0.2912302388,0.3802651977
0.0142,0.0142,0.2941719584,0.2912302388,0.5310167558
0.0142,0.0142,0.2941719584,0.2912302388,0.7415319537
0.0142,0.0142,0.2941719584,0.2912302388,1.0355033665
0.0142,0.0142,0.2941719584,0.2912302388,1.4460162057
0.0142,0.0142,0.2941719584,0.2912302388,2.0192719162
0.0142,0.0142,0.2941719584,0.2912302388,2.8197879494
0.0142,0.0142,0.2941719584,0.2912302388,3.9376589236
0.0142,0.0142,0.2941719584,0.2912302388,5.498696383
0.0142,0.0142,0.2941719584,0.2912302388,7.6785883437
0.0142,0.0142,0.2941719584,0.2912302388,10.7226722201
0.0142,0.0142,0.2941719584,0.2912302388,14.9735464897
0.0142,0.0142,0.2941719584,0.2912302388,20.9096286705
0.0142,0.0142,0.2941719584,0.2912302388,29.1989991443
0.0142,0.0142,0.2941719584,0.2912302388,40.7745907144
0.0142,0.0142,0.2941719584,0.2912302388,56.9391861586
0.0142,0.0142,0.2941719584,0.2912302388,79.5120407981
0.0142,0.0142,0.2941719584,0.2912302388,111.0336318168
0.0142,0.0142,0.2941719584,0.2912302388,155.0515779833
0.0142,0.0142,0.2941719584,0.2912302388,216.5199088036
0.0142,0.0142,0.2941719584,0.2912302388,302.3566191205
0.0142,0.0142,0.2941719584,0.2912302388,422.2222595195
0.0142,0.0142,0.2941719584,0.2912302388,589.6071895242
0.0142,0.0142,0.2941719584,0.2912302388,823.3498592289
0.0142,0.0142,0.2941719584,0.2912302388,1149.7569953977
0.0142,0.0142,0.2941719584,0.2912302388,1605.5643098112
0.0142,0.0142,0.2941719584,0.2912302388,2242.0709447806
0.0142,0.0142,0.2941719584,0.2912302388,3130.912969796
0.0142,0.0142,0.2941719584,0.2912302388,4372.1257113904
0.0142,0.0142,0.2941719584,0.2912302388,6105.4022965853
0.0142,0.0142,0.3276886498,0.1146910274,0.1
0.0142,0.0142,0.3276886498,0.1146910274,0.1396437957
0.0142,0.0142,0.3276886498,0.1146910274,0.1950038968
0.0142,0.0142,0.3276886498,0.1146910274,0.2723108433
0.0142,0.0142,0.3276886498,0.1146910274,0.3802651977
0.0142,0.0142,0.3276886498,0.1146910274,0.5310167558
0.0142,0.0142,0.3276886498,0.1146910274,0.7415319537
0.0142,0.0142,0.3276886498,0.1146910274,1.0355033665
0.0142,0.0142,0.3276886498,0.1146910274,1.4460162057
0.0142,0.0142,0.3276886498,0.1146910274,2.0192719162
0.0142,0.0142,0.3276886498,0.1146910274,2.8197879494
0.0142,0.0142,0.3276886498,0.1146910274,3.9376589236
0.0142,0.0142,0.3276886498,0.1146910274,5.498696383
0.0142,0.0142,0.3276886498,0.1146910274,7.6785883437
0.0142,0.0142,0.3276886498,0.1146910274,10.7226722201
0.0142,0.0142,0.3276886498,0.1146910274,14.9735464897
0.0142,0.0142,0.3276886498,0.1146910274,20.9096286705
0.0142,0.0142,0.3276886498,0.1146910274,29.1989991443
0.0142,0.0142,0.3276886498,0.1146910274,40.7745907144
0.0142,0.0142,0.3276886498,0.1146910274,56.9391861586
0.0142,0.0142,0.3276886498,0.1146910274,79.5120407981
0.0142,0.0142,0.3276886498,0.1146910274,111.0336318168
0.0142,0.0142,0.3276886498,0.1146910274,155.0515779833
0.0142,0.0142,0.3276886498,0.1146910274,216.5199088036
0.0142,0.0142,0.3276886498,0.1146910274,302.3566191205
0.0142,0.0142,0.3276886498,0.1146910274,422.2222595195
0.0142,0.0142,0.3276886498,0.1146910274,589.6071895242
0.0142,0.0142,0.3276886498,0.1146910274,823.3498592289
0.0142,0.0142,0.3276886498,0.1146910274,1149.7569953977
0.0142,0.0142,0.3276886498,0.1146910274,1605.5643098112
0.0142,0.0142,0.3276886498,0.1146910274,2242.0709447806
0.0142,0.0142,0.3276886498,0.1146910274,3130.912969796
0.0142,0.0142,0.3276886498,0.1146910274,4372.1257113904
0.0142,0.0142,0.3276886498,0.1146910274,6105.4022965853
0.0142,0.0142,0.3276886498,0.1310754599,0.1
0.0142,0.0142,0.3276886498,0.1310754599,0.1396437957
0.0142,0.0142,0.3276886498,0.1310754599,0.1950038968
0.0142,0.0142,0.3276886498,0.1310754599,0.2723108433
0.0142,0.0142,0.3276886498,0.1310754599,0.3802651977
0.0142,0.0142,0.3276886498,0.1310754599,0.5310167558
0.0142,0.0142,0.3276886498,0.1310754599,0.7415319537
0.0142,0.0142,0.3276886498,0.1310754599,1.0355033665
0.0142,0.0142,0.3276886498,0.1310754599,1.4460162057
0.0142,0.0142,0.3276886498,0.1310754599,2.0192719162
0.0142,0.0142,0.3276886498,0.1310754599,2.8197879494
0.0142,0.0142,0.3276886498,0.1310754599,3.9376589236
0.0142,0.0142,0.3276886498,0.1310754599,5.498696383
0.0142,0.0142,0.3276886498,0.1310754599,7.6785883437
0.0142,0.0142,0.3276886498,0.1310754599,10.7226722201
0.0142,0.0142,0.3276886498,0.1310754599,14.9735464897
0.0142,0.0142,0.3276886498,0.1310754599,20.9096286705
0.0142,0.0142,0.3276886498,0.1310754599,29.1989991443
0.0142,0.0142,0.3276886498,0.1310754599,40.7745907144
0.0142,0.0142,0.3276886498,0.1310754599,56.9391861586
0.0142,0.0142,0.3276886498,0.1310754599,79.5120407981
0.0142,0.0142,0.3276886498,0.1310754599,111.0336318168
0.0142,0.0142,0.3276886498,0.1310754599,155.0515779833
0.0142,0.0142,0.3276886498,0.1310754599,216.5199088036
0.0142,0.0142,0.3276886498,0.1310754599,302.3566191205
0.0142,0.0142,0.3276886498,0.1310754599,422.2222595195
0.0142,0.0142,0.3276886498,0.1310754599,589.6071895242
0.0142,0.0142,0.3276886498,0.1310754599,823.3498592289
0.0142,0.0142,0.3276886498,0.1310754599,1149.7569953977
0.0142,0.0142,0.3276886498,0.1310754599,1605.5643098112
0.0142,0.0142,0.3276886498,0.1310754599,2242.0709447806
0.0142,0.0142,0.3276886498,0.1310754599,3130.912969796
0.0142,0.0142,0.3276886498,0.1310754599,4372.1257113904
0.0142,0.0142,0.3276886498,0.1310754599,6105.4022965853
0.0142,0.0142,0.3276886498,0.1474598924,0.1
0.0142,0.0142,0.3276886498,0.1474598924,0.1396437957
0.0142,0.0142,0.3276886498,0.1474598924,0.1950038968
0.0142,0.0142,0.3276886498,0.1474598924,0.2723108433
0.0142,0.0142,0.3276886498,0.1474598924,0.3802651977
0.0142,0.0142,0.3276886498,0.1474598924,0.5310167558
0.0142,0.0142,0.3276886498,0.1474598924,0.7415319537
0.0142,0.0142,0.3276886498,0.1474598924,1.0355033665
0.0142,0.0142,0.3276886498,0.1474598924,1.4460162057
0.0142,0.0142,0.3276886498,0.1474598924,2.0192719162
0.0142,0.0142,0.3276886498,0.1474598924,2.8197879494
0.0142,0.0142,0.3276886498,0.1474598924,3.9376589236
0.0142,0.0142,0.3276886498,0.1474598924,5.498696383
0.0142,0.0142,0.3276886498,0.1474598924,7.6785883437
0.0142,0.0142,0.3276886498,0.1474598924,10.7226722201
0.0142,0.0142,0.3276886498,0.1474598924,14.9735464897
0.0142,0.0142,0.3276886498,0.1474598924,20.9096286705
0.0142,0.0142,0.3276886498,0.1474598924,29.1989991443
0.0142,0.0142,0.3276886498,0.1474598924,40.7745907144
0.0142,0.0142,0.3276886498,0.1474598924,56.9391861586
0.0142,0.0142,0.3276886498,0.1474598924,79.5120407981
0.0142,0.0142,0.3276886498,0.1474598924,111.0336318168
0.0142,0.0142,0.3276886498,0.1474598924,155.0515779833
0.0142,0.0142,0.3276886498,0.1474598924,216.5199088036
0.0142,0.0142,0.3276886498,0.1474598924,302.3566191205
0.0142,0.0142,0.3276886498,0.1474598924,422.2222595195
0.0142,0.0142,0.3276886498,0.1474598924,589.6071895242
0.0142,0.0142,0.3276886498,0.1474598924,823.3498592289
0.0142,0.0142,0.3276886498,0.1474598924,1149.7569953977
0.0142,0.0142,0.3276886498,0.1474598924,1605.5643098112
0.0142,0.0142,0.3276886498,0.1474598924,2242.0709447806
0.0142,0.0142,0.3276886498,0.1474598924,3130.912969796
0.0142,0.0142,0.3276886498,0.1474598924,4372.1257113904
0.0142,0.0142,0.3276886498,0.1474598924,6105.4022965853
0.0142,0.0142,0.3276886498,0.1638443249,0.1
0.0142,0.0142,0.3276886498,0.1638443249,0.1396437957
0.0142,0.0142,0.3276886498,0.1638443249,0.1950038968
0.0142,0.0142,0.3276886498,0.1638443249,0.2723108433
0.0142,0.0142,0.3276886498,0.1638443249,0.3802651977
0.0142,0.0142,0.3276886498,0.1638443249,0.5310167558
0.0142,0.0142,0.3276886498,0.1638443249,0.7415319537
0.0142,0.0142,0.3276886498,0.1638443249,1.0355033665
0.0142,0.0142,0.3276886498,0.1638443249,1.4460162057
0.0142,0.0142,0.3276886498,0.1638443249,2.0192719162
0.0142,0.0142,0.3276886498,0.1638443249,2.8197879494
0.0142,0.0142,0.3276886498,0.1638443249,3.9376589236
0.0142,0.0142,0.3276886498,0.1638443249,5.498696383
0.0142,0.0142,0.3276886498,0.1638443249,7.6785883437
0.0142,0.0142,0.3276886498,0.1638443249,10.7226722201
0.0142,0.0142,0.3276886498,0.1638443249,14.9735464897
0.0142,0.0142,0.3276886498,0.1638443249,20.9096286705
0.0142,0.0142,0.3276886498,0.1638443249,29.1989991443
0.0142,0.0142,0.3276886498,0.1638443249,40.7745907144
0.0142,0.0142,0.3276886498,0.1638443249,56.9391861586
0.0142,0.0142,0.3276886498,0.1638443249,79.5120407981
0.0142,0.0142,0.3276886498,0.1638443249,111.0336318168
0.0142,0.0142,0.3276886498,0.1638443249,155.0515779833
0.0142,0.0142,0.3276886498,0.1638443249,216.5199088036
0.0142,0.0142,0.3276886498,0.1638443249,302.3566191205
0.0142,0.0142,0.3276886498,0.1638443249,422.2222595195
0.0142,0.0142,0.3276886498,0.1638443249,589.6071895242
0.0142,0.0142,0.3276886498,0.1638443249,823.3498592289
0.0142,0.0142,0.3276886498,0.1638443249,1149.7569953977
0.0142,0.0142,0.3276886498,0.1638443249,1605.5643098112
0.0142,0.0142,0.3276886498,0.1638443249,2242.0709447806
0.0142,0.0142,0.3276886498,0.1638443249,3130.912969796
0.0142,0.0142,0.3276886498,0.1638443249,4372.1257113904
0.0142,0.0142,0.3276886498,0.1638443249,6105.4022965853
0.0142,0.0142,0.3276886498,0.1802287574,0.1
0.0142,0.0142,0.3276886498,0.1802287574,0.1396437957
0.0142,0.0142,0.3276886498,0.1802287574,0.1950038968
0.0142,0.0142,0.3276886498,0.1802287574,0.2723108433
0.0142,0.0142,0.3276886498,0.1802287574,0.3802651977
0.0142,0.0142,0.3276886498,0.1802287574,0.5310167558
0.0142,0.0142,0.3276886498,0.1802287574,0.7415319537
0.0142,0.0142,0.3276886498,0.1802287574,1.0355033665
0.0142,0.0142,0.3276886498,0.1802287574,1.4460162057
0.0142,0.0142,0.3276886498,0.1802287574,2.0192719162
0.0142,0.0142,0.3276886498,0.1802287574,2.8197879494
0.0142,0.0142,0.3276886498,0.1802287574,3.9376589236
0.0142,0.0142,0.3276886498,0.1802287574,5.498696383
0.0142,0.0142,0.3276886498,0.1802287574,7.6785883437
0.0142,0.0142,0.3276886498,0.1802287574,10.7226722201
0.0142,0.0142,0.3276886498,0.1802287574,14.9735464897
0.0142,0.0142,0.3276886498,0.1802287574,20.9096286705
0.0142,0.0142,0.3276886498,0.1802287574,29.1989991443
0.0142,0.0142,0.3276886498,0.1802287574,40.7745907144
0.0142,0.0142,0.3276886498,0.1802287574,56.9391861586
0.0142,0.0142,0.3276886498,0.1802287574,79.5120407981
0.0142,0.0142,0.3276886498,0.1802287574,111.0336318168
0.0142,0.0142,0.3276886498,0.1802287574,155.0515779833
0.0142,0.0142,0.3276886498,0.1802287574,216.5199088036
0.0142,0.0142,0.3276886498,0.1802287574,302.3566191205
0.0142,0.0142,0.3276886498,0.1802287574,422.2222595195
0.0142,0.0142,0.3276886498,0.1802287574,589.6071895242
0.0142,0.0142,0.3276886498,0.1802287574,823.3498592289
0.0142,0.0142,0.3276886498,0.1802287574,1149.7569953977
0.0142,0.0142,0.3276886498,0.1802287574,1605.5643098112
0.0142,0.0142,0.3276886498,0.1802287574,2242.0709447806
0.0142,0.0142,0.3276886498,0.1802287574,3130.912969796
0.0142,0.0142,0.3276886498,0.1802287574,4372.1257113904
0.0142,0.0142,0.3276886498,0.1802287574,6105.4022965853
0.0142,0.0142,0.3276886498,0.1966131899,0.1
0.0142,0.0142,0.3276886498,0.1966131899,0.1396437957
0.0142,0.0142,0.3276886498,0.1966131899,0.1950038968
0.0142,0.0142,0.3276886498,0.1966131899,0.2723108433
0.0142,0.0142,0.3276886498,0.1966131899,0.3802651977
0.0142,0.0142,0.3276886498,0.1966131899,0.5310167558
0.0142,0.0142,0.3276886498,0.1966131899,0.7415319537
0.0142,0.0142,0.3276886498,0.1966131899,1.0355033665
0.0142,0.0142,0.3276886498,0.1966131899,1.4460162057
0.0142,0.0142,0.3276886498,0.1966131899,2.0192719162
0.0142,0.0142,0.3276886498,0.1966131899,2.8197879494
0.0142,0.0142,0.3276886498,0.1966131899,3.9376589236
0.0142,0.0142,0.3276886498,0.1966131899,5.498696383
0.0142,0.0142,0.3276886498,0.1966131899,7.6785883437
0.0142,0.0142,0.3276886498,0.1966131899,10.7226722201
0.0142,0.0142,0.3276886498,0.1966131899,14.9735464897
0.0142,0.0142,0.3276886498,0.1966131899,20.9096286705
0.0142,0.0142,0.3276886498,0.1966131899,29.1989991443
0.0142,0.0142,0.3276886498,0.1966131899,40.7745907144
0.0142,0.0142,0.3276886498,0.1966131899,56.9391861586
0.0142,0.0142,0.3276886498,0.1966131899,79.5120407981
0.0142,0.0142,0.3276886498,0.1966131899,111.0336318168
0.0142,0.0142,0.3276886498,0.1966131899,155.0515779833
0.0142,0.0142,0.3276886498,0.1966131899,216.5199088036
0.0142,0.0142,0.3276886498,0.1966131899,302.3566191205
0.0142,0.0142,0.3276886498,0.1966131899,422.2222595195
0.0142,0.0142,0.3276886498,0.1966131899,589.6071895242
0.0142,0.0142,0.3276886498,0.1966131899,823.3498592289
0.0142,0.0142,0.3276886498,0.1966131899,1149.7569953977
0.0142,0.0142,0.3276886498,0.1966131899,1605.5643098112
0.0142,0.0142,0.3276886498,0.1966131899,2242.0709447806
0.0142,0.0142,0.3276886498,0.1966131899,3130.912969796
0.0142,0.0142,0.3276886498,0.1966131899,4372.1257113904
0.0142,0.0142,0.3276886498,0.1966131899,6105.4022965853
0.0142,0.0142,0.3276886498,0.2129976224,0.1
0.0142,0.0142,0.3276886498,0.2129976224,0.1396437957
0.0142,0.0142,0.3276886498,0.2129976224,0.1950038968
0.0142,0.0142,0.3276886498,0.2129976224,0.2723108433
0.0142,0.0142,0.3276886498,0.2129976224,0.3802651977
0.0142,0.0142,0.3276886498,0.2129976224,0.5310167558
0.0142,0.0142,0.3276886498,0.2129976224,0.7415319537
0.0142,0.0142,0.3276886498,0.2129976224,1.0355033665
0.0142,0.0142,0.3276886498,0.2129976224,1.4460162057
0.0142,0.0142,0.3276886498,0.2129976224,2.0192719162
0.0142,0.0142,0.3276886498,0.2129976224,2.8197879494
0.0142,0.0142,0.3276886498,0.2129976224,3.9376589236
0.0142,0.0142,0.3276886498,0.2129976224,5.498696383
0.0142,0.0142,0.3276886498,0.2129976224,7.6785883437
0.0142,0.0142,0.3276886498,0.2129976224,10.7226722201
0.0142,0.0142,0.3276886498,0.2129976224,14.9735464897
0.0142,0.0142,0.3276886498,0.2129976224,20.9096286705
0.0142,0.0142,0.3276886498,0.2129976224,29.1989991443
0.0142,0.0142,0.3276886498,0.2129976224,40.7745907144
0.0142,0.0142,0.3276886498,0.2129976224,56.9391861586
0.0142,0.0142,0.3276886498,0.2129976224,79.5120407981
0.0142,0.0142,0.3276886498,0.2129976224,111.0336318168
0.0142,0.0142,0.3276886498,0.2129976224,155.0515779833
0.0142,0.0142,0.3276886498,0.2129976224,216.5199088036
0.0142,0.0142,0.3276886498,0.2129976224,302.3566191205
0.0142,0.0142,0.3276886498,0.2129976224,422.2222595195
0.0142,0.0142,0.3276886498,0.2129976224,589.6071895242
0.0142,0.0142,0.3276886498,0.2129976224,823.3498592289
0.0142,0.0142,0.3276886498,0.2129976224,1149.7569953977
0.0142,0.0142,0.3276886498,0.2129976224,1605.5643098112
0.0142,0.0142,0.3276886498,0.2129976224,2242.0709447806
0.0142,0.0142,0.3276886498,0.2129976224,3130.912969796
0.0142,0.0142,0.3276886498,0.2129976224,4372.1257113904
0.0142,0.0142,0.3276886498,0.2129976224,6105.4022965853
0.0142,0.0142,0.3276886498,0.2293820549,0.1
0.0142,0.0142,0.3276886498,0.2293820549,0.1396437957
0.0142,0.0142,0.3276886498,0.2293820549,0.1950038968
0.0142,0.0142,0.3276886498,0.2293820549,0.2723108433
0.0142,0.0142,0.3276886498,0.2293820549,0.3802651977
0.0142,0.0142,0.3276886498,0.2293820549,0.5310167558
0.0142,0.0142,0.3276886498,0.2293820549,0.7415319537
0.0142,0.0142,0.3276886498,0.2293820549,1.0355033665
0.0142,0.0142,0.3276886498,0.2293820549,1.4460162057
0.0142,0.0142,0.3276886498,0.2293820549,2.0192719162
0.0142,0.0142,0.3276886498,0.2293820549,2.8197879494
0.0142,0.0142,0.3276886498,0.2293820549,3.9376589236
0.0142,0.0142,0.3276886498,0.2293820549,5.498696383
0.0142,0.0142,0.3276886498,0.2293820549,7.6785883437
0.0142,0.0142,0.3276886498,0.2293820549,10.7226722201
0.0142,0.0142,0.3276886498,0.2293820549,14.9735464897
0.0142,0.0142,0.3276886498,0.2293820549,20.9096286705
0.0142,0.0142,0.3276886498,0.2293820549,29.1989991443
0.0142,0.0142,0.3276886498,0.2293820549,40.7745907144
0.0142,0.0142,0.3276886498,0.2293820549,56.9391861586
0.0142,0.0142,0.3276886498,0.2293820549,79.5120407981
0.0142,0.0142,0.3276886498,0.2293820549,111.0336318168
0.0142,0.0142,0.3276886498,0.2293820549,155.0515779833
0.0142,0.0142,0.3276886498,0.2293820549,216.5199088036
0.0142,0.0142,0.3276886498,0.2293820549,302.3566191205
0.0142,0.0142,0.3276886498,0.2293820549,422.2222595195
0.0142,0.0142,0.3276886498,0.2293820549,589.6071895242
0.0142,0.0142,0.3276886498,0.2293820549,823.3498592289
0.0142,0.0142,0.3276886498,0.2293820549,1149.7569953977
0.0142,0.0142,0.3276886498,0.2293820549,1605.5643098112
0.0142,0.0142,0.3276886498,0.2293820549,2242.0709447806
0.0142,0.0142,0.3276886498,0.2293820549,3130.912969796
0.0142,0.0142,0.3276886498,0.2293820549,4372.1257113904
0.0142,0.0142,0.3276886498,0.2293820549,6105.4022965853
0.0142,0.0142,0.3276886498,0.2457664874,0.1
0.0142,0.0142,0.3276886498,0.2457664874,0.1396437957
0.0142,0.0142,0.3276886498,0.2457664874,0.1950038968
0.0142,0.0142,0.3276886498,0.2457664874,0.2723108433
0.0142,0.0142,0.3276886498,0.2457664874,0.3802651977
0.0142,0.0142,0.3276886498,0.2457664874,0.5310167558
0.0142,0.0142,0.3276886498,0.2457664874,0.7415319537
0.0142,0.0142,0.3276886498,0.2457664874,1.0355033665
0.0142,0.0142,0.3276886498,0.2457664874,1.4460162057
0.0142,0.0142,0.3276886498,0.2457664874,2.0192719162
0.0142,0.0142,0.3276886498,0.2457664874,2.8197879494
0.0142,0.0142,0.3276886498,0.2457664874,3.9376589236
0.0142,0.0142,0.3276886498,0.2457664874,5.498696383
0.0142,0.0142,0.3276886498,0.2457664874,7.6785883437
0.0142,0.0142,0.3276886498,0.2457664874,10.7226722201
0.0142,0.0142,0.3276886498,0.2457664874,14.9735464897
0.0142,0.0142,0.3276886498,0.2457664874,20.9096286705
0.0142,0.0142,0.3276886498,0.2457664874,29.1989991443
0.0142,0.0142,0.3276886498,0.2457664874,40.7745907144
0.0142,0.0142,0.3276886498,0.2457664874,56.9391861586
0.0142,0.0142,0.3276886498,0.2457664874,79.5120407981
0.0142,0.0142,0.3276886498,0.2457664874,111.0336318168
0.0142,0.0142,0.3276886498,0.2457664874,155.0515779833
0.0142,0.0142,0.3276886498,0.2457664874,216.5199088036
0.0142,0.0142,0.3276886498,0.2457664874,302.3566191205
0.0142,0.0142,0.3276886498,0.2457664874,422.2222595195
0.0142,0.0142,0.3276886498,0.2457664874,589.6071895242
0.0142,0.0142,0.3276886498,0.2457664874,823.3498592289
0.0142,0.0142,0.3276886498,0.2457664874,1149.7569953977
0.0142,0.0142,0.3276886498,0.2457664874,1605.5643098112
0.0142,0.0142,0.3276886498,0.2457664874,2242.0709447806
0.0142,0.0142,0.3276886498,0.2457664874,3130.912969796
0.0142,0.0142,0.3276886498,0.2457664874,4372.1257113904
0.0142,0.0142,0.3276886498,0.2457664874,6105.4022965853
0.0142,0.0142,0.3276886498,0.2621509199,0.1
0.0142,0.0142,0.3276886498,0.2621509199,0.1396437957
0.0142,0.0142,0.3276886498,0.2621509199,0.1950038968
0.0142,0.0142,0.3276886498,0.2621509199,0.2723108433
0.0142,0.0142,0.3276886498,0.2621509199,0.3802651977
0.0142,0.0142,0.3276886498,0.2621509199,0.5310167558
0.0142,0.0142,0.3276886498,0.2621509199,0.7415319537
0.0142,0.0142,0.3276886498,0.2621509199,1.0355033665
0.0142,0.0142,0.3276886498,0.2621509199,1.4460162057
0.0142,0.0142,0.3276886498,0.2621509199,2.0192719162
0.0142,0.0142,0.3276886498,0.2621509199,2.8197879494
0.0142,0.0142,0.3276886498,0.2621509199,3.9376589236
0.0142,0.0142,0.3276886498,0.2621509199,5.498696383
0.0142,0.0142,0.3276886498,0.2621509199,7.6785883437
0.0142,0.0142,0.3276886498,0.2621509199,10.7226722201
0.0142,0.0142,0.3276886498,0.2621509199,14.9735464897
0.0142,0.0142,0.3276886498,0.2621509199,20.9096286705
0.0142,0.0142,0.3276886498,0.2621509199,29.1989991443
0.0142,0.0142,0.3276886498,0.2621509199,40.7745907144
0.0142,0.0142,0.3276886498,0.2621509199,56.9391861586
0.0142,0.0142,0.3276886498,0.2621509199,79.5120407981
0.0142,0.0142,0.3276886498,0.2621509199,111.0336318168
0.0142,0.0142,0.3276886498,0.2621509199,155.0515779833
0.0142,0.0142,0.3276886498,0.2621509199,216.5199088036
0.0142,0.0142,0.3276886498,0.2621509199,302.3566191205
0.0142,0.0142,0.3276886498,0.2621509199,422.2222595195
0.0142,0.0142,0.3276886498,0.2621509199,589.6071895242
0.0142,0.0142,0.3276886498,0.2621509199,823.3498592289
0.0142,0.0142,0.3276886498,0.2621509199,1149.7569953977
0.0142,0.0142,0.3276886498,0.2621509199,1605.5643098112
0.0142,0.0142,0.3276886498,0.2621509199,2242.0709447806
0.0142,0.0142,0.3276886498,0.2621509199,3130.912969796
0.0142,0.0142,0.3276886498,0.2621509199,4372.1257113904
0.0142,0.0142,0.3276886498,0.2621509199,6105.4022965853
0.0142,0.0142,0.3276886498,0.2785353523,0.1
0.0142,0.0142,0.3276886498,0.2785353523,0.1396437957
0.0142,0.0142,0.3276886498,0.2785353523,0.1950038968
0.0142,0.0142,0.3276886498,0.2785353523,0.2723108433
0.0142,0.0142,0.3276886498,0.2785353523,0.3802651977
0.0142,0.0142,0.3276886498,0.2785353523,0.5310167558
0.0142,0.0142,0.3276886498,0.2785353523,0.7415319537
0.0142,0.0142,0.3276886498,0.2785353523,1.0355033665
0.0142,0.0142,0.3276886498,0.2785353523,1.4460162057
0.0142,0.0142,0.3276886498,0.2785353523,2.0192719162
0.0142,0.0142,0.3276886498,0.2785353523,2.8197879494
0.0142,0.0142,0.3276886498,0.2785353523,3.9376589236
0.0142,0.0142,0.3276886498,0.2785353523,5.498696383
0.0142,0.0142,0.3276886498,0.2785353523,7.6785883437
0.0142,0.0142,0.3276886498,0.2785353523,10.7226722201
0.0142,0.0142,0.3276886498,0.2785353523,14.9735464897
0.0142,0.0142,0.3276886498,0.2785353523,20.9096286705
0.0142,0.0142,0.3276886498,0.2785353523,29.1989991443
0.0142,0.0142,0.3276886498,0.2785353523,40.7745907144
0.0142,0.0142,0.3276886498,0.2785353523,56.9391861586
0.0142,0.0142,0.3276886498,0.2785353523,79.5120407981
0.0142,0.0142,0.3276886498,0.2785353523,111.0336318168
0.0142,0.0142,0.3276886498,0.2785353523,155.0515779833
0.0142,0.0142,0.3276886498,0.2785353523,216.5199088036
0.0142,0.0142,0.3276886498,0.2785353523,302.3566191205
0.0142,0.0142,0.3276886498,0.2785353523,422.2222595195
0.0142,0.0142,0.3276886498,0.2785353523,589.6071895242
0.0142,0.0142,0.3276886498,0.2785353523,823.3498592289
0.0142,0.0142,0.3276886498,0.2785353523,1149.7569953977
0.0142,0.0142,0.3276886498,0.2785353523,1605.5643098112
0.0142,0.0142,0.3276886498,0.2785353523,2242.0709447806
0.0142,0.0142,0.3276886498,0.2785353523,3130.912969796
0.0142,0.0142,0.3276886498,0.2785353523,4372.1257113904
0.0142,0.0142,0.3276886498,0.2785353523,6105.4022965853
0.0142,0.0142,0.3276886498,0.2949197848,0.1
0.0142,0.0142,0.3276886498,0.2949197848,0.1396437957
0.0142,0.0142,0.3276886498,0.2949197848,0.1950038968
0.0142,0.0142,0.3276886498,0.2949197848,0.2723108433
0.0142,0.0142,0.3276886498,0.2949197848,0.3802651977
0.0142,0.0142,0.3276886498,0.2949197848,0.5310167558
0.0142,0.0142,0.3276886498,0.2949197848,0.7415319537
0.0142,0.0142,0.3276886498,0.2949197848,1.0355033665
0.0142,0.0142,0.3276886498,0.2949197848,1.4460162057
0.0142,0.0142,0.3276886498,0.2949197848,2.0192719162
0.0142,0.0142,0.3276886498,0.2949197848,2.8197879494
0.0142,0.0142,0.3276886498,0.2949197848,3.9376589236
0.0142,0.0142,0.3276886498,0.2949197848,5.498696383
0.0142,0.0142,0.3276886498,0.2949197848,7.6785883437
0.0142,0.0142,0.3276886498,0.2949197848,10.7226722201
0.0142,0.0142,0.3276886498,0.2949197848,14.9735464897
0.0142,0.0142,0.3276886498,0.2949197848,20.9096286705
0.0142,0.0142,0.3276886498,0.2949197848,29.1989991443
0.0142,0.0142,0.3276886498,0.2949197848,40.7745907144
0.0142,0.0142,0.3276886498,0.2949197848,56.9391861586
0.0142,0.0142,0.3276886498,0.2949197848,79.5120407981
0.0142,0.0142,0.3276886498,0.2949197848,111.0336318168
0.0142,0.0142,0.3276886498,0.2949197848,155.0515779833
0.0142,0.0142,0.3276886498,0.2949197848,216.5199088036
0.0142,0.0142,0.3276886498,0.2949197848,302.3566191205
0.0142,0.0142,0.3276886498,0.2949197848,422.2222595195
0.0142,0.0142,0.3276886498,0.2949197848,589.6071895242
0.0142,0.0142,0.3276886498,0.2949197848,823.3498592289
0.0142,0.0142,0.3276886498,0.2949197848,1149.7569953977
0.0142,0.0142,0.3276886498,0.2949197848,1605.5643098112
0.0142,0.0142,0.3276886498,0.2949197848,2242.0709447806
0.0142,0.0142,0.3276886498,0.2949197848,3130.912969796
0.0142,0.0142,0.3276886498,0.2949197848,4372.1257113904
0.0142,0.0142,0.3276886498,0.2949197848,6105.4022965853
0.0142,0.0142,0.3276886498,0.3113042173,0.1
0.0142,0.0142,0.3276886498,0.3113042173,0.1396437957
0.0142,0.0142,0.3276886498,0.3113042173,0.1950038968
0.0142,0.0142,0.3276886498,0.3113042173,0.2723108433
0.0142,0.0142,0.3276886498,0.3113042173,0.3802651977
0.0142,0.0142,0.3276886498,0.3113042173,0.5310167558
0.0142,0.0142,0.3276886498,0.3113042173,0.7415319537
0.0142,0.0142,0.3276886498,0.3113042173,1.0355033665
0.0142,0.0142,0.3276886498,0.3113042173,1.4460162057
0.0142,0.0142,0.3276886498,0.3113042173,2.0192719162
0.0142,0.0142,0.3276886498,0.3113042173,2.8197879494
0.0142,0.0142,0.3276886498,0.3113042173,3.9376589236
0.0142,0.0142,0.3276886498,0.3113042173,5.498696383
0.0142,0.0142,0.3276886498,0.3113042173,7.6785883437
0.0142,0.0142,0.3276886498,0.3113042173,10.7226722201
0.0142,0.0142,0.3276886498,0.3113042173,14.9735464897
0.0142,0.0142,0.3276886498,0.3113042173,20.9096286705
0.0142,0.0142,0.3276886498,0.3113042173,29.1989991443
0.0142,0.0142,0.3276886498,0.3113042173,40.7745907144
0.0142,0.0142,0.3276886498,0.3113042173,56.9391861586
0.0142,0.0142,0.3276886498,0.3113042173,79.5120407981
0.0142,0.0142,0.3276886498,0.3113042173,111.0336318168
0.0142,0.0142,0.3276886498,0.3113042173,155.0515779833
0.0142,0.0142,0.3276886498,0.3113042173,216.5199088036
0.0142,0.0142,0.3276886498,0.3113042173,302.3566191205
0.0142,0.0142,0.3276886498,0.3113042173,422.2222595195
0.0142,0.0142,0.3276886498,0.3113042173,589.6071895242
0.0142,0.0142,0.3276886498,0.3113042173,823.3498592289
0.0142,0.0142,0.3276886498,0.3113042173,1149.7569953977
0.0142,0.0142,0.3276886498,0.3113042173,1605.5643098112
0.0142,0.0142,0.3276886498,0.3113042173,2242.0709447806
0.0142,0.0142,0.3276886498,0.3113042173,3130.912969796
0.0142,0.0142,0.3276886498,0.3113042173,4372.1257113904
0.0142,0.0142,0.3276886498,0.3113042173,6105.4022965853
0.0142,0.0142,0.3276886498,0.3244117633,0.1
0.0142,0.0142,0.3276886498,0.3244117633,0.1396437957
0.0142,0.0142,0.3276886498,0.3244117633,0.1950038968
0.0142,0.0142,0.3276886498,0.3244117633,0.2723108433
0.0142,0.0142,0.3276886498,0.3244117633,0.3802651977
0.0142,0.0142,0.3276886498,0.3244117633,0.5310167558
0.0142,0.0142,0.3276886498,0.3244117633,0.7415319537
0.0142,0.0142,0.3276886498,0.3244117633,1.0355033665
0.0142,0.0142,0.3276886498,0.3244117633,1.4460162057
0.0142,0.0142,0.3276886498,0.3244117633,2.0192719162
0.0142,0.0142,0.3276886498,0.3244117633,2.8197879494
0.0142,0.0142,0.3276886498,0.3244117633,3.9376589236
0.0142,0.0142,0.3276886498,0.3244117633,5.498696383
0.0142,0.0142,0.3276886498,0.3244117633,7.6785883437
0.0142,0.0142,0.3276886498,0.3244117633,10.7226722201
0.0142,0.0142,0.3276886498,0.3244117633,14.9735464897
0.0142,0.0142,0.3276886498,0.3244117633,20.9096286705
0.0142,0.0142,0.3276886498,0.3244117633,29.1989991443
0.0142,0.0142,0.3276886498,0.3244117633,40.7745907144
0.0142,0.0142,0.3276886498,0.3244117633,56.9391861586
0.0142,0.0142,0.3276886498,0.3244117633,79.5120407981
0.0142,0.0142,0.3276886498,0.3244117633,111.0336318168
0.0142,0.0142,0.3276886498,0.3244117633,155.0515779833
0.0142,0.0142,0.3276886498,0.3244117633,216.5199088036
0.0142,0.0142,0.3276886498,0.3244117633,302.3566191205
0.0142,0.0142,0.3276886498,0.3244117633,422.2222595195
0.0142,0.0142,0.3276886498,0.3244117633,589.6071895242
0.0142,0.0142,0.3276886498,0.3244117633,823.3498592289
0.0142,0.0142,0.3276886498,0.3244117633,1149.7569953977
0.0142,0.0142,0.3276886498,0.3244117633,1605.5643098112
0.0142,0.0142,0.3276886498,0.3244117633,2242.0709447806
0.0142,0.0142,0.3276886498,0.3244117633,3130.912969796
0.0142,0.0142,0.3276886498,0.3244117633,4372.1257113904
0.0142,0.0142,0.3276886498,0.3244117633,6105.4022965853
0.0142,0.0142,0.3650240893,0.1095072268,0.1
0.0142,0.0142,0.3650240893,0.1095072268,0.1396437957
0.0142,0.0142,0.3650240893,0.1095072268,0.1950038968
0.0142,0.0142,0.3650240893,0.1095072268,0.2723108433
0.0142,0.0142,0.3650240893,0.1095072268,0.3802651977
0.0142,0.0142,0.3650240893,0.1095072268,0.5310167558
0.0142,0.0142,0.3650240893,0.1095072268,0.7415319537
0.0142,0.0142,0.3650240893,0.1095072268,1.0355033665
0.0142,0.0142,0.3650240893,0.1095072268,1.4460162057
0.0142,0.0142,0.3650240893,0.1095072268,2.0192719162
0.0142,0.0142,0.3650240893,0.1095072268,2.8197879494
0.0142,0.0142,0.3650240893,0.1095072268,3.9376589236
0.0142,0.0142,0.3650240893,0.1095072268,5.498696383
0.0142,0.0142,0.3650240893,0.1095072268,7.6785883437
0.0142,0.0142,0.3650240893,0.1095072268,10.7226722201
0.0142,0.0142,0.3650240893,0.1095072268,14.9735464897
0.0142,0.0142,0.3650240893,0.1095072268,20.9096286705
0.0142,0.0142,0.3650240893,0.1095072268,29.1989991443
0.0142,0.0142,0.3650240893,0.1095072268,40.7745907144
0.0142,0.0142,0.3650240893,0.1095072268,56.9391861586
0.0142,0.0142,0.3650240893,0.1095072268,79.5120407981
0.0142,0.0142,0.3650240893,0.1095072268,111.0336318168
0.0142,0.0142,0.3650240893,0.1095072268,155.0515779833
0.0142,0.0142,0.3650240893,0.1095072268,216.5199088036
0.0142,0.0142,0.3650240893,0.1095072268,302.3566191205
0.0142,0.0142,0.3650240893,0.1095072268,422.2222595195
0.0142,0.0142,0.3650240893,0.1095072268,589.6071895242
0.0142,0.0142,0.3650240893,0.1095072268,823.3498592289
0.0142,0.0142,0.3650240893,0.1095072268,1149.7569953977
0.0142,0.0142,0.3650240893,0.1095072268,1605.5643098112
0.0142,0.0142,0.3650240893,0.1095072268,2242.0709447806
0.0142,0.0142,0.3650240893,0.1095072268,3130.912969796
0.0142,0.0142,0.3650240893,0.1095072268,4372.1257113904
0.0142,0.0142,0.3650240893,0.1095072268,6105.4022965853
0.0142,0.0142,0.3650240893,0.1277584313,0.1
0.0142,0.0142,0.3650240893,0.1277584313,0.1396437957
0.0142,0.0142,0.3650240893,0.1277584313,0.1950038968
0.0142,0.0142,0.3650240893,0.1277584313,0.2723108433
0.0142,0.0142,0.3650240893,0.1277584313,0.3802651977
0.0142,0.0142,0.3650240893,0.1277584313,0.5310167558
0.0142,0.0142,0.3650240893,0.1277584313,0.7415319537
0.0142,0.0142,0.3650240893,0.1277584313,1.0355033665
0.0142,0.0142,0.3650240893,0.1277584313,1.4460162057
0.0142,0.0142,0.3650240893,0.1277584313,2.0192719162
0.0142,0.0142,0.3650240893,0.1277584313,2.8197879494
0.0142,0.0142,0.3650240893,0.1277584313,3.9376589236
0.0142,0.0142,0.3650240893,0.1277584313,5.498696383
0.0142,0.0142,0.3650240893,0.1277584313,7.6785883437
0.0142,0.0142,0.3650240893,0.1277584313,10.7226722201
0.0142,0.0142,0.3650240893,0.1277584313,14.9735464897
0.0142,0.0142,0.3650240893,0.1277584313,20.9096286705
0.0142,0.0142,0.3650240893,0.1277584313,29.1989991443
0.0142,0.0142,0.3650240893,0.1277584313,40.7745907144
0.0142,0.0142,0.3650240893,0.1277584313,56.9391861586
0.0142,0.0142,0.3650240893,0.1277584313,79.5120407981
0.0142,0.0142,0.3650240893,0.1277584313,111.0336318168
0.0142,0.0142,0.3650240893,0.1277584313,155.0515779833
0.0142,0.0142,0.3650240893,0.1277584313,216.5199088036
0.0142,0.0142,0.3650240893,0.1277584313,302.3566191205
0.0142,0.0142,0.3650240893,0.1277584313,422.2222595195
0.0142,0.0142,0.3650240893,0.1277584313,589.6071895242
0.0142,0.0142,0.3650240893,0.1277584313,823.3498592289
0.0142,0.0142,0.3650240893,0.1277584313,1149.7569953977
0.0142,0.0142,0.3650240893,0.1277584313,1605.5643098112
0.0142,0.0142,0.3650240893,0.1277584313,2242.0709447806
0.0142,0.0142,0.3650240893,0.1277584313,3130.912969796
0.0142,0.0142,0.3650240893,0.1277584313,4372.1257113904
0.0142,0.0142,0.3650240893,0.1277584313,6105.4022965853
0.0142,0.0142,0.3650240893,0.1460096357,0.1
0.0142,0.0142,0.3650240893,0.1460096357,0.1396437957
0.0142,0.0142,0.3650240893,0.1460096357,0.1950038968
0.0142,0.0142,0.3650240893,0.1460096357,0.2723108433
0.0142,0.0142,0.3650240893,0.1460096357,0.3802651977
0.0142,0.0142,0.3650240893,0.1460096357,0.5310167558
0.0142,0.0142,0.3650240893,0.1460096357,0.7415319537
0.0142,0.0142,0.3650240893,0.1460096357,1.0355033665
0.0142,0.0142,0.3650240893,0.1460096357,1.4460162057
0.0142,0.0142,0.3650240893,0.1460096357,2.0192719162
0.0142,0.0142,0.3650240893,0.1460096357,2.8197879494
0.0142,0.0142,0.3650240893,0.1460096357,3.9376589236
0.0142,0.0142,0.3650240893,0.1460096357,5.498696383
0.0142,0.0142,0.3650240893,0.1460096357,7.6785883437
0.0142,0.0142,0.3650240893,0.1460096357,10.7226722201
0.0142,0.0142,0.3650240893,0.1460096357,14.9735464897
0.0142,0.0142,0.3650240893,0.1460096357,20.9096286705
0.0142,0.0142,0.3650240893,0.1460096357,29.1989991443
0.0142,0.0142,0.3650240893,0.1460096357,40.7745907144
0.0142,0.0142,0.3650240893,0.1460096357,56.9391861586
0.0142,0.0142,0.3650240893,0.1460096357,79.5120407981
0.0142,0.0142,0.3650240893,0.1460096357,111.0336318168
0.0142,0.0142,0.3650240893,0.1460096357,155.0515779833
0.0142,0.0142,0.3650240893,0.1460096357,216.5199088036
0.0142,0.0142,0.3650240893,0.1460096357,302.3566191205
0.0142,0.0142,0.3650240893,0.1460096357,422.2222595195
0.0142,0.0142,0.3650240893,0.1460096357,589.6071895242
0.0142,0.0142,0.3650240893,0.1460096357,823.3498592289
0.0142,0.0142,0.3650240893,0.1460096357,1149.7569953977
0.0142,0.0142,0.3650240893,0.1460096357,1605.5643098112
0.0142,0.0142,0.3650240893,0.1460096357,2242.0709447806
0.0142,0.0142,0.3650240893,0.1460096357,3130.912969796
0.0142,0.0142,0.3650240893,0.1460096357,4372.1257113904
0.0142,0.0142,0.3650240893,0.1460096357,6105.4022965853
0.0142,0.0142,0.3650240893,0.1642608402,0.1
0.0142,0.0142,0.3650240893,0.1642608402,0.1396437957
0.0142,0.0142,0.3650240893,0.1642608402,0.1950038968
0.0142,0.0142,0.3650240893,0.1642608402,0.2723108433
0.0142,0.0142,0.3650240893,0.1642608402,0.3802651977
0.0142,0.0142,0.3650240893,0.1642608402,0.5310167558
0.0142,0.0142,0.3650240893,0.1642608402,0.7415319537
0.0142,0.0142,0.3650240893,0.1642608402,1.0355033665
0.0142,0.0142,0.3650240893,0.1642608402,1.4460162057
0.0142,0.0142,0.3650240893,0.1642608402,2.0192719162
0.0142,0.0142,0.3650240893,0.1642608402,2.8197879494
0.0142,0.0142,0.3650240893,0.1642608402,3.9376589236
0.0142,0.0142,0.3650240893,0.1642608402,5.498696383
0.0142,0.0142,0.3650240893,0.1642608402,7.6785883437
0.0142,0.0142,0.3650240893,0.1642608402,10.7226722201
0.0142,0.0142,0.3650240893,0.1642608402,14.9735464897
0.0142,0.0142,0.3650240893,0.1642608402,20.9096286705
0.0142,0.0142,0.3650240893,0.1642608402,29.1989991443
0.0142,0.0142,0.3650240893,0.1642608402,40.7745907144
0.0142,0.0142,0.3650240893,0.1642608402,56.9391861586
0.0142,0.0142,0.3650240893,0.1642608402,79.5120407981
0.0142,0.0142,0.3650240893,0.1642608402,111.0336318168
0.0142,0.0142,0.3650240893,0.1642608402,155.0515779833
0.0142,0.0142,0.3650240893,0.1642608402,216.5199088036
0.0142,0.0142,0.3650240893,0.1642608402,302.3566191205
0.0142,0.0142,0.3650240893,0.1642608402,422.2222595195
0.0142,0.0142,0.3650240893,0.1642608402,589.6071895242
0.0142,0.0142,0.3650240893,0.1642608402,823.3498592289
0.0142,0.0142,0.3650240893,0.1642608402,1149.7569953977
0.0142,0.0142,0.3650240893,0.1642608402,1605.5643098112
0.0142,0.0142,0.3650240893,0.1642608402,2242.0709447806
0.0142,0.0142,0.3650240893,0.1642608402,3130.912969796
0.0142,0.0142,0.3650240893,0.1642608402,4372.1257113904
0.0142,0.0142,0.3650240893,0.1642608402,6105.4022965853
0.0142,0.0142,0.3650240893,0.1825120447,0.1
0.0142,0.0142,0.3650240893,0.1825120447,0.1396437957
0.0142,0.0142,0.3650240893,0.1825120447,0.1950038968
0.0142,0.0142,0.3650240893,0.1825120447,0.2723108433
0.0142,0.0142,0.3650240893,0.1825120447,0.3802651977
0.0142,0.0142,0.3650240893,0.1825120447,0.5310167558
0.0142,0.0142,0.3650240893,0.1825120447,0.7415319537
0.0142,0.0142,0.3650240893,0.1825120447,1.0355033665
0.0142,0.0142,0.3650240893,0.1825120447,1.4460162057
0.0142,0.0142,0.3650240893,0.1825120447,2.0192719162
0.0142,0.0142,0.3650240893,0.1825120447,2.8197879494
0.0142,0.0142,0.3650240893,0.1825120447,3.9376589236
0.0142,0.0142,0.3650240893,0.1825120447,5.498696383
0.0142,0.0142,0.3650240893,0.1825120447,7.6785883437
0.0142,0.0142,0.3650240893,0.1825120447,10.7226722201
0.0142,0.0142,0.3650240893,0.1825120447,14.9735464897
0.0142,0.0142,0.3650240893,0.1825120447,20.9096286705
0.0142,0.0142,0.3650240893,0.1825120447,29.1989991443
0.0142,0.0142,0.3650240893,0.1825120447,40.7745907144
0.0142,0.0142,0.3650240893,0.1825120447,56.9391861586
0.0142,0.0142,0.3650240893,0.1825120447,79.5120407981
0.0142,0.0142,0.3650240893,0.1825120447,111.0336318168
0.0142,0.0142,0.3650240893,0.1825120447,155.0515779833
0.0142,0.0142,0.3650240893,0.1825120447,216.5199088036
0.0142,0.0142,0.3650240893,0.1825120447,302.3566191205
0.0142,0.0142,0.3650240893,0.1825120447,422.2222595195
0.0142,0.0142,0.3650240893,0.1825120447,589.6071895242
0.0142,0.0142,0.3650240893,0.1825120447,823.3498592289
0.0142,0.0142,0.3650240893,0.1825120447,1149.7569953977
0.0142,0.0142,0.3650240893,0.1825120447,1605.5643098112
0.0142,0.0142,0.3650240893,0.1825120447,2242.0709447806
0.0142,0.0142,0.3650240893,0.1825120447,3130.912969796
0.0142,0.0142,0.3650240893,0.1825120447,4372.1257113904
0.0142,0.0142,0.3650240893,0.1825120447,6105.4022965853
0.0142,0.0142,0.3650240893,0.2007632491,0.1
0.0142,0.0142,0.3650240893,0.2007632491,0.1396437957
0.0142,0.0142,0.3650240893,0.2007632491,0.1950038968
0.0142,0.0142,0.3650240893,0.2007632491,0.2723108433
0.0142,0.0142,0.3650240893,0.2007632491,0.3802651977
0.0142,0.0142,0.3650240893,0.2007632491,0.5310167558
0.0142,0.0142,0.3650240893,0.2007632491,0.7415319537
0.0142,0.0142,0.3650240893,0.2007632491,1.0355033665
0.0142,0.0142,0.3650240893,0.2007632491,1.4460162057
0.0142,0.0142,0.3650240893,0.2007632491,2.0192719162
0.0142,0.0142,0.3650240893,0.2007632491,2.8197879494
0.0142,0.0142,0.3650240893,0.2007632491,3.9376589236
0.0142,0.0142,0.3650240893,0.2007632491,5.498696383
0.0142,0.0142,0.3650240893,0.2007632491,7.6785883437
0.0142,0.0142,0.3650240893,0.2007632491,10.7226722201
0.0142,0.0142,0.3650240893,0.2007632491,14.9735464897
0.0142,0.0142,0.3650240893,0.2007632491,20.9096286705
0.0142,0.0142,0.3650240893,0.2007632491,29.1989991443
0.0142,0.0142,0.3650240893,0.2007632491,40.7745907144
0.0142,0.0142,0.3650240893,0.2007632491,56.9391861586
0.0142,0.0142,0.3650240893,0.2007632491,79.5120407981
0.0142,0.0142,0.3650240893,0.2007632491,111.0336318168
0.0142,0.0142,0.3650240893,0.2007632491,155.0515779833
0.0142,0.0142,0.3650240893,0.2007632491,216.5199088036
0.0142,0.0142,0.3650240893,0.2007632491,302.3566191205
0.0142,0.0142,0.3650240893,0.2007632491,422.2222595195
0.0142,0.0142,0.3650240893,0.2007632491,589.6071895242
0.0142,0.0142,0.3650240893,0.2007632491,823.3498592289
0.0142,0.0142,0.3650240893,0.2007632491,1149.7569953977
0.0142,0.0142,0.3650240893,0.2007632491,1605.5643098112
0.0142,0.0142,0.3650240893,0.2007632491,2242.0709447806
0.0142,0.0142,0.3650240893,0.2007632491,3130.912969796
0.0142,0.0142,0.3650240893,0.2007632491,4372.1257113904
0.0142,0.0142,0.3650240893,0.2007632491,6105.4022965853
0.0142,0.0142,0.3650240893,0.2190144536,0.1
0.0142,0.0142,0.3650240893,0.2190144536,0.1396437957
0.0142,0.0142,0.3650240893,0.2190144536,0.1950038968
0.0142,0.0142,0.3650240893,0.2190144536,0.2723108433
0.0142,0.0142,0.3650240893,0.2190144536,0.3802651977
0.0142,0.0142,0.3650240893,0.2190144536,0.5310167558
0.0142,0.0142,0.3650240893,0.2190144536,0.7415319537
0.0142,0.0142,0.3650240893,0.2190144536,1.0355033665
0.0142,0.0142,0.3650240893,0.2190144536,1.4460162057
0.0142,0.0142,0.3650240893,0.2190144536,2.0192719162
0.0142,0.0142,0.3650240893,0.2190144536,2.8197879494
0.0142,0.0142,0.3650240893,0.2190144536,3.9376589236
0.0142,0.0142,0.3650240893,0.2190144536,5.498696383
0.0142,0.0142,0.3650240893,0.2190144536,7.6785883437
0.0142,0.0142,0.3650240893,0.2190144536,10.7226722201
0.0142,0.0142,0.3650240893,0.2190144536,14.9735464897
0.0142,0.0142,0.3650240893,0.2190144536,20.9096286705
0.0142,0.0142,0.3650240893,0.2190144536,29.1989991443
0.0142,0.0142,0.3650240893,0.2190144536,40.7745907144
0.0142,0.0142,0.3650240893,0.2190144536,56.9391861586
0.0142,0.0142,0.3650240893,0.2190144536,79.5120407981
0.0142,0.0142,0.3650240893,0.2190144536,111.0336318168
0.0142,0.0142,0.3650240893,0.2190144536,155.0515779833
0.0142,0.0142,0.3650240893,0.2190144536,216.5199088036
0.0142,0.0142,0.3650240893,0.2190144536,302.3566191205
0.0142,0.0142,0.3650240893,0.2190144536,422.2222595195
0.0142,0.0142,0.3650240893,0.2190144536,589.6071895242
0.0142,0.0142,0.3650240893,0.2190144536,823.3498592289
0.0142,0.0142,0.3650240893,0.2190144536,1149.7569953977
0.0142,0.0142,0.3650240893,0.2190144536,1605.5643098112
0.0142,0.0142,0.3650240893,0.2190144536,2242.0709447806
0.0142,0.0142,0.3650240893,0.2190144536,3130.912969796
0.0142,0.0142,0.3650240893,0.2190144536,4372.1257113904
0.0142,0.0142,0.3650240893,0.2190144536,6105.4022965853
0.0142,0.0142,0.3650240893,0.237265658,0.1
0.0142,0.0142,0.3650240893,0.237265658,0.1396437957
0.0142,0.0142,0.3650240893,0.237265658,0.1950038968
0.0142,0.0142,0.3650240893,0.237265658,0.2723108433
0.0142,0.0142,0.3650240893,0.237265658,0.3802651977
0.0142,0.0142,0.3650240893,0.237265658,0.5310167558
0.0142,0.0142,0.3650240893,0.237265658,0.7415319537
0.0142,0.0142,0.3650240893,0.237265658,1.0355033665
0.0142,0.0142,0.3650240893,0.237265658,1.4460162057
0.0142,0.0142,0.3650240893,0.237265658,2.0192719162
0.0142,0.0142,0.3650240893,0.237265658,2.8197879494
0.0142,0.0142,0.3650240893,0.237265658,3.9376589236
0.0142,0.0142,0.3650240893,0.237265658,5.498696383
0.0142,0.0142,0.3650240893,0.237265658,7.6785883437
0.0142,0.0142,0.3650240893,0.237265658,10.7226722201
0.0142,0.0142,0.3650240893,0.237265658,14.9735464897
0.0142,0.0142,0.3650240893,0.237265658,20.9096286705
0.0142,0.0142,0.3650240893,0.237265658,29.1989991443
0.0142,0.0142,0.3650240893,0.237265658,40.7745907144
0.0142,0.0142,0.3650240893,0.237265658,56.9391861586
0.0142,0.0142,0.3650240893,0.237265658,79.5120407981
0.0142,0.0142,0.3650240893,0.237265658,111.0336318168
0.0142,0.0142,0.3650240893,0.237265658,155.0515779833
0.0142,0.0142,0.3650240893,0.237265658,216.5199088036
0.0142,0.0142,0.3650240893,0.237265658,302.3566191205
0.0142,0.0142,0.3650240893,0.237265658,422.2222595195
0.0142,0.0142,0.3650240893,0.237265658,589.6071895242
0.0142,0.0142,0.3650240893,0.237265658,823.3498592289
0.0142,0.0142,0.3650240893,0.237265658,1149.7569953977
0.0142,0.0142,0.3650240893,0.237265658,1605.5643098112
0.0142,0.0142,0.3650240893,0.237265658,2242.0709447806
0.0142,0.0142,0.3650240893,0.237265658,3130.912969796
0.0142,0.0142,0.3650240893,0.237265658,4372.1257113904
0.0142,0.0142,0.3650240893,0.237265658,6105.4022965853
0.0142,0.0142,0.3650240893,0.2555168625,0.1
0.0142,0.0142,0.3650240893,0.2555168625,0.1396437957
0.0142,0.0142,0.3650240893,0.2555168625,0.1950038968
0.0142,0.0142,0.3650240893,0.2555168625,0.2723108433
0.0142,0.0142,0.3650240893,0.2555168625,0.3802651977
0.0142,0.0142,0.3650240893,0.2555168625,0.5310167558
0.0142,0.0142,0.3650240893,0.2555168625,0.7415319537
0.0142,0.0142,0.3650240893,0.2555168625,1.0355033665
0.0142,0.0142,0.3650240893,0.2555168625,1.4460162057
0.0142,0.0142,0.3650240893,0.2555168625,2.0192719162
0.0142,0.0142,0.3650240893,0.2555168625,2.8197879494
0.0142,0.0142,0.3650240893,0.2555168625,3.9376589236
0.0142,0.0142,0.3650240893,0.2555168625,5.498696383
0.0142,0.0142,0.3650240893,0.2555168625,7.6785883437
0.0142,0.0142,0.3650240893,0.2555168625,10.7226722201
0.0142,0.0142,0.3650240893,0.2555168625,14.9735464897
0.0142,0.0142,0.3650240893,0.2555168625,20.9096286705
0.0142,0.0142,0.3650240893,0.2555168625,29.1989991443
0.0142,0.0142,0.3650240893,0.2555168625,40.7745907144
0.0142,0.0142,0.3650240893,0.2555168625,56.9391861586
0.0142,0.0142,0.3650240893,0.2555168625,79.5120407981
0.0142,0.0142,0.3650240893,0.2555168625,111.0336318168
0.0142,0.0142,0.3650240893,0.2555168625,155.0515779833
0.0142,0.0142,0.3650240893,0.2555168625,216.5199088036
0.0142,0.0142,0.3650240893,0.2555168625,302.3566191205
0.0142,0.0142,0.3650240893,0.2555168625,422.2222595195
0.0142,0.0142,0.3650240893,0.2555168625,589.6071895242
0.0142,0.0142,0.3650240893,0.2555168625,823.3498592289
0.0142,0.0142,0.3650240893,0.2555168625,1149.7569953977
0.0142,0.0142,0.3650240893,0.2555168625,1605.5643098112
0.0142,0.0142,0.3650240893,0.2555168625,2242.0709447806
0.0142,0.0142,0.3650240893,0.2555168625,3130.912969796
0.0142,0.0142,0.3650240893,0.2555168625,4372.1257113904
0.0142,0.0142,0.3650240893,0.2555168625,6105.4022965853
0.0142,0.0142,0.3650240893,0.273768067,0.1
0.0142,0.0142,0.3650240893,0.273768067,0.1396437957
0.0142,0.0142,0.3650240893,0.273768067,0.1950038968
0.0142,0.0142,0.3650240893,0.273768067,0.2723108433
0.0142,0.0142,0.3650240893,0.273768067,0.3802651977
0.0142,0.0142,0.3650240893,0.273768067,0.5310167558
0.0142,0.0142,0.3650240893,0.273768067,0.7415319537
0.0142,0.0142,0.3650240893,0.273768067,1.0355033665
0.0142,0.0142,0.3650240893,0.273768067,1.4460162057
0.0142,0.0142,0.3650240893,0.273768067,2.0192719162
0.0142,0.0142,0.3650240893,0.273768067,2.8197879494
0.0142,0.0142,0.3650240893,0.273768067,3.9376589236
0.0142,0.0142,0.3650240893,0.273768067,5.498696383
0.0142,0.0142,0.3650240893,0.273768067,7.6785883437
0.0142,0.0142,0.3650240893,0.273768067,10.7226722201
0.0142,0.0142,0.3650240893,0.273768067,14.9735464897
0.0142,0.0142,0.3650240893,0.273768067,20.9096286705
0.0142,0.0142,0.3650240893,0.273768067,29.1989991443
0.0142,0.0142,0.3650240893,0.273768067,40.7745907144
0.0142,0.0142,0.3650240893,0.273768067,56.9391861586
0.0142,0.0142,0.3650240893,0.273768067,79.5120407981
0.0142,0.0142,0.3650240893,0.273768067,111.0336318168
0.0142,0.0142,0.3650240893,0.273768067,155.0515779833
0.0142,0.0142,0.3650240893,0.273768067,216.5199088036
0.0142,0.0142,0.3650240893,0.273768067,302.3566191205
0.0142,0.0142,0.3650240893,0.273768067,422.2222595195
0.0142,0.0142,0.3650240893,0.273768067,589.6071895242
0.0142,0.0142,0.3650240893,0.273768067,823.3498592289
0.0142,0.0142,0.3650240893,0.273768067,1149.7569953977
0.0142,0.0142,0.3650240893,0.273768067,1605.5643098112
0.0142,0.0142,0.3650240893,0.273768067,2242.0709447806
0.0142,0.0142,0.3650240893,0.273768067,3130.912969796
0.0142,0.0142,0.3650240893,0.273768067,4372.1257113904
0.0142,0.0142,0.3650240893,0.273768067,6105.4022965853
0.0142,0.0142,0.3650240893,0.2920192714,0.1
0.0142,0.0142,0.3650240893,0.2920192714,0.1396437957
0.0142,0.0142,0.3650240893,0.2920192714,0.1950038968
0.0142,0.0142,0.3650240893,0.2920192714,0.2723108433
0.0142,0.0142,0.3650240893,0.2920192714,0.3802651977
0.0142,0.0142,0.3650240893,0.2920192714,0.5310167558
0.0142,0.0142,0.3650240893,0.2920192714,0.7415319537
0.0142,0.0142,0.3650240893,0.2920192714,1.0355033665
0.0142,0.0142,0.3650240893,0.2920192714,1.4460162057
0.0142,0.0142,0.3650240893,0.2920192714,2.0192719162
0.0142,0.0142,0.3650240893,0.2920192714,2.8197879494
0.0142,0.0142,0.3650240893,0.2920192714,3.9376589236
0.0142,0.0142,0.3650240893,0.2920192714,5.498696383
0.0142,0.0142,0.3650240893,0.2920192714,7.6785883437
0.0142,0.0142,0.3650240893,0.2920192714,10.7226722201
0.0142,0.0142,0.3650240893,0.2920192714,14.9735464897
0.0142,0.0142,0.3650240893,0.2920192714,20.9096286705
0.0142,0.0142,0.3650240893,0.2920192714,29.1989991443
0.0142,0.0142,0.3650240893,0.2920192714,40.7745907144
0.0142,0.0142,0.3650240893,0.2920192714,56.9391861586
0.0142,0.0142,0.3650240893,0.2920192714,79.5120407981
0.0142,0.0142,0.3650240893,0.2920192714,111.0336318168
0.0142,0.0142,0.3650240893,0.2920192714,155.0515779833
0.0142,0.0142,0.3650240893,0.2920192714,216.5199088036
0.0142,0.0142,0.3650240893,0.2920192714,302.3566191205
0.0142,0.0142,0.3650240893,0.2920192714,422.2222595195
0.0142,0.0142,0.3650240893,0.2920192714,589.6071895242
0.0142,0.0142,0.3650240893,0.2920192714,823.3498592289
0.0142,0.0142,0.3650240893,0.2920192714,1149.7569953977
0.0142,0.0142,0.3650240893,0.2920192714,1605.5643098112
0.0142,0.0142,0.3650240893,0.2920192714,2242.0709447806
0.0142,0.0142,0.3650240893,0.2920192714,3130.912969796
0.0142,0.0142,0.3650240893,0.2920192714,4372.1257113904
0.0142,0.0142,0.3650240893,0.2920192714,6105.4022965853
0.0142,0.0142,0.3650240893,0.3102704759,0.1
0.0142,0.0142,0.3650240893,0.3102704759,0.1396437957
0.0142,0.0142,0.3650240893,0.3102704759,0.1950038968
0.0142,0.0142,0.3650240893,0.3102704759,0.2723108433
0.0142,0.0142,0.3650240893,0.3102704759,0.3802651977
0.0142,0.0142,0.3650240893,0.3102704759,0.5310167558
0.0142,0.0142,0.3650240893,0.3102704759,0.7415319537
0.0142,0.0142,0.3650240893,0.3102704759,1.0355033665
0.0142,0.0142,0.3650240893,0.3102704759,1.4460162057
0.0142,0.0142,0.3650240893,0.3102704759,2.0192719162
0.0142,0.0142,0.3650240893,0.3102704759,2.8197879494
0.0142,0.0142,0.3650240893,0.3102704759,3.9376589236
0.0142,0.0142,0.3650240893,0.3102704759,5.498696383
0.0142,0.0142,0.3650240893,0.3102704759,7.6785883437
0.0142,0.0142,0.3650240893,0.3102704759,10.7226722201
0.0142,0.0142,0.3650240893,0.3102704759,14.9735464897
0.0142,0.0142,0.3650240893,0.3102704759,20.9096286705
0.0142,0.0142,0.3650240893,0.3102704759,29.1989991443
0.0142,0.0142,0.3650240893,0.3102704759,40.7745907144
0.0142,0.0142,0.3650240893,0.3102704759,56.9391861586
0.0142,0.0142,0.3650240893,0.3102704759,79.5120407981
0.0142,0.0142,0.3650240893,0.3102704759,111.0336318168
0.0142,0.0142,0.3650240893,0.3102704759,155.0515779833
0.0142,0.0142,0.3650240893,0.3102704759,216.5199088036
0.0142,0.0142,0.3650240893,0.3102704759,302.3566191205
0.0142,0.0142,0.3650240893,0.3102704759,422.2222595195
0.0142,0.0142,0.3650240893,0.3102704759,589.6071895242
0.0142,0.0142,0.3650240893,0.3102704759,823.3498592289
0.0142,0.0142,0.3650240893,0.3102704759,1149.7569953977
0.0142,0.0142,0.3650240893,0.3102704759,1605.5643098112
0.0142,0.0142,0.3650240893,0.3102704759,2242.0709447806
0.0142,0.0142,0.3650240893,0.3102704759,3130.912969796
0.0142,0.0142,0.3650240893,0.3102704759,4372.1257113904
0.0142,0.0142,0.3650240893,0.3102704759,6105.4022965853
0.0142,0.0142,0.3650240893,0.3285216804,0.1
0.0142,0.0142,0.3650240893,0.3285216804,0.1396437957
0.0142,0.0142,0.3650240893,0.3285216804,0.1950038968
0.0142,0.0142,0.3650240893,0.3285216804,0.2723108433
0.0142,0.0142,0.3650240893,0.3285216804,0.3802651977
0.0142,0.0142,0.3650240893,0.3285216804,0.5310167558
0.0142,0.0142,0.3650240893,0.3285216804,0.7415319537
0.0142,0.0142,0.3650240893,0.3285216804,1.0355033665
0.0142,0.0142,0.3650240893,0.3285216804,1.4460162057
0.0142,0.0142,0.3650240893,0.3285216804,2.0192719162
0.0142,0.0142,0.3650240893,0.3285216804,2.8197879494
0.0142,0.0142,0.3650240893,0.3285216804,3.9376589236
0.0142,0.0142,0.3650240893,0.3285216804,5.498696383
0.0142,0.0142,0.3650240893,0.3285216804,7.6785883437
0.0142,0.0142,0.3650240893,0.3285216804,10.7226722201
0.0142,0.0142,0.3650240893,0.3285216804,14.9735464897
0.0142,0.0142,0.3650240893,0.3285216804,20.9096286705
0.0142,0.0142,0.3650240893,0.3285216804,29.1989991443
0.0142,0.0142,0.3650240893,0.3285216804,40.7745907144
0.0142,0.0142,0.3650240893,0.3285216804,56.9391861586
0.0142,0.0142,0.3650240893,0.3285216804,79.5120407981
0.0142,0.0142,0.3650240893,0.3285216804,111.0336318168
0.0142,0.0142,0.3650240893,0.3285216804,155.0515779833
0.0142,0.0142,0.3650240893,0.3285216804,216.5199088036
0.0142,0.0142,0.3650240893,0.3285216804,302.3566191205
0.0142,0.0142,0.3650240893,0.3285216804,422.2222595195
0.0142,0.0142,0.3650240893,0.3285216804,589.6071895242
0.0142,0.0142,0.3650240893,0.3285216804,823.3498592289
0.0142,0.0142,0.3650240893,0.3285216804,1149.7569953977
0.0142,0.0142,0.3650240893,0.3285216804,1605.5643098112
0.0142,0.0142,0.3650240893,0.3285216804,2242.0709447806
0.0142,0.0142,0.3650240893,0.3285216804,3130.912969796
0.0142,0.0142,0.3650240893,0.3285216804,4372.1257113904
0.0142,0.0142,0.3650240893,0.3285216804,6105.4022965853
0.0142,0.0142,0.3650240893,0.3467728848,0.1
0.0142,0.0142,0.3650240893,0.3467728848,0.1396437957
0.0142,0.0142,0.3650240893,0.3467728848,0.1950038968
0.0142,0.0142,0.3650240893,0.3467728848,0.2723108433
0.0142,0.0142,0.3650240893,0.3467728848,0.3802651977
0.0142,0.0142,0.3650240893,0.3467728848,0.5310167558
0.0142,0.0142,0.3650240893,0.3467728848,0.7415319537
0.0142,0.0142,0.3650240893,0.3467728848,1.0355033665
0.0142,0.0142,0.3650240893,0.3467728848,1.4460162057
0.0142,0.0142,0.3650240893,0.3467728848,2.0192719162
0.0142,0.0142,0.3650240893,0.3467728848,2.8197879494
0.0142,0.0142,0.3650240893,0.3467728848,3.9376589236
0.0142,0.0142,0.3650240893,0.3467728848,5.498696383
0.0142,0.0142,0.3650240893,0.3467728848,7.6785883437
0.0142,0.0142,0.3650240893,0.3467728848,10.7226722201
0.0142,0.0142,0.3650240893,0.3467728848,14.9735464897
0.0142,0.0142,0.3650240893,0.3467728848,20.9096286705
0.0142,0.0142,0.3650240893,0.3467728848,29.1989991443
0.0142,0.0142,0.3650240893,0.3467728848,40.7745907144
0.0142,0.0142,0.3650240893,0.3467728848,56.9391861586
0.0142,0.0142,0.3650240893,0.3467728848,79.5120407981
0.0142,0.0142,0.3650240893,0.3467728848,111.0336318168
0.0142,0.0142,0.3650240893,0.3467728848,155.0515779833
0.0142,0.0142,0.3650240893,0.3467728848,216.5199088036
0.0142,0.0142,0.3650240893,0.3467728848,302.3566191205
0.0142,0.0142,0.3650240893,0.3467728848,422.2222595195
0.0142,0.0142,0.3650240893,0.3467728848,589.6071895242
0.0142,0.0142,0.3650240893,0.3467728848,823.3498592289
0.0142,0.0142,0.3650240893,0.3467728848,1149.7569953977
0.0142,0.0142,0.3650240893,0.3467728848,1605.5643098112
0.0142,0.0142,0.3650240893,0.3467728848,2242.0709447806
0.0142,0.0142,0.3650240893,0.3467728848,3130.912969796
0.0142,0.0142,0.3650240893,0.3467728848,4372.1257113904
0.0142,0.0142,0.3650240893,0.3467728848,6105.4022965853
0.0142,0.0142,0.3650240893,0.3613738484,0.1
0.0142,0.0142,0.3650240893,0.3613738484,0.1396437957
0.0142,0.0142,0.3650240893,0.3613738484,0.1950038968
0.0142,0.0142,0.3650240893,0.3613738484,0.2723108433
0.0142,0.0142,0.3650240893,0.3613738484,0.3802651977
0.0142,0.0142,0.3650240893,0.3613738484,0.5310167558
0.0142,0.0142,0.3650240893,0.3613738484,0.7415319537
0.0142,0.0142,0.3650240893,0.3613738484,1.0355033665
0.0142,0.0142,0.3650240893,0.3613738484,1.4460162057
0.0142,0.0142,0.3650240893,0.3613738484,2.0192719162
0.0142,0.0142,0.3650240893,0.3613738484,2.8197879494
0.0142,0.0142,0.3650240893,0.3613738484,3.9376589236
0.0142,0.0142,0.3650240893,0.3613738484,5.498696383
0.0142,0.0142,0.3650240893,0.3613738484,7.6785883437
0.0142,0.0142,0.3650240893,0.3613738484,10.7226722201
0.0142,0.0142,0.3650240893,0.3613738484,14.9735464897
0.0142,0.0142,0.3650240893,0.3613738484,20.9096286705
0.0142,0.0142,0.3650240893,0.3613738484,29.1989991443
0.0142,0.0142,0.3650240893,0.3613738484,40.7745907144
0.0142,0.0142,0.3650240893,0.3613738484,56.9391861586
0.0142,0.0142,0.3650240893,0.3613738484,79.5120407981
0.0142,0.0142,0.3650240893,0.3613738484,111.0336318168
0.0142,0.0142,0.3650240893,0.3613738484,155.0515779833
0.0142,0.0142,0.3650240893,0.3613738484,216.5199088036
0.0142,0.0142,0.3650240893,0.3613738484,302.3566191205
0.0142,0.0142,0.3650240893,0.3613738484,422.2222595195
0.0142,0.0142,0.3650240893,0.3613738484,589.6071895242
0.0142,0.0142,0.3650240893,0.3613738484,823.3498592289
0.0142,0.0142,0.3650240893,0.3613738484,1149.7569953977
0.0142,0.0142,0.3650240893,0.3613738484,1605.5643098112
0.0142,0.0142,0.3650240893,0.3613738484,2242.0709447806
0.0142,0.0142,0.3650240893,0.3613738484,3130.912969796
0.0142,0.0142,0.3650240893,0.3613738484,4372.1257113904
0.0142,0.0142,0.3650240893,0.3613738484,6105.4022965853
0.0142,0.0142,0.4066133687,0.1016533422,0.1
0.0142,0.0142,0.4066133687,0.1016533422,0.1396437957
0.0142,0.0142,0.4066133687,0.1016533422,0.1950038968
0.0142,0.0142,0.4066133687,0.1016533422,0.2723108433
0.0142,0.0142,0.4066133687,0.1016533422,0.3802651977
0.0142,0.0142,0.4066133687,0.1016533422,0.5310167558
0.0142,0.0142,0.4066133687,0.1016533422,0.7415319537
0.0142,0.0142,0.4066133687,0.1016533422,1.0355033665
0.0142,0.0142,0.4066133687,0.1016533422,1.4460162057
0.0142,0.0142,0.4066133687,0.1016533422,2.0192719162
0.0142,0.0142,0.4066133687,0.1016533422,2.8197879494
0.0142,0.0142,0.4066133687,0.1016533422,3.9376589236
0.0142,0.0142,0.4066133687,0.1016533422,5.498696383
0.0142,0.0142,0.4066133687,0.1016533422,7.6785883437
0.0142,0.0142,0.4066133687,0.1016533422,10.7226722201
0.0142,0.0142,0.4066133687,0.1016533422,14.9735464897
0.0142,0.0142,0.4066133687,0.1016533422,20.9096286705
0.0142,0.0142,0.4066133687,0.1016533422,29.1989991443
0.0142,0.0142,0.4066133687,0.1016533422,40.7745907144
0.0142,0.0142,0.4066133687,0.1016533422,56.9391861586
0.0142,0.0142,0.4066133687,0.1016533422,79.5120407981
0.0142,0.0142,0.4066133687,0.1016533422,111.0336318168
0.0142,0.0142,0.4066133687,0.1016533422,155.0515779833
0.0142,0.0142,0.4066133687,0.1016533422,216.5199088036
0.0142,0.0142,0.4066133687,0.1016533422,302.3566191205
0.0142,0.0142,0.4066133687,0.1016533422,422.2222595195
0.0142,0.0142,0.4066133687,0.1016533422,589.6071895242
0.0142,0.0142,0.4066133687,0.1016533422,823.3498592289
0.0142,0.0142,0.4066133687,0.1016533422,1149.7569953977
0.0142,0.0142,0.4066133687,0.1016533422,1605.5643098112
0.0142,0.0142,0.4066133687,0.1016533422,2242.0709447806
0.0142,0.0142,0.4066133687,0.1016533422,3130.912969796
0.0142,0.0142,0.4066133687,0.1016533422,4372.1257113904
0.0142,0.0142,0.4066133687,0.1016533422,6105.4022965853
0.0142,0.0142,0.4066133687,0.1219840106,0.1
0.0142,0.0142,0.4066133687,0.1219840106,0.1396437957
0.0142,0.0142,0.4066133687,0.1219840106,0.1950038968
0.0142,0.0142,0.4066133687,0.1219840106,0.2723108433
0.0142,0.0142,0.4066133687,0.1219840106,0.3802651977
0.0142,0.0142,0.4066133687,0.1219840106,0.5310167558
0.0142,0.0142,0.4066133687,0.1219840106,0.7415319537
0.0142,0.0142,0.4066133687,0.1219840106,1.0355033665
0.0142,0.0142,0.4066133687,0.1219840106,1.4460162057
0.0142,0.0142,0.4066133687,0.1219840106,2.0192719162
0.0142,0.0142,0.4066133687,0.1219840106,2.8197879494
0.0142,0.0142,0.4066133687,0.1219840106,3.9376589236
0.0142,0.0142,0.4066133687,0.1219840106,5.498696383
0.0142,0.0142,0.4066133687,0.1219840106,7.6785883437
0.0142,0.0142,0.4066133687,0.1219840106,10.7226722201
0.0142,0.0142,0.4066133687,0.1219840106,14.9735464897
0.0142,0.0142,0.4066133687,0.1219840106,20.9096286705
0.0142,0.0142,0.4066133687,0.1219840106,29.1989991443
0.0142,0.0142,0.4066133687,0.1219840106,40.7745907144
0.0142,0.0142,0.4066133687,0.1219840106,56.9391861586
0.0142,0.0142,0.4066133687,0.1219840106,79.5120407981
0.0142,0.0142,0.4066133687,0.1219840106,111.0336318168
0.0142,0.0142,0.4066133687,0.1219840106,155.0515779833
0.0142,0.0142,0.4066133687,0.1219840106,216.5199088036
0.0142,0.0142,0.4066133687,0.1219840106,302.3566191205
0.0142,0.0142,0.4066133687,0.1219840106,422.2222595195
0.0142,0.0142,0.4066133687,0.1219840106,589.6071895242
0.0142,0.0142,0.4066133687,0.1219840106,823.3498592289
0.0142,0.0142,0.4066133687,0.1219840106,1149.7569953977
0.0142,0.0142,0.4066133687,0.1219840106,1605.5643098112
0.0142,0.0142,0.4066133687,0.1219840106,2242.0709447806
0.0142,0.0142,0.4066133687,0.1219840106,3130.912969796
0.0142,0.0142,0.4066133687,0.1219840106,4372.1257113904
0.0142,0.0142,0.4066133687,0.1219840106,6105.4022965853
0.0142,0.0142,0.4066133687,0.142314679,0.1
0.0142,0.0142,0.4066133687,0.142314679,0.1396437957
0.0142,0.0142,0.4066133687,0.142314679,0.1950038968
0.0142,0.0142,0.4066133687,0.142314679,0.2723108433
0.0142,0.0142,0.4066133687,0.142314679,0.3802651977
0.0142,0.0142,0.4066133687,0.142314679,0.5310167558
0.0142,0.0142,0.4066133687,0.142314679,0.7415319537
0.0142,0.0142,0.4066133687,0.142314679,1.0355033665
0.0142,0.0142,0.4066133687,0.142314679,1.4460162057
0.0142,0.0142,0.4066133687,0.142314679,2.0192719162
0.0142,0.0142,0.4066133687,0.142314679,2.8197879494
0.0142,0.0142,0.4066133687,0.142314679,3.9376589236
0.0142,0.0142,0.4066133687,0.142314679,5.498696383
0.0142,0.0142,0.4066133687,0.142314679,7.6785883437
0.0142,0.0142,0.4066133687,0.142314679,10.7226722201
0.0142,0.0142,0.4066133687,0.142314679,14.9735464897
0.0142,0.0142,0.4066133687,0.142314679,20.9096286705
0.0142,0.0142,0.4066133687,0.142314679,29.1989991443
0.0142,0.0142,0.4066133687,0.142314679,40.7745907144
0.0142,0.0142,0.4066133687,0.142314679,56.9391861586
0.0142,0.0142,0.4066133687,0.142314679,79.5120407981
0.0142,0.0142,0.4066133687,0.142314679,111.0336318168
0.0142,0.0142,0.4066133687,0.142314679,155.0515779833
0.0142,0.0142,0.4066133687,0.142314679,216.5199088036
0.0142,0.0142,0.4066133687,0.142314679,302.3566191205
0.0142,0.0142,0.4066133687,0.142314679,422.2222595195
0.0142,0.0142,0.4066133687,0.142314679,589.6071895242
0.0142,0.0142,0.4066133687,0.142314679,823.3498592289
0.0142,0.0142,0.4066133687,0.142314679,1149.7569953977
0.0142,0.0142,0.4066133687,0.142314679,1605.5643098112
0.0142,0.0142,0.4066133687,0.142314679,2242.0709447806
0.0142,0.0142,0.4066133687,0.142314679,3130.912969796
0.0142,0.0142,0.4066133687,0.142314679,4372.1257113904
0.0142,0.0142,0.4066133687,0.142314679,6105.4022965853
0.0142,0.0142,0.4066133687,0.1626453475,0.1
0.0142,0.0142,0.4066133687,0.1626453475,0.1396437957
0.0142,0.0142,0.4066133687,0.1626453475,0.1950038968
0.0142,0.0142,0.4066133687,0.1626453475,0.2723108433
0.0142,0.0142,0.4066133687,0.1626453475,0.3802651977
0.0142,0.0142,0.4066133687,0.1626453475,0.5310167558
0.0142,0.0142,0.4066133687,0.1626453475,0.7415319537
0.0142,0.0142,0.4066133687,0.1626453475,1.0355033665
0.0142,0.0142,0.4066133687,0.1626453475,1.4460162057
0.0142,0.0142,0.4066133687,0.1626453475,2.0192719162
0.0142,0.0142,0.4066133687,0.1626453475,2.8197879494
0.0142,0.0142,0.4066133687,0.1626453475,3.9376589236
0.0142,0.0142,0.4066133687,0.1626453475,5.498696383
0.0142,0.0142,0.4066133687,0.1626453475,7.6785883437
0.0142,0.0142,0.4066133687,0.1626453475,10.7226722201
0.0142,0.0142,0.4066133687,0.1626453475,14.9735464897
0.0142,0.0142,0.4066133687,0.1626453475,20.9096286705
0.0142,0.0142,0.4066133687,0.1626453475,29.1989991443
0.0142,0.0142,0.4066133687,0.1626453475,40.7745907144
0.0142,0.0142,0.4066133687,0.1626453475,56.9391861586
0.0142,0.0142,0.4066133687,0.1626453475,79.5120407981
0.0142,0.0142,0.4066133687,0.1626453475,111.0336318168
0.0142,0.0142,0.4066133687,0.1626453475,155.0515779833
0.0142,0.0142,0.4066133687,0.1626453475,216.5199088036
0.0142,0.0142,0.4066133687,0.1626453475,302.3566191205
0.0142,0.0142,0.4066133687,0.1626453475,422.2222595195
0.0142,0.0142,0.4066133687,0.1626453475,589.6071895242
0.0142,0.0142,0.4066133687,0.1626453475,823.3498592289
0.0142,0.0142,0.4066133687,0.1626453475,1149.7569953977
0.0142,0.0142,0.4066133687,0.1626453475,1605.5643098112
0.0142,0.0142,0.4066133687,0.1626453475,2242.0709447806
0.0142,0.0142,0.4066133687,0.1626453475,3130.912969796
0.0142,0.0142,0.4066133687,0.1626453475,4372.1257113904
0.0142,0.0142,0.4066133687,0.1626453475,6105.4022965853
0.0142,0.0142,0.4066133687,0.1829760159,0.1
0.0142,0.0142,0.4066133687,0.1829760159,0.1396437957
0.0142,0.0142,0.4066133687,0.1829760159,0.1950038968
0.0142,0.0142,0.4066133687,0.1829760159,0.2723108433
0.0142,0.0142,0.4066133687,0.1829760159,0.3802651977
0.0142,0.0142,0.4066133687,0.1829760159,0.5310167558
0.0142,0.0142,0.4066133687,0.1829760159,0.7415319537
0.0142,0.0142,0.4066133687,0.1829760159,1.0355033665
0.0142,0.0142,0.4066133687,0.1829760159,1.4460162057
