initial_z,Zbase,m1,m2,initial_period_in_days
1.42e-05,1.42e-05,2.2853024652,0.6855907396,0.5310167558
1.42e-05,1.42e-05,2.2853024652,0.6855907396,0.7415319537
1.42e-05,1.42e-05,2.2853024652,0.6855907396,1.0355033665
1.42e-05,1.42e-05,2.2853024652,0.6855907396,1.4460162057
1.42e-05,1.42e-05,2.2853024652,0.6855907396,2.0192719162
1.42e-05,1.42e-05,2.2853024652,0.6855907396,2.8197879494
1.42e-05,1.42e-05,2.2853024652,0.6855907396,3.9376589236
1.42e-05,1.42e-05,2.2853024652,0.6855907396,5.498696383
1.42e-05,1.42e-05,2.2853024652,0.6855907396,7.6785883437
1.42e-05,1.42e-05,2.2853024652,0.6855907396,10.7226722201
1.42e-05,1.42e-05,2.2853024652,0.6855907396,14.9735464897
1.42e-05,1.42e-05,2.2853024652,0.6855907396,20.9096286705
1.42e-05,1.42e-05,2.2853024652,0.6855907396,29.1989991443
1.42e-05,1.42e-05,2.2853024652,0.6855907396,40.7745907144
1.42e-05,1.42e-05,2.2853024652,0.6855907396,56.9391861586
1.42e-05,1.42e-05,2.2853024652,0.6855907396,79.5120407981
1.42e-05,1.42e-05,2.2853024652,0.6855907396,111.0336318168
1.42e-05,1.42e-05,2.2853024652,0.6855907396,155.0515779833
1.42e-05,1.42e-05,2.2853024652,0.6855907396,216.5199088036
1.42e-05,1.42e-05,2.2853024652,0.6855907396,302.3566191205
1.42e-05,1.42e-05,2.2853024652,0.6855907396,422.2222595195
1.42e-05,1.42e-05,2.2853024652,0.6855907396,589.6071895242
1.42e-05,1.42e-05,2.2853024652,0.6855907396,823.3498592289
1.42e-05,1.42e-05,2.2853024652,0.6855907396,1149.7569953977
1.42e-05,1.42e-05,2.2853024652,0.6855907396,1605.5643098112
1.42e-05,1.42e-05,2.2853024652,0.6855907396,2242.0709447806
1.42e-05,1.42e-05,2.2853024652,0.6855907396,3130.912969796
1.42e-05,1.42e-05,2.2853024652,0.6855907396,4372.1257113904
1.42e-05,1.42e-05,2.2853024652,0.6855907396,6105.4022965853
1.42e-05,1.42e-05,2.2853024652,0.7998558628,0.1
1.42e-05,1.42e-05,2.2853024652,0.7998558628,0.1396437957
1.42e-05,1.42e-05,2.2853024652,0.7998558628,0.1950038968
1.42e-05,1.42e-05,2.2853024652,0.7998558628,0.2723108433
1.42e-05,1.42e-05,2.2853024652,0.7998558628,0.3802651977
1.42e-05,1.42e-05,2.2853024652,0.7998558628,0.5310167558
1.42e-05,1.42e-05,2.2853024652,0.7998558628,0.7415319537
1.42e-05,1.42e-05,2.2853024652,0.7998558628,1.0355033665
1.42e-05,1.42e-05,2.2853024652,0.7998558628,1.4460162057
1.42e-05,1.42e-05,2.2853024652,0.7998558628,2.0192719162
1.42e-05,1.42e-05,2.2853024652,0.7998558628,2.8197879494
1.42e-05,1.42e-05,2.2853024652,0.7998558628,3.9376589236
1.42e-05,1.42e-05,2.2853024652,0.7998558628,5.498696383
1.42e-05,1.42e-05,2.2853024652,0.7998558628,7.6785883437
1.42e-05,1.42e-05,2.2853024652,0.7998558628,10.7226722201
1.42e-05,1.42e-05,2.2853024652,0.7998558628,14.9735464897
1.42e-05,1.42e-05,2.2853024652,0.7998558628,20.9096286705
1.42e-05,1.42e-05,2.2853024652,0.7998558628,29.1989991443
1.42e-05,1.42e-05,2.2853024652,0.7998558628,40.7745907144
1.42e-05,1.42e-05,2.2853024652,0.7998558628,56.9391861586
1.42e-05,1.42e-05,2.2853024652,0.7998558628,79.5120407981
1.42e-05,1.42e-05,2.2853024652,0.7998558628,111.0336318168
1.42e-05,1.42e-05,2.2853024652,0.7998558628,155.0515779833
1.42e-05,1.42e-05,2.2853024652,0.7998558628,216.5199088036
1.42e-05,1.42e-05,2.2853024652,0.7998558628,302.3566191205
1.42e-05,1.42e-05,2.2853024652,0.7998558628,422.2222595195
1.42e-05,1.42e-05,2.2853024652,0.7998558628,589.6071895242
1.42e-05,1.42e-05,2.2853024652,0.7998558628,823.3498592289
1.42e-05,1.42e-05,2.2853024652,0.7998558628,1149.7569953977
1.42e-05,1.42e-05,2.2853024652,0.7998558628,1605.5643098112
1.42e-05,1.42e-05,2.2853024652,0.7998558628,2242.0709447806
1.42e-05,1.42e-05,2.2853024652,0.7998558628,3130.912969796
1.42e-05,1.42e-05,2.2853024652,0.7998558628,4372.1257113904
1.42e-05,1.42e-05,2.2853024652,0.7998558628,6105.4022965853
1.42e-05,1.42e-05,2.2853024652,0.9141209861,0.1
1.42e-05,1.42e-05,2.2853024652,0.9141209861,0.1396437957
1.42e-05,1.42e-05,2.2853024652,0.9141209861,0.1950038968
1.42e-05,1.42e-05,2.2853024652,0.9141209861,0.2723108433
1.42e-05,1.42e-05,2.2853024652,0.9141209861,0.3802651977
1.42e-05,1.42e-05,2.2853024652,0.9141209861,0.5310167558
1.42e-05,1.42e-05,2.2853024652,0.9141209861,0.7415319537
1.42e-05,1.42e-05,2.2853024652,0.9141209861,1.0355033665
1.42e-05,1.42e-05,2.2853024652,0.9141209861,1.4460162057
1.42e-05,1.42e-05,2.2853024652,0.9141209861,2.0192719162
1.42e-05,1.42e-05,2.2853024652,0.9141209861,2.8197879494
1.42e-05,1.42e-05,2.2853024652,0.9141209861,3.9376589236
1.42e-05,1.42e-05,2.2853024652,0.9141209861,5.498696383
1.42e-05,1.42e-05,2.2853024652,0.9141209861,7.6785883437
1.42e-05,1.42e-05,2.2853024652,0.9141209861,10.7226722201
1.42e-05,1.42e-05,2.2853024652,0.9141209861,14.9735464897
1.42e-05,1.42e-05,2.2853024652,0.9141209861,20.9096286705
1.42e-05,1.42e-05,2.2853024652,0.9141209861,29.1989991443
1.42e-05,1.42e-05,2.2853024652,0.9141209861,40.7745907144
1.42e-05,1.42e-05,2.2853024652,0.9141209861,56.9391861586
1.42e-05,1.42e-05,2.2853024652,0.9141209861,79.5120407981
1.42e-05,1.42e-05,2.2853024652,0.9141209861,111.0336318168
1.42e-05,1.42e-05,2.2853024652,0.9141209861,155.0515779833
1.42e-05,1.42e-05,2.2853024652,0.9141209861,216.5199088036
1.42e-05,1.42e-05,2.2853024652,0.9141209861,302.3566191205
1.42e-05,1.42e-05,2.2853024652,0.9141209861,422.2222595195
1.42e-05,1.42e-05,2.2853024652,0.9141209861,589.6071895242
1.42e-05,1.42e-05,2.2853024652,0.9141209861,823.3498592289
1.42e-05,1.42e-05,2.2853024652,0.9141209861,1149.7569953977
1.42e-05,1.42e-05,2.2853024652,0.9141209861,1605.5643098112
1.42e-05,1.42e-05,2.2853024652,0.9141209861,2242.0709447806
1.42e-05,1.42e-05,2.2853024652,0.9141209861,3130.912969796
1.42e-05,1.42e-05,2.2853024652,0.9141209861,4372.1257113904
1.42e-05,1.42e-05,2.2853024652,0.9141209861,6105.4022965853
1.42e-05,1.42e-05,2.2853024652,1.0283861093,0.1
1.42e-05,1.42e-05,2.2853024652,1.0283861093,0.1396437957
1.42e-05,1.42e-05,2.2853024652,1.0283861093,0.1950038968
1.42e-05,1.42e-05,2.2853024652,1.0283861093,0.2723108433
1.42e-05,1.42e-05,2.2853024652,1.0283861093,0.3802651977
1.42e-05,1.42e-05,2.2853024652,1.0283861093,0.5310167558
1.42e-05,1.42e-05,2.2853024652,1.0283861093,0.7415319537
1.42e-05,1.42e-05,2.2853024652,1.0283861093,1.0355033665
1.42e-05,1.42e-05,2.2853024652,1.0283861093,1.4460162057
1.42e-05,1.42e-05,2.2853024652,1.0283861093,2.0192719162
1.42e-05,1.42e-05,2.2853024652,1.0283861093,2.8197879494
1.42e-05,1.42e-05,2.2853024652,1.0283861093,3.9376589236
1.42e-05,1.42e-05,2.2853024652,1.0283861093,5.498696383
1.42e-05,1.42e-05,2.2853024652,1.0283861093,7.6785883437
1.42e-05,1.42e-05,2.2853024652,1.0283861093,10.7226722201
1.42e-05,1.42e-05,2.2853024652,1.0283861093,14.9735464897
1.42e-05,1.42e-05,2.2853024652,1.0283861093,20.9096286705
1.42e-05,1.42e-05,2.2853024652,1.0283861093,29.1989991443
1.42e-05,1.42e-05,2.2853024652,1.0283861093,40.7745907144
1.42e-05,1.42e-05,2.2853024652,1.0283861093,56.9391861586
1.42e-05,1.42e-05,2.2853024652,1.0283861093,79.5120407981
1.42e-05,1.42e-05,2.2853024652,1.0283861093,111.0336318168
1.42e-05,1.42e-05,2.2853024652,1.0283861093,155.0515779833
1.42e-05,1.42e-05,2.2853024652,1.0283861093,216.5199088036
1.42e-05,1.42e-05,2.2853024652,1.0283861093,302.3566191205
1.42e-05,1.42e-05,2.2853024652,1.0283861093,422.2222595195
1.42e-05,1.42e-05,2.2853024652,1.0283861093,589.6071895242
1.42e-05,1.42e-05,2.2853024652,1.0283861093,823.3498592289
1.42e-05,1.42e-05,2.2853024652,1.0283861093,1149.7569953977
1.42e-05,1.42e-05,2.2853024652,1.0283861093,1605.5643098112
1.42e-05,1.42e-05,2.2853024652,1.0283861093,2242.0709447806
1.42e-05,1.42e-05,2.2853024652,1.0283861093,3130.912969796
1.42e-05,1.42e-05,2.2853024652,1.0283861093,4372.1257113904
1.42e-05,1.42e-05,2.2853024652,1.0283861093,6105.4022965853
1.42e-05,1.42e-05,2.2853024652,1.1426512326,0.1
1.42e-05,1.42e-05,2.2853024652,1.1426512326,0.1396437957
1.42e-05,1.42e-05,2.2853024652,1.1426512326,0.1950038968
1.42e-05,1.42e-05,2.2853024652,1.1426512326,0.2723108433
1.42e-05,1.42e-05,2.2853024652,1.1426512326,0.3802651977
1.42e-05,1.42e-05,2.2853024652,1.1426512326,0.5310167558
1.42e-05,1.42e-05,2.2853024652,1.1426512326,0.7415319537
1.42e-05,1.42e-05,2.2853024652,1.1426512326,1.0355033665
1.42e-05,1.42e-05,2.2853024652,1.1426512326,1.4460162057
1.42e-05,1.42e-05,2.2853024652,1.1426512326,2.0192719162
1.42e-05,1.42e-05,2.2853024652,1.1426512326,2.8197879494
1.42e-05,1.42e-05,2.2853024652,1.1426512326,3.9376589236
1.42e-05,1.42e-05,2.2853024652,1.1426512326,5.498696383
1.42e-05,1.42e-05,2.2853024652,1.1426512326,7.6785883437
1.42e-05,1.42e-05,2.2853024652,1.1426512326,10.7226722201
1.42e-05,1.42e-05,2.2853024652,1.1426512326,14.9735464897
1.42e-05,1.42e-05,2.2853024652,1.1426512326,20.9096286705
1.42e-05,1.42e-05,2.2853024652,1.1426512326,29.1989991443
1.42e-05,1.42e-05,2.2853024652,1.1426512326,40.7745907144
1.42e-05,1.42e-05,2.2853024652,1.1426512326,56.9391861586
1.42e-05,1.42e-05,2.2853024652,1.1426512326,79.5120407981
1.42e-05,1.42e-05,2.2853024652,1.1426512326,111.0336318168
1.42e-05,1.42e-05,2.2853024652,1.1426512326,155.0515779833
1.42e-05,1.42e-05,2.2853024652,1.1426512326,216.5199088036
1.42e-05,1.42e-05,2.2853024652,1.1426512326,302.3566191205
1.42e-05,1.42e-05,2.2853024652,1.1426512326,422.2222595195
1.42e-05,1.42e-05,2.2853024652,1.1426512326,589.6071895242
1.42e-05,1.42e-05,2.2853024652,1.1426512326,823.3498592289
1.42e-05,1.42e-05,2.2853024652,1.1426512326,1149.7569953977
1.42e-05,1.42e-05,2.2853024652,1.1426512326,1605.5643098112
1.42e-05,1.42e-05,2.2853024652,1.1426512326,2242.0709447806
1.42e-05,1.42e-05,2.2853024652,1.1426512326,3130.912969796
1.42e-05,1.42e-05,2.2853024652,1.1426512326,4372.1257113904
1.42e-05,1.42e-05,2.2853024652,1.1426512326,6105.4022965853
1.42e-05,1.42e-05,2.2853024652,1.2569163559,0.1
1.42e-05,1.42e-05,2.2853024652,1.2569163559,0.1396437957
1.42e-05,1.42e-05,2.2853024652,1.2569163559,0.1950038968
1.42e-05,1.42e-05,2.2853024652,1.2569163559,0.2723108433
1.42e-05,1.42e-05,2.2853024652,1.2569163559,0.3802651977
1.42e-05,1.42e-05,2.2853024652,1.2569163559,0.5310167558
1.42e-05,1.42e-05,2.2853024652,1.2569163559,0.7415319537
1.42e-05,1.42e-05,2.2853024652,1.2569163559,1.0355033665
1.42e-05,1.42e-05,2.2853024652,1.2569163559,1.4460162057
1.42e-05,1.42e-05,2.2853024652,1.2569163559,2.0192719162
1.42e-05,1.42e-05,2.2853024652,1.2569163559,2.8197879494
1.42e-05,1.42e-05,2.2853024652,1.2569163559,3.9376589236
1.42e-05,1.42e-05,2.2853024652,1.2569163559,5.498696383
1.42e-05,1.42e-05,2.2853024652,1.2569163559,7.6785883437
1.42e-05,1.42e-05,2.2853024652,1.2569163559,10.7226722201
1.42e-05,1.42e-05,2.2853024652,1.2569163559,14.9735464897
1.42e-05,1.42e-05,2.2853024652,1.2569163559,20.9096286705
1.42e-05,1.42e-05,2.2853024652,1.2569163559,29.1989991443
1.42e-05,1.42e-05,2.2853024652,1.2569163559,40.7745907144
1.42e-05,1.42e-05,2.2853024652,1.2569163559,56.9391861586
1.42e-05,1.42e-05,2.2853024652,1.2569163559,79.5120407981
1.42e-05,1.42e-05,2.2853024652,1.2569163559,111.0336318168
1.42e-05,1.42e-05,2.2853024652,1.2569163559,155.0515779833
1.42e-05,1.42e-05,2.2853024652,1.2569163559,216.5199088036
1.42e-05,1.42e-05,2.2853024652,1.2569163559,302.3566191205
1.42e-05,1.42e-05,2.2853024652,1.2569163559,422.2222595195
1.42e-05,1.42e-05,2.2853024652,1.2569163559,589.6071895242
1.42e-05,1.42e-05,2.2853024652,1.2569163559,823.3498592289
1.42e-05,1.42e-05,2.2853024652,1.2569163559,1149.7569953977
1.42e-05,1.42e-05,2.2853024652,1.2569163559,1605.5643098112
1.42e-05,1.42e-05,2.2853024652,1.2569163559,2242.0709447806
1.42e-05,1.42e-05,2.2853024652,1.2569163559,3130.912969796
1.42e-05,1.42e-05,2.2853024652,1.2569163559,4372.1257113904
1.42e-05,1.42e-05,2.2853024652,1.2569163559,6105.4022965853
1.42e-05,1.42e-05,2.2853024652,1.3711814791,0.1
1.42e-05,1.42e-05,2.2853024652,1.3711814791,0.1396437957
1.42e-05,1.42e-05,2.2853024652,1.3711814791,0.1950038968
1.42e-05,1.42e-05,2.2853024652,1.3711814791,0.2723108433
1.42e-05,1.42e-05,2.2853024652,1.3711814791,0.3802651977
1.42e-05,1.42e-05,2.2853024652,1.3711814791,0.5310167558
1.42e-05,1.42e-05,2.2853024652,1.3711814791,0.7415319537
1.42e-05,1.42e-05,2.2853024652,1.3711814791,1.0355033665
1.42e-05,1.42e-05,2.2853024652,1.3711814791,1.4460162057
1.42e-05,1.42e-05,2.2853024652,1.3711814791,2.0192719162
1.42e-05,1.42e-05,2.2853024652,1.3711814791,2.8197879494
1.42e-05,1.42e-05,2.2853024652,1.3711814791,3.9376589236
1.42e-05,1.42e-05,2.2853024652,1.3711814791,5.498696383
1.42e-05,1.42e-05,2.2853024652,1.3711814791,7.6785883437
1.42e-05,1.42e-05,2.2853024652,1.3711814791,10.7226722201
1.42e-05,1.42e-05,2.2853024652,1.3711814791,14.9735464897
1.42e-05,1.42e-05,2.2853024652,1.3711814791,20.9096286705
1.42e-05,1.42e-05,2.2853024652,1.3711814791,29.1989991443
1.42e-05,1.42e-05,2.2853024652,1.3711814791,40.7745907144
1.42e-05,1.42e-05,2.2853024652,1.3711814791,56.9391861586
1.42e-05,1.42e-05,2.2853024652,1.3711814791,79.5120407981
1.42e-05,1.42e-05,2.2853024652,1.3711814791,111.0336318168
1.42e-05,1.42e-05,2.2853024652,1.3711814791,155.0515779833
1.42e-05,1.42e-05,2.2853024652,1.3711814791,216.5199088036
1.42e-05,1.42e-05,2.2853024652,1.3711814791,302.3566191205
1.42e-05,1.42e-05,2.2853024652,1.3711814791,422.2222595195
1.42e-05,1.42e-05,2.2853024652,1.3711814791,589.6071895242
1.42e-05,1.42e-05,2.2853024652,1.3711814791,823.3498592289
1.42e-05,1.42e-05,2.2853024652,1.3711814791,1149.7569953977
1.42e-05,1.42e-05,2.2853024652,1.3711814791,1605.5643098112
1.42e-05,1.42e-05,2.2853024652,1.3711814791,2242.0709447806
1.42e-05,1.42e-05,2.2853024652,1.3711814791,3130.912969796
1.42e-05,1.42e-05,2.2853024652,1.3711814791,4372.1257113904
1.42e-05,1.42e-05,2.2853024652,1.3711814791,6105.4022965853
1.42e-05,1.42e-05,2.2853024652,1.4854466024,0.1
1.42e-05,1.42e-05,2.2853024652,1.4854466024,0.1396437957
1.42e-05,1.42e-05,2.2853024652,1.4854466024,0.1950038968
1.42e-05,1.42e-05,2.2853024652,1.4854466024,0.2723108433
1.42e-05,1.42e-05,2.2853024652,1.4854466024,0.3802651977
1.42e-05,1.42e-05,2.2853024652,1.4854466024,0.5310167558
1.42e-05,1.42e-05,2.2853024652,1.4854466024,0.7415319537
1.42e-05,1.42e-05,2.2853024652,1.4854466024,1.0355033665
1.42e-05,1.42e-05,2.2853024652,1.4854466024,1.4460162057
1.42e-05,1.42e-05,2.2853024652,1.4854466024,2.0192719162
1.42e-05,1.42e-05,2.2853024652,1.4854466024,2.8197879494
1.42e-05,1.42e-05,2.2853024652,1.4854466024,3.9376589236
1.42e-05,1.42e-05,2.2853024652,1.4854466024,5.498696383
1.42e-05,1.42e-05,2.2853024652,1.4854466024,7.6785883437
1.42e-05,1.42e-05,2.2853024652,1.4854466024,10.7226722201
1.42e-05,1.42e-05,2.2853024652,1.4854466024,14.9735464897
1.42e-05,1.42e-05,2.2853024652,1.4854466024,20.9096286705
1.42e-05,1.42e-05,2.2853024652,1.4854466024,29.1989991443
1.42e-05,1.42e-05,2.2853024652,1.4854466024,40.7745907144
1.42e-05,1.42e-05,2.2853024652,1.4854466024,56.9391861586
1.42e-05,1.42e-05,2.2853024652,1.4854466024,79.5120407981
1.42e-05,1.42e-05,2.2853024652,1.4854466024,111.0336318168
1.42e-05,1.42e-05,2.2853024652,1.4854466024,155.0515779833
1.42e-05,1.42e-05,2.2853024652,1.4854466024,216.5199088036
1.42e-05,1.42e-05,2.2853024652,1.4854466024,302.3566191205
1.42e-05,1.42e-05,2.2853024652,1.4854466024,422.2222595195
1.42e-05,1.42e-05,2.2853024652,1.4854466024,589.6071895242
1.42e-05,1.42e-05,2.2853024652,1.4854466024,823.3498592289
1.42e-05,1.42e-05,2.2853024652,1.4854466024,1149.7569953977
1.42e-05,1.42e-05,2.2853024652,1.4854466024,1605.5643098112
1.42e-05,1.42e-05,2.2853024652,1.4854466024,2242.0709447806
1.42e-05,1.42e-05,2.2853024652,1.4854466024,3130.912969796
1.42e-05,1.42e-05,2.2853024652,1.4854466024,4372.1257113904
1.42e-05,1.42e-05,2.2853024652,1.4854466024,6105.4022965853
1.42e-05,1.42e-05,2.2853024652,1.5997117256,0.1
1.42e-05,1.42e-05,2.2853024652,1.5997117256,0.1396437957
1.42e-05,1.42e-05,2.2853024652,1.5997117256,0.1950038968
1.42e-05,1.42e-05,2.2853024652,1.5997117256,0.2723108433
1.42e-05,1.42e-05,2.2853024652,1.5997117256,0.3802651977
1.42e-05,1.42e-05,2.2853024652,1.5997117256,0.5310167558
1.42e-05,1.42e-05,2.2853024652,1.5997117256,0.7415319537
1.42e-05,1.42e-05,2.2853024652,1.5997117256,1.0355033665
1.42e-05,1.42e-05,2.2853024652,1.5997117256,1.4460162057
1.42e-05,1.42e-05,2.2853024652,1.5997117256,2.0192719162
1.42e-05,1.42e-05,2.2853024652,1.5997117256,2.8197879494
1.42e-05,1.42e-05,2.2853024652,1.5997117256,3.9376589236
1.42e-05,1.42e-05,2.2853024652,1.5997117256,5.498696383
1.42e-05,1.42e-05,2.2853024652,1.5997117256,7.6785883437
1.42e-05,1.42e-05,2.2853024652,1.5997117256,10.7226722201
1.42e-05,1.42e-05,2.2853024652,1.5997117256,14.9735464897
1.42e-05,1.42e-05,2.2853024652,1.5997117256,20.9096286705
1.42e-05,1.42e-05,2.2853024652,1.5997117256,29.1989991443
1.42e-05,1.42e-05,2.2853024652,1.5997117256,40.7745907144
1.42e-05,1.42e-05,2.2853024652,1.5997117256,56.9391861586
1.42e-05,1.42e-05,2.2853024652,1.5997117256,79.5120407981
1.42e-05,1.42e-05,2.2853024652,1.5997117256,111.0336318168
1.42e-05,1.42e-05,2.2853024652,1.5997117256,155.0515779833
1.42e-05,1.42e-05,2.2853024652,1.5997117256,216.5199088036
1.42e-05,1.42e-05,2.2853024652,1.5997117256,302.3566191205
1.42e-05,1.42e-05,2.2853024652,1.5997117256,422.2222595195
1.42e-05,1.42e-05,2.2853024652,1.5997117256,589.6071895242
1.42e-05,1.42e-05,2.2853024652,1.5997117256,823.3498592289
1.42e-05,1.42e-05,2.2853024652,1.5997117256,1149.7569953977
1.42e-05,1.42e-05,2.2853024652,1.5997117256,1605.5643098112
1.42e-05,1.42e-05,2.2853024652,1.5997117256,2242.0709447806
1.42e-05,1.42e-05,2.2853024652,1.5997117256,3130.912969796
1.42e-05,1.42e-05,2.2853024652,1.5997117256,4372.1257113904
1.42e-05,1.42e-05,2.2853024652,1.5997117256,6105.4022965853
1.42e-05,1.42e-05,2.2853024652,1.7139768489,0.1
1.42e-05,1.42e-05,2.2853024652,1.7139768489,0.1396437957
1.42e-05,1.42e-05,2.2853024652,1.7139768489,0.1950038968
1.42e-05,1.42e-05,2.2853024652,1.7139768489,0.2723108433
1.42e-05,1.42e-05,2.2853024652,1.7139768489,0.3802651977
1.42e-05,1.42e-05,2.2853024652,1.7139768489,0.5310167558
1.42e-05,1.42e-05,2.2853024652,1.7139768489,0.7415319537
1.42e-05,1.42e-05,2.2853024652,1.7139768489,1.0355033665
1.42e-05,1.42e-05,2.2853024652,1.7139768489,1.4460162057
1.42e-05,1.42e-05,2.2853024652,1.7139768489,2.0192719162
1.42e-05,1.42e-05,2.2853024652,1.7139768489,2.8197879494
1.42e-05,1.42e-05,2.2853024652,1.7139768489,3.9376589236
1.42e-05,1.42e-05,2.2853024652,1.7139768489,5.498696383
1.42e-05,1.42e-05,2.2853024652,1.7139768489,7.6785883437
1.42e-05,1.42e-05,2.2853024652,1.7139768489,10.7226722201
1.42e-05,1.42e-05,2.2853024652,1.7139768489,14.9735464897
1.42e-05,1.42e-05,2.2853024652,1.7139768489,20.9096286705
1.42e-05,1.42e-05,2.2853024652,1.7139768489,29.1989991443
1.42e-05,1.42e-05,2.2853024652,1.7139768489,40.7745907144
1.42e-05,1.42e-05,2.2853024652,1.7139768489,56.9391861586
1.42e-05,1.42e-05,2.2853024652,1.7139768489,79.5120407981
1.42e-05,1.42e-05,2.2853024652,1.7139768489,111.0336318168
1.42e-05,1.42e-05,2.2853024652,1.7139768489,155.0515779833
1.42e-05,1.42e-05,2.2853024652,1.7139768489,216.5199088036
1.42e-05,1.42e-05,2.2853024652,1.7139768489,302.3566191205
1.42e-05,1.42e-05,2.2853024652,1.7139768489,422.2222595195
1.42e-05,1.42e-05,2.2853024652,1.7139768489,589.6071895242
1.42e-05,1.42e-05,2.2853024652,1.7139768489,823.3498592289
1.42e-05,1.42e-05,2.2853024652,1.7139768489,1149.7569953977
1.42e-05,1.42e-05,2.2853024652,1.7139768489,1605.5643098112
1.42e-05,1.42e-05,2.2853024652,1.7139768489,2242.0709447806
1.42e-05,1.42e-05,2.2853024652,1.7139768489,3130.912969796
1.42e-05,1.42e-05,2.2853024652,1.7139768489,4372.1257113904
1.42e-05,1.42e-05,2.2853024652,1.7139768489,6105.4022965853
1.42e-05,1.42e-05,2.2853024652,1.8282419722,0.1
1.42e-05,1.42e-05,2.2853024652,1.8282419722,0.1396437957
1.42e-05,1.42e-05,2.2853024652,1.8282419722,0.1950038968
1.42e-05,1.42e-05,2.2853024652,1.8282419722,0.2723108433
1.42e-05,1.42e-05,2.2853024652,1.8282419722,0.3802651977
1.42e-05,1.42e-05,2.2853024652,1.8282419722,0.5310167558
1.42e-05,1.42e-05,2.2853024652,1.8282419722,0.7415319537
1.42e-05,1.42e-05,2.2853024652,1.8282419722,1.0355033665
1.42e-05,1.42e-05,2.2853024652,1.8282419722,1.4460162057
1.42e-05,1.42e-05,2.2853024652,1.8282419722,2.0192719162
1.42e-05,1.42e-05,2.2853024652,1.8282419722,2.8197879494
1.42e-05,1.42e-05,2.2853024652,1.8282419722,3.9376589236
1.42e-05,1.42e-05,2.2853024652,1.8282419722,5.498696383
1.42e-05,1.42e-05,2.2853024652,1.8282419722,7.6785883437
1.42e-05,1.42e-05,2.2853024652,1.8282419722,10.7226722201
1.42e-05,1.42e-05,2.2853024652,1.8282419722,14.9735464897
1.42e-05,1.42e-05,2.2853024652,1.8282419722,20.9096286705
1.42e-05,1.42e-05,2.2853024652,1.8282419722,29.1989991443
1.42e-05,1.42e-05,2.2853024652,1.8282419722,40.7745907144
1.42e-05,1.42e-05,2.2853024652,1.8282419722,56.9391861586
1.42e-05,1.42e-05,2.2853024652,1.8282419722,79.5120407981
1.42e-05,1.42e-05,2.2853024652,1.8282419722,111.0336318168
1.42e-05,1.42e-05,2.2853024652,1.8282419722,155.0515779833
1.42e-05,1.42e-05,2.2853024652,1.8282419722,216.5199088036
1.42e-05,1.42e-05,2.2853024652,1.8282419722,302.3566191205
1.42e-05,1.42e-05,2.2853024652,1.8282419722,422.2222595195
1.42e-05,1.42e-05,2.2853024652,1.8282419722,589.6071895242
1.42e-05,1.42e-05,2.2853024652,1.8282419722,823.3498592289
1.42e-05,1.42e-05,2.2853024652,1.8282419722,1149.7569953977
1.42e-05,1.42e-05,2.2853024652,1.8282419722,1605.5643098112
1.42e-05,1.42e-05,2.2853024652,1.8282419722,2242.0709447806
1.42e-05,1.42e-05,2.2853024652,1.8282419722,3130.912969796
1.42e-05,1.42e-05,2.2853024652,1.8282419722,4372.1257113904
1.42e-05,1.42e-05,2.2853024652,1.8282419722,6105.4022965853
1.42e-05,1.42e-05,2.2853024652,1.9425070954,0.1
1.42e-05,1.42e-05,2.2853024652,1.9425070954,0.1396437957
1.42e-05,1.42e-05,2.2853024652,1.9425070954,0.1950038968
1.42e-05,1.42e-05,2.2853024652,1.9425070954,0.2723108433
1.42e-05,1.42e-05,2.2853024652,1.9425070954,0.3802651977
1.42e-05,1.42e-05,2.2853024652,1.9425070954,0.5310167558
1.42e-05,1.42e-05,2.2853024652,1.9425070954,0.7415319537
1.42e-05,1.42e-05,2.2853024652,1.9425070954,1.0355033665
1.42e-05,1.42e-05,2.2853024652,1.9425070954,1.4460162057
1.42e-05,1.42e-05,2.2853024652,1.9425070954,2.0192719162
1.42e-05,1.42e-05,2.2853024652,1.9425070954,2.8197879494
1.42e-05,1.42e-05,2.2853024652,1.9425070954,3.9376589236
1.42e-05,1.42e-05,2.2853024652,1.9425070954,5.498696383
1.42e-05,1.42e-05,2.2853024652,1.9425070954,7.6785883437
1.42e-05,1.42e-05,2.2853024652,1.9425070954,10.7226722201
1.42e-05,1.42e-05,2.2853024652,1.9425070954,14.9735464897
1.42e-05,1.42e-05,2.2853024652,1.9425070954,20.9096286705
1.42e-05,1.42e-05,2.2853024652,1.9425070954,29.1989991443
1.42e-05,1.42e-05,2.2853024652,1.9425070954,40.7745907144
1.42e-05,1.42e-05,2.2853024652,1.9425070954,56.9391861586
1.42e-05,1.42e-05,2.2853024652,1.9425070954,79.5120407981
1.42e-05,1.42e-05,2.2853024652,1.9425070954,111.0336318168
1.42e-05,1.42e-05,2.2853024652,1.9425070954,155.0515779833
1.42e-05,1.42e-05,2.2853024652,1.9425070954,216.5199088036
1.42e-05,1.42e-05,2.2853024652,1.9425070954,302.3566191205
1.42e-05,1.42e-05,2.2853024652,1.9425070954,422.2222595195
1.42e-05,1.42e-05,2.2853024652,1.9425070954,589.6071895242
1.42e-05,1.42e-05,2.2853024652,1.9425070954,823.3498592289
1.42e-05,1.42e-05,2.2853024652,1.9425070954,1149.7569953977
1.42e-05,1.42e-05,2.2853024652,1.9425070954,1605.5643098112
1.42e-05,1.42e-05,2.2853024652,1.9425070954,2242.0709447806
1.42e-05,1.42e-05,2.2853024652,1.9425070954,3130.912969796
1.42e-05,1.42e-05,2.2853024652,1.9425070954,4372.1257113904
1.42e-05,1.42e-05,2.2853024652,1.9425070954,6105.4022965853
1.42e-05,1.42e-05,2.2853024652,2.0567722187,0.1
1.42e-05,1.42e-05,2.2853024652,2.0567722187,0.1396437957
1.42e-05,1.42e-05,2.2853024652,2.0567722187,0.1950038968
1.42e-05,1.42e-05,2.2853024652,2.0567722187,0.2723108433
1.42e-05,1.42e-05,2.2853024652,2.0567722187,0.3802651977
1.42e-05,1.42e-05,2.2853024652,2.0567722187,0.5310167558
1.42e-05,1.42e-05,2.2853024652,2.0567722187,0.7415319537
1.42e-05,1.42e-05,2.2853024652,2.0567722187,1.0355033665
1.42e-05,1.42e-05,2.2853024652,2.0567722187,1.4460162057
1.42e-05,1.42e-05,2.2853024652,2.0567722187,2.0192719162
1.42e-05,1.42e-05,2.2853024652,2.0567722187,2.8197879494
1.42e-05,1.42e-05,2.2853024652,2.0567722187,3.9376589236
1.42e-05,1.42e-05,2.2853024652,2.0567722187,5.498696383
1.42e-05,1.42e-05,2.2853024652,2.0567722187,7.6785883437
1.42e-05,1.42e-05,2.2853024652,2.0567722187,10.7226722201
1.42e-05,1.42e-05,2.2853024652,2.0567722187,14.9735464897
1.42e-05,1.42e-05,2.2853024652,2.0567722187,20.9096286705
1.42e-05,1.42e-05,2.2853024652,2.0567722187,29.1989991443
1.42e-05,1.42e-05,2.2853024652,2.0567722187,40.7745907144
1.42e-05,1.42e-05,2.2853024652,2.0567722187,56.9391861586
1.42e-05,1.42e-05,2.2853024652,2.0567722187,79.5120407981
1.42e-05,1.42e-05,2.2853024652,2.0567722187,111.0336318168
1.42e-05,1.42e-05,2.2853024652,2.0567722187,155.0515779833
1.42e-05,1.42e-05,2.2853024652,2.0567722187,216.5199088036
1.42e-05,1.42e-05,2.2853024652,2.0567722187,302.3566191205
1.42e-05,1.42e-05,2.2853024652,2.0567722187,422.2222595195
1.42e-05,1.42e-05,2.2853024652,2.0567722187,589.6071895242
1.42e-05,1.42e-05,2.2853024652,2.0567722187,823.3498592289
1.42e-05,1.42e-05,2.2853024652,2.0567722187,1149.7569953977
1.42e-05,1.42e-05,2.2853024652,2.0567722187,1605.5643098112
1.42e-05,1.42e-05,2.2853024652,2.0567722187,2242.0709447806
1.42e-05,1.42e-05,2.2853024652,2.0567722187,3130.912969796
1.42e-05,1.42e-05,2.2853024652,2.0567722187,4372.1257113904
1.42e-05,1.42e-05,2.2853024652,2.0567722187,6105.4022965853
1.42e-05,1.42e-05,2.2853024652,2.1710373419,0.1
1.42e-05,1.42e-05,2.2853024652,2.1710373419,0.1396437957
1.42e-05,1.42e-05,2.2853024652,2.1710373419,0.1950038968
1.42e-05,1.42e-05,2.2853024652,2.1710373419,0.2723108433
1.42e-05,1.42e-05,2.2853024652,2.1710373419,0.3802651977
1.42e-05,1.42e-05,2.2853024652,2.1710373419,0.5310167558
1.42e-05,1.42e-05,2.2853024652,2.1710373419,0.7415319537
1.42e-05,1.42e-05,2.2853024652,2.1710373419,1.0355033665
1.42e-05,1.42e-05,2.2853024652,2.1710373419,1.4460162057
1.42e-05,1.42e-05,2.2853024652,2.1710373419,2.0192719162
1.42e-05,1.42e-05,2.2853024652,2.1710373419,2.8197879494
1.42e-05,1.42e-05,2.2853024652,2.1710373419,3.9376589236
1.42e-05,1.42e-05,2.2853024652,2.1710373419,5.498696383
1.42e-05,1.42e-05,2.2853024652,2.1710373419,7.6785883437
1.42e-05,1.42e-05,2.2853024652,2.1710373419,10.7226722201
1.42e-05,1.42e-05,2.2853024652,2.1710373419,14.9735464897
1.42e-05,1.42e-05,2.2853024652,2.1710373419,20.9096286705
1.42e-05,1.42e-05,2.2853024652,2.1710373419,29.1989991443
1.42e-05,1.42e-05,2.2853024652,2.1710373419,40.7745907144
1.42e-05,1.42e-05,2.2853024652,2.1710373419,56.9391861586
1.42e-05,1.42e-05,2.2853024652,2.1710373419,79.5120407981
1.42e-05,1.42e-05,2.2853024652,2.1710373419,111.0336318168
1.42e-05,1.42e-05,2.2853024652,2.1710373419,155.0515779833
1.42e-05,1.42e-05,2.2853024652,2.1710373419,216.5199088036
1.42e-05,1.42e-05,2.2853024652,2.1710373419,302.3566191205
1.42e-05,1.42e-05,2.2853024652,2.1710373419,422.2222595195
1.42e-05,1.42e-05,2.2853024652,2.1710373419,589.6071895242
1.42e-05,1.42e-05,2.2853024652,2.1710373419,823.3498592289
1.42e-05,1.42e-05,2.2853024652,2.1710373419,1149.7569953977
1.42e-05,1.42e-05,2.2853024652,2.1710373419,1605.5643098112
1.42e-05,1.42e-05,2.2853024652,2.1710373419,2242.0709447806
1.42e-05,1.42e-05,2.2853024652,2.1710373419,3130.912969796
1.42e-05,1.42e-05,2.2853024652,2.1710373419,4372.1257113904
1.42e-05,1.42e-05,2.2853024652,2.1710373419,6105.4022965853
1.42e-05,1.42e-05,2.2853024652,2.2624494406,0.1
1.42e-05,1.42e-05,2.2853024652,2.2624494406,0.1396437957
1.42e-05,1.42e-05,2.2853024652,2.2624494406,0.1950038968
1.42e-05,1.42e-05,2.2853024652,2.2624494406,0.2723108433
1.42e-05,1.42e-05,2.2853024652,2.2624494406,0.3802651977
1.42e-05,1.42e-05,2.2853024652,2.2624494406,0.5310167558
1.42e-05,1.42e-05,2.2853024652,2.2624494406,0.7415319537
1.42e-05,1.42e-05,2.2853024652,2.2624494406,1.0355033665
1.42e-05,1.42e-05,2.2853024652,2.2624494406,1.4460162057
1.42e-05,1.42e-05,2.2853024652,2.2624494406,2.0192719162
1.42e-05,1.42e-05,2.2853024652,2.2624494406,2.8197879494
1.42e-05,1.42e-05,2.2853024652,2.2624494406,3.9376589236
1.42e-05,1.42e-05,2.2853024652,2.2624494406,5.498696383
1.42e-05,1.42e-05,2.2853024652,2.2624494406,7.6785883437
1.42e-05,1.42e-05,2.2853024652,2.2624494406,10.7226722201
1.42e-05,1.42e-05,2.2853024652,2.2624494406,14.9735464897
1.42e-05,1.42e-05,2.2853024652,2.2624494406,20.9096286705
1.42e-05,1.42e-05,2.2853024652,2.2624494406,29.1989991443
1.42e-05,1.42e-05,2.2853024652,2.2624494406,40.7745907144
1.42e-05,1.42e-05,2.2853024652,2.2624494406,56.9391861586
1.42e-05,1.42e-05,2.2853024652,2.2624494406,79.5120407981
1.42e-05,1.42e-05,2.2853024652,2.2624494406,111.0336318168
1.42e-05,1.42e-05,2.2853024652,2.2624494406,155.0515779833
1.42e-05,1.42e-05,2.2853024652,2.2624494406,216.5199088036
1.42e-05,1.42e-05,2.2853024652,2.2624494406,302.3566191205
1.42e-05,1.42e-05,2.2853024652,2.2624494406,422.2222595195
1.42e-05,1.42e-05,2.2853024652,2.2624494406,589.6071895242
1.42e-05,1.42e-05,2.2853024652,2.2624494406,823.3498592289
1.42e-05,1.42e-05,2.2853024652,2.2624494406,1149.7569953977
1.42e-05,1.42e-05,2.2853024652,2.2624494406,1605.5643098112
1.42e-05,1.42e-05,2.2853024652,2.2624494406,2242.0709447806
1.42e-05,1.42e-05,2.2853024652,2.2624494406,3130.912969796
1.42e-05,1.42e-05,2.2853024652,2.2624494406,4372.1257113904
1.42e-05,1.42e-05,2.2853024652,2.2624494406,6105.4022965853
1.42e-05,1.42e-05,2.5456800277,0.1272840014,0.1
1.42e-05,1.42e-05,2.5456800277,0.1272840014,0.1396437957
1.42e-05,1.42e-05,2.5456800277,0.1272840014,0.1950038968
1.42e-05,1.42e-05,2.5456800277,0.1272840014,0.2723108433
1.42e-05,1.42e-05,2.5456800277,0.1272840014,0.3802651977
1.42e-05,1.42e-05,2.5456800277,0.1272840014,0.5310167558
1.42e-05,1.42e-05,2.5456800277,0.1272840014,0.7415319537
1.42e-05,1.42e-05,2.5456800277,0.1272840014,1.0355033665
1.42e-05,1.42e-05,2.5456800277,0.1272840014,1.4460162057
1.42e-05,1.42e-05,2.5456800277,0.1272840014,2.0192719162
1.42e-05,1.42e-05,2.5456800277,0.1272840014,2.8197879494
1.42e-05,1.42e-05,2.5456800277,0.1272840014,3.9376589236
1.42e-05,1.42e-05,2.5456800277,0.1272840014,5.498696383
1.42e-05,1.42e-05,2.5456800277,0.1272840014,7.6785883437
1.42e-05,1.42e-05,2.5456800277,0.1272840014,10.7226722201
1.42e-05,1.42e-05,2.5456800277,0.1272840014,14.9735464897
1.42e-05,1.42e-05,2.5456800277,0.1272840014,20.9096286705
1.42e-05,1.42e-05,2.5456800277,0.1272840014,29.1989991443
1.42e-05,1.42e-05,2.5456800277,0.1272840014,40.7745907144
1.42e-05,1.42e-05,2.5456800277,0.1272840014,56.9391861586
1.42e-05,1.42e-05,2.5456800277,0.1272840014,79.5120407981
1.42e-05,1.42e-05,2.5456800277,0.1272840014,111.0336318168
1.42e-05,1.42e-05,2.5456800277,0.1272840014,155.0515779833
1.42e-05,1.42e-05,2.5456800277,0.1272840014,216.5199088036
1.42e-05,1.42e-05,2.5456800277,0.1272840014,302.3566191205
1.42e-05,1.42e-05,2.5456800277,0.1272840014,422.2222595195
1.42e-05,1.42e-05,2.5456800277,0.1272840014,589.6071895242
1.42e-05,1.42e-05,2.5456800277,0.1272840014,823.3498592289
1.42e-05,1.42e-05,2.5456800277,0.1272840014,1149.7569953977
1.42e-05,1.42e-05,2.5456800277,0.1272840014,1605.5643098112
1.42e-05,1.42e-05,2.5456800277,0.1272840014,2242.0709447806
1.42e-05,1.42e-05,2.5456800277,0.1272840014,3130.912969796
1.42e-05,1.42e-05,2.5456800277,0.1272840014,4372.1257113904
1.42e-05,1.42e-05,2.5456800277,0.1272840014,6105.4022965853
1.42e-05,1.42e-05,2.5456800277,0.2545680028,0.1
1.42e-05,1.42e-05,2.5456800277,0.2545680028,0.1396437957
1.42e-05,1.42e-05,2.5456800277,0.2545680028,0.1950038968
1.42e-05,1.42e-05,2.5456800277,0.2545680028,0.2723108433
1.42e-05,1.42e-05,2.5456800277,0.2545680028,0.3802651977
1.42e-05,1.42e-05,2.5456800277,0.2545680028,0.5310167558
1.42e-05,1.42e-05,2.5456800277,0.2545680028,0.7415319537
1.42e-05,1.42e-05,2.5456800277,0.2545680028,1.0355033665
1.42e-05,1.42e-05,2.5456800277,0.2545680028,1.4460162057
1.42e-05,1.42e-05,2.5456800277,0.2545680028,2.0192719162
1.42e-05,1.42e-05,2.5456800277,0.2545680028,2.8197879494
1.42e-05,1.42e-05,2.5456800277,0.2545680028,3.9376589236
1.42e-05,1.42e-05,2.5456800277,0.2545680028,5.498696383
1.42e-05,1.42e-05,2.5456800277,0.2545680028,7.6785883437
1.42e-05,1.42e-05,2.5456800277,0.2545680028,10.7226722201
1.42e-05,1.42e-05,2.5456800277,0.2545680028,14.9735464897
1.42e-05,1.42e-05,2.5456800277,0.2545680028,20.9096286705
1.42e-05,1.42e-05,2.5456800277,0.2545680028,29.1989991443
1.42e-05,1.42e-05,2.5456800277,0.2545680028,40.7745907144
1.42e-05,1.42e-05,2.5456800277,0.2545680028,56.9391861586
1.42e-05,1.42e-05,2.5456800277,0.2545680028,79.5120407981
1.42e-05,1.42e-05,2.5456800277,0.2545680028,111.0336318168
1.42e-05,1.42e-05,2.5456800277,0.2545680028,155.0515779833
1.42e-05,1.42e-05,2.5456800277,0.2545680028,216.5199088036
1.42e-05,1.42e-05,2.5456800277,0.2545680028,302.3566191205
1.42e-05,1.42e-05,2.5456800277,0.2545680028,422.2222595195
1.42e-05,1.42e-05,2.5456800277,0.2545680028,589.6071895242
1.42e-05,1.42e-05,2.5456800277,0.2545680028,823.3498592289
1.42e-05,1.42e-05,2.5456800277,0.2545680028,1149.7569953977
1.42e-05,1.42e-05,2.5456800277,0.2545680028,1605.5643098112
1.42e-05,1.42e-05,2.5456800277,0.2545680028,2242.0709447806
1.42e-05,1.42e-05,2.5456800277,0.2545680028,3130.912969796
1.42e-05,1.42e-05,2.5456800277,0.2545680028,4372.1257113904
1.42e-05,1.42e-05,2.5456800277,0.2545680028,6105.4022965853
1.42e-05,1.42e-05,2.5456800277,0.3818520042,0.1
1.42e-05,1.42e-05,2.5456800277,0.3818520042,0.1396437957
1.42e-05,1.42e-05,2.5456800277,0.3818520042,0.1950038968
1.42e-05,1.42e-05,2.5456800277,0.3818520042,0.2723108433
1.42e-05,1.42e-05,2.5456800277,0.3818520042,0.3802651977
1.42e-05,1.42e-05,2.5456800277,0.3818520042,0.5310167558
1.42e-05,1.42e-05,2.5456800277,0.3818520042,0.7415319537
1.42e-05,1.42e-05,2.5456800277,0.3818520042,1.0355033665
1.42e-05,1.42e-05,2.5456800277,0.3818520042,1.4460162057
1.42e-05,1.42e-05,2.5456800277,0.3818520042,2.0192719162
1.42e-05,1.42e-05,2.5456800277,0.3818520042,2.8197879494
1.42e-05,1.42e-05,2.5456800277,0.3818520042,3.9376589236
1.42e-05,1.42e-05,2.5456800277,0.3818520042,5.498696383
1.42e-05,1.42e-05,2.5456800277,0.3818520042,7.6785883437
1.42e-05,1.42e-05,2.5456800277,0.3818520042,10.7226722201
1.42e-05,1.42e-05,2.5456800277,0.3818520042,14.9735464897
1.42e-05,1.42e-05,2.5456800277,0.3818520042,20.9096286705
1.42e-05,1.42e-05,2.5456800277,0.3818520042,29.1989991443
1.42e-05,1.42e-05,2.5456800277,0.3818520042,40.7745907144
1.42e-05,1.42e-05,2.5456800277,0.3818520042,56.9391861586
1.42e-05,1.42e-05,2.5456800277,0.3818520042,79.5120407981
1.42e-05,1.42e-05,2.5456800277,0.3818520042,111.0336318168
1.42e-05,1.42e-05,2.5456800277,0.3818520042,155.0515779833
1.42e-05,1.42e-05,2.5456800277,0.3818520042,216.5199088036
1.42e-05,1.42e-05,2.5456800277,0.3818520042,302.3566191205
1.42e-05,1.42e-05,2.5456800277,0.3818520042,422.2222595195
1.42e-05,1.42e-05,2.5456800277,0.3818520042,589.6071895242
1.42e-05,1.42e-05,2.5456800277,0.3818520042,823.3498592289
1.42e-05,1.42e-05,2.5456800277,0.3818520042,1149.7569953977
1.42e-05,1.42e-05,2.5456800277,0.3818520042,1605.5643098112
1.42e-05,1.42e-05,2.5456800277,0.3818520042,2242.0709447806
1.42e-05,1.42e-05,2.5456800277,0.3818520042,3130.912969796
1.42e-05,1.42e-05,2.5456800277,0.3818520042,4372.1257113904
1.42e-05,1.42e-05,2.5456800277,0.3818520042,6105.4022965853
1.42e-05,1.42e-05,2.5456800277,0.5091360055,0.1
1.42e-05,1.42e-05,2.5456800277,0.5091360055,0.1396437957
1.42e-05,1.42e-05,2.5456800277,0.5091360055,0.1950038968
1.42e-05,1.42e-05,2.5456800277,0.5091360055,0.2723108433
1.42e-05,1.42e-05,2.5456800277,0.5091360055,0.3802651977
1.42e-05,1.42e-05,2.5456800277,0.5091360055,0.5310167558
1.42e-05,1.42e-05,2.5456800277,0.5091360055,0.7415319537
1.42e-05,1.42e-05,2.5456800277,0.5091360055,1.0355033665
1.42e-05,1.42e-05,2.5456800277,0.5091360055,1.4460162057
1.42e-05,1.42e-05,2.5456800277,0.5091360055,2.0192719162
1.42e-05,1.42e-05,2.5456800277,0.5091360055,2.8197879494
1.42e-05,1.42e-05,2.5456800277,0.5091360055,3.9376589236
1.42e-05,1.42e-05,2.5456800277,0.5091360055,5.498696383
1.42e-05,1.42e-05,2.5456800277,0.5091360055,7.6785883437
1.42e-05,1.42e-05,2.5456800277,0.5091360055,10.7226722201
1.42e-05,1.42e-05,2.5456800277,0.5091360055,14.9735464897
1.42e-05,1.42e-05,2.5456800277,0.5091360055,20.9096286705
1.42e-05,1.42e-05,2.5456800277,0.5091360055,29.1989991443
1.42e-05,1.42e-05,2.5456800277,0.5091360055,40.7745907144
1.42e-05,1.42e-05,2.5456800277,0.5091360055,56.9391861586
1.42e-05,1.42e-05,2.5456800277,0.5091360055,79.5120407981
1.42e-05,1.42e-05,2.5456800277,0.5091360055,111.0336318168
1.42e-05,1.42e-05,2.5456800277,0.5091360055,155.0515779833
1.42e-05,1.42e-05,2.5456800277,0.5091360055,216.5199088036
1.42e-05,1.42e-05,2.5456800277,0.5091360055,302.3566191205
1.42e-05,1.42e-05,2.5456800277,0.5091360055,422.2222595195
1.42e-05,1.42e-05,2.5456800277,0.5091360055,589.6071895242
1.42e-05,1.42e-05,2.5456800277,0.5091360055,823.3498592289
1.42e-05,1.42e-05,2.5456800277,0.5091360055,1149.7569953977
1.42e-05,1.42e-05,2.5456800277,0.5091360055,1605.5643098112
1.42e-05,1.42e-05,2.5456800277,0.5091360055,2242.0709447806
1.42e-05,1.42e-05,2.5456800277,0.5091360055,3130.912969796
1.42e-05,1.42e-05,2.5456800277,0.5091360055,4372.1257113904
1.42e-05,1.42e-05,2.5456800277,0.5091360055,6105.4022965853
1.42e-05,1.42e-05,2.5456800277,0.6364200069,0.1
1.42e-05,1.42e-05,2.5456800277,0.6364200069,0.1396437957
1.42e-05,1.42e-05,2.5456800277,0.6364200069,0.1950038968
1.42e-05,1.42e-05,2.5456800277,0.6364200069,0.2723108433
1.42e-05,1.42e-05,2.5456800277,0.6364200069,0.3802651977
1.42e-05,1.42e-05,2.5456800277,0.6364200069,0.5310167558
1.42e-05,1.42e-05,2.5456800277,0.6364200069,0.7415319537
1.42e-05,1.42e-05,2.5456800277,0.6364200069,1.0355033665
1.42e-05,1.42e-05,2.5456800277,0.6364200069,1.4460162057
1.42e-05,1.42e-05,2.5456800277,0.6364200069,2.0192719162
1.42e-05,1.42e-05,2.5456800277,0.6364200069,2.8197879494
1.42e-05,1.42e-05,2.5456800277,0.6364200069,3.9376589236
1.42e-05,1.42e-05,2.5456800277,0.6364200069,5.498696383
1.42e-05,1.42e-05,2.5456800277,0.6364200069,7.6785883437
1.42e-05,1.42e-05,2.5456800277,0.6364200069,10.7226722201
1.42e-05,1.42e-05,2.5456800277,0.6364200069,14.9735464897
1.42e-05,1.42e-05,2.5456800277,0.6364200069,20.9096286705
1.42e-05,1.42e-05,2.5456800277,0.6364200069,29.1989991443
1.42e-05,1.42e-05,2.5456800277,0.6364200069,40.7745907144
1.42e-05,1.42e-05,2.5456800277,0.6364200069,56.9391861586
1.42e-05,1.42e-05,2.5456800277,0.6364200069,79.5120407981
1.42e-05,1.42e-05,2.5456800277,0.6364200069,111.0336318168
1.42e-05,1.42e-05,2.5456800277,0.6364200069,155.0515779833
1.42e-05,1.42e-05,2.5456800277,0.6364200069,216.5199088036
1.42e-05,1.42e-05,2.5456800277,0.6364200069,302.3566191205
1.42e-05,1.42e-05,2.5456800277,0.6364200069,422.2222595195
1.42e-05,1.42e-05,2.5456800277,0.6364200069,589.6071895242
1.42e-05,1.42e-05,2.5456800277,0.6364200069,823.3498592289
1.42e-05,1.42e-05,2.5456800277,0.6364200069,1149.7569953977
1.42e-05,1.42e-05,2.5456800277,0.6364200069,1605.5643098112
1.42e-05,1.42e-05,2.5456800277,0.6364200069,2242.0709447806
1.42e-05,1.42e-05,2.5456800277,0.6364200069,3130.912969796
1.42e-05,1.42e-05,2.5456800277,0.6364200069,4372.1257113904
1.42e-05,1.42e-05,2.5456800277,0.6364200069,6105.4022965853
1.42e-05,1.42e-05,2.5456800277,0.7637040083,0.1
1.42e-05,1.42e-05,2.5456800277,0.7637040083,0.1396437957
1.42e-05,1.42e-05,2.5456800277,0.7637040083,0.1950038968
1.42e-05,1.42e-05,2.5456800277,0.7637040083,0.2723108433
1.42e-05,1.42e-05,2.5456800277,0.7637040083,0.3802651977
1.42e-05,1.42e-05,2.5456800277,0.7637040083,0.5310167558
1.42e-05,1.42e-05,2.5456800277,0.7637040083,0.7415319537
1.42e-05,1.42e-05,2.5456800277,0.7637040083,1.0355033665
1.42e-05,1.42e-05,2.5456800277,0.7637040083,1.4460162057
1.42e-05,1.42e-05,2.5456800277,0.7637040083,2.0192719162
1.42e-05,1.42e-05,2.5456800277,0.7637040083,2.8197879494
1.42e-05,1.42e-05,2.5456800277,0.7637040083,3.9376589236
1.42e-05,1.42e-05,2.5456800277,0.7637040083,5.498696383
1.42e-05,1.42e-05,2.5456800277,0.7637040083,7.6785883437
1.42e-05,1.42e-05,2.5456800277,0.7637040083,10.7226722201
1.42e-05,1.42e-05,2.5456800277,0.7637040083,14.9735464897
1.42e-05,1.42e-05,2.5456800277,0.7637040083,20.9096286705
1.42e-05,1.42e-05,2.5456800277,0.7637040083,29.1989991443
1.42e-05,1.42e-05,2.5456800277,0.7637040083,40.7745907144
1.42e-05,1.42e-05,2.5456800277,0.7637040083,56.9391861586
1.42e-05,1.42e-05,2.5456800277,0.7637040083,79.5120407981
1.42e-05,1.42e-05,2.5456800277,0.7637040083,111.0336318168
1.42e-05,1.42e-05,2.5456800277,0.7637040083,155.0515779833
1.42e-05,1.42e-05,2.5456800277,0.7637040083,216.5199088036
1.42e-05,1.42e-05,2.5456800277,0.7637040083,302.3566191205
1.42e-05,1.42e-05,2.5456800277,0.7637040083,422.2222595195
1.42e-05,1.42e-05,2.5456800277,0.7637040083,589.6071895242
1.42e-05,1.42e-05,2.5456800277,0.7637040083,823.3498592289
1.42e-05,1.42e-05,2.5456800277,0.7637040083,1149.7569953977
1.42e-05,1.42e-05,2.5456800277,0.7637040083,1605.5643098112
1.42e-05,1.42e-05,2.5456800277,0.7637040083,2242.0709447806
1.42e-05,1.42e-05,2.5456800277,0.7637040083,3130.912969796
1.42e-05,1.42e-05,2.5456800277,0.7637040083,4372.1257113904
1.42e-05,1.42e-05,2.5456800277,0.7637040083,6105.4022965853
1.42e-05,1.42e-05,2.5456800277,0.8909880097,0.1
1.42e-05,1.42e-05,2.5456800277,0.8909880097,0.1396437957
1.42e-05,1.42e-05,2.5456800277,0.8909880097,0.1950038968
1.42e-05,1.42e-05,2.5456800277,0.8909880097,0.2723108433
1.42e-05,1.42e-05,2.5456800277,0.8909880097,0.3802651977
1.42e-05,1.42e-05,2.5456800277,0.8909880097,0.5310167558
1.42e-05,1.42e-05,2.5456800277,0.8909880097,0.7415319537
1.42e-05,1.42e-05,2.5456800277,0.8909880097,1.0355033665
1.42e-05,1.42e-05,2.5456800277,0.8909880097,1.4460162057
1.42e-05,1.42e-05,2.5456800277,0.8909880097,2.0192719162
1.42e-05,1.42e-05,2.5456800277,0.8909880097,2.8197879494
1.42e-05,1.42e-05,2.5456800277,0.8909880097,3.9376589236
1.42e-05,1.42e-05,2.5456800277,0.8909880097,5.498696383
1.42e-05,1.42e-05,2.5456800277,0.8909880097,7.6785883437
1.42e-05,1.42e-05,2.5456800277,0.8909880097,10.7226722201
1.42e-05,1.42e-05,2.5456800277,0.8909880097,14.9735464897
1.42e-05,1.42e-05,2.5456800277,0.8909880097,20.9096286705
1.42e-05,1.42e-05,2.5456800277,0.8909880097,29.1989991443
1.42e-05,1.42e-05,2.5456800277,0.8909880097,40.7745907144
1.42e-05,1.42e-05,2.5456800277,0.8909880097,56.9391861586
1.42e-05,1.42e-05,2.5456800277,0.8909880097,79.5120407981
1.42e-05,1.42e-05,2.5456800277,0.8909880097,111.0336318168
1.42e-05,1.42e-05,2.5456800277,0.8909880097,155.0515779833
1.42e-05,1.42e-05,2.5456800277,0.8909880097,216.5199088036
1.42e-05,1.42e-05,2.5456800277,0.8909880097,302.3566191205
1.42e-05,1.42e-05,2.5456800277,0.8909880097,422.2222595195
1.42e-05,1.42e-05,2.5456800277,0.8909880097,589.6071895242
1.42e-05,1.42e-05,2.5456800277,0.8909880097,823.3498592289
1.42e-05,1.42e-05,2.5456800277,0.8909880097,1149.7569953977
1.42e-05,1.42e-05,2.5456800277,0.8909880097,1605.5643098112
1.42e-05,1.42e-05,2.5456800277,0.8909880097,2242.0709447806
1.42e-05,1.42e-05,2.5456800277,0.8909880097,3130.912969796
1.42e-05,1.42e-05,2.5456800277,0.8909880097,4372.1257113904
1.42e-05,1.42e-05,2.5456800277,0.8909880097,6105.4022965853
1.42e-05,1.42e-05,2.5456800277,1.0182720111,0.1
1.42e-05,1.42e-05,2.5456800277,1.0182720111,0.1396437957
1.42e-05,1.42e-05,2.5456800277,1.0182720111,0.1950038968
1.42e-05,1.42e-05,2.5456800277,1.0182720111,0.2723108433
1.42e-05,1.42e-05,2.5456800277,1.0182720111,0.3802651977
1.42e-05,1.42e-05,2.5456800277,1.0182720111,0.5310167558
1.42e-05,1.42e-05,2.5456800277,1.0182720111,0.7415319537
1.42e-05,1.42e-05,2.5456800277,1.0182720111,1.0355033665
1.42e-05,1.42e-05,2.5456800277,1.0182720111,1.4460162057
1.42e-05,1.42e-05,2.5456800277,1.0182720111,2.0192719162
1.42e-05,1.42e-05,2.5456800277,1.0182720111,2.8197879494
1.42e-05,1.42e-05,2.5456800277,1.0182720111,3.9376589236
1.42e-05,1.42e-05,2.5456800277,1.0182720111,5.498696383
1.42e-05,1.42e-05,2.5456800277,1.0182720111,7.6785883437
1.42e-05,1.42e-05,2.5456800277,1.0182720111,10.7226722201
1.42e-05,1.42e-05,2.5456800277,1.0182720111,14.9735464897
1.42e-05,1.42e-05,2.5456800277,1.0182720111,20.9096286705
1.42e-05,1.42e-05,2.5456800277,1.0182720111,29.1989991443
1.42e-05,1.42e-05,2.5456800277,1.0182720111,40.7745907144
1.42e-05,1.42e-05,2.5456800277,1.0182720111,56.9391861586
1.42e-05,1.42e-05,2.5456800277,1.0182720111,79.5120407981
1.42e-05,1.42e-05,2.5456800277,1.0182720111,111.0336318168
1.42e-05,1.42e-05,2.5456800277,1.0182720111,155.0515779833
1.42e-05,1.42e-05,2.5456800277,1.0182720111,216.5199088036
1.42e-05,1.42e-05,2.5456800277,1.0182720111,302.3566191205
1.42e-05,1.42e-05,2.5456800277,1.0182720111,422.2222595195
1.42e-05,1.42e-05,2.5456800277,1.0182720111,589.6071895242
1.42e-05,1.42e-05,2.5456800277,1.0182720111,823.3498592289
1.42e-05,1.42e-05,2.5456800277,1.0182720111,1149.7569953977
1.42e-05,1.42e-05,2.5456800277,1.0182720111,1605.5643098112
1.42e-05,1.42e-05,2.5456800277,1.0182720111,2242.0709447806
1.42e-05,1.42e-05,2.5456800277,1.0182720111,3130.912969796
1.42e-05,1.42e-05,2.5456800277,1.0182720111,4372.1257113904
1.42e-05,1.42e-05,2.5456800277,1.0182720111,6105.4022965853
1.42e-05,1.42e-05,2.5456800277,1.1455560125,0.1
1.42e-05,1.42e-05,2.5456800277,1.1455560125,0.1396437957
1.42e-05,1.42e-05,2.5456800277,1.1455560125,0.1950038968
1.42e-05,1.42e-05,2.5456800277,1.1455560125,0.2723108433
1.42e-05,1.42e-05,2.5456800277,1.1455560125,0.3802651977
1.42e-05,1.42e-05,2.5456800277,1.1455560125,0.5310167558
1.42e-05,1.42e-05,2.5456800277,1.1455560125,0.7415319537
1.42e-05,1.42e-05,2.5456800277,1.1455560125,1.0355033665
1.42e-05,1.42e-05,2.5456800277,1.1455560125,1.4460162057
1.42e-05,1.42e-05,2.5456800277,1.1455560125,2.0192719162
1.42e-05,1.42e-05,2.5456800277,1.1455560125,2.8197879494
1.42e-05,1.42e-05,2.5456800277,1.1455560125,3.9376589236
1.42e-05,1.42e-05,2.5456800277,1.1455560125,5.498696383
1.42e-05,1.42e-05,2.5456800277,1.1455560125,7.6785883437
1.42e-05,1.42e-05,2.5456800277,1.1455560125,10.7226722201
1.42e-05,1.42e-05,2.5456800277,1.1455560125,14.9735464897
1.42e-05,1.42e-05,2.5456800277,1.1455560125,20.9096286705
1.42e-05,1.42e-05,2.5456800277,1.1455560125,29.1989991443
1.42e-05,1.42e-05,2.5456800277,1.1455560125,40.7745907144
1.42e-05,1.42e-05,2.5456800277,1.1455560125,56.9391861586
1.42e-05,1.42e-05,2.5456800277,1.1455560125,79.5120407981
1.42e-05,1.42e-05,2.5456800277,1.1455560125,111.0336318168
1.42e-05,1.42e-05,2.5456800277,1.1455560125,155.0515779833
1.42e-05,1.42e-05,2.5456800277,1.1455560125,216.5199088036
1.42e-05,1.42e-05,2.5456800277,1.1455560125,302.3566191205
1.42e-05,1.42e-05,2.5456800277,1.1455560125,422.2222595195
1.42e-05,1.42e-05,2.5456800277,1.1455560125,589.6071895242
1.42e-05,1.42e-05,2.5456800277,1.1455560125,823.3498592289
1.42e-05,1.42e-05,2.5456800277,1.1455560125,1149.7569953977
1.42e-05,1.42e-05,2.5456800277,1.1455560125,1605.5643098112
1.42e-05,1.42e-05,2.5456800277,1.1455560125,2242.0709447806
1.42e-05,1.42e-05,2.5456800277,1.1455560125,3130.912969796
1.42e-05,1.42e-05,2.5456800277,1.1455560125,4372.1257113904
1.42e-05,1.42e-05,2.5456800277,1.1455560125,6105.4022965853
1.42e-05,1.42e-05,2.5456800277,1.2728400139,0.1
1.42e-05,1.42e-05,2.5456800277,1.2728400139,0.1396437957
1.42e-05,1.42e-05,2.5456800277,1.2728400139,0.1950038968
1.42e-05,1.42e-05,2.5456800277,1.2728400139,0.2723108433
1.42e-05,1.42e-05,2.5456800277,1.2728400139,0.3802651977
1.42e-05,1.42e-05,2.5456800277,1.2728400139,0.5310167558
1.42e-05,1.42e-05,2.5456800277,1.2728400139,0.7415319537
1.42e-05,1.42e-05,2.5456800277,1.2728400139,1.0355033665
1.42e-05,1.42e-05,2.5456800277,1.2728400139,1.4460162057
1.42e-05,1.42e-05,2.5456800277,1.2728400139,2.0192719162
1.42e-05,1.42e-05,2.5456800277,1.2728400139,2.8197879494
1.42e-05,1.42e-05,2.5456800277,1.2728400139,3.9376589236
1.42e-05,1.42e-05,2.5456800277,1.2728400139,5.498696383
1.42e-05,1.42e-05,2.5456800277,1.2728400139,7.6785883437
1.42e-05,1.42e-05,2.5456800277,1.2728400139,10.7226722201
1.42e-05,1.42e-05,2.5456800277,1.2728400139,14.9735464897
1.42e-05,1.42e-05,2.5456800277,1.2728400139,20.9096286705
1.42e-05,1.42e-05,2.5456800277,1.2728400139,29.1989991443
1.42e-05,1.42e-05,2.5456800277,1.2728400139,40.7745907144
1.42e-05,1.42e-05,2.5456800277,1.2728400139,56.9391861586
1.42e-05,1.42e-05,2.5456800277,1.2728400139,79.5120407981
1.42e-05,1.42e-05,2.5456800277,1.2728400139,111.0336318168
1.42e-05,1.42e-05,2.5456800277,1.2728400139,155.0515779833
1.42e-05,1.42e-05,2.5456800277,1.2728400139,216.5199088036
1.42e-05,1.42e-05,2.5456800277,1.2728400139,302.3566191205
1.42e-05,1.42e-05,2.5456800277,1.2728400139,422.2222595195
1.42e-05,1.42e-05,2.5456800277,1.2728400139,589.6071895242
1.42e-05,1.42e-05,2.5456800277,1.2728400139,823.3498592289
1.42e-05,1.42e-05,2.5456800277,1.2728400139,1149.7569953977
1.42e-05,1.42e-05,2.5456800277,1.2728400139,1605.5643098112
1.42e-05,1.42e-05,2.5456800277,1.2728400139,2242.0709447806
1.42e-05,1.42e-05,2.5456800277,1.2728400139,3130.912969796
1.42e-05,1.42e-05,2.5456800277,1.2728400139,4372.1257113904
1.42e-05,1.42e-05,2.5456800277,1.2728400139,6105.4022965853
1.42e-05,1.42e-05,2.5456800277,1.4001240152,0.1
1.42e-05,1.42e-05,2.5456800277,1.4001240152,0.1396437957
1.42e-05,1.42e-05,2.5456800277,1.4001240152,0.1950038968
1.42e-05,1.42e-05,2.5456800277,1.4001240152,0.2723108433
1.42e-05,1.42e-05,2.5456800277,1.4001240152,0.3802651977
1.42e-05,1.42e-05,2.5456800277,1.4001240152,0.5310167558
1.42e-05,1.42e-05,2.5456800277,1.4001240152,0.7415319537
1.42e-05,1.42e-05,2.5456800277,1.4001240152,1.0355033665
1.42e-05,1.42e-05,2.5456800277,1.4001240152,1.4460162057
1.42e-05,1.42e-05,2.5456800277,1.4001240152,2.0192719162
1.42e-05,1.42e-05,2.5456800277,1.4001240152,2.8197879494
1.42e-05,1.42e-05,2.5456800277,1.4001240152,3.9376589236
1.42e-05,1.42e-05,2.5456800277,1.4001240152,5.498696383
1.42e-05,1.42e-05,2.5456800277,1.4001240152,7.6785883437
1.42e-05,1.42e-05,2.5456800277,1.4001240152,10.7226722201
1.42e-05,1.42e-05,2.5456800277,1.4001240152,14.9735464897
1.42e-05,1.42e-05,2.5456800277,1.4001240152,20.9096286705
1.42e-05,1.42e-05,2.5456800277,1.4001240152,29.1989991443
1.42e-05,1.42e-05,2.5456800277,1.4001240152,40.7745907144
1.42e-05,1.42e-05,2.5456800277,1.4001240152,56.9391861586
1.42e-05,1.42e-05,2.5456800277,1.4001240152,79.5120407981
1.42e-05,1.42e-05,2.5456800277,1.4001240152,111.0336318168
1.42e-05,1.42e-05,2.5456800277,1.4001240152,155.0515779833
1.42e-05,1.42e-05,2.5456800277,1.4001240152,216.5199088036
1.42e-05,1.42e-05,2.5456800277,1.4001240152,302.3566191205
1.42e-05,1.42e-05,2.5456800277,1.4001240152,422.2222595195
1.42e-05,1.42e-05,2.5456800277,1.4001240152,589.6071895242
1.42e-05,1.42e-05,2.5456800277,1.4001240152,823.3498592289
1.42e-05,1.42e-05,2.5456800277,1.4001240152,1149.7569953977
1.42e-05,1.42e-05,2.5456800277,1.4001240152,1605.5643098112
1.42e-05,1.42e-05,2.5456800277,1.4001240152,2242.0709447806
1.42e-05,1.42e-05,2.5456800277,1.4001240152,3130.912969796
1.42e-05,1.42e-05,2.5456800277,1.4001240152,4372.1257113904
1.42e-05,1.42e-05,2.5456800277,1.4001240152,6105.4022965853
1.42e-05,1.42e-05,2.5456800277,1.5274080166,0.1
1.42e-05,1.42e-05,2.5456800277,1.5274080166,0.1396437957
1.42e-05,1.42e-05,2.5456800277,1.5274080166,0.1950038968
1.42e-05,1.42e-05,2.5456800277,1.5274080166,0.2723108433
1.42e-05,1.42e-05,2.5456800277,1.5274080166,0.3802651977
1.42e-05,1.42e-05,2.5456800277,1.5274080166,0.5310167558
1.42e-05,1.42e-05,2.5456800277,1.5274080166,0.7415319537
1.42e-05,1.42e-05,2.5456800277,1.5274080166,1.0355033665
1.42e-05,1.42e-05,2.5456800277,1.5274080166,1.4460162057
1.42e-05,1.42e-05,2.5456800277,1.5274080166,2.0192719162
1.42e-05,1.42e-05,2.5456800277,1.5274080166,2.8197879494
1.42e-05,1.42e-05,2.5456800277,1.5274080166,3.9376589236
1.42e-05,1.42e-05,2.5456800277,1.5274080166,5.498696383
1.42e-05,1.42e-05,2.5456800277,1.5274080166,7.6785883437
1.42e-05,1.42e-05,2.5456800277,1.5274080166,10.7226722201
1.42e-05,1.42e-05,2.5456800277,1.5274080166,14.9735464897
1.42e-05,1.42e-05,2.5456800277,1.5274080166,20.9096286705
1.42e-05,1.42e-05,2.5456800277,1.5274080166,29.1989991443
1.42e-05,1.42e-05,2.5456800277,1.5274080166,40.7745907144
1.42e-05,1.42e-05,2.5456800277,1.5274080166,56.9391861586
1.42e-05,1.42e-05,2.5456800277,1.5274080166,79.5120407981
1.42e-05,1.42e-05,2.5456800277,1.5274080166,111.0336318168
1.42e-05,1.42e-05,2.5456800277,1.5274080166,155.0515779833
1.42e-05,1.42e-05,2.5456800277,1.5274080166,216.5199088036
1.42e-05,1.42e-05,2.5456800277,1.5274080166,302.3566191205
1.42e-05,1.42e-05,2.5456800277,1.5274080166,422.2222595195
1.42e-05,1.42e-05,2.5456800277,1.5274080166,589.6071895242
1.42e-05,1.42e-05,2.5456800277,1.5274080166,823.3498592289
1.42e-05,1.42e-05,2.5456800277,1.5274080166,1149.7569953977
1.42e-05,1.42e-05,2.5456800277,1.5274080166,1605.5643098112
1.42e-05,1.42e-05,2.5456800277,1.5274080166,2242.0709447806
1.42e-05,1.42e-05,2.5456800277,1.5274080166,3130.912969796
1.42e-05,1.42e-05,2.5456800277,1.5274080166,4372.1257113904
1.42e-05,1.42e-05,2.5456800277,1.5274080166,6105.4022965853
1.42e-05,1.42e-05,2.5456800277,1.654692018,0.1
1.42e-05,1.42e-05,2.5456800277,1.654692018,0.1396437957
1.42e-05,1.42e-05,2.5456800277,1.654692018,0.1950038968
1.42e-05,1.42e-05,2.5456800277,1.654692018,0.2723108433
1.42e-05,1.42e-05,2.5456800277,1.654692018,0.3802651977
1.42e-05,1.42e-05,2.5456800277,1.654692018,0.5310167558
1.42e-05,1.42e-05,2.5456800277,1.654692018,0.7415319537
1.42e-05,1.42e-05,2.5456800277,1.654692018,1.0355033665
1.42e-05,1.42e-05,2.5456800277,1.654692018,1.4460162057
1.42e-05,1.42e-05,2.5456800277,1.654692018,2.0192719162
1.42e-05,1.42e-05,2.5456800277,1.654692018,2.8197879494
1.42e-05,1.42e-05,2.5456800277,1.654692018,3.9376589236
1.42e-05,1.42e-05,2.5456800277,1.654692018,5.498696383
1.42e-05,1.42e-05,2.5456800277,1.654692018,7.6785883437
1.42e-05,1.42e-05,2.5456800277,1.654692018,10.7226722201
1.42e-05,1.42e-05,2.5456800277,1.654692018,14.9735464897
1.42e-05,1.42e-05,2.5456800277,1.654692018,20.9096286705
1.42e-05,1.42e-05,2.5456800277,1.654692018,29.1989991443
1.42e-05,1.42e-05,2.5456800277,1.654692018,40.7745907144
1.42e-05,1.42e-05,2.5456800277,1.654692018,56.9391861586
1.42e-05,1.42e-05,2.5456800277,1.654692018,79.5120407981
1.42e-05,1.42e-05,2.5456800277,1.654692018,111.0336318168
1.42e-05,1.42e-05,2.5456800277,1.654692018,155.0515779833
1.42e-05,1.42e-05,2.5456800277,1.654692018,216.5199088036
1.42e-05,1.42e-05,2.5456800277,1.654692018,302.3566191205
1.42e-05,1.42e-05,2.5456800277,1.654692018,422.2222595195
1.42e-05,1.42e-05,2.5456800277,1.654692018,589.6071895242
1.42e-05,1.42e-05,2.5456800277,1.654692018,823.3498592289
1.42e-05,1.42e-05,2.5456800277,1.654692018,1149.7569953977
1.42e-05,1.42e-05,2.5456800277,1.654692018,1605.5643098112
1.42e-05,1.42e-05,2.5456800277,1.654692018,2242.0709447806
1.42e-05,1.42e-05,2.5456800277,1.654692018,3130.912969796
1.42e-05,1.42e-05,2.5456800277,1.654692018,4372.1257113904
1.42e-05,1.42e-05,2.5456800277,1.654692018,6105.4022965853
1.42e-05,1.42e-05,2.5456800277,1.7819760194,0.1
1.42e-05,1.42e-05,2.5456800277,1.7819760194,0.1396437957
1.42e-05,1.42e-05,2.5456800277,1.7819760194,0.1950038968
1.42e-05,1.42e-05,2.5456800277,1.7819760194,0.2723108433
1.42e-05,1.42e-05,2.5456800277,1.7819760194,0.3802651977
1.42e-05,1.42e-05,2.5456800277,1.7819760194,0.5310167558
1.42e-05,1.42e-05,2.5456800277,1.7819760194,0.7415319537
1.42e-05,1.42e-05,2.5456800277,1.7819760194,1.0355033665
1.42e-05,1.42e-05,2.5456800277,1.7819760194,1.4460162057
1.42e-05,1.42e-05,2.5456800277,1.7819760194,2.0192719162
1.42e-05,1.42e-05,2.5456800277,1.7819760194,2.8197879494
1.42e-05,1.42e-05,2.5456800277,1.7819760194,3.9376589236
1.42e-05,1.42e-05,2.5456800277,1.7819760194,5.498696383
1.42e-05,1.42e-05,2.5456800277,1.7819760194,7.6785883437
1.42e-05,1.42e-05,2.5456800277,1.7819760194,10.7226722201
1.42e-05,1.42e-05,2.5456800277,1.7819760194,14.9735464897
1.42e-05,1.42e-05,2.5456800277,1.7819760194,20.9096286705
1.42e-05,1.42e-05,2.5456800277,1.7819760194,29.1989991443
1.42e-05,1.42e-05,2.5456800277,1.7819760194,40.7745907144
1.42e-05,1.42e-05,2.5456800277,1.7819760194,56.9391861586
1.42e-05,1.42e-05,2.5456800277,1.7819760194,79.5120407981
1.42e-05,1.42e-05,2.5456800277,1.7819760194,111.0336318168
1.42e-05,1.42e-05,2.5456800277,1.7819760194,155.0515779833
1.42e-05,1.42e-05,2.5456800277,1.7819760194,216.5199088036
1.42e-05,1.42e-05,2.5456800277,1.7819760194,302.3566191205
1.42e-05,1.42e-05,2.5456800277,1.7819760194,422.2222595195
1.42e-05,1.42e-05,2.5456800277,1.7819760194,589.6071895242
1.42e-05,1.42e-05,2.5456800277,1.7819760194,823.3498592289
1.42e-05,1.42e-05,2.5456800277,1.7819760194,1149.7569953977
1.42e-05,1.42e-05,2.5456800277,1.7819760194,1605.5643098112
1.42e-05,1.42e-05,2.5456800277,1.7819760194,2242.0709447806
1.42e-05,1.42e-05,2.5456800277,1.7819760194,3130.912969796
1.42e-05,1.42e-05,2.5456800277,1.7819760194,4372.1257113904
1.42e-05,1.42e-05,2.5456800277,1.7819760194,6105.4022965853
1.42e-05,1.42e-05,2.5456800277,1.9092600208,0.1
1.42e-05,1.42e-05,2.5456800277,1.9092600208,0.1396437957
1.42e-05,1.42e-05,2.5456800277,1.9092600208,0.1950038968
1.42e-05,1.42e-05,2.5456800277,1.9092600208,0.2723108433
1.42e-05,1.42e-05,2.5456800277,1.9092600208,0.3802651977
1.42e-05,1.42e-05,2.5456800277,1.9092600208,0.5310167558
1.42e-05,1.42e-05,2.5456800277,1.9092600208,0.7415319537
1.42e-05,1.42e-05,2.5456800277,1.9092600208,1.0355033665
1.42e-05,1.42e-05,2.5456800277,1.9092600208,1.4460162057
1.42e-05,1.42e-05,2.5456800277,1.9092600208,2.0192719162
1.42e-05,1.42e-05,2.5456800277,1.9092600208,2.8197879494
1.42e-05,1.42e-05,2.5456800277,1.9092600208,3.9376589236
1.42e-05,1.42e-05,2.5456800277,1.9092600208,5.498696383
1.42e-05,1.42e-05,2.5456800277,1.9092600208,7.6785883437
1.42e-05,1.42e-05,2.5456800277,1.9092600208,10.7226722201
1.42e-05,1.42e-05,2.5456800277,1.9092600208,14.9735464897
1.42e-05,1.42e-05,2.5456800277,1.9092600208,20.9096286705
1.42e-05,1.42e-05,2.5456800277,1.9092600208,29.1989991443
1.42e-05,1.42e-05,2.5456800277,1.9092600208,40.7745907144
1.42e-05,1.42e-05,2.5456800277,1.9092600208,56.9391861586
1.42e-05,1.42e-05,2.5456800277,1.9092600208,79.5120407981
1.42e-05,1.42e-05,2.5456800277,1.9092600208,111.0336318168
1.42e-05,1.42e-05,2.5456800277,1.9092600208,155.0515779833
1.42e-05,1.42e-05,2.5456800277,1.9092600208,216.5199088036
1.42e-05,1.42e-05,2.5456800277,1.9092600208,302.3566191205
1.42e-05,1.42e-05,2.5456800277,1.9092600208,422.2222595195
1.42e-05,1.42e-05,2.5456800277,1.9092600208,589.6071895242
1.42e-05,1.42e-05,2.5456800277,1.9092600208,823.3498592289
1.42e-05,1.42e-05,2.5456800277,1.9092600208,1149.7569953977
1.42e-05,1.42e-05,2.5456800277,1.9092600208,1605.5643098112
1.42e-05,1.42e-05,2.5456800277,1.9092600208,2242.0709447806
1.42e-05,1.42e-05,2.5456800277,1.9092600208,3130.912969796
1.42e-05,1.42e-05,2.5456800277,1.9092600208,4372.1257113904
1.42e-05,1.42e-05,2.5456800277,1.9092600208,6105.4022965853
1.42e-05,1.42e-05,2.5456800277,2.0365440222,0.1
1.42e-05,1.42e-05,2.5456800277,2.0365440222,0.1396437957
1.42e-05,1.42e-05,2.5456800277,2.0365440222,0.1950038968
1.42e-05,1.42e-05,2.5456800277,2.0365440222,0.2723108433
1.42e-05,1.42e-05,2.5456800277,2.0365440222,0.3802651977
1.42e-05,1.42e-05,2.5456800277,2.0365440222,0.5310167558
1.42e-05,1.42e-05,2.5456800277,2.0365440222,0.7415319537
1.42e-05,1.42e-05,2.5456800277,2.0365440222,1.0355033665
1.42e-05,1.42e-05,2.5456800277,2.0365440222,1.4460162057
1.42e-05,1.42e-05,2.5456800277,2.0365440222,2.0192719162
1.42e-05,1.42e-05,2.5456800277,2.0365440222,2.8197879494
1.42e-05,1.42e-05,2.5456800277,2.0365440222,3.9376589236
1.42e-05,1.42e-05,2.5456800277,2.0365440222,5.498696383
1.42e-05,1.42e-05,2.5456800277,2.0365440222,7.6785883437
1.42e-05,1.42e-05,2.5456800277,2.0365440222,10.7226722201
1.42e-05,1.42e-05,2.5456800277,2.0365440222,14.9735464897
1.42e-05,1.42e-05,2.5456800277,2.0365440222,20.9096286705
1.42e-05,1.42e-05,2.5456800277,2.0365440222,29.1989991443
1.42e-05,1.42e-05,2.5456800277,2.0365440222,40.7745907144
1.42e-05,1.42e-05,2.5456800277,2.0365440222,56.9391861586
1.42e-05,1.42e-05,2.5456800277,2.0365440222,79.5120407981
1.42e-05,1.42e-05,2.5456800277,2.0365440222,111.0336318168
1.42e-05,1.42e-05,2.5456800277,2.0365440222,155.0515779833
1.42e-05,1.42e-05,2.5456800277,2.0365440222,216.5199088036
1.42e-05,1.42e-05,2.5456800277,2.0365440222,302.3566191205
1.42e-05,1.42e-05,2.5456800277,2.0365440222,422.2222595195
1.42e-05,1.42e-05,2.5456800277,2.0365440222,589.6071895242
1.42e-05,1.42e-05,2.5456800277,2.0365440222,823.3498592289
1.42e-05,1.42e-05,2.5456800277,2.0365440222,1149.7569953977
1.42e-05,1.42e-05,2.5456800277,2.0365440222,1605.5643098112
1.42e-05,1.42e-05,2.5456800277,2.0365440222,2242.0709447806
1.42e-05,1.42e-05,2.5456800277,2.0365440222,3130.912969796
1.42e-05,1.42e-05,2.5456800277,2.0365440222,4372.1257113904
1.42e-05,1.42e-05,2.5456800277,2.0365440222,6105.4022965853
1.42e-05,1.42e-05,2.5456800277,2.1638280236,0.1
1.42e-05,1.42e-05,2.5456800277,2.1638280236,0.1396437957
1.42e-05,1.42e-05,2.5456800277,2.1638280236,0.1950038968
1.42e-05,1.42e-05,2.5456800277,2.1638280236,0.2723108433
1.42e-05,1.42e-05,2.5456800277,2.1638280236,0.3802651977
1.42e-05,1.42e-05,2.5456800277,2.1638280236,0.5310167558
1.42e-05,1.42e-05,2.5456800277,2.1638280236,0.7415319537
1.42e-05,1.42e-05,2.5456800277,2.1638280236,1.0355033665
1.42e-05,1.42e-05,2.5456800277,2.1638280236,1.4460162057
1.42e-05,1.42e-05,2.5456800277,2.1638280236,2.0192719162
1.42e-05,1.42e-05,2.5456800277,2.1638280236,2.8197879494
1.42e-05,1.42e-05,2.5456800277,2.1638280236,3.9376589236
1.42e-05,1.42e-05,2.5456800277,2.1638280236,5.498696383
1.42e-05,1.42e-05,2.5456800277,2.1638280236,7.6785883437
1.42e-05,1.42e-05,2.5456800277,2.1638280236,10.7226722201
1.42e-05,1.42e-05,2.5456800277,2.1638280236,14.9735464897
1.42e-05,1.42e-05,2.5456800277,2.1638280236,20.9096286705
1.42e-05,1.42e-05,2.5456800277,2.1638280236,29.1989991443
1.42e-05,1.42e-05,2.5456800277,2.1638280236,40.7745907144
1.42e-05,1.42e-05,2.5456800277,2.1638280236,56.9391861586
1.42e-05,1.42e-05,2.5456800277,2.1638280236,79.5120407981
1.42e-05,1.42e-05,2.5456800277,2.1638280236,111.0336318168
1.42e-05,1.42e-05,2.5456800277,2.1638280236,155.0515779833
1.42e-05,1.42e-05,2.5456800277,2.1638280236,216.5199088036
1.42e-05,1.42e-05,2.5456800277,2.1638280236,302.3566191205
1.42e-05,1.42e-05,2.5456800277,2.1638280236,422.2222595195
1.42e-05,1.42e-05,2.5456800277,2.1638280236,589.6071895242
1.42e-05,1.42e-05,2.5456800277,2.1638280236,823.3498592289
1.42e-05,1.42e-05,2.5456800277,2.1638280236,1149.7569953977
1.42e-05,1.42e-05,2.5456800277,2.1638280236,1605.5643098112
1.42e-05,1.42e-05,2.5456800277,2.1638280236,2242.0709447806
1.42e-05,1.42e-05,2.5456800277,2.1638280236,3130.912969796
1.42e-05,1.42e-05,2.5456800277,2.1638280236,4372.1257113904
1.42e-05,1.42e-05,2.5456800277,2.1638280236,6105.4022965853
1.42e-05,1.42e-05,2.5456800277,2.2911120249,0.1
1.42e-05,1.42e-05,2.5456800277,2.2911120249,0.1396437957
1.42e-05,1.42e-05,2.5456800277,2.2911120249,0.1950038968
1.42e-05,1.42e-05,2.5456800277,2.2911120249,0.2723108433
1.42e-05,1.42e-05,2.5456800277,2.2911120249,0.3802651977
1.42e-05,1.42e-05,2.5456800277,2.2911120249,0.5310167558
1.42e-05,1.42e-05,2.5456800277,2.2911120249,0.7415319537
1.42e-05,1.42e-05,2.5456800277,2.2911120249,1.0355033665
1.42e-05,1.42e-05,2.5456800277,2.2911120249,1.4460162057
1.42e-05,1.42e-05,2.5456800277,2.2911120249,2.0192719162
1.42e-05,1.42e-05,2.5456800277,2.2911120249,2.8197879494
1.42e-05,1.42e-05,2.5456800277,2.2911120249,3.9376589236
1.42e-05,1.42e-05,2.5456800277,2.2911120249,5.498696383
1.42e-05,1.42e-05,2.5456800277,2.2911120249,7.6785883437
1.42e-05,1.42e-05,2.5456800277,2.2911120249,10.7226722201
1.42e-05,1.42e-05,2.5456800277,2.2911120249,14.9735464897
1.42e-05,1.42e-05,2.5456800277,2.2911120249,20.9096286705
1.42e-05,1.42e-05,2.5456800277,2.2911120249,29.1989991443
1.42e-05,1.42e-05,2.5456800277,2.2911120249,40.7745907144
1.42e-05,1.42e-05,2.5456800277,2.2911120249,56.9391861586
1.42e-05,1.42e-05,2.5456800277,2.2911120249,79.5120407981
1.42e-05,1.42e-05,2.5456800277,2.2911120249,111.0336318168
1.42e-05,1.42e-05,2.5456800277,2.2911120249,155.0515779833
1.42e-05,1.42e-05,2.5456800277,2.2911120249,216.5199088036
1.42e-05,1.42e-05,2.5456800277,2.2911120249,302.3566191205
1.42e-05,1.42e-05,2.5456800277,2.2911120249,422.2222595195
1.42e-05,1.42e-05,2.5456800277,2.2911120249,589.6071895242
1.42e-05,1.42e-05,2.5456800277,2.2911120249,823.3498592289
1.42e-05,1.42e-05,2.5456800277,2.2911120249,1149.7569953977
1.42e-05,1.42e-05,2.5456800277,2.2911120249,1605.5643098112
1.42e-05,1.42e-05,2.5456800277,2.2911120249,2242.0709447806
1.42e-05,1.42e-05,2.5456800277,2.2911120249,3130.912969796
1.42e-05,1.42e-05,2.5456800277,2.2911120249,4372.1257113904
1.42e-05,1.42e-05,2.5456800277,2.2911120249,6105.4022965853
1.42e-05,1.42e-05,2.5456800277,2.4183960263,0.1
1.42e-05,1.42e-05,2.5456800277,2.4183960263,0.1396437957
1.42e-05,1.42e-05,2.5456800277,2.4183960263,0.1950038968
1.42e-05,1.42e-05,2.5456800277,2.4183960263,0.2723108433
1.42e-05,1.42e-05,2.5456800277,2.4183960263,0.3802651977
1.42e-05,1.42e-05,2.5456800277,2.4183960263,0.5310167558
1.42e-05,1.42e-05,2.5456800277,2.4183960263,0.7415319537
1.42e-05,1.42e-05,2.5456800277,2.4183960263,1.0355033665
1.42e-05,1.42e-05,2.5456800277,2.4183960263,1.4460162057
1.42e-05,1.42e-05,2.5456800277,2.4183960263,2.0192719162
1.42e-05,1.42e-05,2.5456800277,2.4183960263,2.8197879494
1.42e-05,1.42e-05,2.5456800277,2.4183960263,3.9376589236
1.42e-05,1.42e-05,2.5456800277,2.4183960263,5.498696383
1.42e-05,1.42e-05,2.5456800277,2.4183960263,7.6785883437
1.42e-05,1.42e-05,2.5456800277,2.4183960263,10.7226722201
1.42e-05,1.42e-05,2.5456800277,2.4183960263,14.9735464897
1.42e-05,1.42e-05,2.5456800277,2.4183960263,20.9096286705
1.42e-05,1.42e-05,2.5456800277,2.4183960263,29.1989991443
1.42e-05,1.42e-05,2.5456800277,2.4183960263,40.7745907144
1.42e-05,1.42e-05,2.5456800277,2.4183960263,56.9391861586
1.42e-05,1.42e-05,2.5456800277,2.4183960263,79.5120407981
1.42e-05,1.42e-05,2.5456800277,2.4183960263,111.0336318168
1.42e-05,1.42e-05,2.5456800277,2.4183960263,155.0515779833
1.42e-05,1.42e-05,2.5456800277,2.4183960263,216.5199088036
1.42e-05,1.42e-05,2.5456800277,2.4183960263,302.3566191205
1.42e-05,1.42e-05,2.5456800277,2.4183960263,422.2222595195
1.42e-05,1.42e-05,2.5456800277,2.4183960263,589.6071895242
1.42e-05,1.42e-05,2.5456800277,2.4183960263,823.3498592289
1.42e-05,1.42e-05,2.5456800277,2.4183960263,1149.7569953977
1.42e-05,1.42e-05,2.5456800277,2.4183960263,1605.5643098112
1.42e-05,1.42e-05,2.5456800277,2.4183960263,2242.0709447806
1.42e-05,1.42e-05,2.5456800277,2.4183960263,3130.912969796
1.42e-05,1.42e-05,2.5456800277,2.4183960263,4372.1257113904
1.42e-05,1.42e-05,2.5456800277,2.4183960263,6105.4022965853
1.42e-05,1.42e-05,2.5456800277,2.5202232274,0.1
1.42e-05,1.42e-05,2.5456800277,2.5202232274,0.1396437957
1.42e-05,1.42e-05,2.5456800277,2.5202232274,0.1950038968
1.42e-05,1.42e-05,2.5456800277,2.5202232274,0.2723108433
1.42e-05,1.42e-05,2.5456800277,2.5202232274,0.3802651977
1.42e-05,1.42e-05,2.5456800277,2.5202232274,0.5310167558
1.42e-05,1.42e-05,2.5456800277,2.5202232274,0.7415319537
1.42e-05,1.42e-05,2.5456800277,2.5202232274,1.0355033665
1.42e-05,1.42e-05,2.5456800277,2.5202232274,1.4460162057
1.42e-05,1.42e-05,2.5456800277,2.5202232274,2.0192719162
1.42e-05,1.42e-05,2.5456800277,2.5202232274,2.8197879494
1.42e-05,1.42e-05,2.5456800277,2.5202232274,3.9376589236
1.42e-05,1.42e-05,2.5456800277,2.5202232274,5.498696383
1.42e-05,1.42e-05,2.5456800277,2.5202232274,7.6785883437
1.42e-05,1.42e-05,2.5456800277,2.5202232274,10.7226722201
1.42e-05,1.42e-05,2.5456800277,2.5202232274,14.9735464897
1.42e-05,1.42e-05,2.5456800277,2.5202232274,20.9096286705
1.42e-05,1.42e-05,2.5456800277,2.5202232274,29.1989991443
1.42e-05,1.42e-05,2.5456800277,2.5202232274,40.7745907144
1.42e-05,1.42e-05,2.5456800277,2.5202232274,56.9391861586
1.42e-05,1.42e-05,2.5456800277,2.5202232274,79.5120407981
1.42e-05,1.42e-05,2.5456800277,2.5202232274,111.0336318168
1.42e-05,1.42e-05,2.5456800277,2.5202232274,155.0515779833
1.42e-05,1.42e-05,2.5456800277,2.5202232274,216.5199088036
1.42e-05,1.42e-05,2.5456800277,2.5202232274,302.3566191205
1.42e-05,1.42e-05,2.5456800277,2.5202232274,422.2222595195
1.42e-05,1.42e-05,2.5456800277,2.5202232274,589.6071895242
1.42e-05,1.42e-05,2.5456800277,2.5202232274,823.3498592289
1.42e-05,1.42e-05,2.5456800277,2.5202232274,1149.7569953977
1.42e-05,1.42e-05,2.5456800277,2.5202232274,1605.5643098112
1.42e-05,1.42e-05,2.5456800277,2.5202232274,2242.0709447806
1.42e-05,1.42e-05,2.5456800277,2.5202232274,3130.912969796
1.42e-05,1.42e-05,2.5456800277,2.5202232274,4372.1257113904
1.42e-05,1.42e-05,2.5456800277,2.5202232274,6105.4022965853
1.42e-05,1.42e-05,2.8357238931,0.1417861947,0.1
1.42e-05,1.42e-05,2.8357238931,0.1417861947,0.1396437957
1.42e-05,1.42e-05,2.8357238931,0.1417861947,0.1950038968
1.42e-05,1.42e-05,2.8357238931,0.1417861947,0.2723108433
1.42e-05,1.42e-05,2.8357238931,0.1417861947,0.3802651977
1.42e-05,1.42e-05,2.8357238931,0.1417861947,0.5310167558
1.42e-05,1.42e-05,2.8357238931,0.1417861947,0.7415319537
1.42e-05,1.42e-05,2.8357238931,0.1417861947,1.0355033665
1.42e-05,1.42e-05,2.8357238931,0.1417861947,1.4460162057
1.42e-05,1.42e-05,2.8357238931,0.1417861947,2.0192719162
1.42e-05,1.42e-05,2.8357238931,0.1417861947,2.8197879494
1.42e-05,1.42e-05,2.8357238931,0.1417861947,3.9376589236
1.42e-05,1.42e-05,2.8357238931,0.1417861947,5.498696383
1.42e-05,1.42e-05,2.8357238931,0.1417861947,7.6785883437
1.42e-05,1.42e-05,2.8357238931,0.1417861947,10.7226722201
1.42e-05,1.42e-05,2.8357238931,0.1417861947,14.9735464897
1.42e-05,1.42e-05,2.8357238931,0.1417861947,20.9096286705
1.42e-05,1.42e-05,2.8357238931,0.1417861947,29.1989991443
1.42e-05,1.42e-05,2.8357238931,0.1417861947,40.7745907144
1.42e-05,1.42e-05,2.8357238931,0.1417861947,56.9391861586
1.42e-05,1.42e-05,2.8357238931,0.1417861947,79.5120407981
1.42e-05,1.42e-05,2.8357238931,0.1417861947,111.0336318168
1.42e-05,1.42e-05,2.8357238931,0.1417861947,155.0515779833
1.42e-05,1.42e-05,2.8357238931,0.1417861947,216.5199088036
1.42e-05,1.42e-05,2.8357238931,0.1417861947,302.3566191205
1.42e-05,1.42e-05,2.8357238931,0.1417861947,422.2222595195
1.42e-05,1.42e-05,2.8357238931,0.1417861947,589.6071895242
1.42e-05,1.42e-05,2.8357238931,0.1417861947,823.3498592289
1.42e-05,1.42e-05,2.8357238931,0.1417861947,1149.7569953977
1.42e-05,1.42e-05,2.8357238931,0.1417861947,1605.5643098112
1.42e-05,1.42e-05,2.8357238931,0.1417861947,2242.0709447806
1.42e-05,1.42e-05,2.8357238931,0.1417861947,3130.912969796
1.42e-05,1.42e-05,2.8357238931,0.1417861947,4372.1257113904
1.42e-05,1.42e-05,2.8357238931,0.1417861947,6105.4022965853
1.42e-05,1.42e-05,2.8357238931,0.2835723893,0.1
1.42e-05,1.42e-05,2.8357238931,0.2835723893,0.1396437957
1.42e-05,1.42e-05,2.8357238931,0.2835723893,0.1950038968
1.42e-05,1.42e-05,2.8357238931,0.2835723893,0.2723108433
1.42e-05,1.42e-05,2.8357238931,0.2835723893,0.3802651977
1.42e-05,1.42e-05,2.8357238931,0.2835723893,0.5310167558
1.42e-05,1.42e-05,2.8357238931,0.2835723893,0.7415319537
1.42e-05,1.42e-05,2.8357238931,0.2835723893,1.0355033665
1.42e-05,1.42e-05,2.8357238931,0.2835723893,1.4460162057
1.42e-05,1.42e-05,2.8357238931,0.2835723893,2.0192719162
1.42e-05,1.42e-05,2.8357238931,0.2835723893,2.8197879494
1.42e-05,1.42e-05,2.8357238931,0.2835723893,3.9376589236
1.42e-05,1.42e-05,2.8357238931,0.2835723893,5.498696383
1.42e-05,1.42e-05,2.8357238931,0.2835723893,7.6785883437
1.42e-05,1.42e-05,2.8357238931,0.2835723893,10.7226722201
1.42e-05,1.42e-05,2.8357238931,0.2835723893,14.9735464897
1.42e-05,1.42e-05,2.8357238931,0.2835723893,20.9096286705
1.42e-05,1.42e-05,2.8357238931,0.2835723893,29.1989991443
1.42e-05,1.42e-05,2.8357238931,0.2835723893,40.7745907144
1.42e-05,1.42e-05,2.8357238931,0.2835723893,56.9391861586
1.42e-05,1.42e-05,2.8357238931,0.2835723893,79.5120407981
1.42e-05,1.42e-05,2.8357238931,0.2835723893,111.0336318168
1.42e-05,1.42e-05,2.8357238931,0.2835723893,155.0515779833
1.42e-05,1.42e-05,2.8357238931,0.2835723893,216.5199088036
1.42e-05,1.42e-05,2.8357238931,0.2835723893,302.3566191205
1.42e-05,1.42e-05,2.8357238931,0.2835723893,422.2222595195
1.42e-05,1.42e-05,2.8357238931,0.2835723893,589.6071895242
1.42e-05,1.42e-05,2.8357238931,0.2835723893,823.3498592289
1.42e-05,1.42e-05,2.8357238931,0.2835723893,1149.7569953977
1.42e-05,1.42e-05,2.8357238931,0.2835723893,1605.5643098112
1.42e-05,1.42e-05,2.8357238931,0.2835723893,2242.0709447806
1.42e-05,1.42e-05,2.8357238931,0.2835723893,3130.912969796
1.42e-05,1.42e-05,2.8357238931,0.2835723893,4372.1257113904
1.42e-05,1.42e-05,2.8357238931,0.2835723893,6105.4022965853
1.42e-05,1.42e-05,2.8357238931,0.425358584,0.1
1.42e-05,1.42e-05,2.8357238931,0.425358584,0.1396437957
1.42e-05,1.42e-05,2.8357238931,0.425358584,0.1950038968
1.42e-05,1.42e-05,2.8357238931,0.425358584,0.2723108433
1.42e-05,1.42e-05,2.8357238931,0.425358584,0.3802651977
1.42e-05,1.42e-05,2.8357238931,0.425358584,0.5310167558
1.42e-05,1.42e-05,2.8357238931,0.425358584,0.7415319537
1.42e-05,1.42e-05,2.8357238931,0.425358584,1.0355033665
1.42e-05,1.42e-05,2.8357238931,0.425358584,1.4460162057
1.42e-05,1.42e-05,2.8357238931,0.425358584,2.0192719162
1.42e-05,1.42e-05,2.8357238931,0.425358584,2.8197879494
1.42e-05,1.42e-05,2.8357238931,0.425358584,3.9376589236
1.42e-05,1.42e-05,2.8357238931,0.425358584,5.498696383
1.42e-05,1.42e-05,2.8357238931,0.425358584,7.6785883437
1.42e-05,1.42e-05,2.8357238931,0.425358584,10.7226722201
1.42e-05,1.42e-05,2.8357238931,0.425358584,14.9735464897
1.42e-05,1.42e-05,2.8357238931,0.425358584,20.9096286705
1.42e-05,1.42e-05,2.8357238931,0.425358584,29.1989991443
1.42e-05,1.42e-05,2.8357238931,0.425358584,40.7745907144
1.42e-05,1.42e-05,2.8357238931,0.425358584,56.9391861586
1.42e-05,1.42e-05,2.8357238931,0.425358584,79.5120407981
1.42e-05,1.42e-05,2.8357238931,0.425358584,111.0336318168
1.42e-05,1.42e-05,2.8357238931,0.425358584,155.0515779833
1.42e-05,1.42e-05,2.8357238931,0.425358584,216.5199088036
1.42e-05,1.42e-05,2.8357238931,0.425358584,302.3566191205
1.42e-05,1.42e-05,2.8357238931,0.425358584,422.2222595195
1.42e-05,1.42e-05,2.8357238931,0.425358584,589.6071895242
1.42e-05,1.42e-05,2.8357238931,0.425358584,823.3498592289
1.42e-05,1.42e-05,2.8357238931,0.425358584,1149.7569953977
1.42e-05,1.42e-05,2.8357238931,0.425358584,1605.5643098112
1.42e-05,1.42e-05,2.8357238931,0.425358584,2242.0709447806
1.42e-05,1.42e-05,2.8357238931,0.425358584,3130.912969796
1.42e-05,1.42e-05,2.8357238931,0.425358584,4372.1257113904
1.42e-05,1.42e-05,2.8357238931,0.425358584,6105.4022965853
1.42e-05,1.42e-05,2.8357238931,0.5671447786,0.1
1.42e-05,1.42e-05,2.8357238931,0.5671447786,0.1396437957
1.42e-05,1.42e-05,2.8357238931,0.5671447786,0.1950038968
1.42e-05,1.42e-05,2.8357238931,0.5671447786,0.2723108433
1.42e-05,1.42e-05,2.8357238931,0.5671447786,0.3802651977
1.42e-05,1.42e-05,2.8357238931,0.5671447786,0.5310167558
1.42e-05,1.42e-05,2.8357238931,0.5671447786,0.7415319537
1.42e-05,1.42e-05,2.8357238931,0.5671447786,1.0355033665
1.42e-05,1.42e-05,2.8357238931,0.5671447786,1.4460162057
1.42e-05,1.42e-05,2.8357238931,0.5671447786,2.0192719162
1.42e-05,1.42e-05,2.8357238931,0.5671447786,2.8197879494
1.42e-05,1.42e-05,2.8357238931,0.5671447786,3.9376589236
1.42e-05,1.42e-05,2.8357238931,0.5671447786,5.498696383
1.42e-05,1.42e-05,2.8357238931,0.5671447786,7.6785883437
1.42e-05,1.42e-05,2.8357238931,0.5671447786,10.7226722201
1.42e-05,1.42e-05,2.8357238931,0.5671447786,14.9735464897
1.42e-05,1.42e-05,2.8357238931,0.5671447786,20.9096286705
1.42e-05,1.42e-05,2.8357238931,0.5671447786,29.1989991443
1.42e-05,1.42e-05,2.8357238931,0.5671447786,40.7745907144
1.42e-05,1.42e-05,2.8357238931,0.5671447786,56.9391861586
1.42e-05,1.42e-05,2.8357238931,0.5671447786,79.5120407981
1.42e-05,1.42e-05,2.8357238931,0.5671447786,111.0336318168
1.42e-05,1.42e-05,2.8357238931,0.5671447786,155.0515779833
1.42e-05,1.42e-05,2.8357238931,0.5671447786,216.5199088036
1.42e-05,1.42e-05,2.8357238931,0.5671447786,302.3566191205
1.42e-05,1.42e-05,2.8357238931,0.5671447786,422.2222595195
1.42e-05,1.42e-05,2.8357238931,0.5671447786,589.6071895242
1.42e-05,1.42e-05,2.8357238931,0.5671447786,823.3498592289
1.42e-05,1.42e-05,2.8357238931,0.5671447786,1149.7569953977
1.42e-05,1.42e-05,2.8357238931,0.5671447786,1605.5643098112
1.42e-05,1.42e-05,2.8357238931,0.5671447786,2242.0709447806
1.42e-05,1.42e-05,2.8357238931,0.5671447786,3130.912969796
1.42e-05,1.42e-05,2.8357238931,0.5671447786,4372.1257113904
1.42e-05,1.42e-05,2.8357238931,0.5671447786,6105.4022965853
1.42e-05,1.42e-05,2.8357238931,0.7089309733,0.1
1.42e-05,1.42e-05,2.8357238931,0.7089309733,0.1396437957
1.42e-05,1.42e-05,2.8357238931,0.7089309733,0.1950038968
1.42e-05,1.42e-05,2.8357238931,0.7089309733,0.2723108433
1.42e-05,1.42e-05,2.8357238931,0.7089309733,0.3802651977
1.42e-05,1.42e-05,2.8357238931,0.7089309733,0.5310167558
1.42e-05,1.42e-05,2.8357238931,0.7089309733,0.7415319537
1.42e-05,1.42e-05,2.8357238931,0.7089309733,1.0355033665
1.42e-05,1.42e-05,2.8357238931,0.7089309733,1.4460162057
1.42e-05,1.42e-05,2.8357238931,0.7089309733,2.0192719162
1.42e-05,1.42e-05,2.8357238931,0.7089309733,2.8197879494
1.42e-05,1.42e-05,2.8357238931,0.7089309733,3.9376589236
1.42e-05,1.42e-05,2.8357238931,0.7089309733,5.498696383
1.42e-05,1.42e-05,2.8357238931,0.7089309733,7.6785883437
1.42e-05,1.42e-05,2.8357238931,0.7089309733,10.7226722201
1.42e-05,1.42e-05,2.8357238931,0.7089309733,14.9735464897
1.42e-05,1.42e-05,2.8357238931,0.7089309733,20.9096286705
1.42e-05,1.42e-05,2.8357238931,0.7089309733,29.1989991443
1.42e-05,1.42e-05,2.8357238931,0.7089309733,40.7745907144
1.42e-05,1.42e-05,2.8357238931,0.7089309733,56.9391861586
1.42e-05,1.42e-05,2.8357238931,0.7089309733,79.5120407981
1.42e-05,1.42e-05,2.8357238931,0.7089309733,111.0336318168
1.42e-05,1.42e-05,2.8357238931,0.7089309733,155.0515779833
1.42e-05,1.42e-05,2.8357238931,0.7089309733,216.5199088036
1.42e-05,1.42e-05,2.8357238931,0.7089309733,302.3566191205
1.42e-05,1.42e-05,2.8357238931,0.7089309733,422.2222595195
1.42e-05,1.42e-05,2.8357238931,0.7089309733,589.6071895242
1.42e-05,1.42e-05,2.8357238931,0.7089309733,823.3498592289
1.42e-05,1.42e-05,2.8357238931,0.7089309733,1149.7569953977
1.42e-05,1.42e-05,2.8357238931,0.7089309733,1605.5643098112
1.42e-05,1.42e-05,2.8357238931,0.7089309733,2242.0709447806
1.42e-05,1.42e-05,2.8357238931,0.7089309733,3130.912969796
1.42e-05,1.42e-05,2.8357238931,0.7089309733,4372.1257113904
1.42e-05,1.42e-05,2.8357238931,0.7089309733,6105.4022965853
1.42e-05,1.42e-05,2.8357238931,0.8507171679,0.1
1.42e-05,1.42e-05,2.8357238931,0.8507171679,0.1396437957
1.42e-05,1.42e-05,2.8357238931,0.8507171679,0.1950038968
1.42e-05,1.42e-05,2.8357238931,0.8507171679,0.2723108433
1.42e-05,1.42e-05,2.8357238931,0.8507171679,0.3802651977
1.42e-05,1.42e-05,2.8357238931,0.8507171679,0.5310167558
1.42e-05,1.42e-05,2.8357238931,0.8507171679,0.7415319537
1.42e-05,1.42e-05,2.8357238931,0.8507171679,1.0355033665
1.42e-05,1.42e-05,2.8357238931,0.8507171679,1.4460162057
1.42e-05,1.42e-05,2.8357238931,0.8507171679,2.0192719162
1.42e-05,1.42e-05,2.8357238931,0.8507171679,2.8197879494
1.42e-05,1.42e-05,2.8357238931,0.8507171679,3.9376589236
1.42e-05,1.42e-05,2.8357238931,0.8507171679,5.498696383
1.42e-05,1.42e-05,2.8357238931,0.8507171679,7.6785883437
1.42e-05,1.42e-05,2.8357238931,0.8507171679,10.7226722201
1.42e-05,1.42e-05,2.8357238931,0.8507171679,14.9735464897
1.42e-05,1.42e-05,2.8357238931,0.8507171679,20.9096286705
1.42e-05,1.42e-05,2.8357238931,0.8507171679,29.1989991443
1.42e-05,1.42e-05,2.8357238931,0.8507171679,40.7745907144
1.42e-05,1.42e-05,2.8357238931,0.8507171679,56.9391861586
1.42e-05,1.42e-05,2.8357238931,0.8507171679,79.5120407981
1.42e-05,1.42e-05,2.8357238931,0.8507171679,111.0336318168
1.42e-05,1.42e-05,2.8357238931,0.8507171679,155.0515779833
1.42e-05,1.42e-05,2.8357238931,0.8507171679,216.5199088036
1.42e-05,1.42e-05,2.8357238931,0.8507171679,302.3566191205
1.42e-05,1.42e-05,2.8357238931,0.8507171679,422.2222595195
1.42e-05,1.42e-05,2.8357238931,0.8507171679,589.6071895242
1.42e-05,1.42e-05,2.8357238931,0.8507171679,823.3498592289
1.42e-05,1.42e-05,2.8357238931,0.8507171679,1149.7569953977
1.42e-05,1.42e-05,2.8357238931,0.8507171679,1605.5643098112
1.42e-05,1.42e-05,2.8357238931,0.8507171679,2242.0709447806
1.42e-05,1.42e-05,2.8357238931,0.8507171679,3130.912969796
1.42e-05,1.42e-05,2.8357238931,0.8507171679,4372.1257113904
1.42e-05,1.42e-05,2.8357238931,0.8507171679,6105.4022965853
1.42e-05,1.42e-05,2.8357238931,0.9925033626,0.1
1.42e-05,1.42e-05,2.8357238931,0.9925033626,0.1396437957
1.42e-05,1.42e-05,2.8357238931,0.9925033626,0.1950038968
1.42e-05,1.42e-05,2.8357238931,0.9925033626,0.2723108433
1.42e-05,1.42e-05,2.8357238931,0.9925033626,0.3802651977
1.42e-05,1.42e-05,2.8357238931,0.9925033626,0.5310167558
1.42e-05,1.42e-05,2.8357238931,0.9925033626,0.7415319537
1.42e-05,1.42e-05,2.8357238931,0.9925033626,1.0355033665
1.42e-05,1.42e-05,2.8357238931,0.9925033626,1.4460162057
1.42e-05,1.42e-05,2.8357238931,0.9925033626,2.0192719162
1.42e-05,1.42e-05,2.8357238931,0.9925033626,2.8197879494
1.42e-05,1.42e-05,2.8357238931,0.9925033626,3.9376589236
1.42e-05,1.42e-05,2.8357238931,0.9925033626,5.498696383
1.42e-05,1.42e-05,2.8357238931,0.9925033626,7.6785883437
1.42e-05,1.42e-05,2.8357238931,0.9925033626,10.7226722201
1.42e-05,1.42e-05,2.8357238931,0.9925033626,14.9735464897
1.42e-05,1.42e-05,2.8357238931,0.9925033626,20.9096286705
1.42e-05,1.42e-05,2.8357238931,0.9925033626,29.1989991443
1.42e-05,1.42e-05,2.8357238931,0.9925033626,40.7745907144
1.42e-05,1.42e-05,2.8357238931,0.9925033626,56.9391861586
1.42e-05,1.42e-05,2.8357238931,0.9925033626,79.5120407981
1.42e-05,1.42e-05,2.8357238931,0.9925033626,111.0336318168
1.42e-05,1.42e-05,2.8357238931,0.9925033626,155.0515779833
1.42e-05,1.42e-05,2.8357238931,0.9925033626,216.5199088036
1.42e-05,1.42e-05,2.8357238931,0.9925033626,302.3566191205
1.42e-05,1.42e-05,2.8357238931,0.9925033626,422.2222595195
1.42e-05,1.42e-05,2.8357238931,0.9925033626,589.6071895242
1.42e-05,1.42e-05,2.8357238931,0.9925033626,823.3498592289
1.42e-05,1.42e-05,2.8357238931,0.9925033626,1149.7569953977
1.42e-05,1.42e-05,2.8357238931,0.9925033626,1605.5643098112
1.42e-05,1.42e-05,2.8357238931,0.9925033626,2242.0709447806
1.42e-05,1.42e-05,2.8357238931,0.9925033626,3130.912969796
1.42e-05,1.42e-05,2.8357238931,0.9925033626,4372.1257113904
1.42e-05,1.42e-05,2.8357238931,0.9925033626,6105.4022965853
1.42e-05,1.42e-05,2.8357238931,1.1342895572,0.1
1.42e-05,1.42e-05,2.8357238931,1.1342895572,0.1396437957
1.42e-05,1.42e-05,2.8357238931,1.1342895572,0.1950038968
1.42e-05,1.42e-05,2.8357238931,1.1342895572,0.2723108433
1.42e-05,1.42e-05,2.8357238931,1.1342895572,0.3802651977
1.42e-05,1.42e-05,2.8357238931,1.1342895572,0.5310167558
1.42e-05,1.42e-05,2.8357238931,1.1342895572,0.7415319537
1.42e-05,1.42e-05,2.8357238931,1.1342895572,1.0355033665
1.42e-05,1.42e-05,2.8357238931,1.1342895572,1.4460162057
1.42e-05,1.42e-05,2.8357238931,1.1342895572,2.0192719162
1.42e-05,1.42e-05,2.8357238931,1.1342895572,2.8197879494
1.42e-05,1.42e-05,2.8357238931,1.1342895572,3.9376589236
1.42e-05,1.42e-05,2.8357238931,1.1342895572,5.498696383
1.42e-05,1.42e-05,2.8357238931,1.1342895572,7.6785883437
1.42e-05,1.42e-05,2.8357238931,1.1342895572,10.7226722201
1.42e-05,1.42e-05,2.8357238931,1.1342895572,14.9735464897
1.42e-05,1.42e-05,2.8357238931,1.1342895572,20.9096286705
1.42e-05,1.42e-05,2.8357238931,1.1342895572,29.1989991443
1.42e-05,1.42e-05,2.8357238931,1.1342895572,40.7745907144
1.42e-05,1.42e-05,2.8357238931,1.1342895572,56.9391861586
1.42e-05,1.42e-05,2.8357238931,1.1342895572,79.5120407981
1.42e-05,1.42e-05,2.8357238931,1.1342895572,111.0336318168
1.42e-05,1.42e-05,2.8357238931,1.1342895572,155.0515779833
1.42e-05,1.42e-05,2.8357238931,1.1342895572,216.5199088036
1.42e-05,1.42e-05,2.8357238931,1.1342895572,302.3566191205
1.42e-05,1.42e-05,2.8357238931,1.1342895572,422.2222595195
1.42e-05,1.42e-05,2.8357238931,1.1342895572,589.6071895242
1.42e-05,1.42e-05,2.8357238931,1.1342895572,823.3498592289
1.42e-05,1.42e-05,2.8357238931,1.1342895572,1149.7569953977
1.42e-05,1.42e-05,2.8357238931,1.1342895572,1605.5643098112
1.42e-05,1.42e-05,2.8357238931,1.1342895572,2242.0709447806
1.42e-05,1.42e-05,2.8357238931,1.1342895572,3130.912969796
1.42e-05,1.42e-05,2.8357238931,1.1342895572,4372.1257113904
1.42e-05,1.42e-05,2.8357238931,1.1342895572,6105.4022965853
1.42e-05,1.42e-05,2.8357238931,1.2760757519,0.1
1.42e-05,1.42e-05,2.8357238931,1.2760757519,0.1396437957
1.42e-05,1.42e-05,2.8357238931,1.2760757519,0.1950038968
1.42e-05,1.42e-05,2.8357238931,1.2760757519,0.2723108433
1.42e-05,1.42e-05,2.8357238931,1.2760757519,0.3802651977
1.42e-05,1.42e-05,2.8357238931,1.2760757519,0.5310167558
1.42e-05,1.42e-05,2.8357238931,1.2760757519,0.7415319537
1.42e-05,1.42e-05,2.8357238931,1.2760757519,1.0355033665
1.42e-05,1.42e-05,2.8357238931,1.2760757519,1.4460162057
1.42e-05,1.42e-05,2.8357238931,1.2760757519,2.0192719162
1.42e-05,1.42e-05,2.8357238931,1.2760757519,2.8197879494
1.42e-05,1.42e-05,2.8357238931,1.2760757519,3.9376589236
1.42e-05,1.42e-05,2.8357238931,1.2760757519,5.498696383
1.42e-05,1.42e-05,2.8357238931,1.2760757519,7.6785883437
1.42e-05,1.42e-05,2.8357238931,1.2760757519,10.7226722201
1.42e-05,1.42e-05,2.8357238931,1.2760757519,14.9735464897
1.42e-05,1.42e-05,2.8357238931,1.2760757519,20.9096286705
1.42e-05,1.42e-05,2.8357238931,1.2760757519,29.1989991443
1.42e-05,1.42e-05,2.8357238931,1.2760757519,40.7745907144
1.42e-05,1.42e-05,2.8357238931,1.2760757519,56.9391861586
1.42e-05,1.42e-05,2.8357238931,1.2760757519,79.5120407981
1.42e-05,1.42e-05,2.8357238931,1.2760757519,111.0336318168
1.42e-05,1.42e-05,2.8357238931,1.2760757519,155.0515779833
1.42e-05,1.42e-05,2.8357238931,1.2760757519,216.5199088036
1.42e-05,1.42e-05,2.8357238931,1.2760757519,302.3566191205
1.42e-05,1.42e-05,2.8357238931,1.2760757519,422.2222595195
1.42e-05,1.42e-05,2.8357238931,1.2760757519,589.6071895242
1.42e-05,1.42e-05,2.8357238931,1.2760757519,823.3498592289
1.42e-05,1.42e-05,2.8357238931,1.2760757519,1149.7569953977
1.42e-05,1.42e-05,2.8357238931,1.2760757519,1605.5643098112
1.42e-05,1.42e-05,2.8357238931,1.2760757519,2242.0709447806
1.42e-05,1.42e-05,2.8357238931,1.2760757519,3130.912969796
1.42e-05,1.42e-05,2.8357238931,1.2760757519,4372.1257113904
1.42e-05,1.42e-05,2.8357238931,1.2760757519,6105.4022965853
1.42e-05,1.42e-05,2.8357238931,1.4178619465,0.1
1.42e-05,1.42e-05,2.8357238931,1.4178619465,0.1396437957
1.42e-05,1.42e-05,2.8357238931,1.4178619465,0.1950038968
1.42e-05,1.42e-05,2.8357238931,1.4178619465,0.2723108433
1.42e-05,1.42e-05,2.8357238931,1.4178619465,0.3802651977
1.42e-05,1.42e-05,2.8357238931,1.4178619465,0.5310167558
1.42e-05,1.42e-05,2.8357238931,1.4178619465,0.7415319537
1.42e-05,1.42e-05,2.8357238931,1.4178619465,1.0355033665
1.42e-05,1.42e-05,2.8357238931,1.4178619465,1.4460162057
1.42e-05,1.42e-05,2.8357238931,1.4178619465,2.0192719162
1.42e-05,1.42e-05,2.8357238931,1.4178619465,2.8197879494
1.42e-05,1.42e-05,2.8357238931,1.4178619465,3.9376589236
1.42e-05,1.42e-05,2.8357238931,1.4178619465,5.498696383
1.42e-05,1.42e-05,2.8357238931,1.4178619465,7.6785883437
1.42e-05,1.42e-05,2.8357238931,1.4178619465,10.7226722201
1.42e-05,1.42e-05,2.8357238931,1.4178619465,14.9735464897
1.42e-05,1.42e-05,2.8357238931,1.4178619465,20.9096286705
1.42e-05,1.42e-05,2.8357238931,1.4178619465,29.1989991443
1.42e-05,1.42e-05,2.8357238931,1.4178619465,40.7745907144
1.42e-05,1.42e-05,2.8357238931,1.4178619465,56.9391861586
1.42e-05,1.42e-05,2.8357238931,1.4178619465,79.5120407981
1.42e-05,1.42e-05,2.8357238931,1.4178619465,111.0336318168
1.42e-05,1.42e-05,2.8357238931,1.4178619465,155.0515779833
1.42e-05,1.42e-05,2.8357238931,1.4178619465,216.5199088036
1.42e-05,1.42e-05,2.8357238931,1.4178619465,302.3566191205
1.42e-05,1.42e-05,2.8357238931,1.4178619465,422.2222595195
1.42e-05,1.42e-05,2.8357238931,1.4178619465,589.6071895242
1.42e-05,1.42e-05,2.8357238931,1.4178619465,823.3498592289
1.42e-05,1.42e-05,2.8357238931,1.4178619465,1149.7569953977
1.42e-05,1.42e-05,2.8357238931,1.4178619465,1605.5643098112
1.42e-05,1.42e-05,2.8357238931,1.4178619465,2242.0709447806
1.42e-05,1.42e-05,2.8357238931,1.4178619465,3130.912969796
1.42e-05,1.42e-05,2.8357238931,1.4178619465,4372.1257113904
1.42e-05,1.42e-05,2.8357238931,1.4178619465,6105.4022965853
1.42e-05,1.42e-05,2.8357238931,1.5596481412,0.1
1.42e-05,1.42e-05,2.8357238931,1.5596481412,0.1396437957
1.42e-05,1.42e-05,2.8357238931,1.5596481412,0.1950038968
1.42e-05,1.42e-05,2.8357238931,1.5596481412,0.2723108433
1.42e-05,1.42e-05,2.8357238931,1.5596481412,0.3802651977
1.42e-05,1.42e-05,2.8357238931,1.5596481412,0.5310167558
1.42e-05,1.42e-05,2.8357238931,1.5596481412,0.7415319537
1.42e-05,1.42e-05,2.8357238931,1.5596481412,1.0355033665
1.42e-05,1.42e-05,2.8357238931,1.5596481412,1.4460162057
1.42e-05,1.42e-05,2.8357238931,1.5596481412,2.0192719162
1.42e-05,1.42e-05,2.8357238931,1.5596481412,2.8197879494
1.42e-05,1.42e-05,2.8357238931,1.5596481412,3.9376589236
1.42e-05,1.42e-05,2.8357238931,1.5596481412,5.498696383
1.42e-05,1.42e-05,2.8357238931,1.5596481412,7.6785883437
1.42e-05,1.42e-05,2.8357238931,1.5596481412,10.7226722201
1.42e-05,1.42e-05,2.8357238931,1.5596481412,14.9735464897
1.42e-05,1.42e-05,2.8357238931,1.5596481412,20.9096286705
1.42e-05,1.42e-05,2.8357238931,1.5596481412,29.1989991443
1.42e-05,1.42e-05,2.8357238931,1.5596481412,40.7745907144
1.42e-05,1.42e-05,2.8357238931,1.5596481412,56.9391861586
1.42e-05,1.42e-05,2.8357238931,1.5596481412,79.5120407981
1.42e-05,1.42e-05,2.8357238931,1.5596481412,111.0336318168
1.42e-05,1.42e-05,2.8357238931,1.5596481412,155.0515779833
1.42e-05,1.42e-05,2.8357238931,1.5596481412,216.5199088036
1.42e-05,1.42e-05,2.8357238931,1.5596481412,302.3566191205
1.42e-05,1.42e-05,2.8357238931,1.5596481412,422.2222595195
1.42e-05,1.42e-05,2.8357238931,1.5596481412,589.6071895242
1.42e-05,1.42e-05,2.8357238931,1.5596481412,823.3498592289
1.42e-05,1.42e-05,2.8357238931,1.5596481412,1149.7569953977
1.42e-05,1.42e-05,2.8357238931,1.5596481412,1605.5643098112
1.42e-05,1.42e-05,2.8357238931,1.5596481412,2242.0709447806
1.42e-05,1.42e-05,2.8357238931,1.5596481412,3130.912969796
1.42e-05,1.42e-05,2.8357238931,1.5596481412,4372.1257113904
1.42e-05,1.42e-05,2.8357238931,1.5596481412,6105.4022965853
1.42e-05,1.42e-05,2.8357238931,1.7014343359,0.1
1.42e-05,1.42e-05,2.8357238931,1.7014343359,0.1396437957
1.42e-05,1.42e-05,2.8357238931,1.7014343359,0.1950038968
1.42e-05,1.42e-05,2.8357238931,1.7014343359,0.2723108433
1.42e-05,1.42e-05,2.8357238931,1.7014343359,0.3802651977
1.42e-05,1.42e-05,2.8357238931,1.7014343359,0.5310167558
1.42e-05,1.42e-05,2.8357238931,1.7014343359,0.7415319537
1.42e-05,1.42e-05,2.8357238931,1.7014343359,1.0355033665
1.42e-05,1.42e-05,2.8357238931,1.7014343359,1.4460162057
1.42e-05,1.42e-05,2.8357238931,1.7014343359,2.0192719162
1.42e-05,1.42e-05,2.8357238931,1.7014343359,2.8197879494
1.42e-05,1.42e-05,2.8357238931,1.7014343359,3.9376589236
1.42e-05,1.42e-05,2.8357238931,1.7014343359,5.498696383
1.42e-05,1.42e-05,2.8357238931,1.7014343359,7.6785883437
1.42e-05,1.42e-05,2.8357238931,1.7014343359,10.7226722201
1.42e-05,1.42e-05,2.8357238931,1.7014343359,14.9735464897
1.42e-05,1.42e-05,2.8357238931,1.7014343359,20.9096286705
1.42e-05,1.42e-05,2.8357238931,1.7014343359,29.1989991443
1.42e-05,1.42e-05,2.8357238931,1.7014343359,40.7745907144
1.42e-05,1.42e-05,2.8357238931,1.7014343359,56.9391861586
1.42e-05,1.42e-05,2.8357238931,1.7014343359,79.5120407981
1.42e-05,1.42e-05,2.8357238931,1.7014343359,111.0336318168
1.42e-05,1.42e-05,2.8357238931,1.7014343359,155.0515779833
1.42e-05,1.42e-05,2.8357238931,1.7014343359,216.5199088036
1.42e-05,1.42e-05,2.8357238931,1.7014343359,302.3566191205
1.42e-05,1.42e-05,2.8357238931,1.7014343359,422.2222595195
1.42e-05,1.42e-05,2.8357238931,1.7014343359,589.6071895242
1.42e-05,1.42e-05,2.8357238931,1.7014343359,823.3498592289
1.42e-05,1.42e-05,2.8357238931,1.7014343359,1149.7569953977
1.42e-05,1.42e-05,2.8357238931,1.7014343359,1605.5643098112
1.42e-05,1.42e-05,2.8357238931,1.7014343359,2242.0709447806
1.42e-05,1.42e-05,2.8357238931,1.7014343359,3130.912969796
1.42e-05,1.42e-05,2.8357238931,1.7014343359,4372.1257113904
1.42e-05,1.42e-05,2.8357238931,1.7014343359,6105.4022965853
1.42e-05,1.42e-05,2.8357238931,1.8432205305,0.1
1.42e-05,1.42e-05,2.8357238931,1.8432205305,0.1396437957
1.42e-05,1.42e-05,2.8357238931,1.8432205305,0.1950038968
1.42e-05,1.42e-05,2.8357238931,1.8432205305,0.2723108433
1.42e-05,1.42e-05,2.8357238931,1.8432205305,0.3802651977
1.42e-05,1.42e-05,2.8357238931,1.8432205305,0.5310167558
1.42e-05,1.42e-05,2.8357238931,1.8432205305,0.7415319537
1.42e-05,1.42e-05,2.8357238931,1.8432205305,1.0355033665
1.42e-05,1.42e-05,2.8357238931,1.8432205305,1.4460162057
1.42e-05,1.42e-05,2.8357238931,1.8432205305,2.0192719162
1.42e-05,1.42e-05,2.8357238931,1.8432205305,2.8197879494
1.42e-05,1.42e-05,2.8357238931,1.8432205305,3.9376589236
1.42e-05,1.42e-05,2.8357238931,1.8432205305,5.498696383
1.42e-05,1.42e-05,2.8357238931,1.8432205305,7.6785883437
1.42e-05,1.42e-05,2.8357238931,1.8432205305,10.7226722201
1.42e-05,1.42e-05,2.8357238931,1.8432205305,14.9735464897
1.42e-05,1.42e-05,2.8357238931,1.8432205305,20.9096286705
1.42e-05,1.42e-05,2.8357238931,1.8432205305,29.1989991443
1.42e-05,1.42e-05,2.8357238931,1.8432205305,40.7745907144
1.42e-05,1.42e-05,2.8357238931,1.8432205305,56.9391861586
1.42e-05,1.42e-05,2.8357238931,1.8432205305,79.5120407981
1.42e-05,1.42e-05,2.8357238931,1.8432205305,111.0336318168
1.42e-05,1.42e-05,2.8357238931,1.8432205305,155.0515779833
1.42e-05,1.42e-05,2.8357238931,1.8432205305,216.5199088036
1.42e-05,1.42e-05,2.8357238931,1.8432205305,302.3566191205
1.42e-05,1.42e-05,2.8357238931,1.8432205305,422.2222595195
1.42e-05,1.42e-05,2.8357238931,1.8432205305,589.6071895242
1.42e-05,1.42e-05,2.8357238931,1.8432205305,823.3498592289
1.42e-05,1.42e-05,2.8357238931,1.8432205305,1149.7569953977
1.42e-05,1.42e-05,2.8357238931,1.8432205305,1605.5643098112
1.42e-05,1.42e-05,2.8357238931,1.8432205305,2242.0709447806
1.42e-05,1.42e-05,2.8357238931,1.8432205305,3130.912969796
1.42e-05,1.42e-05,2.8357238931,1.8432205305,4372.1257113904
1.42e-05,1.42e-05,2.8357238931,1.8432205305,6105.4022965853
1.42e-05,1.42e-05,2.8357238931,1.9850067252,0.1
1.42e-05,1.42e-05,2.8357238931,1.9850067252,0.1396437957
1.42e-05,1.42e-05,2.8357238931,1.9850067252,0.1950038968
1.42e-05,1.42e-05,2.8357238931,1.9850067252,0.2723108433
1.42e-05,1.42e-05,2.8357238931,1.9850067252,0.3802651977
1.42e-05,1.42e-05,2.8357238931,1.9850067252,0.5310167558
1.42e-05,1.42e-05,2.8357238931,1.9850067252,0.7415319537
1.42e-05,1.42e-05,2.8357238931,1.9850067252,1.0355033665
1.42e-05,1.42e-05,2.8357238931,1.9850067252,1.4460162057
1.42e-05,1.42e-05,2.8357238931,1.9850067252,2.0192719162
1.42e-05,1.42e-05,2.8357238931,1.9850067252,2.8197879494
1.42e-05,1.42e-05,2.8357238931,1.9850067252,3.9376589236
1.42e-05,1.42e-05,2.8357238931,1.9850067252,5.498696383
1.42e-05,1.42e-05,2.8357238931,1.9850067252,7.6785883437
1.42e-05,1.42e-05,2.8357238931,1.9850067252,10.7226722201
1.42e-05,1.42e-05,2.8357238931,1.9850067252,14.9735464897
1.42e-05,1.42e-05,2.8357238931,1.9850067252,20.9096286705
1.42e-05,1.42e-05,2.8357238931,1.9850067252,29.1989991443
1.42e-05,1.42e-05,2.8357238931,1.9850067252,40.7745907144
1.42e-05,1.42e-05,2.8357238931,1.9850067252,56.9391861586
1.42e-05,1.42e-05,2.8357238931,1.9850067252,79.5120407981
1.42e-05,1.42e-05,2.8357238931,1.9850067252,111.0336318168
1.42e-05,1.42e-05,2.8357238931,1.9850067252,155.0515779833
1.42e-05,1.42e-05,2.8357238931,1.9850067252,216.5199088036
1.42e-05,1.42e-05,2.8357238931,1.9850067252,302.3566191205
1.42e-05,1.42e-05,2.8357238931,1.9850067252,422.2222595195
1.42e-05,1.42e-05,2.8357238931,1.9850067252,589.6071895242
1.42e-05,1.42e-05,2.8357238931,1.9850067252,823.3498592289
1.42e-05,1.42e-05,2.8357238931,1.9850067252,1149.7569953977
1.42e-05,1.42e-05,2.8357238931,1.9850067252,1605.5643098112
1.42e-05,1.42e-05,2.8357238931,1.9850067252,2242.0709447806
1.42e-05,1.42e-05,2.8357238931,1.9850067252,3130.912969796
1.42e-05,1.42e-05,2.8357238931,1.9850067252,4372.1257113904
1.42e-05,1.42e-05,2.8357238931,1.9850067252,6105.4022965853
1.42e-05,1.42e-05,2.8357238931,2.1267929198,0.1
1.42e-05,1.42e-05,2.8357238931,2.1267929198,0.1396437957
1.42e-05,1.42e-05,2.8357238931,2.1267929198,0.1950038968
1.42e-05,1.42e-05,2.8357238931,2.1267929198,0.2723108433
1.42e-05,1.42e-05,2.8357238931,2.1267929198,0.3802651977
1.42e-05,1.42e-05,2.8357238931,2.1267929198,0.5310167558
1.42e-05,1.42e-05,2.8357238931,2.1267929198,0.7415319537
1.42e-05,1.42e-05,2.8357238931,2.1267929198,1.0355033665
1.42e-05,1.42e-05,2.8357238931,2.1267929198,1.4460162057
1.42e-05,1.42e-05,2.8357238931,2.1267929198,2.0192719162
1.42e-05,1.42e-05,2.8357238931,2.1267929198,2.8197879494
1.42e-05,1.42e-05,2.8357238931,2.1267929198,3.9376589236
1.42e-05,1.42e-05,2.8357238931,2.1267929198,5.498696383
1.42e-05,1.42e-05,2.8357238931,2.1267929198,7.6785883437
1.42e-05,1.42e-05,2.8357238931,2.1267929198,10.7226722201
1.42e-05,1.42e-05,2.8357238931,2.1267929198,14.9735464897
1.42e-05,1.42e-05,2.8357238931,2.1267929198,20.9096286705
1.42e-05,1.42e-05,2.8357238931,2.1267929198,29.1989991443
1.42e-05,1.42e-05,2.8357238931,2.1267929198,40.7745907144
1.42e-05,1.42e-05,2.8357238931,2.1267929198,56.9391861586
1.42e-05,1.42e-05,2.8357238931,2.1267929198,79.5120407981
1.42e-05,1.42e-05,2.8357238931,2.1267929198,111.0336318168
1.42e-05,1.42e-05,2.8357238931,2.1267929198,155.0515779833
1.42e-05,1.42e-05,2.8357238931,2.1267929198,216.5199088036
1.42e-05,1.42e-05,2.8357238931,2.1267929198,302.3566191205
1.42e-05,1.42e-05,2.8357238931,2.1267929198,422.2222595195
1.42e-05,1.42e-05,2.8357238931,2.1267929198,589.6071895242
1.42e-05,1.42e-05,2.8357238931,2.1267929198,823.3498592289
1.42e-05,1.42e-05,2.8357238931,2.1267929198,1149.7569953977
1.42e-05,1.42e-05,2.8357238931,2.1267929198,1605.5643098112
1.42e-05,1.42e-05,2.8357238931,2.1267929198,2242.0709447806
1.42e-05,1.42e-05,2.8357238931,2.1267929198,3130.912969796
1.42e-05,1.42e-05,2.8357238931,2.1267929198,4372.1257113904
1.42e-05,1.42e-05,2.8357238931,2.1267929198,6105.4022965853
1.42e-05,1.42e-05,2.8357238931,2.2685791145,0.1
1.42e-05,1.42e-05,2.8357238931,2.2685791145,0.1396437957
1.42e-05,1.42e-05,2.8357238931,2.2685791145,0.1950038968
1.42e-05,1.42e-05,2.8357238931,2.2685791145,0.2723108433
1.42e-05,1.42e-05,2.8357238931,2.2685791145,0.3802651977
1.42e-05,1.42e-05,2.8357238931,2.2685791145,0.5310167558
1.42e-05,1.42e-05,2.8357238931,2.2685791145,0.7415319537
1.42e-05,1.42e-05,2.8357238931,2.2685791145,1.0355033665
1.42e-05,1.42e-05,2.8357238931,2.2685791145,1.4460162057
1.42e-05,1.42e-05,2.8357238931,2.2685791145,2.0192719162
1.42e-05,1.42e-05,2.8357238931,2.2685791145,2.8197879494
1.42e-05,1.42e-05,2.8357238931,2.2685791145,3.9376589236
1.42e-05,1.42e-05,2.8357238931,2.2685791145,5.498696383
1.42e-05,1.42e-05,2.8357238931,2.2685791145,7.6785883437
1.42e-05,1.42e-05,2.8357238931,2.2685791145,10.7226722201
1.42e-05,1.42e-05,2.8357238931,2.2685791145,14.9735464897
1.42e-05,1.42e-05,2.8357238931,2.2685791145,20.9096286705
1.42e-05,1.42e-05,2.8357238931,2.2685791145,29.1989991443
1.42e-05,1.42e-05,2.8357238931,2.2685791145,40.7745907144
1.42e-05,1.42e-05,2.8357238931,2.2685791145,56.9391861586
1.42e-05,1.42e-05,2.8357238931,2.2685791145,79.5120407981
1.42e-05,1.42e-05,2.8357238931,2.2685791145,111.0336318168
1.42e-05,1.42e-05,2.8357238931,2.2685791145,155.0515779833
1.42e-05,1.42e-05,2.8357238931,2.2685791145,216.5199088036
1.42e-05,1.42e-05,2.8357238931,2.2685791145,302.3566191205
1.42e-05,1.42e-05,2.8357238931,2.2685791145,422.2222595195
1.42e-05,1.42e-05,2.8357238931,2.2685791145,589.6071895242
1.42e-05,1.42e-05,2.8357238931,2.2685791145,823.3498592289
1.42e-05,1.42e-05,2.8357238931,2.2685791145,1149.7569953977
1.42e-05,1.42e-05,2.8357238931,2.2685791145,1605.5643098112
1.42e-05,1.42e-05,2.8357238931,2.2685791145,2242.0709447806
1.42e-05,1.42e-05,2.8357238931,2.2685791145,3130.912969796
1.42e-05,1.42e-05,2.8357238931,2.2685791145,4372.1257113904
1.42e-05,1.42e-05,2.8357238931,2.2685791145,6105.4022965853
1.42e-05,1.42e-05,2.8357238931,2.4103653091,0.1
1.42e-05,1.42e-05,2.8357238931,2.4103653091,0.1396437957
1.42e-05,1.42e-05,2.8357238931,2.4103653091,0.1950038968
1.42e-05,1.42e-05,2.8357238931,2.4103653091,0.2723108433
1.42e-05,1.42e-05,2.8357238931,2.4103653091,0.3802651977
1.42e-05,1.42e-05,2.8357238931,2.4103653091,0.5310167558
1.42e-05,1.42e-05,2.8357238931,2.4103653091,0.7415319537
1.42e-05,1.42e-05,2.8357238931,2.4103653091,1.0355033665
1.42e-05,1.42e-05,2.8357238931,2.4103653091,1.4460162057
1.42e-05,1.42e-05,2.8357238931,2.4103653091,2.0192719162
1.42e-05,1.42e-05,2.8357238931,2.4103653091,2.8197879494
1.42e-05,1.42e-05,2.8357238931,2.4103653091,3.9376589236
1.42e-05,1.42e-05,2.8357238931,2.4103653091,5.498696383
1.42e-05,1.42e-05,2.8357238931,2.4103653091,7.6785883437
1.42e-05,1.42e-05,2.8357238931,2.4103653091,10.7226722201
1.42e-05,1.42e-05,2.8357238931,2.4103653091,14.9735464897
1.42e-05,1.42e-05,2.8357238931,2.4103653091,20.9096286705
1.42e-05,1.42e-05,2.8357238931,2.4103653091,29.1989991443
1.42e-05,1.42e-05,2.8357238931,2.4103653091,40.7745907144
1.42e-05,1.42e-05,2.8357238931,2.4103653091,56.9391861586
1.42e-05,1.42e-05,2.8357238931,2.4103653091,79.5120407981
1.42e-05,1.42e-05,2.8357238931,2.4103653091,111.0336318168
1.42e-05,1.42e-05,2.8357238931,2.4103653091,155.0515779833
1.42e-05,1.42e-05,2.8357238931,2.4103653091,216.5199088036
1.42e-05,1.42e-05,2.8357238931,2.4103653091,302.3566191205
1.42e-05,1.42e-05,2.8357238931,2.4103653091,422.2222595195
1.42e-05,1.42e-05,2.8357238931,2.4103653091,589.6071895242
1.42e-05,1.42e-05,2.8357238931,2.4103653091,823.3498592289
1.42e-05,1.42e-05,2.8357238931,2.4103653091,1149.7569953977
1.42e-05,1.42e-05,2.8357238931,2.4103653091,1605.5643098112
1.42e-05,1.42e-05,2.8357238931,2.4103653091,2242.0709447806
1.42e-05,1.42e-05,2.8357238931,2.4103653091,3130.912969796
1.42e-05,1.42e-05,2.8357238931,2.4103653091,4372.1257113904
1.42e-05,1.42e-05,2.8357238931,2.4103653091,6105.4022965853
1.42e-05,1.42e-05,2.8357238931,2.5521515038,0.1
1.42e-05,1.42e-05,2.8357238931,2.5521515038,0.1396437957
1.42e-05,1.42e-05,2.8357238931,2.5521515038,0.1950038968
1.42e-05,1.42e-05,2.8357238931,2.5521515038,0.2723108433
1.42e-05,1.42e-05,2.8357238931,2.5521515038,0.3802651977
1.42e-05,1.42e-05,2.8357238931,2.5521515038,0.5310167558
1.42e-05,1.42e-05,2.8357238931,2.5521515038,0.7415319537
1.42e-05,1.42e-05,2.8357238931,2.5521515038,1.0355033665
1.42e-05,1.42e-05,2.8357238931,2.5521515038,1.4460162057
1.42e-05,1.42e-05,2.8357238931,2.5521515038,2.0192719162
1.42e-05,1.42e-05,2.8357238931,2.5521515038,2.8197879494
1.42e-05,1.42e-05,2.8357238931,2.5521515038,3.9376589236
1.42e-05,1.42e-05,2.8357238931,2.5521515038,5.498696383
1.42e-05,1.42e-05,2.8357238931,2.5521515038,7.6785883437
1.42e-05,1.42e-05,2.8357238931,2.5521515038,10.7226722201
1.42e-05,1.42e-05,2.8357238931,2.5521515038,14.9735464897
1.42e-05,1.42e-05,2.8357238931,2.5521515038,20.9096286705
1.42e-05,1.42e-05,2.8357238931,2.5521515038,29.1989991443
1.42e-05,1.42e-05,2.8357238931,2.5521515038,40.7745907144
1.42e-05,1.42e-05,2.8357238931,2.5521515038,56.9391861586
1.42e-05,1.42e-05,2.8357238931,2.5521515038,79.5120407981
1.42e-05,1.42e-05,2.8357238931,2.5521515038,111.0336318168
1.42e-05,1.42e-05,2.8357238931,2.5521515038,155.0515779833
1.42e-05,1.42e-05,2.8357238931,2.5521515038,216.5199088036
1.42e-05,1.42e-05,2.8357238931,2.5521515038,302.3566191205
1.42e-05,1.42e-05,2.8357238931,2.5521515038,422.2222595195
1.42e-05,1.42e-05,2.8357238931,2.5521515038,589.6071895242
1.42e-05,1.42e-05,2.8357238931,2.5521515038,823.3498592289
1.42e-05,1.42e-05,2.8357238931,2.5521515038,1149.7569953977
1.42e-05,1.42e-05,2.8357238931,2.5521515038,1605.5643098112
1.42e-05,1.42e-05,2.8357238931,2.5521515038,2242.0709447806
1.42e-05,1.42e-05,2.8357238931,2.5521515038,3130.912969796
1.42e-05,1.42e-05,2.8357238931,2.5521515038,4372.1257113904
1.42e-05,1.42e-05,2.8357238931,2.5521515038,6105.4022965853
1.42e-05,1.42e-05,2.8357238931,2.6939376984,0.1
1.42e-05,1.42e-05,2.8357238931,2.6939376984,0.1396437957
1.42e-05,1.42e-05,2.8357238931,2.6939376984,0.1950038968
1.42e-05,1.42e-05,2.8357238931,2.6939376984,0.2723108433
1.42e-05,1.42e-05,2.8357238931,2.6939376984,0.3802651977
1.42e-05,1.42e-05,2.8357238931,2.6939376984,0.5310167558
1.42e-05,1.42e-05,2.8357238931,2.6939376984,0.7415319537
1.42e-05,1.42e-05,2.8357238931,2.6939376984,1.0355033665
1.42e-05,1.42e-05,2.8357238931,2.6939376984,1.4460162057
1.42e-05,1.42e-05,2.8357238931,2.6939376984,2.0192719162
1.42e-05,1.42e-05,2.8357238931,2.6939376984,2.8197879494
1.42e-05,1.42e-05,2.8357238931,2.6939376984,3.9376589236
1.42e-05,1.42e-05,2.8357238931,2.6939376984,5.498696383
1.42e-05,1.42e-05,2.8357238931,2.6939376984,7.6785883437
1.42e-05,1.42e-05,2.8357238931,2.6939376984,10.7226722201
1.42e-05,1.42e-05,2.8357238931,2.6939376984,14.9735464897
1.42e-05,1.42e-05,2.8357238931,2.6939376984,20.9096286705
1.42e-05,1.42e-05,2.8357238931,2.6939376984,29.1989991443
1.42e-05,1.42e-05,2.8357238931,2.6939376984,40.7745907144
1.42e-05,1.42e-05,2.8357238931,2.6939376984,56.9391861586
1.42e-05,1.42e-05,2.8357238931,2.6939376984,79.5120407981
1.42e-05,1.42e-05,2.8357238931,2.6939376984,111.0336318168
1.42e-05,1.42e-05,2.8357238931,2.6939376984,155.0515779833
1.42e-05,1.42e-05,2.8357238931,2.6939376984,216.5199088036
1.42e-05,1.42e-05,2.8357238931,2.6939376984,302.3566191205
1.42e-05,1.42e-05,2.8357238931,2.6939376984,422.2222595195
1.42e-05,1.42e-05,2.8357238931,2.6939376984,589.6071895242
1.42e-05,1.42e-05,2.8357238931,2.6939376984,823.3498592289
1.42e-05,1.42e-05,2.8357238931,2.6939376984,1149.7569953977
1.42e-05,1.42e-05,2.8357238931,2.6939376984,1605.5643098112
1.42e-05,1.42e-05,2.8357238931,2.6939376984,2242.0709447806
1.42e-05,1.42e-05,2.8357238931,2.6939376984,3130.912969796
1.42e-05,1.42e-05,2.8357238931,2.6939376984,4372.1257113904
1.42e-05,1.42e-05,2.8357238931,2.6939376984,6105.4022965853
1.42e-05,1.42e-05,2.8357238931,2.8073666542,0.1
1.42e-05,1.42e-05,2.8357238931,2.8073666542,0.1396437957
1.42e-05,1.42e-05,2.8357238931,2.8073666542,0.1950038968
1.42e-05,1.42e-05,2.8357238931,2.8073666542,0.2723108433
1.42e-05,1.42e-05,2.8357238931,2.8073666542,0.3802651977
1.42e-05,1.42e-05,2.8357238931,2.8073666542,0.5310167558
1.42e-05,1.42e-05,2.8357238931,2.8073666542,0.7415319537
1.42e-05,1.42e-05,2.8357238931,2.8073666542,1.0355033665
1.42e-05,1.42e-05,2.8357238931,2.8073666542,1.4460162057
1.42e-05,1.42e-05,2.8357238931,2.8073666542,2.0192719162
1.42e-05,1.42e-05,2.8357238931,2.8073666542,2.8197879494
1.42e-05,1.42e-05,2.8357238931,2.8073666542,3.9376589236
1.42e-05,1.42e-05,2.8357238931,2.8073666542,5.498696383
1.42e-05,1.42e-05,2.8357238931,2.8073666542,7.6785883437
1.42e-05,1.42e-05,2.8357238931,2.8073666542,10.7226722201
1.42e-05,1.42e-05,2.8357238931,2.8073666542,14.9735464897
1.42e-05,1.42e-05,2.8357238931,2.8073666542,20.9096286705
1.42e-05,1.42e-05,2.8357238931,2.8073666542,29.1989991443
1.42e-05,1.42e-05,2.8357238931,2.8073666542,40.7745907144
1.42e-05,1.42e-05,2.8357238931,2.8073666542,56.9391861586
1.42e-05,1.42e-05,2.8357238931,2.8073666542,79.5120407981
1.42e-05,1.42e-05,2.8357238931,2.8073666542,111.0336318168
1.42e-05,1.42e-05,2.8357238931,2.8073666542,155.0515779833
1.42e-05,1.42e-05,2.8357238931,2.8073666542,216.5199088036
1.42e-05,1.42e-05,2.8357238931,2.8073666542,302.3566191205
1.42e-05,1.42e-05,2.8357238931,2.8073666542,422.2222595195
1.42e-05,1.42e-05,2.8357238931,2.8073666542,589.6071895242
1.42e-05,1.42e-05,2.8357238931,2.8073666542,823.3498592289
1.42e-05,1.42e-05,2.8357238931,2.8073666542,1149.7569953977
1.42e-05,1.42e-05,2.8357238931,2.8073666542,1605.5643098112
1.42e-05,1.42e-05,2.8357238931,2.8073666542,2242.0709447806
1.42e-05,1.42e-05,2.8357238931,2.8073666542,3130.912969796
1.42e-05,1.42e-05,2.8357238931,2.8073666542,4372.1257113904
1.42e-05,1.42e-05,2.8357238931,2.8073666542,6105.4022965853
1.42e-05,1.42e-05,3.1588141126,0.1579407056,0.1
1.42e-05,1.42e-05,3.1588141126,0.1579407056,0.1396437957
1.42e-05,1.42e-05,3.1588141126,0.1579407056,0.1950038968
1.42e-05,1.42e-05,3.1588141126,0.1579407056,0.2723108433
1.42e-05,1.42e-05,3.1588141126,0.1579407056,0.3802651977
1.42e-05,1.42e-05,3.1588141126,0.1579407056,0.5310167558
1.42e-05,1.42e-05,3.1588141126,0.1579407056,0.7415319537
1.42e-05,1.42e-05,3.1588141126,0.1579407056,1.0355033665
1.42e-05,1.42e-05,3.1588141126,0.1579407056,1.4460162057
1.42e-05,1.42e-05,3.1588141126,0.1579407056,2.0192719162
1.42e-05,1.42e-05,3.1588141126,0.1579407056,2.8197879494
1.42e-05,1.42e-05,3.1588141126,0.1579407056,3.9376589236
1.42e-05,1.42e-05,3.1588141126,0.1579407056,5.498696383
1.42e-05,1.42e-05,3.1588141126,0.1579407056,7.6785883437
1.42e-05,1.42e-05,3.1588141126,0.1579407056,10.7226722201
1.42e-05,1.42e-05,3.1588141126,0.1579407056,14.9735464897
1.42e-05,1.42e-05,3.1588141126,0.1579407056,20.9096286705
1.42e-05,1.42e-05,3.1588141126,0.1579407056,29.1989991443
1.42e-05,1.42e-05,3.1588141126,0.1579407056,40.7745907144
1.42e-05,1.42e-05,3.1588141126,0.1579407056,56.9391861586
1.42e-05,1.42e-05,3.1588141126,0.1579407056,79.5120407981
1.42e-05,1.42e-05,3.1588141126,0.1579407056,111.0336318168
1.42e-05,1.42e-05,3.1588141126,0.1579407056,155.0515779833
1.42e-05,1.42e-05,3.1588141126,0.1579407056,216.5199088036
1.42e-05,1.42e-05,3.1588141126,0.1579407056,302.3566191205
1.42e-05,1.42e-05,3.1588141126,0.1579407056,422.2222595195
1.42e-05,1.42e-05,3.1588141126,0.1579407056,589.6071895242
1.42e-05,1.42e-05,3.1588141126,0.1579407056,823.3498592289
1.42e-05,1.42e-05,3.1588141126,0.1579407056,1149.7569953977
1.42e-05,1.42e-05,3.1588141126,0.1579407056,1605.5643098112
1.42e-05,1.42e-05,3.1588141126,0.1579407056,2242.0709447806
1.42e-05,1.42e-05,3.1588141126,0.1579407056,3130.912969796
1.42e-05,1.42e-05,3.1588141126,0.1579407056,4372.1257113904
1.42e-05,1.42e-05,3.1588141126,0.1579407056,6105.4022965853
1.42e-05,1.42e-05,3.1588141126,0.3158814113,0.1
1.42e-05,1.42e-05,3.1588141126,0.3158814113,0.1396437957
1.42e-05,1.42e-05,3.1588141126,0.3158814113,0.1950038968
1.42e-05,1.42e-05,3.1588141126,0.3158814113,0.2723108433
1.42e-05,1.42e-05,3.1588141126,0.3158814113,0.3802651977
1.42e-05,1.42e-05,3.1588141126,0.3158814113,0.5310167558
1.42e-05,1.42e-05,3.1588141126,0.3158814113,0.7415319537
1.42e-05,1.42e-05,3.1588141126,0.3158814113,1.0355033665
1.42e-05,1.42e-05,3.1588141126,0.3158814113,1.4460162057
1.42e-05,1.42e-05,3.1588141126,0.3158814113,2.0192719162
1.42e-05,1.42e-05,3.1588141126,0.3158814113,2.8197879494
1.42e-05,1.42e-05,3.1588141126,0.3158814113,3.9376589236
1.42e-05,1.42e-05,3.1588141126,0.3158814113,5.498696383
1.42e-05,1.42e-05,3.1588141126,0.3158814113,7.6785883437
1.42e-05,1.42e-05,3.1588141126,0.3158814113,10.7226722201
1.42e-05,1.42e-05,3.1588141126,0.3158814113,14.9735464897
1.42e-05,1.42e-05,3.1588141126,0.3158814113,20.9096286705
1.42e-05,1.42e-05,3.1588141126,0.3158814113,29.1989991443
1.42e-05,1.42e-05,3.1588141126,0.3158814113,40.7745907144
1.42e-05,1.42e-05,3.1588141126,0.3158814113,56.9391861586
1.42e-05,1.42e-05,3.1588141126,0.3158814113,79.5120407981
1.42e-05,1.42e-05,3.1588141126,0.3158814113,111.0336318168
1.42e-05,1.42e-05,3.1588141126,0.3158814113,155.0515779833
1.42e-05,1.42e-05,3.1588141126,0.3158814113,216.5199088036
1.42e-05,1.42e-05,3.1588141126,0.3158814113,302.3566191205
1.42e-05,1.42e-05,3.1588141126,0.3158814113,422.2222595195
1.42e-05,1.42e-05,3.1588141126,0.3158814113,589.6071895242
1.42e-05,1.42e-05,3.1588141126,0.3158814113,823.3498592289
1.42e-05,1.42e-05,3.1588141126,0.3158814113,1149.7569953977
1.42e-05,1.42e-05,3.1588141126,0.3158814113,1605.5643098112
1.42e-05,1.42e-05,3.1588141126,0.3158814113,2242.0709447806
1.42e-05,1.42e-05,3.1588141126,0.3158814113,3130.912969796
1.42e-05,1.42e-05,3.1588141126,0.3158814113,4372.1257113904
1.42e-05,1.42e-05,3.1588141126,0.3158814113,6105.4022965853
1.42e-05,1.42e-05,3.1588141126,0.4738221169,0.1
1.42e-05,1.42e-05,3.1588141126,0.4738221169,0.1396437957
1.42e-05,1.42e-05,3.1588141126,0.4738221169,0.1950038968
1.42e-05,1.42e-05,3.1588141126,0.4738221169,0.2723108433
1.42e-05,1.42e-05,3.1588141126,0.4738221169,0.3802651977
1.42e-05,1.42e-05,3.1588141126,0.4738221169,0.5310167558
1.42e-05,1.42e-05,3.1588141126,0.4738221169,0.7415319537
1.42e-05,1.42e-05,3.1588141126,0.4738221169,1.0355033665
1.42e-05,1.42e-05,3.1588141126,0.4738221169,1.4460162057
1.42e-05,1.42e-05,3.1588141126,0.4738221169,2.0192719162
1.42e-05,1.42e-05,3.1588141126,0.4738221169,2.8197879494
1.42e-05,1.42e-05,3.1588141126,0.4738221169,3.9376589236
1.42e-05,1.42e-05,3.1588141126,0.4738221169,5.498696383
1.42e-05,1.42e-05,3.1588141126,0.4738221169,7.6785883437
1.42e-05,1.42e-05,3.1588141126,0.4738221169,10.7226722201
1.42e-05,1.42e-05,3.1588141126,0.4738221169,14.9735464897
1.42e-05,1.42e-05,3.1588141126,0.4738221169,20.9096286705
1.42e-05,1.42e-05,3.1588141126,0.4738221169,29.1989991443
1.42e-05,1.42e-05,3.1588141126,0.4738221169,40.7745907144
1.42e-05,1.42e-05,3.1588141126,0.4738221169,56.9391861586
1.42e-05,1.42e-05,3.1588141126,0.4738221169,79.5120407981
1.42e-05,1.42e-05,3.1588141126,0.4738221169,111.0336318168
1.42e-05,1.42e-05,3.1588141126,0.4738221169,155.0515779833
1.42e-05,1.42e-05,3.1588141126,0.4738221169,216.5199088036
1.42e-05,1.42e-05,3.1588141126,0.4738221169,302.3566191205
1.42e-05,1.42e-05,3.1588141126,0.4738221169,422.2222595195
1.42e-05,1.42e-05,3.1588141126,0.4738221169,589.6071895242
1.42e-05,1.42e-05,3.1588141126,0.4738221169,823.3498592289
1.42e-05,1.42e-05,3.1588141126,0.4738221169,1149.7569953977
1.42e-05,1.42e-05,3.1588141126,0.4738221169,1605.5643098112
1.42e-05,1.42e-05,3.1588141126,0.4738221169,2242.0709447806
1.42e-05,1.42e-05,3.1588141126,0.4738221169,3130.912969796
1.42e-05,1.42e-05,3.1588141126,0.4738221169,4372.1257113904
1.42e-05,1.42e-05,3.1588141126,0.4738221169,6105.4022965853
1.42e-05,1.42e-05,3.1588141126,0.6317628225,0.1
1.42e-05,1.42e-05,3.1588141126,0.6317628225,0.1396437957
1.42e-05,1.42e-05,3.1588141126,0.6317628225,0.1950038968
1.42e-05,1.42e-05,3.1588141126,0.6317628225,0.2723108433
1.42e-05,1.42e-05,3.1588141126,0.6317628225,0.3802651977
1.42e-05,1.42e-05,3.1588141126,0.6317628225,0.5310167558
1.42e-05,1.42e-05,3.1588141126,0.6317628225,0.7415319537
1.42e-05,1.42e-05,3.1588141126,0.6317628225,1.0355033665
1.42e-05,1.42e-05,3.1588141126,0.6317628225,1.4460162057
1.42e-05,1.42e-05,3.1588141126,0.6317628225,2.0192719162
1.42e-05,1.42e-05,3.1588141126,0.6317628225,2.8197879494
1.42e-05,1.42e-05,3.1588141126,0.6317628225,3.9376589236
1.42e-05,1.42e-05,3.1588141126,0.6317628225,5.498696383
1.42e-05,1.42e-05,3.1588141126,0.6317628225,7.6785883437
1.42e-05,1.42e-05,3.1588141126,0.6317628225,10.7226722201
1.42e-05,1.42e-05,3.1588141126,0.6317628225,14.9735464897
1.42e-05,1.42e-05,3.1588141126,0.6317628225,20.9096286705
1.42e-05,1.42e-05,3.1588141126,0.6317628225,29.1989991443
1.42e-05,1.42e-05,3.1588141126,0.6317628225,40.7745907144
1.42e-05,1.42e-05,3.1588141126,0.6317628225,56.9391861586
1.42e-05,1.42e-05,3.1588141126,0.6317628225,79.5120407981
1.42e-05,1.42e-05,3.1588141126,0.6317628225,111.0336318168
1.42e-05,1.42e-05,3.1588141126,0.6317628225,155.0515779833
1.42e-05,1.42e-05,3.1588141126,0.6317628225,216.5199088036
1.42e-05,1.42e-05,3.1588141126,0.6317628225,302.3566191205
1.42e-05,1.42e-05,3.1588141126,0.6317628225,422.2222595195
1.42e-05,1.42e-05,3.1588141126,0.6317628225,589.6071895242
1.42e-05,1.42e-05,3.1588141126,0.6317628225,823.3498592289
1.42e-05,1.42e-05,3.1588141126,0.6317628225,1149.7569953977
1.42e-05,1.42e-05,3.1588141126,0.6317628225,1605.5643098112
1.42e-05,1.42e-05,3.1588141126,0.6317628225,2242.0709447806
1.42e-05,1.42e-05,3.1588141126,0.6317628225,3130.912969796
1.42e-05,1.42e-05,3.1588141126,0.6317628225,4372.1257113904
1.42e-05,1.42e-05,3.1588141126,0.6317628225,6105.4022965853
1.42e-05,1.42e-05,3.1588141126,0.7897035282,0.1
1.42e-05,1.42e-05,3.1588141126,0.7897035282,0.1396437957
1.42e-05,1.42e-05,3.1588141126,0.7897035282,0.1950038968
1.42e-05,1.42e-05,3.1588141126,0.7897035282,0.2723108433
1.42e-05,1.42e-05,3.1588141126,0.7897035282,0.3802651977
1.42e-05,1.42e-05,3.1588141126,0.7897035282,0.5310167558
1.42e-05,1.42e-05,3.1588141126,0.7897035282,0.7415319537
1.42e-05,1.42e-05,3.1588141126,0.7897035282,1.0355033665
1.42e-05,1.42e-05,3.1588141126,0.7897035282,1.4460162057
1.42e-05,1.42e-05,3.1588141126,0.7897035282,2.0192719162
1.42e-05,1.42e-05,3.1588141126,0.7897035282,2.8197879494
1.42e-05,1.42e-05,3.1588141126,0.7897035282,3.9376589236
1.42e-05,1.42e-05,3.1588141126,0.7897035282,5.498696383
1.42e-05,1.42e-05,3.1588141126,0.7897035282,7.6785883437
1.42e-05,1.42e-05,3.1588141126,0.7897035282,10.7226722201
1.42e-05,1.42e-05,3.1588141126,0.7897035282,14.9735464897
1.42e-05,1.42e-05,3.1588141126,0.7897035282,20.9096286705
1.42e-05,1.42e-05,3.1588141126,0.7897035282,29.1989991443
1.42e-05,1.42e-05,3.1588141126,0.7897035282,40.7745907144
1.42e-05,1.42e-05,3.1588141126,0.7897035282,56.9391861586
1.42e-05,1.42e-05,3.1588141126,0.7897035282,79.5120407981
1.42e-05,1.42e-05,3.1588141126,0.7897035282,111.0336318168
1.42e-05,1.42e-05,3.1588141126,0.7897035282,155.0515779833
1.42e-05,1.42e-05,3.1588141126,0.7897035282,216.5199088036
1.42e-05,1.42e-05,3.1588141126,0.7897035282,302.3566191205
1.42e-05,1.42e-05,3.1588141126,0.7897035282,422.2222595195
1.42e-05,1.42e-05,3.1588141126,0.7897035282,589.6071895242
1.42e-05,1.42e-05,3.1588141126,0.7897035282,823.3498592289
1.42e-05,1.42e-05,3.1588141126,0.7897035282,1149.7569953977
1.42e-05,1.42e-05,3.1588141126,0.7897035282,1605.5643098112
1.42e-05,1.42e-05,3.1588141126,0.7897035282,2242.0709447806
1.42e-05,1.42e-05,3.1588141126,0.7897035282,3130.912969796
1.42e-05,1.42e-05,3.1588141126,0.7897035282,4372.1257113904
1.42e-05,1.42e-05,3.1588141126,0.7897035282,6105.4022965853
1.42e-05,1.42e-05,3.1588141126,0.9476442338,0.1
1.42e-05,1.42e-05,3.1588141126,0.9476442338,0.1396437957
1.42e-05,1.42e-05,3.1588141126,0.9476442338,0.1950038968
1.42e-05,1.42e-05,3.1588141126,0.9476442338,0.2723108433
1.42e-05,1.42e-05,3.1588141126,0.9476442338,0.3802651977
1.42e-05,1.42e-05,3.1588141126,0.9476442338,0.5310167558
1.42e-05,1.42e-05,3.1588141126,0.9476442338,0.7415319537
1.42e-05,1.42e-05,3.1588141126,0.9476442338,1.0355033665
1.42e-05,1.42e-05,3.1588141126,0.9476442338,1.4460162057
1.42e-05,1.42e-05,3.1588141126,0.9476442338,2.0192719162
1.42e-05,1.42e-05,3.1588141126,0.9476442338,2.8197879494
1.42e-05,1.42e-05,3.1588141126,0.9476442338,3.9376589236
1.42e-05,1.42e-05,3.1588141126,0.9476442338,5.498696383
1.42e-05,1.42e-05,3.1588141126,0.9476442338,7.6785883437
1.42e-05,1.42e-05,3.1588141126,0.9476442338,10.7226722201
1.42e-05,1.42e-05,3.1588141126,0.9476442338,14.9735464897
1.42e-05,1.42e-05,3.1588141126,0.9476442338,20.9096286705
1.42e-05,1.42e-05,3.1588141126,0.9476442338,29.1989991443
1.42e-05,1.42e-05,3.1588141126,0.9476442338,40.7745907144
1.42e-05,1.42e-05,3.1588141126,0.9476442338,56.9391861586
1.42e-05,1.42e-05,3.1588141126,0.9476442338,79.5120407981
1.42e-05,1.42e-05,3.1588141126,0.9476442338,111.0336318168
1.42e-05,1.42e-05,3.1588141126,0.9476442338,155.0515779833
1.42e-05,1.42e-05,3.1588141126,0.9476442338,216.5199088036
1.42e-05,1.42e-05,3.1588141126,0.9476442338,302.3566191205
1.42e-05,1.42e-05,3.1588141126,0.9476442338,422.2222595195
1.42e-05,1.42e-05,3.1588141126,0.9476442338,589.6071895242
1.42e-05,1.42e-05,3.1588141126,0.9476442338,823.3498592289
1.42e-05,1.42e-05,3.1588141126,0.9476442338,1149.7569953977
1.42e-05,1.42e-05,3.1588141126,0.9476442338,1605.5643098112
1.42e-05,1.42e-05,3.1588141126,0.9476442338,2242.0709447806
1.42e-05,1.42e-05,3.1588141126,0.9476442338,3130.912969796
1.42e-05,1.42e-05,3.1588141126,0.9476442338,4372.1257113904
1.42e-05,1.42e-05,3.1588141126,0.9476442338,6105.4022965853
1.42e-05,1.42e-05,3.1588141126,1.1055849394,0.1
1.42e-05,1.42e-05,3.1588141126,1.1055849394,0.1396437957
1.42e-05,1.42e-05,3.1588141126,1.1055849394,0.1950038968
1.42e-05,1.42e-05,3.1588141126,1.1055849394,0.2723108433
1.42e-05,1.42e-05,3.1588141126,1.1055849394,0.3802651977
1.42e-05,1.42e-05,3.1588141126,1.1055849394,0.5310167558
1.42e-05,1.42e-05,3.1588141126,1.1055849394,0.7415319537
1.42e-05,1.42e-05,3.1588141126,1.1055849394,1.0355033665
1.42e-05,1.42e-05,3.1588141126,1.1055849394,1.4460162057
1.42e-05,1.42e-05,3.1588141126,1.1055849394,2.0192719162
1.42e-05,1.42e-05,3.1588141126,1.1055849394,2.8197879494
1.42e-05,1.42e-05,3.1588141126,1.1055849394,3.9376589236
1.42e-05,1.42e-05,3.1588141126,1.1055849394,5.498696383
1.42e-05,1.42e-05,3.1588141126,1.1055849394,7.6785883437
1.42e-05,1.42e-05,3.1588141126,1.1055849394,10.7226722201
1.42e-05,1.42e-05,3.1588141126,1.1055849394,14.9735464897
1.42e-05,1.42e-05,3.1588141126,1.1055849394,20.9096286705
1.42e-05,1.42e-05,3.1588141126,1.1055849394,29.1989991443
1.42e-05,1.42e-05,3.1588141126,1.1055849394,40.7745907144
1.42e-05,1.42e-05,3.1588141126,1.1055849394,56.9391861586
1.42e-05,1.42e-05,3.1588141126,1.1055849394,79.5120407981
1.42e-05,1.42e-05,3.1588141126,1.1055849394,111.0336318168
1.42e-05,1.42e-05,3.1588141126,1.1055849394,155.0515779833
1.42e-05,1.42e-05,3.1588141126,1.1055849394,216.5199088036
1.42e-05,1.42e-05,3.1588141126,1.1055849394,302.3566191205
1.42e-05,1.42e-05,3.1588141126,1.1055849394,422.2222595195
1.42e-05,1.42e-05,3.1588141126,1.1055849394,589.6071895242
1.42e-05,1.42e-05,3.1588141126,1.1055849394,823.3498592289
1.42e-05,1.42e-05,3.1588141126,1.1055849394,1149.7569953977
1.42e-05,1.42e-05,3.1588141126,1.1055849394,1605.5643098112
1.42e-05,1.42e-05,3.1588141126,1.1055849394,2242.0709447806
1.42e-05,1.42e-05,3.1588141126,1.1055849394,3130.912969796
1.42e-05,1.42e-05,3.1588141126,1.1055849394,4372.1257113904
1.42e-05,1.42e-05,3.1588141126,1.1055849394,6105.4022965853
1.42e-05,1.42e-05,3.1588141126,1.2635256451,0.1
1.42e-05,1.42e-05,3.1588141126,1.2635256451,0.1396437957
1.42e-05,1.42e-05,3.1588141126,1.2635256451,0.1950038968
1.42e-05,1.42e-05,3.1588141126,1.2635256451,0.2723108433
1.42e-05,1.42e-05,3.1588141126,1.2635256451,0.3802651977
1.42e-05,1.42e-05,3.1588141126,1.2635256451,0.5310167558
1.42e-05,1.42e-05,3.1588141126,1.2635256451,0.7415319537
1.42e-05,1.42e-05,3.1588141126,1.2635256451,1.0355033665
1.42e-05,1.42e-05,3.1588141126,1.2635256451,1.4460162057
1.42e-05,1.42e-05,3.1588141126,1.2635256451,2.0192719162
1.42e-05,1.42e-05,3.1588141126,1.2635256451,2.8197879494
1.42e-05,1.42e-05,3.1588141126,1.2635256451,3.9376589236
1.42e-05,1.42e-05,3.1588141126,1.2635256451,5.498696383
1.42e-05,1.42e-05,3.1588141126,1.2635256451,7.6785883437
1.42e-05,1.42e-05,3.1588141126,1.2635256451,10.7226722201
1.42e-05,1.42e-05,3.1588141126,1.2635256451,14.9735464897
1.42e-05,1.42e-05,3.1588141126,1.2635256451,20.9096286705
1.42e-05,1.42e-05,3.1588141126,1.2635256451,29.1989991443
1.42e-05,1.42e-05,3.1588141126,1.2635256451,40.7745907144
1.42e-05,1.42e-05,3.1588141126,1.2635256451,56.9391861586
1.42e-05,1.42e-05,3.1588141126,1.2635256451,79.5120407981
1.42e-05,1.42e-05,3.1588141126,1.2635256451,111.0336318168
1.42e-05,1.42e-05,3.1588141126,1.2635256451,155.0515779833
1.42e-05,1.42e-05,3.1588141126,1.2635256451,216.5199088036
1.42e-05,1.42e-05,3.1588141126,1.2635256451,302.3566191205
1.42e-05,1.42e-05,3.1588141126,1.2635256451,422.2222595195
1.42e-05,1.42e-05,3.1588141126,1.2635256451,589.6071895242
1.42e-05,1.42e-05,3.1588141126,1.2635256451,823.3498592289
1.42e-05,1.42e-05,3.1588141126,1.2635256451,1149.7569953977
1.42e-05,1.42e-05,3.1588141126,1.2635256451,1605.5643098112
1.42e-05,1.42e-05,3.1588141126,1.2635256451,2242.0709447806
1.42e-05,1.42e-05,3.1588141126,1.2635256451,3130.912969796
1.42e-05,1.42e-05,3.1588141126,1.2635256451,4372.1257113904
1.42e-05,1.42e-05,3.1588141126,1.2635256451,6105.4022965853
1.42e-05,1.42e-05,3.1588141126,1.4214663507,0.1
1.42e-05,1.42e-05,3.1588141126,1.4214663507,0.1396437957
1.42e-05,1.42e-05,3.1588141126,1.4214663507,0.1950038968
1.42e-05,1.42e-05,3.1588141126,1.4214663507,0.2723108433
1.42e-05,1.42e-05,3.1588141126,1.4214663507,0.3802651977
1.42e-05,1.42e-05,3.1588141126,1.4214663507,0.5310167558
1.42e-05,1.42e-05,3.1588141126,1.4214663507,0.7415319537
1.42e-05,1.42e-05,3.1588141126,1.4214663507,1.0355033665
1.42e-05,1.42e-05,3.1588141126,1.4214663507,1.4460162057
1.42e-05,1.42e-05,3.1588141126,1.4214663507,2.0192719162
1.42e-05,1.42e-05,3.1588141126,1.4214663507,2.8197879494
1.42e-05,1.42e-05,3.1588141126,1.4214663507,3.9376589236
1.42e-05,1.42e-05,3.1588141126,1.4214663507,5.498696383
1.42e-05,1.42e-05,3.1588141126,1.4214663507,7.6785883437
1.42e-05,1.42e-05,3.1588141126,1.4214663507,10.7226722201
1.42e-05,1.42e-05,3.1588141126,1.4214663507,14.9735464897
1.42e-05,1.42e-05,3.1588141126,1.4214663507,20.9096286705
1.42e-05,1.42e-05,3.1588141126,1.4214663507,29.1989991443
1.42e-05,1.42e-05,3.1588141126,1.4214663507,40.7745907144
1.42e-05,1.42e-05,3.1588141126,1.4214663507,56.9391861586
1.42e-05,1.42e-05,3.1588141126,1.4214663507,79.5120407981
1.42e-05,1.42e-05,3.1588141126,1.4214663507,111.0336318168
1.42e-05,1.42e-05,3.1588141126,1.4214663507,155.0515779833
1.42e-05,1.42e-05,3.1588141126,1.4214663507,216.5199088036
1.42e-05,1.42e-05,3.1588141126,1.4214663507,302.3566191205
1.42e-05,1.42e-05,3.1588141126,1.4214663507,422.2222595195
1.42e-05,1.42e-05,3.1588141126,1.4214663507,589.6071895242
1.42e-05,1.42e-05,3.1588141126,1.4214663507,823.3498592289
1.42e-05,1.42e-05,3.1588141126,1.4214663507,1149.7569953977
1.42e-05,1.42e-05,3.1588141126,1.4214663507,1605.5643098112
1.42e-05,1.42e-05,3.1588141126,1.4214663507,2242.0709447806
1.42e-05,1.42e-05,3.1588141126,1.4214663507,3130.912969796
1.42e-05,1.42e-05,3.1588141126,1.4214663507,4372.1257113904
1.42e-05,1.42e-05,3.1588141126,1.4214663507,6105.4022965853
1.42e-05,1.42e-05,3.1588141126,1.5794070563,0.1
1.42e-05,1.42e-05,3.1588141126,1.5794070563,0.1396437957
1.42e-05,1.42e-05,3.1588141126,1.5794070563,0.1950038968
1.42e-05,1.42e-05,3.1588141126,1.5794070563,0.2723108433
1.42e-05,1.42e-05,3.1588141126,1.5794070563,0.3802651977
1.42e-05,1.42e-05,3.1588141126,1.5794070563,0.5310167558
1.42e-05,1.42e-05,3.1588141126,1.5794070563,0.7415319537
1.42e-05,1.42e-05,3.1588141126,1.5794070563,1.0355033665
1.42e-05,1.42e-05,3.1588141126,1.5794070563,1.4460162057
1.42e-05,1.42e-05,3.1588141126,1.5794070563,2.0192719162
1.42e-05,1.42e-05,3.1588141126,1.5794070563,2.8197879494
1.42e-05,1.42e-05,3.1588141126,1.5794070563,3.9376589236
1.42e-05,1.42e-05,3.1588141126,1.5794070563,5.498696383
1.42e-05,1.42e-05,3.1588141126,1.5794070563,7.6785883437
1.42e-05,1.42e-05,3.1588141126,1.5794070563,10.7226722201
1.42e-05,1.42e-05,3.1588141126,1.5794070563,14.9735464897
1.42e-05,1.42e-05,3.1588141126,1.5794070563,20.9096286705
1.42e-05,1.42e-05,3.1588141126,1.5794070563,29.1989991443
1.42e-05,1.42e-05,3.1588141126,1.5794070563,40.7745907144
1.42e-05,1.42e-05,3.1588141126,1.5794070563,56.9391861586
1.42e-05,1.42e-05,3.1588141126,1.5794070563,79.5120407981
1.42e-05,1.42e-05,3.1588141126,1.5794070563,111.0336318168
1.42e-05,1.42e-05,3.1588141126,1.5794070563,155.0515779833
1.42e-05,1.42e-05,3.1588141126,1.5794070563,216.5199088036
1.42e-05,1.42e-05,3.1588141126,1.5794070563,302.3566191205
1.42e-05,1.42e-05,3.1588141126,1.5794070563,422.2222595195
1.42e-05,1.42e-05,3.1588141126,1.5794070563,589.6071895242
1.42e-05,1.42e-05,3.1588141126,1.5794070563,823.3498592289
1.42e-05,1.42e-05,3.1588141126,1.5794070563,1149.7569953977
1.42e-05,1.42e-05,3.1588141126,1.5794070563,1605.5643098112
1.42e-05,1.42e-05,3.1588141126,1.5794070563,2242.0709447806
1.42e-05,1.42e-05,3.1588141126,1.5794070563,3130.912969796
1.42e-05,1.42e-05,3.1588141126,1.5794070563,4372.1257113904
1.42e-05,1.42e-05,3.1588141126,1.5794070563,6105.4022965853
1.42e-05,1.42e-05,3.1588141126,1.737347762,0.1
1.42e-05,1.42e-05,3.1588141126,1.737347762,0.1396437957
1.42e-05,1.42e-05,3.1588141126,1.737347762,0.1950038968
1.42e-05,1.42e-05,3.1588141126,1.737347762,0.2723108433
1.42e-05,1.42e-05,3.1588141126,1.737347762,0.3802651977
1.42e-05,1.42e-05,3.1588141126,1.737347762,0.5310167558
1.42e-05,1.42e-05,3.1588141126,1.737347762,0.7415319537
1.42e-05,1.42e-05,3.1588141126,1.737347762,1.0355033665
1.42e-05,1.42e-05,3.1588141126,1.737347762,1.4460162057
1.42e-05,1.42e-05,3.1588141126,1.737347762,2.0192719162
1.42e-05,1.42e-05,3.1588141126,1.737347762,2.8197879494
1.42e-05,1.42e-05,3.1588141126,1.737347762,3.9376589236
1.42e-05,1.42e-05,3.1588141126,1.737347762,5.498696383
1.42e-05,1.42e-05,3.1588141126,1.737347762,7.6785883437
1.42e-05,1.42e-05,3.1588141126,1.737347762,10.7226722201
1.42e-05,1.42e-05,3.1588141126,1.737347762,14.9735464897
1.42e-05,1.42e-05,3.1588141126,1.737347762,20.9096286705
1.42e-05,1.42e-05,3.1588141126,1.737347762,29.1989991443
1.42e-05,1.42e-05,3.1588141126,1.737347762,40.7745907144
1.42e-05,1.42e-05,3.1588141126,1.737347762,56.9391861586
1.42e-05,1.42e-05,3.1588141126,1.737347762,79.5120407981
1.42e-05,1.42e-05,3.1588141126,1.737347762,111.0336318168
1.42e-05,1.42e-05,3.1588141126,1.737347762,155.0515779833
1.42e-05,1.42e-05,3.1588141126,1.737347762,216.5199088036
1.42e-05,1.42e-05,3.1588141126,1.737347762,302.3566191205
1.42e-05,1.42e-05,3.1588141126,1.737347762,422.2222595195
1.42e-05,1.42e-05,3.1588141126,1.737347762,589.6071895242
1.42e-05,1.42e-05,3.1588141126,1.737347762,823.3498592289
1.42e-05,1.42e-05,3.1588141126,1.737347762,1149.7569953977
1.42e-05,1.42e-05,3.1588141126,1.737347762,1605.5643098112
1.42e-05,1.42e-05,3.1588141126,1.737347762,2242.0709447806
1.42e-05,1.42e-05,3.1588141126,1.737347762,3130.912969796
1.42e-05,1.42e-05,3.1588141126,1.737347762,4372.1257113904
1.42e-05,1.42e-05,3.1588141126,1.737347762,6105.4022965853
1.42e-05,1.42e-05,3.1588141126,1.8952884676,0.1
1.42e-05,1.42e-05,3.1588141126,1.8952884676,0.1396437957
1.42e-05,1.42e-05,3.1588141126,1.8952884676,0.1950038968
1.42e-05,1.42e-05,3.1588141126,1.8952884676,0.2723108433
1.42e-05,1.42e-05,3.1588141126,1.8952884676,0.3802651977
1.42e-05,1.42e-05,3.1588141126,1.8952884676,0.5310167558
1.42e-05,1.42e-05,3.1588141126,1.8952884676,0.7415319537
1.42e-05,1.42e-05,3.1588141126,1.8952884676,1.0355033665
1.42e-05,1.42e-05,3.1588141126,1.8952884676,1.4460162057
1.42e-05,1.42e-05,3.1588141126,1.8952884676,2.0192719162
1.42e-05,1.42e-05,3.1588141126,1.8952884676,2.8197879494
1.42e-05,1.42e-05,3.1588141126,1.8952884676,3.9376589236
1.42e-05,1.42e-05,3.1588141126,1.8952884676,5.498696383
1.42e-05,1.42e-05,3.1588141126,1.8952884676,7.6785883437
1.42e-05,1.42e-05,3.1588141126,1.8952884676,10.7226722201
1.42e-05,1.42e-05,3.1588141126,1.8952884676,14.9735464897
1.42e-05,1.42e-05,3.1588141126,1.8952884676,20.9096286705
1.42e-05,1.42e-05,3.1588141126,1.8952884676,29.1989991443
1.42e-05,1.42e-05,3.1588141126,1.8952884676,40.7745907144
1.42e-05,1.42e-05,3.1588141126,1.8952884676,56.9391861586
1.42e-05,1.42e-05,3.1588141126,1.8952884676,79.5120407981
1.42e-05,1.42e-05,3.1588141126,1.8952884676,111.0336318168
1.42e-05,1.42e-05,3.1588141126,1.8952884676,155.0515779833
1.42e-05,1.42e-05,3.1588141126,1.8952884676,216.5199088036
1.42e-05,1.42e-05,3.1588141126,1.8952884676,302.3566191205
1.42e-05,1.42e-05,3.1588141126,1.8952884676,422.2222595195
1.42e-05,1.42e-05,3.1588141126,1.8952884676,589.6071895242
1.42e-05,1.42e-05,3.1588141126,1.8952884676,823.3498592289
1.42e-05,1.42e-05,3.1588141126,1.8952884676,1149.7569953977
1.42e-05,1.42e-05,3.1588141126,1.8952884676,1605.5643098112
1.42e-05,1.42e-05,3.1588141126,1.8952884676,2242.0709447806
1.42e-05,1.42e-05,3.1588141126,1.8952884676,3130.912969796
1.42e-05,1.42e-05,3.1588141126,1.8952884676,4372.1257113904
1.42e-05,1.42e-05,3.1588141126,1.8952884676,6105.4022965853
1.42e-05,1.42e-05,3.1588141126,2.0532291732,0.1
1.42e-05,1.42e-05,3.1588141126,2.0532291732,0.1396437957
1.42e-05,1.42e-05,3.1588141126,2.0532291732,0.1950038968
1.42e-05,1.42e-05,3.1588141126,2.0532291732,0.2723108433
1.42e-05,1.42e-05,3.1588141126,2.0532291732,0.3802651977
1.42e-05,1.42e-05,3.1588141126,2.0532291732,0.5310167558
1.42e-05,1.42e-05,3.1588141126,2.0532291732,0.7415319537
1.42e-05,1.42e-05,3.1588141126,2.0532291732,1.0355033665
1.42e-05,1.42e-05,3.1588141126,2.0532291732,1.4460162057
1.42e-05,1.42e-05,3.1588141126,2.0532291732,2.0192719162
1.42e-05,1.42e-05,3.1588141126,2.0532291732,2.8197879494
1.42e-05,1.42e-05,3.1588141126,2.0532291732,3.9376589236
1.42e-05,1.42e-05,3.1588141126,2.0532291732,5.498696383
1.42e-05,1.42e-05,3.1588141126,2.0532291732,7.6785883437
1.42e-05,1.42e-05,3.1588141126,2.0532291732,10.7226722201
1.42e-05,1.42e-05,3.1588141126,2.0532291732,14.9735464897
1.42e-05,1.42e-05,3.1588141126,2.0532291732,20.9096286705
1.42e-05,1.42e-05,3.1588141126,2.0532291732,29.1989991443
1.42e-05,1.42e-05,3.1588141126,2.0532291732,40.7745907144
1.42e-05,1.42e-05,3.1588141126,2.0532291732,56.9391861586
1.42e-05,1.42e-05,3.1588141126,2.0532291732,79.5120407981
1.42e-05,1.42e-05,3.1588141126,2.0532291732,111.0336318168
1.42e-05,1.42e-05,3.1588141126,2.0532291732,155.0515779833
1.42e-05,1.42e-05,3.1588141126,2.0532291732,216.5199088036
1.42e-05,1.42e-05,3.1588141126,2.0532291732,302.3566191205
1.42e-05,1.42e-05,3.1588141126,2.0532291732,422.2222595195
1.42e-05,1.42e-05,3.1588141126,2.0532291732,589.6071895242
1.42e-05,1.42e-05,3.1588141126,2.0532291732,823.3498592289
1.42e-05,1.42e-05,3.1588141126,2.0532291732,1149.7569953977
1.42e-05,1.42e-05,3.1588141126,2.0532291732,1605.5643098112
1.42e-05,1.42e-05,3.1588141126,2.0532291732,2242.0709447806
1.42e-05,1.42e-05,3.1588141126,2.0532291732,3130.912969796
1.42e-05,1.42e-05,3.1588141126,2.0532291732,4372.1257113904
1.42e-05,1.42e-05,3.1588141126,2.0532291732,6105.4022965853
1.42e-05,1.42e-05,3.1588141126,2.2111698789,0.1
1.42e-05,1.42e-05,3.1588141126,2.2111698789,0.1396437957
1.42e-05,1.42e-05,3.1588141126,2.2111698789,0.1950038968
1.42e-05,1.42e-05,3.1588141126,2.2111698789,0.2723108433
1.42e-05,1.42e-05,3.1588141126,2.2111698789,0.3802651977
1.42e-05,1.42e-05,3.1588141126,2.2111698789,0.5310167558
1.42e-05,1.42e-05,3.1588141126,2.2111698789,0.7415319537
1.42e-05,1.42e-05,3.1588141126,2.2111698789,1.0355033665
1.42e-05,1.42e-05,3.1588141126,2.2111698789,1.4460162057
1.42e-05,1.42e-05,3.1588141126,2.2111698789,2.0192719162
1.42e-05,1.42e-05,3.1588141126,2.2111698789,2.8197879494
1.42e-05,1.42e-05,3.1588141126,2.2111698789,3.9376589236
1.42e-05,1.42e-05,3.1588141126,2.2111698789,5.498696383
1.42e-05,1.42e-05,3.1588141126,2.2111698789,7.6785883437
1.42e-05,1.42e-05,3.1588141126,2.2111698789,10.7226722201
1.42e-05,1.42e-05,3.1588141126,2.2111698789,14.9735464897
1.42e-05,1.42e-05,3.1588141126,2.2111698789,20.9096286705
1.42e-05,1.42e-05,3.1588141126,2.2111698789,29.1989991443
1.42e-05,1.42e-05,3.1588141126,2.2111698789,40.7745907144
1.42e-05,1.42e-05,3.1588141126,2.2111698789,56.9391861586
1.42e-05,1.42e-05,3.1588141126,2.2111698789,79.5120407981
1.42e-05,1.42e-05,3.1588141126,2.2111698789,111.0336318168
1.42e-05,1.42e-05,3.1588141126,2.2111698789,155.0515779833
1.42e-05,1.42e-05,3.1588141126,2.2111698789,216.5199088036
1.42e-05,1.42e-05,3.1588141126,2.2111698789,302.3566191205
1.42e-05,1.42e-05,3.1588141126,2.2111698789,422.2222595195
1.42e-05,1.42e-05,3.1588141126,2.2111698789,589.6071895242
1.42e-05,1.42e-05,3.1588141126,2.2111698789,823.3498592289
1.42e-05,1.42e-05,3.1588141126,2.2111698789,1149.7569953977
1.42e-05,1.42e-05,3.1588141126,2.2111698789,1605.5643098112
1.42e-05,1.42e-05,3.1588141126,2.2111698789,2242.0709447806
1.42e-05,1.42e-05,3.1588141126,2.2111698789,3130.912969796
1.42e-05,1.42e-05,3.1588141126,2.2111698789,4372.1257113904
1.42e-05,1.42e-05,3.1588141126,2.2111698789,6105.4022965853
1.42e-05,1.42e-05,3.1588141126,2.3691105845,0.1
1.42e-05,1.42e-05,3.1588141126,2.3691105845,0.1396437957
1.42e-05,1.42e-05,3.1588141126,2.3691105845,0.1950038968
1.42e-05,1.42e-05,3.1588141126,2.3691105845,0.2723108433
1.42e-05,1.42e-05,3.1588141126,2.3691105845,0.3802651977
1.42e-05,1.42e-05,3.1588141126,2.3691105845,0.5310167558
1.42e-05,1.42e-05,3.1588141126,2.3691105845,0.7415319537
1.42e-05,1.42e-05,3.1588141126,2.3691105845,1.0355033665
1.42e-05,1.42e-05,3.1588141126,2.3691105845,1.4460162057
1.42e-05,1.42e-05,3.1588141126,2.3691105845,2.0192719162
1.42e-05,1.42e-05,3.1588141126,2.3691105845,2.8197879494
1.42e-05,1.42e-05,3.1588141126,2.3691105845,3.9376589236
1.42e-05,1.42e-05,3.1588141126,2.3691105845,5.498696383
1.42e-05,1.42e-05,3.1588141126,2.3691105845,7.6785883437
1.42e-05,1.42e-05,3.1588141126,2.3691105845,10.7226722201
1.42e-05,1.42e-05,3.1588141126,2.3691105845,14.9735464897
1.42e-05,1.42e-05,3.1588141126,2.3691105845,20.9096286705
1.42e-05,1.42e-05,3.1588141126,2.3691105845,29.1989991443
1.42e-05,1.42e-05,3.1588141126,2.3691105845,40.7745907144
1.42e-05,1.42e-05,3.1588141126,2.3691105845,56.9391861586
1.42e-05,1.42e-05,3.1588141126,2.3691105845,79.5120407981
1.42e-05,1.42e-05,3.1588141126,2.3691105845,111.0336318168
1.42e-05,1.42e-05,3.1588141126,2.3691105845,155.0515779833
1.42e-05,1.42e-05,3.1588141126,2.3691105845,216.5199088036
1.42e-05,1.42e-05,3.1588141126,2.3691105845,302.3566191205
1.42e-05,1.42e-05,3.1588141126,2.3691105845,422.2222595195
1.42e-05,1.42e-05,3.1588141126,2.3691105845,589.6071895242
1.42e-05,1.42e-05,3.1588141126,2.3691105845,823.3498592289
1.42e-05,1.42e-05,3.1588141126,2.3691105845,1149.7569953977
1.42e-05,1.42e-05,3.1588141126,2.3691105845,1605.5643098112
1.42e-05,1.42e-05,3.1588141126,2.3691105845,2242.0709447806
1.42e-05,1.42e-05,3.1588141126,2.3691105845,3130.912969796
1.42e-05,1.42e-05,3.1588141126,2.3691105845,4372.1257113904
1.42e-05,1.42e-05,3.1588141126,2.3691105845,6105.4022965853
1.42e-05,1.42e-05,3.1588141126,2.5270512901,0.1
1.42e-05,1.42e-05,3.1588141126,2.5270512901,0.1396437957
1.42e-05,1.42e-05,3.1588141126,2.5270512901,0.1950038968
1.42e-05,1.42e-05,3.1588141126,2.5270512901,0.2723108433
1.42e-05,1.42e-05,3.1588141126,2.5270512901,0.3802651977
1.42e-05,1.42e-05,3.1588141126,2.5270512901,0.5310167558
1.42e-05,1.42e-05,3.1588141126,2.5270512901,0.7415319537
1.42e-05,1.42e-05,3.1588141126,2.5270512901,1.0355033665
1.42e-05,1.42e-05,3.1588141126,2.5270512901,1.4460162057
1.42e-05,1.42e-05,3.1588141126,2.5270512901,2.0192719162
1.42e-05,1.42e-05,3.1588141126,2.5270512901,2.8197879494
1.42e-05,1.42e-05,3.1588141126,2.5270512901,3.9376589236
1.42e-05,1.42e-05,3.1588141126,2.5270512901,5.498696383
1.42e-05,1.42e-05,3.1588141126,2.5270512901,7.6785883437
1.42e-05,1.42e-05,3.1588141126,2.5270512901,10.7226722201
1.42e-05,1.42e-05,3.1588141126,2.5270512901,14.9735464897
1.42e-05,1.42e-05,3.1588141126,2.5270512901,20.9096286705
1.42e-05,1.42e-05,3.1588141126,2.5270512901,29.1989991443
1.42e-05,1.42e-05,3.1588141126,2.5270512901,40.7745907144
1.42e-05,1.42e-05,3.1588141126,2.5270512901,56.9391861586
1.42e-05,1.42e-05,3.1588141126,2.5270512901,79.5120407981
1.42e-05,1.42e-05,3.1588141126,2.5270512901,111.0336318168
1.42e-05,1.42e-05,3.1588141126,2.5270512901,155.0515779833
1.42e-05,1.42e-05,3.1588141126,2.5270512901,216.5199088036
1.42e-05,1.42e-05,3.1588141126,2.5270512901,302.3566191205
1.42e-05,1.42e-05,3.1588141126,2.5270512901,422.2222595195
1.42e-05,1.42e-05,3.1588141126,2.5270512901,589.6071895242
1.42e-05,1.42e-05,3.1588141126,2.5270512901,823.3498592289
1.42e-05,1.42e-05,3.1588141126,2.5270512901,1149.7569953977
1.42e-05,1.42e-05,3.1588141126,2.5270512901,1605.5643098112
1.42e-05,1.42e-05,3.1588141126,2.5270512901,2242.0709447806
1.42e-05,1.42e-05,3.1588141126,2.5270512901,3130.912969796
1.42e-05,1.42e-05,3.1588141126,2.5270512901,4372.1257113904
1.42e-05,1.42e-05,3.1588141126,2.5270512901,6105.4022965853
1.42e-05,1.42e-05,3.1588141126,2.6849919957,0.1
1.42e-05,1.42e-05,3.1588141126,2.6849919957,0.1396437957
1.42e-05,1.42e-05,3.1588141126,2.6849919957,0.1950038968
1.42e-05,1.42e-05,3.1588141126,2.6849919957,0.2723108433
1.42e-05,1.42e-05,3.1588141126,2.6849919957,0.3802651977
1.42e-05,1.42e-05,3.1588141126,2.6849919957,0.5310167558
1.42e-05,1.42e-05,3.1588141126,2.6849919957,0.7415319537
1.42e-05,1.42e-05,3.1588141126,2.6849919957,1.0355033665
1.42e-05,1.42e-05,3.1588141126,2.6849919957,1.4460162057
1.42e-05,1.42e-05,3.1588141126,2.6849919957,2.0192719162
1.42e-05,1.42e-05,3.1588141126,2.6849919957,2.8197879494
1.42e-05,1.42e-05,3.1588141126,2.6849919957,3.9376589236
1.42e-05,1.42e-05,3.1588141126,2.6849919957,5.498696383
1.42e-05,1.42e-05,3.1588141126,2.6849919957,7.6785883437
1.42e-05,1.42e-05,3.1588141126,2.6849919957,10.7226722201
1.42e-05,1.42e-05,3.1588141126,2.6849919957,14.9735464897
1.42e-05,1.42e-05,3.1588141126,2.6849919957,20.9096286705
1.42e-05,1.42e-05,3.1588141126,2.6849919957,29.1989991443
1.42e-05,1.42e-05,3.1588141126,2.6849919957,40.7745907144
1.42e-05,1.42e-05,3.1588141126,2.6849919957,56.9391861586
1.42e-05,1.42e-05,3.1588141126,2.6849919957,79.5120407981
1.42e-05,1.42e-05,3.1588141126,2.6849919957,111.0336318168
1.42e-05,1.42e-05,3.1588141126,2.6849919957,155.0515779833
1.42e-05,1.42e-05,3.1588141126,2.6849919957,216.5199088036
1.42e-05,1.42e-05,3.1588141126,2.6849919957,302.3566191205
1.42e-05,1.42e-05,3.1588141126,2.6849919957,422.2222595195
1.42e-05,1.42e-05,3.1588141126,2.6849919957,589.6071895242
1.42e-05,1.42e-05,3.1588141126,2.6849919957,823.3498592289
1.42e-05,1.42e-05,3.1588141126,2.6849919957,1149.7569953977
1.42e-05,1.42e-05,3.1588141126,2.6849919957,1605.5643098112
1.42e-05,1.42e-05,3.1588141126,2.6849919957,2242.0709447806
1.42e-05,1.42e-05,3.1588141126,2.6849919957,3130.912969796
1.42e-05,1.42e-05,3.1588141126,2.6849919957,4372.1257113904
1.42e-05,1.42e-05,3.1588141126,2.6849919957,6105.4022965853
1.42e-05,1.42e-05,3.1588141126,2.8429327014,0.1
1.42e-05,1.42e-05,3.1588141126,2.8429327014,0.1396437957
1.42e-05,1.42e-05,3.1588141126,2.8429327014,0.1950038968
1.42e-05,1.42e-05,3.1588141126,2.8429327014,0.2723108433
1.42e-05,1.42e-05,3.1588141126,2.8429327014,0.3802651977
1.42e-05,1.42e-05,3.1588141126,2.8429327014,0.5310167558
1.42e-05,1.42e-05,3.1588141126,2.8429327014,0.7415319537
1.42e-05,1.42e-05,3.1588141126,2.8429327014,1.0355033665
1.42e-05,1.42e-05,3.1588141126,2.8429327014,1.4460162057
1.42e-05,1.42e-05,3.1588141126,2.8429327014,2.0192719162
1.42e-05,1.42e-05,3.1588141126,2.8429327014,2.8197879494
1.42e-05,1.42e-05,3.1588141126,2.8429327014,3.9376589236
1.42e-05,1.42e-05,3.1588141126,2.8429327014,5.498696383
1.42e-05,1.42e-05,3.1588141126,2.8429327014,7.6785883437
1.42e-05,1.42e-05,3.1588141126,2.8429327014,10.7226722201
1.42e-05,1.42e-05,3.1588141126,2.8429327014,14.9735464897
1.42e-05,1.42e-05,3.1588141126,2.8429327014,20.9096286705
1.42e-05,1.42e-05,3.1588141126,2.8429327014,29.1989991443
1.42e-05,1.42e-05,3.1588141126,2.8429327014,40.7745907144
1.42e-05,1.42e-05,3.1588141126,2.8429327014,56.9391861586
1.42e-05,1.42e-05,3.1588141126,2.8429327014,79.5120407981
1.42e-05,1.42e-05,3.1588141126,2.8429327014,111.0336318168
1.42e-05,1.42e-05,3.1588141126,2.8429327014,155.0515779833
1.42e-05,1.42e-05,3.1588141126,2.8429327014,216.5199088036
1.42e-05,1.42e-05,3.1588141126,2.8429327014,302.3566191205
1.42e-05,1.42e-05,3.1588141126,2.8429327014,422.2222595195
1.42e-05,1.42e-05,3.1588141126,2.8429327014,589.6071895242
1.42e-05,1.42e-05,3.1588141126,2.8429327014,823.3498592289
1.42e-05,1.42e-05,3.1588141126,2.8429327014,1149.7569953977
1.42e-05,1.42e-05,3.1588141126,2.8429327014,1605.5643098112
1.42e-05,1.42e-05,3.1588141126,2.8429327014,2242.0709447806
1.42e-05,1.42e-05,3.1588141126,2.8429327014,3130.912969796
1.42e-05,1.42e-05,3.1588141126,2.8429327014,4372.1257113904
1.42e-05,1.42e-05,3.1588141126,2.8429327014,6105.4022965853
1.42e-05,1.42e-05,3.1588141126,3.000873407,0.1
1.42e-05,1.42e-05,3.1588141126,3.000873407,0.1396437957
1.42e-05,1.42e-05,3.1588141126,3.000873407,0.1950038968
1.42e-05,1.42e-05,3.1588141126,3.000873407,0.2723108433
1.42e-05,1.42e-05,3.1588141126,3.000873407,0.3802651977
1.42e-05,1.42e-05,3.1588141126,3.000873407,0.5310167558
1.42e-05,1.42e-05,3.1588141126,3.000873407,0.7415319537
1.42e-05,1.42e-05,3.1588141126,3.000873407,1.0355033665
1.42e-05,1.42e-05,3.1588141126,3.000873407,1.4460162057
1.42e-05,1.42e-05,3.1588141126,3.000873407,2.0192719162
1.42e-05,1.42e-05,3.1588141126,3.000873407,2.8197879494
1.42e-05,1.42e-05,3.1588141126,3.000873407,3.9376589236
1.42e-05,1.42e-05,3.1588141126,3.000873407,5.498696383
1.42e-05,1.42e-05,3.1588141126,3.000873407,7.6785883437
1.42e-05,1.42e-05,3.1588141126,3.000873407,10.7226722201
1.42e-05,1.42e-05,3.1588141126,3.000873407,14.9735464897
1.42e-05,1.42e-05,3.1588141126,3.000873407,20.9096286705
1.42e-05,1.42e-05,3.1588141126,3.000873407,29.1989991443
1.42e-05,1.42e-05,3.1588141126,3.000873407,40.7745907144
1.42e-05,1.42e-05,3.1588141126,3.000873407,56.9391861586
1.42e-05,1.42e-05,3.1588141126,3.000873407,79.5120407981
1.42e-05,1.42e-05,3.1588141126,3.000873407,111.0336318168
1.42e-05,1.42e-05,3.1588141126,3.000873407,155.0515779833
1.42e-05,1.42e-05,3.1588141126,3.000873407,216.5199088036
1.42e-05,1.42e-05,3.1588141126,3.000873407,302.3566191205
1.42e-05,1.42e-05,3.1588141126,3.000873407,422.2222595195
1.42e-05,1.42e-05,3.1588141126,3.000873407,589.6071895242
1.42e-05,1.42e-05,3.1588141126,3.000873407,823.3498592289
1.42e-05,1.42e-05,3.1588141126,3.000873407,1149.7569953977
1.42e-05,1.42e-05,3.1588141126,3.000873407,1605.5643098112
1.42e-05,1.42e-05,3.1588141126,3.000873407,2242.0709447806
1.42e-05,1.42e-05,3.1588141126,3.000873407,3130.912969796
1.42e-05,1.42e-05,3.1588141126,3.000873407,4372.1257113904
1.42e-05,1.42e-05,3.1588141126,3.000873407,6105.4022965853
1.42e-05,1.42e-05,3.1588141126,3.1272259715,0.1
1.42e-05,1.42e-05,3.1588141126,3.1272259715,0.1396437957
1.42e-05,1.42e-05,3.1588141126,3.1272259715,0.1950038968
1.42e-05,1.42e-05,3.1588141126,3.1272259715,0.2723108433
1.42e-05,1.42e-05,3.1588141126,3.1272259715,0.3802651977
1.42e-05,1.42e-05,3.1588141126,3.1272259715,0.5310167558
1.42e-05,1.42e-05,3.1588141126,3.1272259715,0.7415319537
1.42e-05,1.42e-05,3.1588141126,3.1272259715,1.0355033665
1.42e-05,1.42e-05,3.1588141126,3.1272259715,1.4460162057
1.42e-05,1.42e-05,3.1588141126,3.1272259715,2.0192719162
1.42e-05,1.42e-05,3.1588141126,3.1272259715,2.8197879494
1.42e-05,1.42e-05,3.1588141126,3.1272259715,3.9376589236
1.42e-05,1.42e-05,3.1588141126,3.1272259715,5.498696383
1.42e-05,1.42e-05,3.1588141126,3.1272259715,7.6785883437
1.42e-05,1.42e-05,3.1588141126,3.1272259715,10.7226722201
1.42e-05,1.42e-05,3.1588141126,3.1272259715,14.9735464897
1.42e-05,1.42e-05,3.1588141126,3.1272259715,20.9096286705
1.42e-05,1.42e-05,3.1588141126,3.1272259715,29.1989991443
1.42e-05,1.42e-05,3.1588141126,3.1272259715,40.7745907144
1.42e-05,1.42e-05,3.1588141126,3.1272259715,56.9391861586
1.42e-05,1.42e-05,3.1588141126,3.1272259715,79.5120407981
1.42e-05,1.42e-05,3.1588141126,3.1272259715,111.0336318168
1.42e-05,1.42e-05,3.1588141126,3.1272259715,155.0515779833
1.42e-05,1.42e-05,3.1588141126,3.1272259715,216.5199088036
1.42e-05,1.42e-05,3.1588141126,3.1272259715,302.3566191205
1.42e-05,1.42e-05,3.1588141126,3.1272259715,422.2222595195
1.42e-05,1.42e-05,3.1588141126,3.1272259715,589.6071895242
1.42e-05,1.42e-05,3.1588141126,3.1272259715,823.3498592289
1.42e-05,1.42e-05,3.1588141126,3.1272259715,1149.7569953977
1.42e-05,1.42e-05,3.1588141126,3.1272259715,1605.5643098112
1.42e-05,1.42e-05,3.1588141126,3.1272259715,2242.0709447806
1.42e-05,1.42e-05,3.1588141126,3.1272259715,3130.912969796
1.42e-05,1.42e-05,3.1588141126,3.1272259715,4372.1257113904
1.42e-05,1.42e-05,3.1588141126,3.1272259715,6105.4022965853
1.42e-05,1.42e-05,3.5187158463,0.1759357923,0.1
1.42e-05,1.42e-05,3.5187158463,0.1759357923,0.1396437957
1.42e-05,1.42e-05,3.5187158463,0.1759357923,0.1950038968
1.42e-05,1.42e-05,3.5187158463,0.1759357923,0.2723108433
1.42e-05,1.42e-05,3.5187158463,0.1759357923,0.3802651977
1.42e-05,1.42e-05,3.5187158463,0.1759357923,0.5310167558
1.42e-05,1.42e-05,3.5187158463,0.1759357923,0.7415319537
1.42e-05,1.42e-05,3.5187158463,0.1759357923,1.0355033665
1.42e-05,1.42e-05,3.5187158463,0.1759357923,1.4460162057
1.42e-05,1.42e-05,3.5187158463,0.1759357923,2.0192719162
1.42e-05,1.42e-05,3.5187158463,0.1759357923,2.8197879494
1.42e-05,1.42e-05,3.5187158463,0.1759357923,3.9376589236
1.42e-05,1.42e-05,3.5187158463,0.1759357923,5.498696383
1.42e-05,1.42e-05,3.5187158463,0.1759357923,7.6785883437
1.42e-05,1.42e-05,3.5187158463,0.1759357923,10.7226722201
1.42e-05,1.42e-05,3.5187158463,0.1759357923,14.9735464897
1.42e-05,1.42e-05,3.5187158463,0.1759357923,20.9096286705
1.42e-05,1.42e-05,3.5187158463,0.1759357923,29.1989991443
1.42e-05,1.42e-05,3.5187158463,0.1759357923,40.7745907144
1.42e-05,1.42e-05,3.5187158463,0.1759357923,56.9391861586
1.42e-05,1.42e-05,3.5187158463,0.1759357923,79.5120407981
1.42e-05,1.42e-05,3.5187158463,0.1759357923,111.0336318168
1.42e-05,1.42e-05,3.5187158463,0.1759357923,155.0515779833
1.42e-05,1.42e-05,3.5187158463,0.1759357923,216.5199088036
1.42e-05,1.42e-05,3.5187158463,0.1759357923,302.3566191205
1.42e-05,1.42e-05,3.5187158463,0.1759357923,422.2222595195
1.42e-05,1.42e-05,3.5187158463,0.1759357923,589.6071895242
1.42e-05,1.42e-05,3.5187158463,0.1759357923,823.3498592289
1.42e-05,1.42e-05,3.5187158463,0.1759357923,1149.7569953977
1.42e-05,1.42e-05,3.5187158463,0.1759357923,1605.5643098112
1.42e-05,1.42e-05,3.5187158463,0.1759357923,2242.0709447806
1.42e-05,1.42e-05,3.5187158463,0.1759357923,3130.912969796
1.42e-05,1.42e-05,3.5187158463,0.1759357923,4372.1257113904
1.42e-05,1.42e-05,3.5187158463,0.1759357923,6105.4022965853
1.42e-05,1.42e-05,3.5187158463,0.3518715846,0.1
1.42e-05,1.42e-05,3.5187158463,0.3518715846,0.1396437957
1.42e-05,1.42e-05,3.5187158463,0.3518715846,0.1950038968
1.42e-05,1.42e-05,3.5187158463,0.3518715846,0.2723108433
1.42e-05,1.42e-05,3.5187158463,0.3518715846,0.3802651977
1.42e-05,1.42e-05,3.5187158463,0.3518715846,0.5310167558
1.42e-05,1.42e-05,3.5187158463,0.3518715846,0.7415319537
1.42e-05,1.42e-05,3.5187158463,0.3518715846,1.0355033665
1.42e-05,1.42e-05,3.5187158463,0.3518715846,1.4460162057
1.42e-05,1.42e-05,3.5187158463,0.3518715846,2.0192719162
1.42e-05,1.42e-05,3.5187158463,0.3518715846,2.8197879494
1.42e-05,1.42e-05,3.5187158463,0.3518715846,3.9376589236
1.42e-05,1.42e-05,3.5187158463,0.3518715846,5.498696383
1.42e-05,1.42e-05,3.5187158463,0.3518715846,7.6785883437
1.42e-05,1.42e-05,3.5187158463,0.3518715846,10.7226722201
1.42e-05,1.42e-05,3.5187158463,0.3518715846,14.9735464897
1.42e-05,1.42e-05,3.5187158463,0.3518715846,20.9096286705
1.42e-05,1.42e-05,3.5187158463,0.3518715846,29.1989991443
1.42e-05,1.42e-05,3.5187158463,0.3518715846,40.7745907144
1.42e-05,1.42e-05,3.5187158463,0.3518715846,56.9391861586
1.42e-05,1.42e-05,3.5187158463,0.3518715846,79.5120407981
1.42e-05,1.42e-05,3.5187158463,0.3518715846,111.0336318168
1.42e-05,1.42e-05,3.5187158463,0.3518715846,155.0515779833
1.42e-05,1.42e-05,3.5187158463,0.3518715846,216.5199088036
1.42e-05,1.42e-05,3.5187158463,0.3518715846,302.3566191205
1.42e-05,1.42e-05,3.5187158463,0.3518715846,422.2222595195
1.42e-05,1.42e-05,3.5187158463,0.3518715846,589.6071895242
1.42e-05,1.42e-05,3.5187158463,0.3518715846,823.3498592289
1.42e-05,1.42e-05,3.5187158463,0.3518715846,1149.7569953977
1.42e-05,1.42e-05,3.5187158463,0.3518715846,1605.5643098112
1.42e-05,1.42e-05,3.5187158463,0.3518715846,2242.0709447806
1.42e-05,1.42e-05,3.5187158463,0.3518715846,3130.912969796
1.42e-05,1.42e-05,3.5187158463,0.3518715846,4372.1257113904
1.42e-05,1.42e-05,3.5187158463,0.3518715846,6105.4022965853
1.42e-05,1.42e-05,3.5187158463,0.5278073769,0.1
1.42e-05,1.42e-05,3.5187158463,0.5278073769,0.1396437957
1.42e-05,1.42e-05,3.5187158463,0.5278073769,0.1950038968
1.42e-05,1.42e-05,3.5187158463,0.5278073769,0.2723108433
1.42e-05,1.42e-05,3.5187158463,0.5278073769,0.3802651977
1.42e-05,1.42e-05,3.5187158463,0.5278073769,0.5310167558
1.42e-05,1.42e-05,3.5187158463,0.5278073769,0.7415319537
1.42e-05,1.42e-05,3.5187158463,0.5278073769,1.0355033665
1.42e-05,1.42e-05,3.5187158463,0.5278073769,1.4460162057
1.42e-05,1.42e-05,3.5187158463,0.5278073769,2.0192719162
1.42e-05,1.42e-05,3.5187158463,0.5278073769,2.8197879494
1.42e-05,1.42e-05,3.5187158463,0.5278073769,3.9376589236
1.42e-05,1.42e-05,3.5187158463,0.5278073769,5.498696383
1.42e-05,1.42e-05,3.5187158463,0.5278073769,7.6785883437
1.42e-05,1.42e-05,3.5187158463,0.5278073769,10.7226722201
1.42e-05,1.42e-05,3.5187158463,0.5278073769,14.9735464897
1.42e-05,1.42e-05,3.5187158463,0.5278073769,20.9096286705
1.42e-05,1.42e-05,3.5187158463,0.5278073769,29.1989991443
1.42e-05,1.42e-05,3.5187158463,0.5278073769,40.7745907144
1.42e-05,1.42e-05,3.5187158463,0.5278073769,56.9391861586
1.42e-05,1.42e-05,3.5187158463,0.5278073769,79.5120407981
1.42e-05,1.42e-05,3.5187158463,0.5278073769,111.0336318168
1.42e-05,1.42e-05,3.5187158463,0.5278073769,155.0515779833
1.42e-05,1.42e-05,3.5187158463,0.5278073769,216.5199088036
1.42e-05,1.42e-05,3.5187158463,0.5278073769,302.3566191205
1.42e-05,1.42e-05,3.5187158463,0.5278073769,422.2222595195
1.42e-05,1.42e-05,3.5187158463,0.5278073769,589.6071895242
1.42e-05,1.42e-05,3.5187158463,0.5278073769,823.3498592289
1.42e-05,1.42e-05,3.5187158463,0.5278073769,1149.7569953977
1.42e-05,1.42e-05,3.5187158463,0.5278073769,1605.5643098112
1.42e-05,1.42e-05,3.5187158463,0.5278073769,2242.0709447806
1.42e-05,1.42e-05,3.5187158463,0.5278073769,3130.912969796
1.42e-05,1.42e-05,3.5187158463,0.5278073769,4372.1257113904
1.42e-05,1.42e-05,3.5187158463,0.5278073769,6105.4022965853
1.42e-05,1.42e-05,3.5187158463,0.7037431693,0.1
1.42e-05,1.42e-05,3.5187158463,0.7037431693,0.1396437957
1.42e-05,1.42e-05,3.5187158463,0.7037431693,0.1950038968
1.42e-05,1.42e-05,3.5187158463,0.7037431693,0.2723108433
1.42e-05,1.42e-05,3.5187158463,0.7037431693,0.3802651977
1.42e-05,1.42e-05,3.5187158463,0.7037431693,0.5310167558
1.42e-05,1.42e-05,3.5187158463,0.7037431693,0.7415319537
1.42e-05,1.42e-05,3.5187158463,0.7037431693,1.0355033665
1.42e-05,1.42e-05,3.5187158463,0.7037431693,1.4460162057
1.42e-05,1.42e-05,3.5187158463,0.7037431693,2.0192719162
1.42e-05,1.42e-05,3.5187158463,0.7037431693,2.8197879494
1.42e-05,1.42e-05,3.5187158463,0.7037431693,3.9376589236
1.42e-05,1.42e-05,3.5187158463,0.7037431693,5.498696383
1.42e-05,1.42e-05,3.5187158463,0.7037431693,7.6785883437
1.42e-05,1.42e-05,3.5187158463,0.7037431693,10.7226722201
1.42e-05,1.42e-05,3.5187158463,0.7037431693,14.9735464897
1.42e-05,1.42e-05,3.5187158463,0.7037431693,20.9096286705
1.42e-05,1.42e-05,3.5187158463,0.7037431693,29.1989991443
1.42e-05,1.42e-05,3.5187158463,0.7037431693,40.7745907144
1.42e-05,1.42e-05,3.5187158463,0.7037431693,56.9391861586
1.42e-05,1.42e-05,3.5187158463,0.7037431693,79.5120407981
1.42e-05,1.42e-05,3.5187158463,0.7037431693,111.0336318168
1.42e-05,1.42e-05,3.5187158463,0.7037431693,155.0515779833
1.42e-05,1.42e-05,3.5187158463,0.7037431693,216.5199088036
1.42e-05,1.42e-05,3.5187158463,0.7037431693,302.3566191205
1.42e-05,1.42e-05,3.5187158463,0.7037431693,422.2222595195
1.42e-05,1.42e-05,3.5187158463,0.7037431693,589.6071895242
1.42e-05,1.42e-05,3.5187158463,0.7037431693,823.3498592289
1.42e-05,1.42e-05,3.5187158463,0.7037431693,1149.7569953977
1.42e-05,1.42e-05,3.5187158463,0.7037431693,1605.5643098112
1.42e-05,1.42e-05,3.5187158463,0.7037431693,2242.0709447806
1.42e-05,1.42e-05,3.5187158463,0.7037431693,3130.912969796
1.42e-05,1.42e-05,3.5187158463,0.7037431693,4372.1257113904
1.42e-05,1.42e-05,3.5187158463,0.7037431693,6105.4022965853
1.42e-05,1.42e-05,3.5187158463,0.8796789616,0.1
1.42e-05,1.42e-05,3.5187158463,0.8796789616,0.1396437957
1.42e-05,1.42e-05,3.5187158463,0.8796789616,0.1950038968
1.42e-05,1.42e-05,3.5187158463,0.8796789616,0.2723108433
1.42e-05,1.42e-05,3.5187158463,0.8796789616,0.3802651977
1.42e-05,1.42e-05,3.5187158463,0.8796789616,0.5310167558
1.42e-05,1.42e-05,3.5187158463,0.8796789616,0.7415319537
1.42e-05,1.42e-05,3.5187158463,0.8796789616,1.0355033665
1.42e-05,1.42e-05,3.5187158463,0.8796789616,1.4460162057
1.42e-05,1.42e-05,3.5187158463,0.8796789616,2.0192719162
1.42e-05,1.42e-05,3.5187158463,0.8796789616,2.8197879494
1.42e-05,1.42e-05,3.5187158463,0.8796789616,3.9376589236
1.42e-05,1.42e-05,3.5187158463,0.8796789616,5.498696383
1.42e-05,1.42e-05,3.5187158463,0.8796789616,7.6785883437
1.42e-05,1.42e-05,3.5187158463,0.8796789616,10.7226722201
1.42e-05,1.42e-05,3.5187158463,0.8796789616,14.9735464897
1.42e-05,1.42e-05,3.5187158463,0.8796789616,20.9096286705
1.42e-05,1.42e-05,3.5187158463,0.8796789616,29.1989991443
1.42e-05,1.42e-05,3.5187158463,0.8796789616,40.7745907144
1.42e-05,1.42e-05,3.5187158463,0.8796789616,56.9391861586
1.42e-05,1.42e-05,3.5187158463,0.8796789616,79.5120407981
1.42e-05,1.42e-05,3.5187158463,0.8796789616,111.0336318168
1.42e-05,1.42e-05,3.5187158463,0.8796789616,155.0515779833
1.42e-05,1.42e-05,3.5187158463,0.8796789616,216.5199088036
1.42e-05,1.42e-05,3.5187158463,0.8796789616,302.3566191205
1.42e-05,1.42e-05,3.5187158463,0.8796789616,422.2222595195
1.42e-05,1.42e-05,3.5187158463,0.8796789616,589.6071895242
1.42e-05,1.42e-05,3.5187158463,0.8796789616,823.3498592289
1.42e-05,1.42e-05,3.5187158463,0.8796789616,1149.7569953977
1.42e-05,1.42e-05,3.5187158463,0.8796789616,1605.5643098112
1.42e-05,1.42e-05,3.5187158463,0.8796789616,2242.0709447806
1.42e-05,1.42e-05,3.5187158463,0.8796789616,3130.912969796
1.42e-05,1.42e-05,3.5187158463,0.8796789616,4372.1257113904
1.42e-05,1.42e-05,3.5187158463,0.8796789616,6105.4022965853
1.42e-05,1.42e-05,3.5187158463,1.0556147539,0.1
1.42e-05,1.42e-05,3.5187158463,1.0556147539,0.1396437957
1.42e-05,1.42e-05,3.5187158463,1.0556147539,0.1950038968
1.42e-05,1.42e-05,3.5187158463,1.0556147539,0.2723108433
1.42e-05,1.42e-05,3.5187158463,1.0556147539,0.3802651977
1.42e-05,1.42e-05,3.5187158463,1.0556147539,0.5310167558
1.42e-05,1.42e-05,3.5187158463,1.0556147539,0.7415319537
1.42e-05,1.42e-05,3.5187158463,1.0556147539,1.0355033665
1.42e-05,1.42e-05,3.5187158463,1.0556147539,1.4460162057
1.42e-05,1.42e-05,3.5187158463,1.0556147539,2.0192719162
1.42e-05,1.42e-05,3.5187158463,1.0556147539,2.8197879494
1.42e-05,1.42e-05,3.5187158463,1.0556147539,3.9376589236
1.42e-05,1.42e-05,3.5187158463,1.0556147539,5.498696383
1.42e-05,1.42e-05,3.5187158463,1.0556147539,7.6785883437
1.42e-05,1.42e-05,3.5187158463,1.0556147539,10.7226722201
1.42e-05,1.42e-05,3.5187158463,1.0556147539,14.9735464897
1.42e-05,1.42e-05,3.5187158463,1.0556147539,20.9096286705
1.42e-05,1.42e-05,3.5187158463,1.0556147539,29.1989991443
1.42e-05,1.42e-05,3.5187158463,1.0556147539,40.7745907144
1.42e-05,1.42e-05,3.5187158463,1.0556147539,56.9391861586
1.42e-05,1.42e-05,3.5187158463,1.0556147539,79.5120407981
1.42e-05,1.42e-05,3.5187158463,1.0556147539,111.0336318168
1.42e-05,1.42e-05,3.5187158463,1.0556147539,155.0515779833
1.42e-05,1.42e-05,3.5187158463,1.0556147539,216.5199088036
1.42e-05,1.42e-05,3.5187158463,1.0556147539,302.3566191205
1.42e-05,1.42e-05,3.5187158463,1.0556147539,422.2222595195
1.42e-05,1.42e-05,3.5187158463,1.0556147539,589.6071895242
1.42e-05,1.42e-05,3.5187158463,1.0556147539,823.3498592289
1.42e-05,1.42e-05,3.5187158463,1.0556147539,1149.7569953977
1.42e-05,1.42e-05,3.5187158463,1.0556147539,1605.5643098112
1.42e-05,1.42e-05,3.5187158463,1.0556147539,2242.0709447806
1.42e-05,1.42e-05,3.5187158463,1.0556147539,3130.912969796
1.42e-05,1.42e-05,3.5187158463,1.0556147539,4372.1257113904
1.42e-05,1.42e-05,3.5187158463,1.0556147539,6105.4022965853
1.42e-05,1.42e-05,3.5187158463,1.2315505462,0.1
1.42e-05,1.42e-05,3.5187158463,1.2315505462,0.1396437957
1.42e-05,1.42e-05,3.5187158463,1.2315505462,0.1950038968
1.42e-05,1.42e-05,3.5187158463,1.2315505462,0.2723108433
1.42e-05,1.42e-05,3.5187158463,1.2315505462,0.3802651977
1.42e-05,1.42e-05,3.5187158463,1.2315505462,0.5310167558
1.42e-05,1.42e-05,3.5187158463,1.2315505462,0.7415319537
1.42e-05,1.42e-05,3.5187158463,1.2315505462,1.0355033665
1.42e-05,1.42e-05,3.5187158463,1.2315505462,1.4460162057
1.42e-05,1.42e-05,3.5187158463,1.2315505462,2.0192719162
1.42e-05,1.42e-05,3.5187158463,1.2315505462,2.8197879494
1.42e-05,1.42e-05,3.5187158463,1.2315505462,3.9376589236
1.42e-05,1.42e-05,3.5187158463,1.2315505462,5.498696383
1.42e-05,1.42e-05,3.5187158463,1.2315505462,7.6785883437
1.42e-05,1.42e-05,3.5187158463,1.2315505462,10.7226722201
1.42e-05,1.42e-05,3.5187158463,1.2315505462,14.9735464897
1.42e-05,1.42e-05,3.5187158463,1.2315505462,20.9096286705
1.42e-05,1.42e-05,3.5187158463,1.2315505462,29.1989991443
1.42e-05,1.42e-05,3.5187158463,1.2315505462,40.7745907144
1.42e-05,1.42e-05,3.5187158463,1.2315505462,56.9391861586
1.42e-05,1.42e-05,3.5187158463,1.2315505462,79.5120407981
1.42e-05,1.42e-05,3.5187158463,1.2315505462,111.0336318168
1.42e-05,1.42e-05,3.5187158463,1.2315505462,155.0515779833
1.42e-05,1.42e-05,3.5187158463,1.2315505462,216.5199088036
1.42e-05,1.42e-05,3.5187158463,1.2315505462,302.3566191205
1.42e-05,1.42e-05,3.5187158463,1.2315505462,422.2222595195
1.42e-05,1.42e-05,3.5187158463,1.2315505462,589.6071895242
1.42e-05,1.42e-05,3.5187158463,1.2315505462,823.3498592289
1.42e-05,1.42e-05,3.5187158463,1.2315505462,1149.7569953977
1.42e-05,1.42e-05,3.5187158463,1.2315505462,1605.5643098112
1.42e-05,1.42e-05,3.5187158463,1.2315505462,2242.0709447806
1.42e-05,1.42e-05,3.5187158463,1.2315505462,3130.912969796
1.42e-05,1.42e-05,3.5187158463,1.2315505462,4372.1257113904
1.42e-05,1.42e-05,3.5187158463,1.2315505462,6105.4022965853
1.42e-05,1.42e-05,3.5187158463,1.4074863385,0.1
1.42e-05,1.42e-05,3.5187158463,1.4074863385,0.1396437957
1.42e-05,1.42e-05,3.5187158463,1.4074863385,0.1950038968
1.42e-05,1.42e-05,3.5187158463,1.4074863385,0.2723108433
1.42e-05,1.42e-05,3.5187158463,1.4074863385,0.3802651977
1.42e-05,1.42e-05,3.5187158463,1.4074863385,0.5310167558
1.42e-05,1.42e-05,3.5187158463,1.4074863385,0.7415319537
1.42e-05,1.42e-05,3.5187158463,1.4074863385,1.0355033665
1.42e-05,1.42e-05,3.5187158463,1.4074863385,1.4460162057
1.42e-05,1.42e-05,3.5187158463,1.4074863385,2.0192719162
1.42e-05,1.42e-05,3.5187158463,1.4074863385,2.8197879494
1.42e-05,1.42e-05,3.5187158463,1.4074863385,3.9376589236
1.42e-05,1.42e-05,3.5187158463,1.4074863385,5.498696383
1.42e-05,1.42e-05,3.5187158463,1.4074863385,7.6785883437
1.42e-05,1.42e-05,3.5187158463,1.4074863385,10.7226722201
1.42e-05,1.42e-05,3.5187158463,1.4074863385,14.9735464897
1.42e-05,1.42e-05,3.5187158463,1.4074863385,20.9096286705
1.42e-05,1.42e-05,3.5187158463,1.4074863385,29.1989991443
1.42e-05,1.42e-05,3.5187158463,1.4074863385,40.7745907144
1.42e-05,1.42e-05,3.5187158463,1.4074863385,56.9391861586
1.42e-05,1.42e-05,3.5187158463,1.4074863385,79.5120407981
1.42e-05,1.42e-05,3.5187158463,1.4074863385,111.0336318168
1.42e-05,1.42e-05,3.5187158463,1.4074863385,155.0515779833
1.42e-05,1.42e-05,3.5187158463,1.4074863385,216.5199088036
1.42e-05,1.42e-05,3.5187158463,1.4074863385,302.3566191205
1.42e-05,1.42e-05,3.5187158463,1.4074863385,422.2222595195
1.42e-05,1.42e-05,3.5187158463,1.4074863385,589.6071895242
1.42e-05,1.42e-05,3.5187158463,1.4074863385,823.3498592289
1.42e-05,1.42e-05,3.5187158463,1.4074863385,1149.7569953977
1.42e-05,1.42e-05,3.5187158463,1.4074863385,1605.5643098112
1.42e-05,1.42e-05,3.5187158463,1.4074863385,2242.0709447806
1.42e-05,1.42e-05,3.5187158463,1.4074863385,3130.912969796
1.42e-05,1.42e-05,3.5187158463,1.4074863385,4372.1257113904
1.42e-05,1.42e-05,3.5187158463,1.4074863385,6105.4022965853
1.42e-05,1.42e-05,3.5187158463,1.5834221308,0.1
1.42e-05,1.42e-05,3.5187158463,1.5834221308,0.1396437957
1.42e-05,1.42e-05,3.5187158463,1.5834221308,0.1950038968
1.42e-05,1.42e-05,3.5187158463,1.5834221308,0.2723108433
1.42e-05,1.42e-05,3.5187158463,1.5834221308,0.3802651977
1.42e-05,1.42e-05,3.5187158463,1.5834221308,0.5310167558
1.42e-05,1.42e-05,3.5187158463,1.5834221308,0.7415319537
1.42e-05,1.42e-05,3.5187158463,1.5834221308,1.0355033665
1.42e-05,1.42e-05,3.5187158463,1.5834221308,1.4460162057
1.42e-05,1.42e-05,3.5187158463,1.5834221308,2.0192719162
1.42e-05,1.42e-05,3.5187158463,1.5834221308,2.8197879494
1.42e-05,1.42e-05,3.5187158463,1.5834221308,3.9376589236
1.42e-05,1.42e-05,3.5187158463,1.5834221308,5.498696383
1.42e-05,1.42e-05,3.5187158463,1.5834221308,7.6785883437
1.42e-05,1.42e-05,3.5187158463,1.5834221308,10.7226722201
1.42e-05,1.42e-05,3.5187158463,1.5834221308,14.9735464897
1.42e-05,1.42e-05,3.5187158463,1.5834221308,20.9096286705
1.42e-05,1.42e-05,3.5187158463,1.5834221308,29.1989991443
1.42e-05,1.42e-05,3.5187158463,1.5834221308,40.7745907144
1.42e-05,1.42e-05,3.5187158463,1.5834221308,56.9391861586
1.42e-05,1.42e-05,3.5187158463,1.5834221308,79.5120407981
1.42e-05,1.42e-05,3.5187158463,1.5834221308,111.0336318168
1.42e-05,1.42e-05,3.5187158463,1.5834221308,155.0515779833
1.42e-05,1.42e-05,3.5187158463,1.5834221308,216.5199088036
1.42e-05,1.42e-05,3.5187158463,1.5834221308,302.3566191205
1.42e-05,1.42e-05,3.5187158463,1.5834221308,422.2222595195
1.42e-05,1.42e-05,3.5187158463,1.5834221308,589.6071895242
1.42e-05,1.42e-05,3.5187158463,1.5834221308,823.3498592289
1.42e-05,1.42e-05,3.5187158463,1.5834221308,1149.7569953977
1.42e-05,1.42e-05,3.5187158463,1.5834221308,1605.5643098112
1.42e-05,1.42e-05,3.5187158463,1.5834221308,2242.0709447806
1.42e-05,1.42e-05,3.5187158463,1.5834221308,3130.912969796
1.42e-05,1.42e-05,3.5187158463,1.5834221308,4372.1257113904
1.42e-05,1.42e-05,3.5187158463,1.5834221308,6105.4022965853
1.42e-05,1.42e-05,3.5187158463,1.7593579231,0.1
1.42e-05,1.42e-05,3.5187158463,1.7593579231,0.1396437957
1.42e-05,1.42e-05,3.5187158463,1.7593579231,0.1950038968
1.42e-05,1.42e-05,3.5187158463,1.7593579231,0.2723108433
1.42e-05,1.42e-05,3.5187158463,1.7593579231,0.3802651977
1.42e-05,1.42e-05,3.5187158463,1.7593579231,0.5310167558
1.42e-05,1.42e-05,3.5187158463,1.7593579231,0.7415319537
1.42e-05,1.42e-05,3.5187158463,1.7593579231,1.0355033665
1.42e-05,1.42e-05,3.5187158463,1.7593579231,1.4460162057
1.42e-05,1.42e-05,3.5187158463,1.7593579231,2.0192719162
1.42e-05,1.42e-05,3.5187158463,1.7593579231,2.8197879494
1.42e-05,1.42e-05,3.5187158463,1.7593579231,3.9376589236
1.42e-05,1.42e-05,3.5187158463,1.7593579231,5.498696383
1.42e-05,1.42e-05,3.5187158463,1.7593579231,7.6785883437
1.42e-05,1.42e-05,3.5187158463,1.7593579231,10.7226722201
1.42e-05,1.42e-05,3.5187158463,1.7593579231,14.9735464897
1.42e-05,1.42e-05,3.5187158463,1.7593579231,20.9096286705
1.42e-05,1.42e-05,3.5187158463,1.7593579231,29.1989991443
1.42e-05,1.42e-05,3.5187158463,1.7593579231,40.7745907144
1.42e-05,1.42e-05,3.5187158463,1.7593579231,56.9391861586
1.42e-05,1.42e-05,3.5187158463,1.7593579231,79.5120407981
1.42e-05,1.42e-05,3.5187158463,1.7593579231,111.0336318168
1.42e-05,1.42e-05,3.5187158463,1.7593579231,155.0515779833
1.42e-05,1.42e-05,3.5187158463,1.7593579231,216.5199088036
1.42e-05,1.42e-05,3.5187158463,1.7593579231,302.3566191205
1.42e-05,1.42e-05,3.5187158463,1.7593579231,422.2222595195
1.42e-05,1.42e-05,3.5187158463,1.7593579231,589.6071895242
1.42e-05,1.42e-05,3.5187158463,1.7593579231,823.3498592289
1.42e-05,1.42e-05,3.5187158463,1.7593579231,1149.7569953977
1.42e-05,1.42e-05,3.5187158463,1.7593579231,1605.5643098112
1.42e-05,1.42e-05,3.5187158463,1.7593579231,2242.0709447806
1.42e-05,1.42e-05,3.5187158463,1.7593579231,3130.912969796
1.42e-05,1.42e-05,3.5187158463,1.7593579231,4372.1257113904
1.42e-05,1.42e-05,3.5187158463,1.7593579231,6105.4022965853
1.42e-05,1.42e-05,3.5187158463,1.9352937154,0.1
1.42e-05,1.42e-05,3.5187158463,1.9352937154,0.1396437957
1.42e-05,1.42e-05,3.5187158463,1.9352937154,0.1950038968
1.42e-05,1.42e-05,3.5187158463,1.9352937154,0.2723108433
1.42e-05,1.42e-05,3.5187158463,1.9352937154,0.3802651977
1.42e-05,1.42e-05,3.5187158463,1.9352937154,0.5310167558
1.42e-05,1.42e-05,3.5187158463,1.9352937154,0.7415319537
1.42e-05,1.42e-05,3.5187158463,1.9352937154,1.0355033665
1.42e-05,1.42e-05,3.5187158463,1.9352937154,1.4460162057
1.42e-05,1.42e-05,3.5187158463,1.9352937154,2.0192719162
1.42e-05,1.42e-05,3.5187158463,1.9352937154,2.8197879494
1.42e-05,1.42e-05,3.5187158463,1.9352937154,3.9376589236
1.42e-05,1.42e-05,3.5187158463,1.9352937154,5.498696383
1.42e-05,1.42e-05,3.5187158463,1.9352937154,7.6785883437
1.42e-05,1.42e-05,3.5187158463,1.9352937154,10.7226722201
1.42e-05,1.42e-05,3.5187158463,1.9352937154,14.9735464897
1.42e-05,1.42e-05,3.5187158463,1.9352937154,20.9096286705
1.42e-05,1.42e-05,3.5187158463,1.9352937154,29.1989991443
1.42e-05,1.42e-05,3.5187158463,1.9352937154,40.7745907144
1.42e-05,1.42e-05,3.5187158463,1.9352937154,56.9391861586
1.42e-05,1.42e-05,3.5187158463,1.9352937154,79.5120407981
1.42e-05,1.42e-05,3.5187158463,1.9352937154,111.0336318168
1.42e-05,1.42e-05,3.5187158463,1.9352937154,155.0515779833
1.42e-05,1.42e-05,3.5187158463,1.9352937154,216.5199088036
1.42e-05,1.42e-05,3.5187158463,1.9352937154,302.3566191205
1.42e-05,1.42e-05,3.5187158463,1.9352937154,422.2222595195
1.42e-05,1.42e-05,3.5187158463,1.9352937154,589.6071895242
1.42e-05,1.42e-05,3.5187158463,1.9352937154,823.3498592289
1.42e-05,1.42e-05,3.5187158463,1.9352937154,1149.7569953977
1.42e-05,1.42e-05,3.5187158463,1.9352937154,1605.5643098112
1.42e-05,1.42e-05,3.5187158463,1.9352937154,2242.0709447806
1.42e-05,1.42e-05,3.5187158463,1.9352937154,3130.912969796
1.42e-05,1.42e-05,3.5187158463,1.9352937154,4372.1257113904
1.42e-05,1.42e-05,3.5187158463,1.9352937154,6105.4022965853
1.42e-05,1.42e-05,3.5187158463,2.1112295078,0.1
1.42e-05,1.42e-05,3.5187158463,2.1112295078,0.1396437957
1.42e-05,1.42e-05,3.5187158463,2.1112295078,0.1950038968
1.42e-05,1.42e-05,3.5187158463,2.1112295078,0.2723108433
1.42e-05,1.42e-05,3.5187158463,2.1112295078,0.3802651977
1.42e-05,1.42e-05,3.5187158463,2.1112295078,0.5310167558
1.42e-05,1.42e-05,3.5187158463,2.1112295078,0.7415319537
1.42e-05,1.42e-05,3.5187158463,2.1112295078,1.0355033665
1.42e-05,1.42e-05,3.5187158463,2.1112295078,1.4460162057
1.42e-05,1.42e-05,3.5187158463,2.1112295078,2.0192719162
1.42e-05,1.42e-05,3.5187158463,2.1112295078,2.8197879494
1.42e-05,1.42e-05,3.5187158463,2.1112295078,3.9376589236
1.42e-05,1.42e-05,3.5187158463,2.1112295078,5.498696383
1.42e-05,1.42e-05,3.5187158463,2.1112295078,7.6785883437
1.42e-05,1.42e-05,3.5187158463,2.1112295078,10.7226722201
1.42e-05,1.42e-05,3.5187158463,2.1112295078,14.9735464897
1.42e-05,1.42e-05,3.5187158463,2.1112295078,20.9096286705
1.42e-05,1.42e-05,3.5187158463,2.1112295078,29.1989991443
1.42e-05,1.42e-05,3.5187158463,2.1112295078,40.7745907144
1.42e-05,1.42e-05,3.5187158463,2.1112295078,56.9391861586
1.42e-05,1.42e-05,3.5187158463,2.1112295078,79.5120407981
1.42e-05,1.42e-05,3.5187158463,2.1112295078,111.0336318168
1.42e-05,1.42e-05,3.5187158463,2.1112295078,155.0515779833
1.42e-05,1.42e-05,3.5187158463,2.1112295078,216.5199088036
1.42e-05,1.42e-05,3.5187158463,2.1112295078,302.3566191205
1.42e-05,1.42e-05,3.5187158463,2.1112295078,422.2222595195
1.42e-05,1.42e-05,3.5187158463,2.1112295078,589.6071895242
1.42e-05,1.42e-05,3.5187158463,2.1112295078,823.3498592289
1.42e-05,1.42e-05,3.5187158463,2.1112295078,1149.7569953977
1.42e-05,1.42e-05,3.5187158463,2.1112295078,1605.5643098112
1.42e-05,1.42e-05,3.5187158463,2.1112295078,2242.0709447806
1.42e-05,1.42e-05,3.5187158463,2.1112295078,3130.912969796
1.42e-05,1.42e-05,3.5187158463,2.1112295078,4372.1257113904
1.42e-05,1.42e-05,3.5187158463,2.1112295078,6105.4022965853
1.42e-05,1.42e-05,3.5187158463,2.2871653001,0.1
1.42e-05,1.42e-05,3.5187158463,2.2871653001,0.1396437957
1.42e-05,1.42e-05,3.5187158463,2.2871653001,0.1950038968
1.42e-05,1.42e-05,3.5187158463,2.2871653001,0.2723108433
1.42e-05,1.42e-05,3.5187158463,2.2871653001,0.3802651977
1.42e-05,1.42e-05,3.5187158463,2.2871653001,0.5310167558
1.42e-05,1.42e-05,3.5187158463,2.2871653001,0.7415319537
1.42e-05,1.42e-05,3.5187158463,2.2871653001,1.0355033665
1.42e-05,1.42e-05,3.5187158463,2.2871653001,1.4460162057
1.42e-05,1.42e-05,3.5187158463,2.2871653001,2.0192719162
1.42e-05,1.42e-05,3.5187158463,2.2871653001,2.8197879494
1.42e-05,1.42e-05,3.5187158463,2.2871653001,3.9376589236
1.42e-05,1.42e-05,3.5187158463,2.2871653001,5.498696383
1.42e-05,1.42e-05,3.5187158463,2.2871653001,7.6785883437
1.42e-05,1.42e-05,3.5187158463,2.2871653001,10.7226722201
1.42e-05,1.42e-05,3.5187158463,2.2871653001,14.9735464897
1.42e-05,1.42e-05,3.5187158463,2.2871653001,20.9096286705
1.42e-05,1.42e-05,3.5187158463,2.2871653001,29.1989991443
1.42e-05,1.42e-05,3.5187158463,2.2871653001,40.7745907144
1.42e-05,1.42e-05,3.5187158463,2.2871653001,56.9391861586
1.42e-05,1.42e-05,3.5187158463,2.2871653001,79.5120407981
1.42e-05,1.42e-05,3.5187158463,2.2871653001,111.0336318168
1.42e-05,1.42e-05,3.5187158463,2.2871653001,155.0515779833
1.42e-05,1.42e-05,3.5187158463,2.2871653001,216.5199088036
1.42e-05,1.42e-05,3.5187158463,2.2871653001,302.3566191205
1.42e-05,1.42e-05,3.5187158463,2.2871653001,422.2222595195
1.42e-05,1.42e-05,3.5187158463,2.2871653001,589.6071895242
1.42e-05,1.42e-05,3.5187158463,2.2871653001,823.3498592289
1.42e-05,1.42e-05,3.5187158463,2.2871653001,1149.7569953977
1.42e-05,1.42e-05,3.5187158463,2.2871653001,1605.5643098112
1.42e-05,1.42e-05,3.5187158463,2.2871653001,2242.0709447806
1.42e-05,1.42e-05,3.5187158463,2.2871653001,3130.912969796
1.42e-05,1.42e-05,3.5187158463,2.2871653001,4372.1257113904
1.42e-05,1.42e-05,3.5187158463,2.2871653001,6105.4022965853
1.42e-05,1.42e-05,3.5187158463,2.4631010924,0.1
1.42e-05,1.42e-05,3.5187158463,2.4631010924,0.1396437957
1.42e-05,1.42e-05,3.5187158463,2.4631010924,0.1950038968
1.42e-05,1.42e-05,3.5187158463,2.4631010924,0.2723108433
1.42e-05,1.42e-05,3.5187158463,2.4631010924,0.3802651977
1.42e-05,1.42e-05,3.5187158463,2.4631010924,0.5310167558
1.42e-05,1.42e-05,3.5187158463,2.4631010924,0.7415319537
1.42e-05,1.42e-05,3.5187158463,2.4631010924,1.0355033665
1.42e-05,1.42e-05,3.5187158463,2.4631010924,1.4460162057
1.42e-05,1.42e-05,3.5187158463,2.4631010924,2.0192719162
1.42e-05,1.42e-05,3.5187158463,2.4631010924,2.8197879494
1.42e-05,1.42e-05,3.5187158463,2.4631010924,3.9376589236
1.42e-05,1.42e-05,3.5187158463,2.4631010924,5.498696383
1.42e-05,1.42e-05,3.5187158463,2.4631010924,7.6785883437
1.42e-05,1.42e-05,3.5187158463,2.4631010924,10.7226722201
1.42e-05,1.42e-05,3.5187158463,2.4631010924,14.9735464897
1.42e-05,1.42e-05,3.5187158463,2.4631010924,20.9096286705
1.42e-05,1.42e-05,3.5187158463,2.4631010924,29.1989991443
1.42e-05,1.42e-05,3.5187158463,2.4631010924,40.7745907144
1.42e-05,1.42e-05,3.5187158463,2.4631010924,56.9391861586
1.42e-05,1.42e-05,3.5187158463,2.4631010924,79.5120407981
1.42e-05,1.42e-05,3.5187158463,2.4631010924,111.0336318168
1.42e-05,1.42e-05,3.5187158463,2.4631010924,155.0515779833
1.42e-05,1.42e-05,3.5187158463,2.4631010924,216.5199088036
1.42e-05,1.42e-05,3.5187158463,2.4631010924,302.3566191205
1.42e-05,1.42e-05,3.5187158463,2.4631010924,422.2222595195
1.42e-05,1.42e-05,3.5187158463,2.4631010924,589.6071895242
1.42e-05,1.42e-05,3.5187158463,2.4631010924,823.3498592289
1.42e-05,1.42e-05,3.5187158463,2.4631010924,1149.7569953977
1.42e-05,1.42e-05,3.5187158463,2.4631010924,1605.5643098112
1.42e-05,1.42e-05,3.5187158463,2.4631010924,2242.0709447806
1.42e-05,1.42e-05,3.5187158463,2.4631010924,3130.912969796
1.42e-05,1.42e-05,3.5187158463,2.4631010924,4372.1257113904
1.42e-05,1.42e-05,3.5187158463,2.4631010924,6105.4022965853
1.42e-05,1.42e-05,3.5187158463,2.6390368847,0.1
1.42e-05,1.42e-05,3.5187158463,2.6390368847,0.1396437957
1.42e-05,1.42e-05,3.5187158463,2.6390368847,0.1950038968
1.42e-05,1.42e-05,3.5187158463,2.6390368847,0.2723108433
1.42e-05,1.42e-05,3.5187158463,2.6390368847,0.3802651977
1.42e-05,1.42e-05,3.5187158463,2.6390368847,0.5310167558
1.42e-05,1.42e-05,3.5187158463,2.6390368847,0.7415319537
1.42e-05,1.42e-05,3.5187158463,2.6390368847,1.0355033665
1.42e-05,1.42e-05,3.5187158463,2.6390368847,1.4460162057
1.42e-05,1.42e-05,3.5187158463,2.6390368847,2.0192719162
1.42e-05,1.42e-05,3.5187158463,2.6390368847,2.8197879494
1.42e-05,1.42e-05,3.5187158463,2.6390368847,3.9376589236
1.42e-05,1.42e-05,3.5187158463,2.6390368847,5.498696383
1.42e-05,1.42e-05,3.5187158463,2.6390368847,7.6785883437
1.42e-05,1.42e-05,3.5187158463,2.6390368847,10.7226722201
1.42e-05,1.42e-05,3.5187158463,2.6390368847,14.9735464897
1.42e-05,1.42e-05,3.5187158463,2.6390368847,20.9096286705
1.42e-05,1.42e-05,3.5187158463,2.6390368847,29.1989991443
1.42e-05,1.42e-05,3.5187158463,2.6390368847,40.7745907144
1.42e-05,1.42e-05,3.5187158463,2.6390368847,56.9391861586
1.42e-05,1.42e-05,3.5187158463,2.6390368847,79.5120407981
1.42e-05,1.42e-05,3.5187158463,2.6390368847,111.0336318168
1.42e-05,1.42e-05,3.5187158463,2.6390368847,155.0515779833
1.42e-05,1.42e-05,3.5187158463,2.6390368847,216.5199088036
1.42e-05,1.42e-05,3.5187158463,2.6390368847,302.3566191205
1.42e-05,1.42e-05,3.5187158463,2.6390368847,422.2222595195
1.42e-05,1.42e-05,3.5187158463,2.6390368847,589.6071895242
1.42e-05,1.42e-05,3.5187158463,2.6390368847,823.3498592289
1.42e-05,1.42e-05,3.5187158463,2.6390368847,1149.7569953977
1.42e-05,1.42e-05,3.5187158463,2.6390368847,1605.5643098112
1.42e-05,1.42e-05,3.5187158463,2.6390368847,2242.0709447806
1.42e-05,1.42e-05,3.5187158463,2.6390368847,3130.912969796
1.42e-05,1.42e-05,3.5187158463,2.6390368847,4372.1257113904
1.42e-05,1.42e-05,3.5187158463,2.6390368847,6105.4022965853
1.42e-05,1.42e-05,3.5187158463,2.814972677,0.1
1.42e-05,1.42e-05,3.5187158463,2.814972677,0.1396437957
1.42e-05,1.42e-05,3.5187158463,2.814972677,0.1950038968
1.42e-05,1.42e-05,3.5187158463,2.814972677,0.2723108433
1.42e-05,1.42e-05,3.5187158463,2.814972677,0.3802651977
1.42e-05,1.42e-05,3.5187158463,2.814972677,0.5310167558
1.42e-05,1.42e-05,3.5187158463,2.814972677,0.7415319537
1.42e-05,1.42e-05,3.5187158463,2.814972677,1.0355033665
1.42e-05,1.42e-05,3.5187158463,2.814972677,1.4460162057
1.42e-05,1.42e-05,3.5187158463,2.814972677,2.0192719162
1.42e-05,1.42e-05,3.5187158463,2.814972677,2.8197879494
1.42e-05,1.42e-05,3.5187158463,2.814972677,3.9376589236
1.42e-05,1.42e-05,3.5187158463,2.814972677,5.498696383
1.42e-05,1.42e-05,3.5187158463,2.814972677,7.6785883437
1.42e-05,1.42e-05,3.5187158463,2.814972677,10.7226722201
1.42e-05,1.42e-05,3.5187158463,2.814972677,14.9735464897
1.42e-05,1.42e-05,3.5187158463,2.814972677,20.9096286705
1.42e-05,1.42e-05,3.5187158463,2.814972677,29.1989991443
1.42e-05,1.42e-05,3.5187158463,2.814972677,40.7745907144
1.42e-05,1.42e-05,3.5187158463,2.814972677,56.9391861586
1.42e-05,1.42e-05,3.5187158463,2.814972677,79.5120407981
1.42e-05,1.42e-05,3.5187158463,2.814972677,111.0336318168
1.42e-05,1.42e-05,3.5187158463,2.814972677,155.0515779833
1.42e-05,1.42e-05,3.5187158463,2.814972677,216.5199088036
1.42e-05,1.42e-05,3.5187158463,2.814972677,302.3566191205
1.42e-05,1.42e-05,3.5187158463,2.814972677,422.2222595195
1.42e-05,1.42e-05,3.5187158463,2.814972677,589.6071895242
1.42e-05,1.42e-05,3.5187158463,2.814972677,823.3498592289
1.42e-05,1.42e-05,3.5187158463,2.814972677,1149.7569953977
1.42e-05,1.42e-05,3.5187158463,2.814972677,1605.5643098112
1.42e-05,1.42e-05,3.5187158463,2.814972677,2242.0709447806
1.42e-05,1.42e-05,3.5187158463,2.814972677,3130.912969796
1.42e-05,1.42e-05,3.5187158463,2.814972677,4372.1257113904
1.42e-05,1.42e-05,3.5187158463,2.814972677,6105.4022965853
1.42e-05,1.42e-05,3.5187158463,2.9909084693,0.1
1.42e-05,1.42e-05,3.5187158463,2.9909084693,0.1396437957
1.42e-05,1.42e-05,3.5187158463,2.9909084693,0.1950038968
1.42e-05,1.42e-05,3.5187158463,2.9909084693,0.2723108433
1.42e-05,1.42e-05,3.5187158463,2.9909084693,0.3802651977
1.42e-05,1.42e-05,3.5187158463,2.9909084693,0.5310167558
1.42e-05,1.42e-05,3.5187158463,2.9909084693,0.7415319537
1.42e-05,1.42e-05,3.5187158463,2.9909084693,1.0355033665
1.42e-05,1.42e-05,3.5187158463,2.9909084693,1.4460162057
1.42e-05,1.42e-05,3.5187158463,2.9909084693,2.0192719162
1.42e-05,1.42e-05,3.5187158463,2.9909084693,2.8197879494
1.42e-05,1.42e-05,3.5187158463,2.9909084693,3.9376589236
1.42e-05,1.42e-05,3.5187158463,2.9909084693,5.498696383
1.42e-05,1.42e-05,3.5187158463,2.9909084693,7.6785883437
1.42e-05,1.42e-05,3.5187158463,2.9909084693,10.7226722201
1.42e-05,1.42e-05,3.5187158463,2.9909084693,14.9735464897
1.42e-05,1.42e-05,3.5187158463,2.9909084693,20.9096286705
1.42e-05,1.42e-05,3.5187158463,2.9909084693,29.1989991443
1.42e-05,1.42e-05,3.5187158463,2.9909084693,40.7745907144
1.42e-05,1.42e-05,3.5187158463,2.9909084693,56.9391861586
1.42e-05,1.42e-05,3.5187158463,2.9909084693,79.5120407981
1.42e-05,1.42e-05,3.5187158463,2.9909084693,111.0336318168
1.42e-05,1.42e-05,3.5187158463,2.9909084693,155.0515779833
1.42e-05,1.42e-05,3.5187158463,2.9909084693,216.5199088036
1.42e-05,1.42e-05,3.5187158463,2.9909084693,302.3566191205
1.42e-05,1.42e-05,3.5187158463,2.9909084693,422.2222595195
1.42e-05,1.42e-05,3.5187158463,2.9909084693,589.6071895242
1.42e-05,1.42e-05,3.5187158463,2.9909084693,823.3498592289
1.42e-05,1.42e-05,3.5187158463,2.9909084693,1149.7569953977
1.42e-05,1.42e-05,3.5187158463,2.9909084693,1605.5643098112
1.42e-05,1.42e-05,3.5187158463,2.9909084693,2242.0709447806
1.42e-05,1.42e-05,3.5187158463,2.9909084693,3130.912969796
1.42e-05,1.42e-05,3.5187158463,2.9909084693,4372.1257113904
1.42e-05,1.42e-05,3.5187158463,2.9909084693,6105.4022965853
1.42e-05,1.42e-05,3.5187158463,3.1668442616,0.1
1.42e-05,1.42e-05,3.5187158463,3.1668442616,0.1396437957
1.42e-05,1.42e-05,3.5187158463,3.1668442616,0.1950038968
1.42e-05,1.42e-05,3.5187158463,3.1668442616,0.2723108433
1.42e-05,1.42e-05,3.5187158463,3.1668442616,0.3802651977
1.42e-05,1.42e-05,3.5187158463,3.1668442616,0.5310167558
1.42e-05,1.42e-05,3.5187158463,3.1668442616,0.7415319537
1.42e-05,1.42e-05,3.5187158463,3.1668442616,1.0355033665
1.42e-05,1.42e-05,3.5187158463,3.1668442616,1.4460162057
1.42e-05,1.42e-05,3.5187158463,3.1668442616,2.0192719162
1.42e-05,1.42e-05,3.5187158463,3.1668442616,2.8197879494
1.42e-05,1.42e-05,3.5187158463,3.1668442616,3.9376589236
1.42e-05,1.42e-05,3.5187158463,3.1668442616,5.498696383
1.42e-05,1.42e-05,3.5187158463,3.1668442616,7.6785883437
1.42e-05,1.42e-05,3.5187158463,3.1668442616,10.7226722201
1.42e-05,1.42e-05,3.5187158463,3.1668442616,14.9735464897
1.42e-05,1.42e-05,3.5187158463,3.1668442616,20.9096286705
1.42e-05,1.42e-05,3.5187158463,3.1668442616,29.1989991443
1.42e-05,1.42e-05,3.5187158463,3.1668442616,40.7745907144
1.42e-05,1.42e-05,3.5187158463,3.1668442616,56.9391861586
1.42e-05,1.42e-05,3.5187158463,3.1668442616,79.5120407981
1.42e-05,1.42e-05,3.5187158463,3.1668442616,111.0336318168
1.42e-05,1.42e-05,3.5187158463,3.1668442616,155.0515779833
1.42e-05,1.42e-05,3.5187158463,3.1668442616,216.5199088036
1.42e-05,1.42e-05,3.5187158463,3.1668442616,302.3566191205
1.42e-05,1.42e-05,3.5187158463,3.1668442616,422.2222595195
1.42e-05,1.42e-05,3.5187158463,3.1668442616,589.6071895242
1.42e-05,1.42e-05,3.5187158463,3.1668442616,823.3498592289
1.42e-05,1.42e-05,3.5187158463,3.1668442616,1149.7569953977
1.42e-05,1.42e-05,3.5187158463,3.1668442616,1605.5643098112
1.42e-05,1.42e-05,3.5187158463,3.1668442616,2242.0709447806
1.42e-05,1.42e-05,3.5187158463,3.1668442616,3130.912969796
1.42e-05,1.42e-05,3.5187158463,3.1668442616,4372.1257113904
1.42e-05,1.42e-05,3.5187158463,3.1668442616,6105.4022965853
1.42e-05,1.42e-05,3.5187158463,3.342780054,0.1
1.42e-05,1.42e-05,3.5187158463,3.342780054,0.1396437957
1.42e-05,1.42e-05,3.5187158463,3.342780054,0.1950038968
1.42e-05,1.42e-05,3.5187158463,3.342780054,0.2723108433
1.42e-05,1.42e-05,3.5187158463,3.342780054,0.3802651977
1.42e-05,1.42e-05,3.5187158463,3.342780054,0.5310167558
1.42e-05,1.42e-05,3.5187158463,3.342780054,0.7415319537
1.42e-05,1.42e-05,3.5187158463,3.342780054,1.0355033665
1.42e-05,1.42e-05,3.5187158463,3.342780054,1.4460162057
1.42e-05,1.42e-05,3.5187158463,3.342780054,2.0192719162
1.42e-05,1.42e-05,3.5187158463,3.342780054,2.8197879494
1.42e-05,1.42e-05,3.5187158463,3.342780054,3.9376589236
1.42e-05,1.42e-05,3.5187158463,3.342780054,5.498696383
1.42e-05,1.42e-05,3.5187158463,3.342780054,7.6785883437
1.42e-05,1.42e-05,3.5187158463,3.342780054,10.7226722201
1.42e-05,1.42e-05,3.5187158463,3.342780054,14.9735464897
1.42e-05,1.42e-05,3.5187158463,3.342780054,20.9096286705
1.42e-05,1.42e-05,3.5187158463,3.342780054,29.1989991443
1.42e-05,1.42e-05,3.5187158463,3.342780054,40.7745907144
1.42e-05,1.42e-05,3.5187158463,3.342780054,56.9391861586
1.42e-05,1.42e-05,3.5187158463,3.342780054,79.5120407981
1.42e-05,1.42e-05,3.5187158463,3.342780054,111.0336318168
1.42e-05,1.42e-05,3.5187158463,3.342780054,155.0515779833
1.42e-05,1.42e-05,3.5187158463,3.342780054,216.5199088036
1.42e-05,1.42e-05,3.5187158463,3.342780054,302.3566191205
1.42e-05,1.42e-05,3.5187158463,3.342780054,422.2222595195
1.42e-05,1.42e-05,3.5187158463,3.342780054,589.6071895242
1.42e-05,1.42e-05,3.5187158463,3.342780054,823.3498592289
1.42e-05,1.42e-05,3.5187158463,3.342780054,1149.7569953977
1.42e-05,1.42e-05,3.5187158463,3.342780054,1605.5643098112
1.42e-05,1.42e-05,3.5187158463,3.342780054,2242.0709447806
1.42e-05,1.42e-05,3.5187158463,3.342780054,3130.912969796
1.42e-05,1.42e-05,3.5187158463,3.342780054,4372.1257113904
1.42e-05,1.42e-05,3.5187158463,3.342780054,6105.4022965853
1.42e-05,1.42e-05,3.5187158463,3.4835286878,0.1
1.42e-05,1.42e-05,3.5187158463,3.4835286878,0.1396437957
1.42e-05,1.42e-05,3.5187158463,3.4835286878,0.1950038968
1.42e-05,1.42e-05,3.5187158463,3.4835286878,0.2723108433
1.42e-05,1.42e-05,3.5187158463,3.4835286878,0.3802651977
1.42e-05,1.42e-05,3.5187158463,3.4835286878,0.5310167558
1.42e-05,1.42e-05,3.5187158463,3.4835286878,0.7415319537
1.42e-05,1.42e-05,3.5187158463,3.4835286878,1.0355033665
1.42e-05,1.42e-05,3.5187158463,3.4835286878,1.4460162057
1.42e-05,1.42e-05,3.5187158463,3.4835286878,2.0192719162
1.42e-05,1.42e-05,3.5187158463,3.4835286878,2.8197879494
1.42e-05,1.42e-05,3.5187158463,3.4835286878,3.9376589236
1.42e-05,1.42e-05,3.5187158463,3.4835286878,5.498696383
1.42e-05,1.42e-05,3.5187158463,3.4835286878,7.6785883437
1.42e-05,1.42e-05,3.5187158463,3.4835286878,10.7226722201
1.42e-05,1.42e-05,3.5187158463,3.4835286878,14.9735464897
1.42e-05,1.42e-05,3.5187158463,3.4835286878,20.9096286705
1.42e-05,1.42e-05,3.5187158463,3.4835286878,29.1989991443
1.42e-05,1.42e-05,3.5187158463,3.4835286878,40.7745907144
1.42e-05,1.42e-05,3.5187158463,3.4835286878,56.9391861586
1.42e-05,1.42e-05,3.5187158463,3.4835286878,79.5120407981
1.42e-05,1.42e-05,3.5187158463,3.4835286878,111.0336318168
1.42e-05,1.42e-05,3.5187158463,3.4835286878,155.0515779833
1.42e-05,1.42e-05,3.5187158463,3.4835286878,216.5199088036
1.42e-05,1.42e-05,3.5187158463,3.4835286878,302.3566191205
1.42e-05,1.42e-05,3.5187158463,3.4835286878,422.2222595195
1.42e-05,1.42e-05,3.5187158463,3.4835286878,589.6071895242
1.42e-05,1.42e-05,3.5187158463,3.4835286878,823.3498592289
1.42e-05,1.42e-05,3.5187158463,3.4835286878,1149.7569953977
1.42e-05,1.42e-05,3.5187158463,3.4835286878,1605.5643098112
1.42e-05,1.42e-05,3.5187158463,3.4835286878,2242.0709447806
1.42e-05,1.42e-05,3.5187158463,3.4835286878,3130.912969796
1.42e-05,1.42e-05,3.5187158463,3.4835286878,4372.1257113904
1.42e-05,1.42e-05,3.5187158463,3.4835286878,6105.4022965853
1.42e-05,1.42e-05,3.91962324,0.195981162,0.1
1.42e-05,1.42e-05,3.91962324,0.195981162,0.1396437957
1.42e-05,1.42e-05,3.91962324,0.195981162,0.1950038968
1.42e-05,1.42e-05,3.91962324,0.195981162,0.2723108433
1.42e-05,1.42e-05,3.91962324,0.195981162,0.3802651977
1.42e-05,1.42e-05,3.91962324,0.195981162,0.5310167558
1.42e-05,1.42e-05,3.91962324,0.195981162,0.7415319537
1.42e-05,1.42e-05,3.91962324,0.195981162,1.0355033665
1.42e-05,1.42e-05,3.91962324,0.195981162,1.4460162057
1.42e-05,1.42e-05,3.91962324,0.195981162,2.0192719162
1.42e-05,1.42e-05,3.91962324,0.195981162,2.8197879494
1.42e-05,1.42e-05,3.91962324,0.195981162,3.9376589236
1.42e-05,1.42e-05,3.91962324,0.195981162,5.498696383
1.42e-05,1.42e-05,3.91962324,0.195981162,7.6785883437
1.42e-05,1.42e-05,3.91962324,0.195981162,10.7226722201
1.42e-05,1.42e-05,3.91962324,0.195981162,14.9735464897
1.42e-05,1.42e-05,3.91962324,0.195981162,20.9096286705
1.42e-05,1.42e-05,3.91962324,0.195981162,29.1989991443
1.42e-05,1.42e-05,3.91962324,0.195981162,40.7745907144
1.42e-05,1.42e-05,3.91962324,0.195981162,56.9391861586
1.42e-05,1.42e-05,3.91962324,0.195981162,79.5120407981
1.42e-05,1.42e-05,3.91962324,0.195981162,111.0336318168
1.42e-05,1.42e-05,3.91962324,0.195981162,155.0515779833
1.42e-05,1.42e-05,3.91962324,0.195981162,216.5199088036
1.42e-05,1.42e-05,3.91962324,0.195981162,302.3566191205
1.42e-05,1.42e-05,3.91962324,0.195981162,422.2222595195
1.42e-05,1.42e-05,3.91962324,0.195981162,589.6071895242
1.42e-05,1.42e-05,3.91962324,0.195981162,823.3498592289
1.42e-05,1.42e-05,3.91962324,0.195981162,1149.7569953977
1.42e-05,1.42e-05,3.91962324,0.195981162,1605.5643098112
1.42e-05,1.42e-05,3.91962324,0.195981162,2242.0709447806
1.42e-05,1.42e-05,3.91962324,0.195981162,3130.912969796
1.42e-05,1.42e-05,3.91962324,0.195981162,4372.1257113904
1.42e-05,1.42e-05,3.91962324,0.195981162,6105.4022965853
1.42e-05,1.42e-05,3.91962324,0.391962324,0.1
1.42e-05,1.42e-05,3.91962324,0.391962324,0.1396437957
1.42e-05,1.42e-05,3.91962324,0.391962324,0.1950038968
1.42e-05,1.42e-05,3.91962324,0.391962324,0.2723108433
1.42e-05,1.42e-05,3.91962324,0.391962324,0.3802651977
1.42e-05,1.42e-05,3.91962324,0.391962324,0.5310167558
1.42e-05,1.42e-05,3.91962324,0.391962324,0.7415319537
1.42e-05,1.42e-05,3.91962324,0.391962324,1.0355033665
1.42e-05,1.42e-05,3.91962324,0.391962324,1.4460162057
1.42e-05,1.42e-05,3.91962324,0.391962324,2.0192719162
1.42e-05,1.42e-05,3.91962324,0.391962324,2.8197879494
1.42e-05,1.42e-05,3.91962324,0.391962324,3.9376589236
1.42e-05,1.42e-05,3.91962324,0.391962324,5.498696383
1.42e-05,1.42e-05,3.91962324,0.391962324,7.6785883437
1.42e-05,1.42e-05,3.91962324,0.391962324,10.7226722201
1.42e-05,1.42e-05,3.91962324,0.391962324,14.9735464897
1.42e-05,1.42e-05,3.91962324,0.391962324,20.9096286705
1.42e-05,1.42e-05,3.91962324,0.391962324,29.1989991443
1.42e-05,1.42e-05,3.91962324,0.391962324,40.7745907144
1.42e-05,1.42e-05,3.91962324,0.391962324,56.9391861586
1.42e-05,1.42e-05,3.91962324,0.391962324,79.5120407981
1.42e-05,1.42e-05,3.91962324,0.391962324,111.0336318168
1.42e-05,1.42e-05,3.91962324,0.391962324,155.0515779833
1.42e-05,1.42e-05,3.91962324,0.391962324,216.5199088036
1.42e-05,1.42e-05,3.91962324,0.391962324,302.3566191205
1.42e-05,1.42e-05,3.91962324,0.391962324,422.2222595195
1.42e-05,1.42e-05,3.91962324,0.391962324,589.6071895242
1.42e-05,1.42e-05,3.91962324,0.391962324,823.3498592289
1.42e-05,1.42e-05,3.91962324,0.391962324,1149.7569953977
1.42e-05,1.42e-05,3.91962324,0.391962324,1605.5643098112
1.42e-05,1.42e-05,3.91962324,0.391962324,2242.0709447806
1.42e-05,1.42e-05,3.91962324,0.391962324,3130.912969796
1.42e-05,1.42e-05,3.91962324,0.391962324,4372.1257113904
1.42e-05,1.42e-05,3.91962324,0.391962324,6105.4022965853
1.42e-05,1.42e-05,3.91962324,0.587943486,0.1
1.42e-05,1.42e-05,3.91962324,0.587943486,0.1396437957
1.42e-05,1.42e-05,3.91962324,0.587943486,0.1950038968
1.42e-05,1.42e-05,3.91962324,0.587943486,0.2723108433
1.42e-05,1.42e-05,3.91962324,0.587943486,0.3802651977
1.42e-05,1.42e-05,3.91962324,0.587943486,0.5310167558
1.42e-05,1.42e-05,3.91962324,0.587943486,0.7415319537
1.42e-05,1.42e-05,3.91962324,0.587943486,1.0355033665
1.42e-05,1.42e-05,3.91962324,0.587943486,1.4460162057
1.42e-05,1.42e-05,3.91962324,0.587943486,2.0192719162
1.42e-05,1.42e-05,3.91962324,0.587943486,2.8197879494
1.42e-05,1.42e-05,3.91962324,0.587943486,3.9376589236
1.42e-05,1.42e-05,3.91962324,0.587943486,5.498696383
1.42e-05,1.42e-05,3.91962324,0.587943486,7.6785883437
1.42e-05,1.42e-05,3.91962324,0.587943486,10.7226722201
1.42e-05,1.42e-05,3.91962324,0.587943486,14.9735464897
1.42e-05,1.42e-05,3.91962324,0.587943486,20.9096286705
1.42e-05,1.42e-05,3.91962324,0.587943486,29.1989991443
1.42e-05,1.42e-05,3.91962324,0.587943486,40.7745907144
1.42e-05,1.42e-05,3.91962324,0.587943486,56.9391861586
1.42e-05,1.42e-05,3.91962324,0.587943486,79.5120407981
1.42e-05,1.42e-05,3.91962324,0.587943486,111.0336318168
1.42e-05,1.42e-05,3.91962324,0.587943486,155.0515779833
1.42e-05,1.42e-05,3.91962324,0.587943486,216.5199088036
1.42e-05,1.42e-05,3.91962324,0.587943486,302.3566191205
1.42e-05,1.42e-05,3.91962324,0.587943486,422.2222595195
1.42e-05,1.42e-05,3.91962324,0.587943486,589.6071895242
1.42e-05,1.42e-05,3.91962324,0.587943486,823.3498592289
1.42e-05,1.42e-05,3.91962324,0.587943486,1149.7569953977
1.42e-05,1.42e-05,3.91962324,0.587943486,1605.5643098112
1.42e-05,1.42e-05,3.91962324,0.587943486,2242.0709447806
1.42e-05,1.42e-05,3.91962324,0.587943486,3130.912969796
1.42e-05,1.42e-05,3.91962324,0.587943486,4372.1257113904
1.42e-05,1.42e-05,3.91962324,0.587943486,6105.4022965853
1.42e-05,1.42e-05,3.91962324,0.783924648,0.1
1.42e-05,1.42e-05,3.91962324,0.783924648,0.1396437957
1.42e-05,1.42e-05,3.91962324,0.783924648,0.1950038968
1.42e-05,1.42e-05,3.91962324,0.783924648,0.2723108433
1.42e-05,1.42e-05,3.91962324,0.783924648,0.3802651977
1.42e-05,1.42e-05,3.91962324,0.783924648,0.5310167558
1.42e-05,1.42e-05,3.91962324,0.783924648,0.7415319537
1.42e-05,1.42e-05,3.91962324,0.783924648,1.0355033665
1.42e-05,1.42e-05,3.91962324,0.783924648,1.4460162057
1.42e-05,1.42e-05,3.91962324,0.783924648,2.0192719162
1.42e-05,1.42e-05,3.91962324,0.783924648,2.8197879494
1.42e-05,1.42e-05,3.91962324,0.783924648,3.9376589236
1.42e-05,1.42e-05,3.91962324,0.783924648,5.498696383
1.42e-05,1.42e-05,3.91962324,0.783924648,7.6785883437
1.42e-05,1.42e-05,3.91962324,0.783924648,10.7226722201
1.42e-05,1.42e-05,3.91962324,0.783924648,14.9735464897
1.42e-05,1.42e-05,3.91962324,0.783924648,20.9096286705
1.42e-05,1.42e-05,3.91962324,0.783924648,29.1989991443
1.42e-05,1.42e-05,3.91962324,0.783924648,40.7745907144
1.42e-05,1.42e-05,3.91962324,0.783924648,56.9391861586
1.42e-05,1.42e-05,3.91962324,0.783924648,79.5120407981
1.42e-05,1.42e-05,3.91962324,0.783924648,111.0336318168
1.42e-05,1.42e-05,3.91962324,0.783924648,155.0515779833
1.42e-05,1.42e-05,3.91962324,0.783924648,216.5199088036
1.42e-05,1.42e-05,3.91962324,0.783924648,302.3566191205
1.42e-05,1.42e-05,3.91962324,0.783924648,422.2222595195
1.42e-05,1.42e-05,3.91962324,0.783924648,589.6071895242
1.42e-05,1.42e-05,3.91962324,0.783924648,823.3498592289
1.42e-05,1.42e-05,3.91962324,0.783924648,1149.7569953977
1.42e-05,1.42e-05,3.91962324,0.783924648,1605.5643098112
1.42e-05,1.42e-05,3.91962324,0.783924648,2242.0709447806
1.42e-05,1.42e-05,3.91962324,0.783924648,3130.912969796
1.42e-05,1.42e-05,3.91962324,0.783924648,4372.1257113904
1.42e-05,1.42e-05,3.91962324,0.783924648,6105.4022965853
1.42e-05,1.42e-05,3.91962324,0.97990581,0.1
1.42e-05,1.42e-05,3.91962324,0.97990581,0.1396437957
1.42e-05,1.42e-05,3.91962324,0.97990581,0.1950038968
1.42e-05,1.42e-05,3.91962324,0.97990581,0.2723108433
1.42e-05,1.42e-05,3.91962324,0.97990581,0.3802651977
1.42e-05,1.42e-05,3.91962324,0.97990581,0.5310167558
1.42e-05,1.42e-05,3.91962324,0.97990581,0.7415319537
1.42e-05,1.42e-05,3.91962324,0.97990581,1.0355033665
1.42e-05,1.42e-05,3.91962324,0.97990581,1.4460162057
1.42e-05,1.42e-05,3.91962324,0.97990581,2.0192719162
1.42e-05,1.42e-05,3.91962324,0.97990581,2.8197879494
1.42e-05,1.42e-05,3.91962324,0.97990581,3.9376589236
1.42e-05,1.42e-05,3.91962324,0.97990581,5.498696383
1.42e-05,1.42e-05,3.91962324,0.97990581,7.6785883437
1.42e-05,1.42e-05,3.91962324,0.97990581,10.7226722201
1.42e-05,1.42e-05,3.91962324,0.97990581,14.9735464897
1.42e-05,1.42e-05,3.91962324,0.97990581,20.9096286705
1.42e-05,1.42e-05,3.91962324,0.97990581,29.1989991443
1.42e-05,1.42e-05,3.91962324,0.97990581,40.7745907144
1.42e-05,1.42e-05,3.91962324,0.97990581,56.9391861586
1.42e-05,1.42e-05,3.91962324,0.97990581,79.5120407981
1.42e-05,1.42e-05,3.91962324,0.97990581,111.0336318168
1.42e-05,1.42e-05,3.91962324,0.97990581,155.0515779833
1.42e-05,1.42e-05,3.91962324,0.97990581,216.5199088036
1.42e-05,1.42e-05,3.91962324,0.97990581,302.3566191205
1.42e-05,1.42e-05,3.91962324,0.97990581,422.2222595195
1.42e-05,1.42e-05,3.91962324,0.97990581,589.6071895242
1.42e-05,1.42e-05,3.91962324,0.97990581,823.3498592289
1.42e-05,1.42e-05,3.91962324,0.97990581,1149.7569953977
1.42e-05,1.42e-05,3.91962324,0.97990581,1605.5643098112
1.42e-05,1.42e-05,3.91962324,0.97990581,2242.0709447806
1.42e-05,1.42e-05,3.91962324,0.97990581,3130.912969796
1.42e-05,1.42e-05,3.91962324,0.97990581,4372.1257113904
1.42e-05,1.42e-05,3.91962324,0.97990581,6105.4022965853
1.42e-05,1.42e-05,3.91962324,1.175886972,0.1
1.42e-05,1.42e-05,3.91962324,1.175886972,0.1396437957
1.42e-05,1.42e-05,3.91962324,1.175886972,0.1950038968
1.42e-05,1.42e-05,3.91962324,1.175886972,0.2723108433
1.42e-05,1.42e-05,3.91962324,1.175886972,0.3802651977
1.42e-05,1.42e-05,3.91962324,1.175886972,0.5310167558
1.42e-05,1.42e-05,3.91962324,1.175886972,0.7415319537
1.42e-05,1.42e-05,3.91962324,1.175886972,1.0355033665
1.42e-05,1.42e-05,3.91962324,1.175886972,1.4460162057
1.42e-05,1.42e-05,3.91962324,1.175886972,2.0192719162
1.42e-05,1.42e-05,3.91962324,1.175886972,2.8197879494
1.42e-05,1.42e-05,3.91962324,1.175886972,3.9376589236
1.42e-05,1.42e-05,3.91962324,1.175886972,5.498696383
1.42e-05,1.42e-05,3.91962324,1.175886972,7.6785883437
1.42e-05,1.42e-05,3.91962324,1.175886972,10.7226722201
1.42e-05,1.42e-05,3.91962324,1.175886972,14.9735464897
1.42e-05,1.42e-05,3.91962324,1.175886972,20.9096286705
1.42e-05,1.42e-05,3.91962324,1.175886972,29.1989991443
1.42e-05,1.42e-05,3.91962324,1.175886972,40.7745907144
1.42e-05,1.42e-05,3.91962324,1.175886972,56.9391861586
1.42e-05,1.42e-05,3.91962324,1.175886972,79.5120407981
1.42e-05,1.42e-05,3.91962324,1.175886972,111.0336318168
1.42e-05,1.42e-05,3.91962324,1.175886972,155.0515779833
1.42e-05,1.42e-05,3.91962324,1.175886972,216.5199088036
1.42e-05,1.42e-05,3.91962324,1.175886972,302.3566191205
1.42e-05,1.42e-05,3.91962324,1.175886972,422.2222595195
1.42e-05,1.42e-05,3.91962324,1.175886972,589.6071895242
1.42e-05,1.42e-05,3.91962324,1.175886972,823.3498592289
1.42e-05,1.42e-05,3.91962324,1.175886972,1149.7569953977
1.42e-05,1.42e-05,3.91962324,1.175886972,1605.5643098112
1.42e-05,1.42e-05,3.91962324,1.175886972,2242.0709447806
1.42e-05,1.42e-05,3.91962324,1.175886972,3130.912969796
1.42e-05,1.42e-05,3.91962324,1.175886972,4372.1257113904
1.42e-05,1.42e-05,3.91962324,1.175886972,6105.4022965853
1.42e-05,1.42e-05,3.91962324,1.371868134,0.1
1.42e-05,1.42e-05,3.91962324,1.371868134,0.1396437957
1.42e-05,1.42e-05,3.91962324,1.371868134,0.1950038968
1.42e-05,1.42e-05,3.91962324,1.371868134,0.2723108433
1.42e-05,1.42e-05,3.91962324,1.371868134,0.3802651977
1.42e-05,1.42e-05,3.91962324,1.371868134,0.5310167558
1.42e-05,1.42e-05,3.91962324,1.371868134,0.7415319537
1.42e-05,1.42e-05,3.91962324,1.371868134,1.0355033665
1.42e-05,1.42e-05,3.91962324,1.371868134,1.4460162057
1.42e-05,1.42e-05,3.91962324,1.371868134,2.0192719162
1.42e-05,1.42e-05,3.91962324,1.371868134,2.8197879494
1.42e-05,1.42e-05,3.91962324,1.371868134,3.9376589236
1.42e-05,1.42e-05,3.91962324,1.371868134,5.498696383
1.42e-05,1.42e-05,3.91962324,1.371868134,7.6785883437
1.42e-05,1.42e-05,3.91962324,1.371868134,10.7226722201
1.42e-05,1.42e-05,3.91962324,1.371868134,14.9735464897
1.42e-05,1.42e-05,3.91962324,1.371868134,20.9096286705
1.42e-05,1.42e-05,3.91962324,1.371868134,29.1989991443
1.42e-05,1.42e-05,3.91962324,1.371868134,40.7745907144
1.42e-05,1.42e-05,3.91962324,1.371868134,56.9391861586
1.42e-05,1.42e-05,3.91962324,1.371868134,79.5120407981
1.42e-05,1.42e-05,3.91962324,1.371868134,111.0336318168
1.42e-05,1.42e-05,3.91962324,1.371868134,155.0515779833
1.42e-05,1.42e-05,3.91962324,1.371868134,216.5199088036
1.42e-05,1.42e-05,3.91962324,1.371868134,302.3566191205
1.42e-05,1.42e-05,3.91962324,1.371868134,422.2222595195
1.42e-05,1.42e-05,3.91962324,1.371868134,589.6071895242
1.42e-05,1.42e-05,3.91962324,1.371868134,823.3498592289
1.42e-05,1.42e-05,3.91962324,1.371868134,1149.7569953977
1.42e-05,1.42e-05,3.91962324,1.371868134,1605.5643098112
1.42e-05,1.42e-05,3.91962324,1.371868134,2242.0709447806
1.42e-05,1.42e-05,3.91962324,1.371868134,3130.912969796
1.42e-05,1.42e-05,3.91962324,1.371868134,4372.1257113904
1.42e-05,1.42e-05,3.91962324,1.371868134,6105.4022965853
1.42e-05,1.42e-05,3.91962324,1.567849296,0.1
1.42e-05,1.42e-05,3.91962324,1.567849296,0.1396437957
1.42e-05,1.42e-05,3.91962324,1.567849296,0.1950038968
1.42e-05,1.42e-05,3.91962324,1.567849296,0.2723108433
1.42e-05,1.42e-05,3.91962324,1.567849296,0.3802651977
1.42e-05,1.42e-05,3.91962324,1.567849296,0.5310167558
1.42e-05,1.42e-05,3.91962324,1.567849296,0.7415319537
1.42e-05,1.42e-05,3.91962324,1.567849296,1.0355033665
1.42e-05,1.42e-05,3.91962324,1.567849296,1.4460162057
1.42e-05,1.42e-05,3.91962324,1.567849296,2.0192719162
1.42e-05,1.42e-05,3.91962324,1.567849296,2.8197879494
1.42e-05,1.42e-05,3.91962324,1.567849296,3.9376589236
1.42e-05,1.42e-05,3.91962324,1.567849296,5.498696383
1.42e-05,1.42e-05,3.91962324,1.567849296,7.6785883437
1.42e-05,1.42e-05,3.91962324,1.567849296,10.7226722201
1.42e-05,1.42e-05,3.91962324,1.567849296,14.9735464897
1.42e-05,1.42e-05,3.91962324,1.567849296,20.9096286705
1.42e-05,1.42e-05,3.91962324,1.567849296,29.1989991443
1.42e-05,1.42e-05,3.91962324,1.567849296,40.7745907144
1.42e-05,1.42e-05,3.91962324,1.567849296,56.9391861586
1.42e-05,1.42e-05,3.91962324,1.567849296,79.5120407981
1.42e-05,1.42e-05,3.91962324,1.567849296,111.0336318168
1.42e-05,1.42e-05,3.91962324,1.567849296,155.0515779833
1.42e-05,1.42e-05,3.91962324,1.567849296,216.5199088036
1.42e-05,1.42e-05,3.91962324,1.567849296,302.3566191205
1.42e-05,1.42e-05,3.91962324,1.567849296,422.2222595195
1.42e-05,1.42e-05,3.91962324,1.567849296,589.6071895242
1.42e-05,1.42e-05,3.91962324,1.567849296,823.3498592289
1.42e-05,1.42e-05,3.91962324,1.567849296,1149.7569953977
1.42e-05,1.42e-05,3.91962324,1.567849296,1605.5643098112
1.42e-05,1.42e-05,3.91962324,1.567849296,2242.0709447806
1.42e-05,1.42e-05,3.91962324,1.567849296,3130.912969796
1.42e-05,1.42e-05,3.91962324,1.567849296,4372.1257113904
1.42e-05,1.42e-05,3.91962324,1.567849296,6105.4022965853
1.42e-05,1.42e-05,3.91962324,1.763830458,0.1
1.42e-05,1.42e-05,3.91962324,1.763830458,0.1396437957
1.42e-05,1.42e-05,3.91962324,1.763830458,0.1950038968
1.42e-05,1.42e-05,3.91962324,1.763830458,0.2723108433
1.42e-05,1.42e-05,3.91962324,1.763830458,0.3802651977
1.42e-05,1.42e-05,3.91962324,1.763830458,0.5310167558
1.42e-05,1.42e-05,3.91962324,1.763830458,0.7415319537
1.42e-05,1.42e-05,3.91962324,1.763830458,1.0355033665
1.42e-05,1.42e-05,3.91962324,1.763830458,1.4460162057
1.42e-05,1.42e-05,3.91962324,1.763830458,2.0192719162
1.42e-05,1.42e-05,3.91962324,1.763830458,2.8197879494
1.42e-05,1.42e-05,3.91962324,1.763830458,3.9376589236
1.42e-05,1.42e-05,3.91962324,1.763830458,5.498696383
1.42e-05,1.42e-05,3.91962324,1.763830458,7.6785883437
1.42e-05,1.42e-05,3.91962324,1.763830458,10.7226722201
1.42e-05,1.42e-05,3.91962324,1.763830458,14.9735464897
1.42e-05,1.42e-05,3.91962324,1.763830458,20.9096286705
1.42e-05,1.42e-05,3.91962324,1.763830458,29.1989991443
1.42e-05,1.42e-05,3.91962324,1.763830458,40.7745907144
1.42e-05,1.42e-05,3.91962324,1.763830458,56.9391861586
1.42e-05,1.42e-05,3.91962324,1.763830458,79.5120407981
1.42e-05,1.42e-05,3.91962324,1.763830458,111.0336318168
1.42e-05,1.42e-05,3.91962324,1.763830458,155.0515779833
1.42e-05,1.42e-05,3.91962324,1.763830458,216.5199088036
1.42e-05,1.42e-05,3.91962324,1.763830458,302.3566191205
1.42e-05,1.42e-05,3.91962324,1.763830458,422.2222595195
1.42e-05,1.42e-05,3.91962324,1.763830458,589.6071895242
1.42e-05,1.42e-05,3.91962324,1.763830458,823.3498592289
1.42e-05,1.42e-05,3.91962324,1.763830458,1149.7569953977
1.42e-05,1.42e-05,3.91962324,1.763830458,1605.5643098112
1.42e-05,1.42e-05,3.91962324,1.763830458,2242.0709447806
1.42e-05,1.42e-05,3.91962324,1.763830458,3130.912969796
1.42e-05,1.42e-05,3.91962324,1.763830458,4372.1257113904
1.42e-05,1.42e-05,3.91962324,1.763830458,6105.4022965853
1.42e-05,1.42e-05,3.91962324,1.95981162,0.1
1.42e-05,1.42e-05,3.91962324,1.95981162,0.1396437957
1.42e-05,1.42e-05,3.91962324,1.95981162,0.1950038968
1.42e-05,1.42e-05,3.91962324,1.95981162,0.2723108433
1.42e-05,1.42e-05,3.91962324,1.95981162,0.3802651977
1.42e-05,1.42e-05,3.91962324,1.95981162,0.5310167558
1.42e-05,1.42e-05,3.91962324,1.95981162,0.7415319537
1.42e-05,1.42e-05,3.91962324,1.95981162,1.0355033665
1.42e-05,1.42e-05,3.91962324,1.95981162,1.4460162057
1.42e-05,1.42e-05,3.91962324,1.95981162,2.0192719162
1.42e-05,1.42e-05,3.91962324,1.95981162,2.8197879494
1.42e-05,1.42e-05,3.91962324,1.95981162,3.9376589236
1.42e-05,1.42e-05,3.91962324,1.95981162,5.498696383
1.42e-05,1.42e-05,3.91962324,1.95981162,7.6785883437
1.42e-05,1.42e-05,3.91962324,1.95981162,10.7226722201
1.42e-05,1.42e-05,3.91962324,1.95981162,14.9735464897
1.42e-05,1.42e-05,3.91962324,1.95981162,20.9096286705
1.42e-05,1.42e-05,3.91962324,1.95981162,29.1989991443
1.42e-05,1.42e-05,3.91962324,1.95981162,40.7745907144
1.42e-05,1.42e-05,3.91962324,1.95981162,56.9391861586
1.42e-05,1.42e-05,3.91962324,1.95981162,79.5120407981
1.42e-05,1.42e-05,3.91962324,1.95981162,111.0336318168
1.42e-05,1.42e-05,3.91962324,1.95981162,155.0515779833
1.42e-05,1.42e-05,3.91962324,1.95981162,216.5199088036
1.42e-05,1.42e-05,3.91962324,1.95981162,302.3566191205
1.42e-05,1.42e-05,3.91962324,1.95981162,422.2222595195
1.42e-05,1.42e-05,3.91962324,1.95981162,589.6071895242
1.42e-05,1.42e-05,3.91962324,1.95981162,823.3498592289
1.42e-05,1.42e-05,3.91962324,1.95981162,1149.7569953977
1.42e-05,1.42e-05,3.91962324,1.95981162,1605.5643098112
1.42e-05,1.42e-05,3.91962324,1.95981162,2242.0709447806
1.42e-05,1.42e-05,3.91962324,1.95981162,3130.912969796
1.42e-05,1.42e-05,3.91962324,1.95981162,4372.1257113904
1.42e-05,1.42e-05,3.91962324,1.95981162,6105.4022965853
1.42e-05,1.42e-05,3.91962324,2.155792782,0.1
1.42e-05,1.42e-05,3.91962324,2.155792782,0.1396437957
1.42e-05,1.42e-05,3.91962324,2.155792782,0.1950038968
1.42e-05,1.42e-05,3.91962324,2.155792782,0.2723108433
1.42e-05,1.42e-05,3.91962324,2.155792782,0.3802651977
1.42e-05,1.42e-05,3.91962324,2.155792782,0.5310167558
1.42e-05,1.42e-05,3.91962324,2.155792782,0.7415319537
1.42e-05,1.42e-05,3.91962324,2.155792782,1.0355033665
1.42e-05,1.42e-05,3.91962324,2.155792782,1.4460162057
1.42e-05,1.42e-05,3.91962324,2.155792782,2.0192719162
1.42e-05,1.42e-05,3.91962324,2.155792782,2.8197879494
1.42e-05,1.42e-05,3.91962324,2.155792782,3.9376589236
1.42e-05,1.42e-05,3.91962324,2.155792782,5.498696383
1.42e-05,1.42e-05,3.91962324,2.155792782,7.6785883437
1.42e-05,1.42e-05,3.91962324,2.155792782,10.7226722201
1.42e-05,1.42e-05,3.91962324,2.155792782,14.9735464897
1.42e-05,1.42e-05,3.91962324,2.155792782,20.9096286705
1.42e-05,1.42e-05,3.91962324,2.155792782,29.1989991443
1.42e-05,1.42e-05,3.91962324,2.155792782,40.7745907144
1.42e-05,1.42e-05,3.91962324,2.155792782,56.9391861586
1.42e-05,1.42e-05,3.91962324,2.155792782,79.5120407981
1.42e-05,1.42e-05,3.91962324,2.155792782,111.0336318168
1.42e-05,1.42e-05,3.91962324,2.155792782,155.0515779833
1.42e-05,1.42e-05,3.91962324,2.155792782,216.5199088036
1.42e-05,1.42e-05,3.91962324,2.155792782,302.3566191205
1.42e-05,1.42e-05,3.91962324,2.155792782,422.2222595195
1.42e-05,1.42e-05,3.91962324,2.155792782,589.6071895242
1.42e-05,1.42e-05,3.91962324,2.155792782,823.3498592289
1.42e-05,1.42e-05,3.91962324,2.155792782,1149.7569953977
1.42e-05,1.42e-05,3.91962324,2.155792782,1605.5643098112
1.42e-05,1.42e-05,3.91962324,2.155792782,2242.0709447806
1.42e-05,1.42e-05,3.91962324,2.155792782,3130.912969796
1.42e-05,1.42e-05,3.91962324,2.155792782,4372.1257113904
1.42e-05,1.42e-05,3.91962324,2.155792782,6105.4022965853
1.42e-05,1.42e-05,3.91962324,2.351773944,0.1
1.42e-05,1.42e-05,3.91962324,2.351773944,0.1396437957
1.42e-05,1.42e-05,3.91962324,2.351773944,0.1950038968
1.42e-05,1.42e-05,3.91962324,2.351773944,0.2723108433
1.42e-05,1.42e-05,3.91962324,2.351773944,0.3802651977
1.42e-05,1.42e-05,3.91962324,2.351773944,0.5310167558
1.42e-05,1.42e-05,3.91962324,2.351773944,0.7415319537
1.42e-05,1.42e-05,3.91962324,2.351773944,1.0355033665
1.42e-05,1.42e-05,3.91962324,2.351773944,1.4460162057
1.42e-05,1.42e-05,3.91962324,2.351773944,2.0192719162
1.42e-05,1.42e-05,3.91962324,2.351773944,2.8197879494
1.42e-05,1.42e-05,3.91962324,2.351773944,3.9376589236
1.42e-05,1.42e-05,3.91962324,2.351773944,5.498696383
1.42e-05,1.42e-05,3.91962324,2.351773944,7.6785883437
1.42e-05,1.42e-05,3.91962324,2.351773944,10.7226722201
1.42e-05,1.42e-05,3.91962324,2.351773944,14.9735464897
1.42e-05,1.42e-05,3.91962324,2.351773944,20.9096286705
1.42e-05,1.42e-05,3.91962324,2.351773944,29.1989991443
1.42e-05,1.42e-05,3.91962324,2.351773944,40.7745907144
1.42e-05,1.42e-05,3.91962324,2.351773944,56.9391861586
1.42e-05,1.42e-05,3.91962324,2.351773944,79.5120407981
1.42e-05,1.42e-05,3.91962324,2.351773944,111.0336318168
1.42e-05,1.42e-05,3.91962324,2.351773944,155.0515779833
1.42e-05,1.42e-05,3.91962324,2.351773944,216.5199088036
1.42e-05,1.42e-05,3.91962324,2.351773944,302.3566191205
1.42e-05,1.42e-05,3.91962324,2.351773944,422.2222595195
1.42e-05,1.42e-05,3.91962324,2.351773944,589.6071895242
1.42e-05,1.42e-05,3.91962324,2.351773944,823.3498592289
1.42e-05,1.42e-05,3.91962324,2.351773944,1149.7569953977
1.42e-05,1.42e-05,3.91962324,2.351773944,1605.5643098112
1.42e-05,1.42e-05,3.91962324,2.351773944,2242.0709447806
1.42e-05,1.42e-05,3.91962324,2.351773944,3130.912969796
1.42e-05,1.42e-05,3.91962324,2.351773944,4372.1257113904
1.42e-05,1.42e-05,3.91962324,2.351773944,6105.4022965853
1.42e-05,1.42e-05,3.91962324,2.547755106,0.1
1.42e-05,1.42e-05,3.91962324,2.547755106,0.1396437957
1.42e-05,1.42e-05,3.91962324,2.547755106,0.1950038968
1.42e-05,1.42e-05,3.91962324,2.547755106,0.2723108433
1.42e-05,1.42e-05,3.91962324,2.547755106,0.3802651977
1.42e-05,1.42e-05,3.91962324,2.547755106,0.5310167558
1.42e-05,1.42e-05,3.91962324,2.547755106,0.7415319537
1.42e-05,1.42e-05,3.91962324,2.547755106,1.0355033665
1.42e-05,1.42e-05,3.91962324,2.547755106,1.4460162057
1.42e-05,1.42e-05,3.91962324,2.547755106,2.0192719162
1.42e-05,1.42e-05,3.91962324,2.547755106,2.8197879494
1.42e-05,1.42e-05,3.91962324,2.547755106,3.9376589236
1.42e-05,1.42e-05,3.91962324,2.547755106,5.498696383
1.42e-05,1.42e-05,3.91962324,2.547755106,7.6785883437
1.42e-05,1.42e-05,3.91962324,2.547755106,10.7226722201
1.42e-05,1.42e-05,3.91962324,2.547755106,14.9735464897
1.42e-05,1.42e-05,3.91962324,2.547755106,20.9096286705
1.42e-05,1.42e-05,3.91962324,2.547755106,29.1989991443
1.42e-05,1.42e-05,3.91962324,2.547755106,40.7745907144
1.42e-05,1.42e-05,3.91962324,2.547755106,56.9391861586
1.42e-05,1.42e-05,3.91962324,2.547755106,79.5120407981
1.42e-05,1.42e-05,3.91962324,2.547755106,111.0336318168
1.42e-05,1.42e-05,3.91962324,2.547755106,155.0515779833
1.42e-05,1.42e-05,3.91962324,2.547755106,216.5199088036
1.42e-05,1.42e-05,3.91962324,2.547755106,302.3566191205
1.42e-05,1.42e-05,3.91962324,2.547755106,422.2222595195
1.42e-05,1.42e-05,3.91962324,2.547755106,589.6071895242
1.42e-05,1.42e-05,3.91962324,2.547755106,823.3498592289
1.42e-05,1.42e-05,3.91962324,2.547755106,1149.7569953977
1.42e-05,1.42e-05,3.91962324,2.547755106,1605.5643098112
1.42e-05,1.42e-05,3.91962324,2.547755106,2242.0709447806
1.42e-05,1.42e-05,3.91962324,2.547755106,3130.912969796
1.42e-05,1.42e-05,3.91962324,2.547755106,4372.1257113904
1.42e-05,1.42e-05,3.91962324,2.547755106,6105.4022965853
1.42e-05,1.42e-05,3.91962324,2.743736268,0.1
1.42e-05,1.42e-05,3.91962324,2.743736268,0.1396437957
1.42e-05,1.42e-05,3.91962324,2.743736268,0.1950038968
1.42e-05,1.42e-05,3.91962324,2.743736268,0.2723108433
1.42e-05,1.42e-05,3.91962324,2.743736268,0.3802651977
1.42e-05,1.42e-05,3.91962324,2.743736268,0.5310167558
1.42e-05,1.42e-05,3.91962324,2.743736268,0.7415319537
1.42e-05,1.42e-05,3.91962324,2.743736268,1.0355033665
1.42e-05,1.42e-05,3.91962324,2.743736268,1.4460162057
1.42e-05,1.42e-05,3.91962324,2.743736268,2.0192719162
1.42e-05,1.42e-05,3.91962324,2.743736268,2.8197879494
1.42e-05,1.42e-05,3.91962324,2.743736268,3.9376589236
1.42e-05,1.42e-05,3.91962324,2.743736268,5.498696383
1.42e-05,1.42e-05,3.91962324,2.743736268,7.6785883437
1.42e-05,1.42e-05,3.91962324,2.743736268,10.7226722201
1.42e-05,1.42e-05,3.91962324,2.743736268,14.9735464897
1.42e-05,1.42e-05,3.91962324,2.743736268,20.9096286705
1.42e-05,1.42e-05,3.91962324,2.743736268,29.1989991443
1.42e-05,1.42e-05,3.91962324,2.743736268,40.7745907144
1.42e-05,1.42e-05,3.91962324,2.743736268,56.9391861586
1.42e-05,1.42e-05,3.91962324,2.743736268,79.5120407981
1.42e-05,1.42e-05,3.91962324,2.743736268,111.0336318168
1.42e-05,1.42e-05,3.91962324,2.743736268,155.0515779833
1.42e-05,1.42e-05,3.91962324,2.743736268,216.5199088036
1.42e-05,1.42e-05,3.91962324,2.743736268,302.3566191205
1.42e-05,1.42e-05,3.91962324,2.743736268,422.2222595195
1.42e-05,1.42e-05,3.91962324,2.743736268,589.6071895242
1.42e-05,1.42e-05,3.91962324,2.743736268,823.3498592289
1.42e-05,1.42e-05,3.91962324,2.743736268,1149.7569953977
1.42e-05,1.42e-05,3.91962324,2.743736268,1605.5643098112
1.42e-05,1.42e-05,3.91962324,2.743736268,2242.0709447806
1.42e-05,1.42e-05,3.91962324,2.743736268,3130.912969796
1.42e-05,1.42e-05,3.91962324,2.743736268,4372.1257113904
1.42e-05,1.42e-05,3.91962324,2.743736268,6105.4022965853
1.42e-05,1.42e-05,3.91962324,2.93971743,0.1
1.42e-05,1.42e-05,3.91962324,2.93971743,0.1396437957
1.42e-05,1.42e-05,3.91962324,2.93971743,0.1950038968
1.42e-05,1.42e-05,3.91962324,2.93971743,0.2723108433
1.42e-05,1.42e-05,3.91962324,2.93971743,0.3802651977
1.42e-05,1.42e-05,3.91962324,2.93971743,0.5310167558
1.42e-05,1.42e-05,3.91962324,2.93971743,0.7415319537
1.42e-05,1.42e-05,3.91962324,2.93971743,1.0355033665
1.42e-05,1.42e-05,3.91962324,2.93971743,1.4460162057
1.42e-05,1.42e-05,3.91962324,2.93971743,2.0192719162
1.42e-05,1.42e-05,3.91962324,2.93971743,2.8197879494
1.42e-05,1.42e-05,3.91962324,2.93971743,3.9376589236
1.42e-05,1.42e-05,3.91962324,2.93971743,5.498696383
1.42e-05,1.42e-05,3.91962324,2.93971743,7.6785883437
1.42e-05,1.42e-05,3.91962324,2.93971743,10.7226722201
1.42e-05,1.42e-05,3.91962324,2.93971743,14.9735464897
1.42e-05,1.42e-05,3.91962324,2.93971743,20.9096286705
1.42e-05,1.42e-05,3.91962324,2.93971743,29.1989991443
1.42e-05,1.42e-05,3.91962324,2.93971743,40.7745907144
1.42e-05,1.42e-05,3.91962324,2.93971743,56.9391861586
1.42e-05,1.42e-05,3.91962324,2.93971743,79.5120407981
1.42e-05,1.42e-05,3.91962324,2.93971743,111.0336318168
1.42e-05,1.42e-05,3.91962324,2.93971743,155.0515779833
1.42e-05,1.42e-05,3.91962324,2.93971743,216.5199088036
1.42e-05,1.42e-05,3.91962324,2.93971743,302.3566191205
1.42e-05,1.42e-05,3.91962324,2.93971743,422.2222595195
1.42e-05,1.42e-05,3.91962324,2.93971743,589.6071895242
1.42e-05,1.42e-05,3.91962324,2.93971743,823.3498592289
1.42e-05,1.42e-05,3.91962324,2.93971743,1149.7569953977
1.42e-05,1.42e-05,3.91962324,2.93971743,1605.5643098112
1.42e-05,1.42e-05,3.91962324,2.93971743,2242.0709447806
1.42e-05,1.42e-05,3.91962324,2.93971743,3130.912969796
1.42e-05,1.42e-05,3.91962324,2.93971743,4372.1257113904
1.42e-05,1.42e-05,3.91962324,2.93971743,6105.4022965853
1.42e-05,1.42e-05,3.91962324,3.135698592,0.1
1.42e-05,1.42e-05,3.91962324,3.135698592,0.1396437957
1.42e-05,1.42e-05,3.91962324,3.135698592,0.1950038968
1.42e-05,1.42e-05,3.91962324,3.135698592,0.2723108433
1.42e-05,1.42e-05,3.91962324,3.135698592,0.3802651977
1.42e-05,1.42e-05,3.91962324,3.135698592,0.5310167558
1.42e-05,1.42e-05,3.91962324,3.135698592,0.7415319537
1.42e-05,1.42e-05,3.91962324,3.135698592,1.0355033665
1.42e-05,1.42e-05,3.91962324,3.135698592,1.4460162057
1.42e-05,1.42e-05,3.91962324,3.135698592,2.0192719162
1.42e-05,1.42e-05,3.91962324,3.135698592,2.8197879494
1.42e-05,1.42e-05,3.91962324,3.135698592,3.9376589236
1.42e-05,1.42e-05,3.91962324,3.135698592,5.498696383
1.42e-05,1.42e-05,3.91962324,3.135698592,7.6785883437
1.42e-05,1.42e-05,3.91962324,3.135698592,10.7226722201
1.42e-05,1.42e-05,3.91962324,3.135698592,14.9735464897
1.42e-05,1.42e-05,3.91962324,3.135698592,20.9096286705
1.42e-05,1.42e-05,3.91962324,3.135698592,29.1989991443
1.42e-05,1.42e-05,3.91962324,3.135698592,40.7745907144
1.42e-05,1.42e-05,3.91962324,3.135698592,56.9391861586
1.42e-05,1.42e-05,3.91962324,3.135698592,79.5120407981
1.42e-05,1.42e-05,3.91962324,3.135698592,111.0336318168
1.42e-05,1.42e-05,3.91962324,3.135698592,155.0515779833
1.42e-05,1.42e-05,3.91962324,3.135698592,216.5199088036
1.42e-05,1.42e-05,3.91962324,3.135698592,302.3566191205
1.42e-05,1.42e-05,3.91962324,3.135698592,422.2222595195
1.42e-05,1.42e-05,3.91962324,3.135698592,589.6071895242
1.42e-05,1.42e-05,3.91962324,3.135698592,823.3498592289
1.42e-05,1.42e-05,3.91962324,3.135698592,1149.7569953977
1.42e-05,1.42e-05,3.91962324,3.135698592,1605.5643098112
1.42e-05,1.42e-05,3.91962324,3.135698592,2242.0709447806
1.42e-05,1.42e-05,3.91962324,3.135698592,3130.912969796
1.42e-05,1.42e-05,3.91962324,3.135698592,4372.1257113904
1.42e-05,1.42e-05,3.91962324,3.135698592,6105.4022965853
1.42e-05,1.42e-05,3.91962324,3.331679754,0.1
1.42e-05,1.42e-05,3.91962324,3.331679754,0.1396437957
1.42e-05,1.42e-05,3.91962324,3.331679754,0.1950038968
1.42e-05,1.42e-05,3.91962324,3.331679754,0.2723108433
1.42e-05,1.42e-05,3.91962324,3.331679754,0.3802651977
1.42e-05,1.42e-05,3.91962324,3.331679754,0.5310167558
1.42e-05,1.42e-05,3.91962324,3.331679754,0.7415319537
1.42e-05,1.42e-05,3.91962324,3.331679754,1.0355033665
1.42e-05,1.42e-05,3.91962324,3.331679754,1.4460162057
1.42e-05,1.42e-05,3.91962324,3.331679754,2.0192719162
1.42e-05,1.42e-05,3.91962324,3.331679754,2.8197879494
1.42e-05,1.42e-05,3.91962324,3.331679754,3.9376589236
1.42e-05,1.42e-05,3.91962324,3.331679754,5.498696383
1.42e-05,1.42e-05,3.91962324,3.331679754,7.6785883437
1.42e-05,1.42e-05,3.91962324,3.331679754,10.7226722201
1.42e-05,1.42e-05,3.91962324,3.331679754,14.9735464897
1.42e-05,1.42e-05,3.91962324,3.331679754,20.9096286705
1.42e-05,1.42e-05,3.91962324,3.331679754,29.1989991443
1.42e-05,1.42e-05,3.91962324,3.331679754,40.7745907144
1.42e-05,1.42e-05,3.91962324,3.331679754,56.9391861586
1.42e-05,1.42e-05,3.91962324,3.331679754,79.5120407981
1.42e-05,1.42e-05,3.91962324,3.331679754,111.0336318168
1.42e-05,1.42e-05,3.91962324,3.331679754,155.0515779833
1.42e-05,1.42e-05,3.91962324,3.331679754,216.5199088036
1.42e-05,1.42e-05,3.91962324,3.331679754,302.3566191205
1.42e-05,1.42e-05,3.91962324,3.331679754,422.2222595195
1.42e-05,1.42e-05,3.91962324,3.331679754,589.6071895242
1.42e-05,1.42e-05,3.91962324,3.331679754,823.3498592289
1.42e-05,1.42e-05,3.91962324,3.331679754,1149.7569953977
1.42e-05,1.42e-05,3.91962324,3.331679754,1605.5643098112
1.42e-05,1.42e-05,3.91962324,3.331679754,2242.0709447806
1.42e-05,1.42e-05,3.91962324,3.331679754,3130.912969796
1.42e-05,1.42e-05,3.91962324,3.331679754,4372.1257113904
1.42e-05,1.42e-05,3.91962324,3.331679754,6105.4022965853
1.42e-05,1.42e-05,3.91962324,3.527660916,0.1
1.42e-05,1.42e-05,3.91962324,3.527660916,0.1396437957
1.42e-05,1.42e-05,3.91962324,3.527660916,0.1950038968
1.42e-05,1.42e-05,3.91962324,3.527660916,0.2723108433
1.42e-05,1.42e-05,3.91962324,3.527660916,0.3802651977
1.42e-05,1.42e-05,3.91962324,3.527660916,0.5310167558
1.42e-05,1.42e-05,3.91962324,3.527660916,0.7415319537
1.42e-05,1.42e-05,3.91962324,3.527660916,1.0355033665
1.42e-05,1.42e-05,3.91962324,3.527660916,1.4460162057
1.42e-05,1.42e-05,3.91962324,3.527660916,2.0192719162
1.42e-05,1.42e-05,3.91962324,3.527660916,2.8197879494
1.42e-05,1.42e-05,3.91962324,3.527660916,3.9376589236
1.42e-05,1.42e-05,3.91962324,3.527660916,5.498696383
1.42e-05,1.42e-05,3.91962324,3.527660916,7.6785883437
1.42e-05,1.42e-05,3.91962324,3.527660916,10.7226722201
1.42e-05,1.42e-05,3.91962324,3.527660916,14.9735464897
1.42e-05,1.42e-05,3.91962324,3.527660916,20.9096286705
1.42e-05,1.42e-05,3.91962324,3.527660916,29.1989991443
1.42e-05,1.42e-05,3.91962324,3.527660916,40.7745907144
1.42e-05,1.42e-05,3.91962324,3.527660916,56.9391861586
1.42e-05,1.42e-05,3.91962324,3.527660916,79.5120407981
1.42e-05,1.42e-05,3.91962324,3.527660916,111.0336318168
1.42e-05,1.42e-05,3.91962324,3.527660916,155.0515779833
1.42e-05,1.42e-05,3.91962324,3.527660916,216.5199088036
1.42e-05,1.42e-05,3.91962324,3.527660916,302.3566191205
1.42e-05,1.42e-05,3.91962324,3.527660916,422.2222595195
1.42e-05,1.42e-05,3.91962324,3.527660916,589.6071895242
1.42e-05,1.42e-05,3.91962324,3.527660916,823.3498592289
1.42e-05,1.42e-05,3.91962324,3.527660916,1149.7569953977
1.42e-05,1.42e-05,3.91962324,3.527660916,1605.5643098112
1.42e-05,1.42e-05,3.91962324,3.527660916,2242.0709447806
1.42e-05,1.42e-05,3.91962324,3.527660916,3130.912969796
1.42e-05,1.42e-05,3.91962324,3.527660916,4372.1257113904
1.42e-05,1.42e-05,3.91962324,3.527660916,6105.4022965853
1.42e-05,1.42e-05,3.91962324,3.723642078,0.1
1.42e-05,1.42e-05,3.91962324,3.723642078,0.1396437957
1.42e-05,1.42e-05,3.91962324,3.723642078,0.1950038968
1.42e-05,1.42e-05,3.91962324,3.723642078,0.2723108433
1.42e-05,1.42e-05,3.91962324,3.723642078,0.3802651977
1.42e-05,1.42e-05,3.91962324,3.723642078,0.5310167558
1.42e-05,1.42e-05,3.91962324,3.723642078,0.7415319537
1.42e-05,1.42e-05,3.91962324,3.723642078,1.0355033665
1.42e-05,1.42e-05,3.91962324,3.723642078,1.4460162057
1.42e-05,1.42e-05,3.91962324,3.723642078,2.0192719162
1.42e-05,1.42e-05,3.91962324,3.723642078,2.8197879494
1.42e-05,1.42e-05,3.91962324,3.723642078,3.9376589236
1.42e-05,1.42e-05,3.91962324,3.723642078,5.498696383
1.42e-05,1.42e-05,3.91962324,3.723642078,7.6785883437
1.42e-05,1.42e-05,3.91962324,3.723642078,10.7226722201
1.42e-05,1.42e-05,3.91962324,3.723642078,14.9735464897
1.42e-05,1.42e-05,3.91962324,3.723642078,20.9096286705
1.42e-05,1.42e-05,3.91962324,3.723642078,29.1989991443
1.42e-05,1.42e-05,3.91962324,3.723642078,40.7745907144
1.42e-05,1.42e-05,3.91962324,3.723642078,56.9391861586
1.42e-05,1.42e-05,3.91962324,3.723642078,79.5120407981
1.42e-05,1.42e-05,3.91962324,3.723642078,111.0336318168
1.42e-05,1.42e-05,3.91962324,3.723642078,155.0515779833
1.42e-05,1.42e-05,3.91962324,3.723642078,216.5199088036
1.42e-05,1.42e-05,3.91962324,3.723642078,302.3566191205
1.42e-05,1.42e-05,3.91962324,3.723642078,422.2222595195
1.42e-05,1.42e-05,3.91962324,3.723642078,589.6071895242
1.42e-05,1.42e-05,3.91962324,3.723642078,823.3498592289
1.42e-05,1.42e-05,3.91962324,3.723642078,1149.7569953977
1.42e-05,1.42e-05,3.91962324,3.723642078,1605.5643098112
1.42e-05,1.42e-05,3.91962324,3.723642078,2242.0709447806
1.42e-05,1.42e-05,3.91962324,3.723642078,3130.912969796
1.42e-05,1.42e-05,3.91962324,3.723642078,4372.1257113904
1.42e-05,1.42e-05,3.91962324,3.723642078,6105.4022965853
1.42e-05,1.42e-05,3.91962324,3.8804270076,0.1
1.42e-05,1.42e-05,3.91962324,3.8804270076,0.1396437957
1.42e-05,1.42e-05,3.91962324,3.8804270076,0.1950038968
1.42e-05,1.42e-05,3.91962324,3.8804270076,0.2723108433
1.42e-05,1.42e-05,3.91962324,3.8804270076,0.3802651977
1.42e-05,1.42e-05,3.91962324,3.8804270076,0.5310167558
1.42e-05,1.42e-05,3.91962324,3.8804270076,0.7415319537
1.42e-05,1.42e-05,3.91962324,3.8804270076,1.0355033665
1.42e-05,1.42e-05,3.91962324,3.8804270076,1.4460162057
1.42e-05,1.42e-05,3.91962324,3.8804270076,2.0192719162
1.42e-05,1.42e-05,3.91962324,3.8804270076,2.8197879494
1.42e-05,1.42e-05,3.91962324,3.8804270076,3.9376589236
1.42e-05,1.42e-05,3.91962324,3.8804270076,5.498696383
1.42e-05,1.42e-05,3.91962324,3.8804270076,7.6785883437
1.42e-05,1.42e-05,3.91962324,3.8804270076,10.7226722201
1.42e-05,1.42e-05,3.91962324,3.8804270076,14.9735464897
1.42e-05,1.42e-05,3.91962324,3.8804270076,20.9096286705
1.42e-05,1.42e-05,3.91962324,3.8804270076,29.1989991443
1.42e-05,1.42e-05,3.91962324,3.8804270076,40.7745907144
1.42e-05,1.42e-05,3.91962324,3.8804270076,56.9391861586
1.42e-05,1.42e-05,3.91962324,3.8804270076,79.5120407981
1.42e-05,1.42e-05,3.91962324,3.8804270076,111.0336318168
1.42e-05,1.42e-05,3.91962324,3.8804270076,155.0515779833
1.42e-05,1.42e-05,3.91962324,3.8804270076,216.5199088036
1.42e-05,1.42e-05,3.91962324,3.8804270076,302.3566191205
1.42e-05,1.42e-05,3.91962324,3.8804270076,422.2222595195
1.42e-05,1.42e-05,3.91962324,3.8804270076,589.6071895242
1.42e-05,1.42e-05,3.91962324,3.8804270076,823.3498592289
1.42e-05,1.42e-05,3.91962324,3.8804270076,1149.7569953977
1.42e-05,1.42e-05,3.91962324,3.8804270076,1605.5643098112
1.42e-05,1.42e-05,3.91962324,3.8804270076,2242.0709447806
1.42e-05,1.42e-05,3.91962324,3.8804270076,3130.912969796
1.42e-05,1.42e-05,3.91962324,3.8804270076,4372.1257113904
1.42e-05,1.42e-05,3.91962324,3.8804270076,6105.4022965853
