initial_z,Zbase,m1,m2,initial_period_in_days
1.42e-05,1.42e-05,1.1961425097,0.2392285019,29.1989991443
1.42e-05,1.42e-05,1.1961425097,0.2392285019,40.7745907144
1.42e-05,1.42e-05,1.1961425097,0.2392285019,56.9391861586
1.42e-05,1.42e-05,1.1961425097,0.2392285019,79.5120407981
1.42e-05,1.42e-05,1.1961425097,0.2392285019,111.0336318168
1.42e-05,1.42e-05,1.1961425097,0.2392285019,155.0515779833
1.42e-05,1.42e-05,1.1961425097,0.2392285019,216.5199088036
1.42e-05,1.42e-05,1.1961425097,0.2392285019,302.3566191205
1.42e-05,1.42e-05,1.1961425097,0.2392285019,422.2222595195
1.42e-05,1.42e-05,1.1961425097,0.2392285019,589.6071895242
1.42e-05,1.42e-05,1.1961425097,0.2392285019,823.3498592289
1.42e-05,1.42e-05,1.1961425097,0.2392285019,1149.7569953977
1.42e-05,1.42e-05,1.1961425097,0.2392285019,1605.5643098112
1.42e-05,1.42e-05,1.1961425097,0.2392285019,2242.0709447806
1.42e-05,1.42e-05,1.1961425097,0.2392285019,3130.912969796
1.42e-05,1.42e-05,1.1961425097,0.2392285019,4372.1257113904
1.42e-05,1.42e-05,1.1961425097,0.2392285019,6105.4022965853
1.42e-05,1.42e-05,1.1961425097,0.2990356274,0.1
1.42e-05,1.42e-05,1.1961425097,0.2990356274,0.1396437957
1.42e-05,1.42e-05,1.1961425097,0.2990356274,0.1950038968
1.42e-05,1.42e-05,1.1961425097,0.2990356274,0.2723108433
1.42e-05,1.42e-05,1.1961425097,0.2990356274,0.3802651977
1.42e-05,1.42e-05,1.1961425097,0.2990356274,0.5310167558
1.42e-05,1.42e-05,1.1961425097,0.2990356274,0.7415319537
1.42e-05,1.42e-05,1.1961425097,0.2990356274,1.0355033665
1.42e-05,1.42e-05,1.1961425097,0.2990356274,1.4460162057
1.42e-05,1.42e-05,1.1961425097,0.2990356274,2.0192719162
1.42e-05,1.42e-05,1.1961425097,0.2990356274,2.8197879494
1.42e-05,1.42e-05,1.1961425097,0.2990356274,3.9376589236
1.42e-05,1.42e-05,1.1961425097,0.2990356274,5.498696383
1.42e-05,1.42e-05,1.1961425097,0.2990356274,7.6785883437
1.42e-05,1.42e-05,1.1961425097,0.2990356274,10.7226722201
1.42e-05,1.42e-05,1.1961425097,0.2990356274,14.9735464897
1.42e-05,1.42e-05,1.1961425097,0.2990356274,20.9096286705
1.42e-05,1.42e-05,1.1961425097,0.2990356274,29.1989991443
1.42e-05,1.42e-05,1.1961425097,0.2990356274,40.7745907144
1.42e-05,1.42e-05,1.1961425097,0.2990356274,56.9391861586
1.42e-05,1.42e-05,1.1961425097,0.2990356274,79.5120407981
1.42e-05,1.42e-05,1.1961425097,0.2990356274,111.0336318168
1.42e-05,1.42e-05,1.1961425097,0.2990356274,155.0515779833
1.42e-05,1.42e-05,1.1961425097,0.2990356274,216.5199088036
1.42e-05,1.42e-05,1.1961425097,0.2990356274,302.3566191205
1.42e-05,1.42e-05,1.1961425097,0.2990356274,422.2222595195
1.42e-05,1.42e-05,1.1961425097,0.2990356274,589.6071895242
1.42e-05,1.42e-05,1.1961425097,0.2990356274,823.3498592289
1.42e-05,1.42e-05,1.1961425097,0.2990356274,1149.7569953977
1.42e-05,1.42e-05,1.1961425097,0.2990356274,1605.5643098112
1.42e-05,1.42e-05,1.1961425097,0.2990356274,2242.0709447806
1.42e-05,1.42e-05,1.1961425097,0.2990356274,3130.912969796
1.42e-05,1.42e-05,1.1961425097,0.2990356274,4372.1257113904
1.42e-05,1.42e-05,1.1961425097,0.2990356274,6105.4022965853
1.42e-05,1.42e-05,1.1961425097,0.3588427529,0.1
1.42e-05,1.42e-05,1.1961425097,0.3588427529,0.1396437957
1.42e-05,1.42e-05,1.1961425097,0.3588427529,0.1950038968
1.42e-05,1.42e-05,1.1961425097,0.3588427529,0.2723108433
1.42e-05,1.42e-05,1.1961425097,0.3588427529,0.3802651977
1.42e-05,1.42e-05,1.1961425097,0.3588427529,0.5310167558
1.42e-05,1.42e-05,1.1961425097,0.3588427529,0.7415319537
1.42e-05,1.42e-05,1.1961425097,0.3588427529,1.0355033665
1.42e-05,1.42e-05,1.1961425097,0.3588427529,1.4460162057
1.42e-05,1.42e-05,1.1961425097,0.3588427529,2.0192719162
1.42e-05,1.42e-05,1.1961425097,0.3588427529,2.8197879494
1.42e-05,1.42e-05,1.1961425097,0.3588427529,3.9376589236
1.42e-05,1.42e-05,1.1961425097,0.3588427529,5.498696383
1.42e-05,1.42e-05,1.1961425097,0.3588427529,7.6785883437
1.42e-05,1.42e-05,1.1961425097,0.3588427529,10.7226722201
1.42e-05,1.42e-05,1.1961425097,0.3588427529,14.9735464897
1.42e-05,1.42e-05,1.1961425097,0.3588427529,20.9096286705
1.42e-05,1.42e-05,1.1961425097,0.3588427529,29.1989991443
1.42e-05,1.42e-05,1.1961425097,0.3588427529,40.7745907144
1.42e-05,1.42e-05,1.1961425097,0.3588427529,56.9391861586
1.42e-05,1.42e-05,1.1961425097,0.3588427529,79.5120407981
1.42e-05,1.42e-05,1.1961425097,0.3588427529,111.0336318168
1.42e-05,1.42e-05,1.1961425097,0.3588427529,155.0515779833
1.42e-05,1.42e-05,1.1961425097,0.3588427529,216.5199088036
1.42e-05,1.42e-05,1.1961425097,0.3588427529,302.3566191205
1.42e-05,1.42e-05,1.1961425097,0.3588427529,422.2222595195
1.42e-05,1.42e-05,1.1961425097,0.3588427529,589.6071895242
1.42e-05,1.42e-05,1.1961425097,0.3588427529,823.3498592289
1.42e-05,1.42e-05,1.1961425097,0.3588427529,1149.7569953977
1.42e-05,1.42e-05,1.1961425097,0.3588427529,1605.5643098112
1.42e-05,1.42e-05,1.1961425097,0.3588427529,2242.0709447806
1.42e-05,1.42e-05,1.1961425097,0.3588427529,3130.912969796
1.42e-05,1.42e-05,1.1961425097,0.3588427529,4372.1257113904
1.42e-05,1.42e-05,1.1961425097,0.3588427529,6105.4022965853
1.42e-05,1.42e-05,1.1961425097,0.4186498784,0.1
1.42e-05,1.42e-05,1.1961425097,0.4186498784,0.1396437957
1.42e-05,1.42e-05,1.1961425097,0.4186498784,0.1950038968
1.42e-05,1.42e-05,1.1961425097,0.4186498784,0.2723108433
1.42e-05,1.42e-05,1.1961425097,0.4186498784,0.3802651977
1.42e-05,1.42e-05,1.1961425097,0.4186498784,0.5310167558
1.42e-05,1.42e-05,1.1961425097,0.4186498784,0.7415319537
1.42e-05,1.42e-05,1.1961425097,0.4186498784,1.0355033665
1.42e-05,1.42e-05,1.1961425097,0.4186498784,1.4460162057
1.42e-05,1.42e-05,1.1961425097,0.4186498784,2.0192719162
1.42e-05,1.42e-05,1.1961425097,0.4186498784,2.8197879494
1.42e-05,1.42e-05,1.1961425097,0.4186498784,3.9376589236
1.42e-05,1.42e-05,1.1961425097,0.4186498784,5.498696383
1.42e-05,1.42e-05,1.1961425097,0.4186498784,7.6785883437
1.42e-05,1.42e-05,1.1961425097,0.4186498784,10.7226722201
1.42e-05,1.42e-05,1.1961425097,0.4186498784,14.9735464897
1.42e-05,1.42e-05,1.1961425097,0.4186498784,20.9096286705
1.42e-05,1.42e-05,1.1961425097,0.4186498784,29.1989991443
1.42e-05,1.42e-05,1.1961425097,0.4186498784,40.7745907144
1.42e-05,1.42e-05,1.1961425097,0.4186498784,56.9391861586
1.42e-05,1.42e-05,1.1961425097,0.4186498784,79.5120407981
1.42e-05,1.42e-05,1.1961425097,0.4186498784,111.0336318168
1.42e-05,1.42e-05,1.1961425097,0.4186498784,155.0515779833
1.42e-05,1.42e-05,1.1961425097,0.4186498784,216.5199088036
1.42e-05,1.42e-05,1.1961425097,0.4186498784,302.3566191205
1.42e-05,1.42e-05,1.1961425097,0.4186498784,422.2222595195
1.42e-05,1.42e-05,1.1961425097,0.4186498784,589.6071895242
1.42e-05,1.42e-05,1.1961425097,0.4186498784,823.3498592289
1.42e-05,1.42e-05,1.1961425097,0.4186498784,1149.7569953977
1.42e-05,1.42e-05,1.1961425097,0.4186498784,1605.5643098112
1.42e-05,1.42e-05,1.1961425097,0.4186498784,2242.0709447806
1.42e-05,1.42e-05,1.1961425097,0.4186498784,3130.912969796
1.42e-05,1.42e-05,1.1961425097,0.4186498784,4372.1257113904
1.42e-05,1.42e-05,1.1961425097,0.4186498784,6105.4022965853
1.42e-05,1.42e-05,1.1961425097,0.4784570039,0.1
1.42e-05,1.42e-05,1.1961425097,0.4784570039,0.1396437957
1.42e-05,1.42e-05,1.1961425097,0.4784570039,0.1950038968
1.42e-05,1.42e-05,1.1961425097,0.4784570039,0.2723108433
1.42e-05,1.42e-05,1.1961425097,0.4784570039,0.3802651977
1.42e-05,1.42e-05,1.1961425097,0.4784570039,0.5310167558
1.42e-05,1.42e-05,1.1961425097,0.4784570039,0.7415319537
1.42e-05,1.42e-05,1.1961425097,0.4784570039,1.0355033665
1.42e-05,1.42e-05,1.1961425097,0.4784570039,1.4460162057
1.42e-05,1.42e-05,1.1961425097,0.4784570039,2.0192719162
1.42e-05,1.42e-05,1.1961425097,0.4784570039,2.8197879494
1.42e-05,1.42e-05,1.1961425097,0.4784570039,3.9376589236
1.42e-05,1.42e-05,1.1961425097,0.4784570039,5.498696383
1.42e-05,1.42e-05,1.1961425097,0.4784570039,7.6785883437
1.42e-05,1.42e-05,1.1961425097,0.4784570039,10.7226722201
1.42e-05,1.42e-05,1.1961425097,0.4784570039,14.9735464897
1.42e-05,1.42e-05,1.1961425097,0.4784570039,20.9096286705
1.42e-05,1.42e-05,1.1961425097,0.4784570039,29.1989991443
1.42e-05,1.42e-05,1.1961425097,0.4784570039,40.7745907144
1.42e-05,1.42e-05,1.1961425097,0.4784570039,56.9391861586
1.42e-05,1.42e-05,1.1961425097,0.4784570039,79.5120407981
1.42e-05,1.42e-05,1.1961425097,0.4784570039,111.0336318168
1.42e-05,1.42e-05,1.1961425097,0.4784570039,155.0515779833
1.42e-05,1.42e-05,1.1961425097,0.4784570039,216.5199088036
1.42e-05,1.42e-05,1.1961425097,0.4784570039,302.3566191205
1.42e-05,1.42e-05,1.1961425097,0.4784570039,422.2222595195
1.42e-05,1.42e-05,1.1961425097,0.4784570039,589.6071895242
1.42e-05,1.42e-05,1.1961425097,0.4784570039,823.3498592289
1.42e-05,1.42e-05,1.1961425097,0.4784570039,1149.7569953977
1.42e-05,1.42e-05,1.1961425097,0.4784570039,1605.5643098112
1.42e-05,1.42e-05,1.1961425097,0.4784570039,2242.0709447806
1.42e-05,1.42e-05,1.1961425097,0.4784570039,3130.912969796
1.42e-05,1.42e-05,1.1961425097,0.4784570039,4372.1257113904
1.42e-05,1.42e-05,1.1961425097,0.4784570039,6105.4022965853
1.42e-05,1.42e-05,1.1961425097,0.5382641294,0.1
1.42e-05,1.42e-05,1.1961425097,0.5382641294,0.1396437957
1.42e-05,1.42e-05,1.1961425097,0.5382641294,0.1950038968
1.42e-05,1.42e-05,1.1961425097,0.5382641294,0.2723108433
1.42e-05,1.42e-05,1.1961425097,0.5382641294,0.3802651977
1.42e-05,1.42e-05,1.1961425097,0.5382641294,0.5310167558
1.42e-05,1.42e-05,1.1961425097,0.5382641294,0.7415319537
1.42e-05,1.42e-05,1.1961425097,0.5382641294,1.0355033665
1.42e-05,1.42e-05,1.1961425097,0.5382641294,1.4460162057
1.42e-05,1.42e-05,1.1961425097,0.5382641294,2.0192719162
1.42e-05,1.42e-05,1.1961425097,0.5382641294,2.8197879494
1.42e-05,1.42e-05,1.1961425097,0.5382641294,3.9376589236
1.42e-05,1.42e-05,1.1961425097,0.5382641294,5.498696383
1.42e-05,1.42e-05,1.1961425097,0.5382641294,7.6785883437
1.42e-05,1.42e-05,1.1961425097,0.5382641294,10.7226722201
1.42e-05,1.42e-05,1.1961425097,0.5382641294,14.9735464897
1.42e-05,1.42e-05,1.1961425097,0.5382641294,20.9096286705
1.42e-05,1.42e-05,1.1961425097,0.5382641294,29.1989991443
1.42e-05,1.42e-05,1.1961425097,0.5382641294,40.7745907144
1.42e-05,1.42e-05,1.1961425097,0.5382641294,56.9391861586
1.42e-05,1.42e-05,1.1961425097,0.5382641294,79.5120407981
1.42e-05,1.42e-05,1.1961425097,0.5382641294,111.0336318168
1.42e-05,1.42e-05,1.1961425097,0.5382641294,155.0515779833
1.42e-05,1.42e-05,1.1961425097,0.5382641294,216.5199088036
1.42e-05,1.42e-05,1.1961425097,0.5382641294,302.3566191205
1.42e-05,1.42e-05,1.1961425097,0.5382641294,422.2222595195
1.42e-05,1.42e-05,1.1961425097,0.5382641294,589.6071895242
1.42e-05,1.42e-05,1.1961425097,0.5382641294,823.3498592289
1.42e-05,1.42e-05,1.1961425097,0.5382641294,1149.7569953977
1.42e-05,1.42e-05,1.1961425097,0.5382641294,1605.5643098112
1.42e-05,1.42e-05,1.1961425097,0.5382641294,2242.0709447806
1.42e-05,1.42e-05,1.1961425097,0.5382641294,3130.912969796
1.42e-05,1.42e-05,1.1961425097,0.5382641294,4372.1257113904
1.42e-05,1.42e-05,1.1961425097,0.5382641294,6105.4022965853
1.42e-05,1.42e-05,1.1961425097,0.5980712549,0.1
1.42e-05,1.42e-05,1.1961425097,0.5980712549,0.1396437957
1.42e-05,1.42e-05,1.1961425097,0.5980712549,0.1950038968
1.42e-05,1.42e-05,1.1961425097,0.5980712549,0.2723108433
1.42e-05,1.42e-05,1.1961425097,0.5980712549,0.3802651977
1.42e-05,1.42e-05,1.1961425097,0.5980712549,0.5310167558
1.42e-05,1.42e-05,1.1961425097,0.5980712549,0.7415319537
1.42e-05,1.42e-05,1.1961425097,0.5980712549,1.0355033665
1.42e-05,1.42e-05,1.1961425097,0.5980712549,1.4460162057
1.42e-05,1.42e-05,1.1961425097,0.5980712549,2.0192719162
1.42e-05,1.42e-05,1.1961425097,0.5980712549,2.8197879494
1.42e-05,1.42e-05,1.1961425097,0.5980712549,3.9376589236
1.42e-05,1.42e-05,1.1961425097,0.5980712549,5.498696383
1.42e-05,1.42e-05,1.1961425097,0.5980712549,7.6785883437
1.42e-05,1.42e-05,1.1961425097,0.5980712549,10.7226722201
1.42e-05,1.42e-05,1.1961425097,0.5980712549,14.9735464897
1.42e-05,1.42e-05,1.1961425097,0.5980712549,20.9096286705
1.42e-05,1.42e-05,1.1961425097,0.5980712549,29.1989991443
1.42e-05,1.42e-05,1.1961425097,0.5980712549,40.7745907144
1.42e-05,1.42e-05,1.1961425097,0.5980712549,56.9391861586
1.42e-05,1.42e-05,1.1961425097,0.5980712549,79.5120407981
1.42e-05,1.42e-05,1.1961425097,0.5980712549,111.0336318168
1.42e-05,1.42e-05,1.1961425097,0.5980712549,155.0515779833
1.42e-05,1.42e-05,1.1961425097,0.5980712549,216.5199088036
1.42e-05,1.42e-05,1.1961425097,0.5980712549,302.3566191205
1.42e-05,1.42e-05,1.1961425097,0.5980712549,422.2222595195
1.42e-05,1.42e-05,1.1961425097,0.5980712549,589.6071895242
1.42e-05,1.42e-05,1.1961425097,0.5980712549,823.3498592289
1.42e-05,1.42e-05,1.1961425097,0.5980712549,1149.7569953977
1.42e-05,1.42e-05,1.1961425097,0.5980712549,1605.5643098112
1.42e-05,1.42e-05,1.1961425097,0.5980712549,2242.0709447806
1.42e-05,1.42e-05,1.1961425097,0.5980712549,3130.912969796
1.42e-05,1.42e-05,1.1961425097,0.5980712549,4372.1257113904
1.42e-05,1.42e-05,1.1961425097,0.5980712549,6105.4022965853
1.42e-05,1.42e-05,1.1961425097,0.6578783804,0.1
1.42e-05,1.42e-05,1.1961425097,0.6578783804,0.1396437957
1.42e-05,1.42e-05,1.1961425097,0.6578783804,0.1950038968
1.42e-05,1.42e-05,1.1961425097,0.6578783804,0.2723108433
1.42e-05,1.42e-05,1.1961425097,0.6578783804,0.3802651977
1.42e-05,1.42e-05,1.1961425097,0.6578783804,0.5310167558
1.42e-05,1.42e-05,1.1961425097,0.6578783804,0.7415319537
1.42e-05,1.42e-05,1.1961425097,0.6578783804,1.0355033665
1.42e-05,1.42e-05,1.1961425097,0.6578783804,1.4460162057
1.42e-05,1.42e-05,1.1961425097,0.6578783804,2.0192719162
1.42e-05,1.42e-05,1.1961425097,0.6578783804,2.8197879494
1.42e-05,1.42e-05,1.1961425097,0.6578783804,3.9376589236
1.42e-05,1.42e-05,1.1961425097,0.6578783804,5.498696383
1.42e-05,1.42e-05,1.1961425097,0.6578783804,7.6785883437
1.42e-05,1.42e-05,1.1961425097,0.6578783804,10.7226722201
1.42e-05,1.42e-05,1.1961425097,0.6578783804,14.9735464897
1.42e-05,1.42e-05,1.1961425097,0.6578783804,20.9096286705
1.42e-05,1.42e-05,1.1961425097,0.6578783804,29.1989991443
1.42e-05,1.42e-05,1.1961425097,0.6578783804,40.7745907144
1.42e-05,1.42e-05,1.1961425097,0.6578783804,56.9391861586
1.42e-05,1.42e-05,1.1961425097,0.6578783804,79.5120407981
1.42e-05,1.42e-05,1.1961425097,0.6578783804,111.0336318168
1.42e-05,1.42e-05,1.1961425097,0.6578783804,155.0515779833
1.42e-05,1.42e-05,1.1961425097,0.6578783804,216.5199088036
1.42e-05,1.42e-05,1.1961425097,0.6578783804,302.3566191205
1.42e-05,1.42e-05,1.1961425097,0.6578783804,422.2222595195
1.42e-05,1.42e-05,1.1961425097,0.6578783804,589.6071895242
1.42e-05,1.42e-05,1.1961425097,0.6578783804,823.3498592289
1.42e-05,1.42e-05,1.1961425097,0.6578783804,1149.7569953977
1.42e-05,1.42e-05,1.1961425097,0.6578783804,1605.5643098112
1.42e-05,1.42e-05,1.1961425097,0.6578783804,2242.0709447806
1.42e-05,1.42e-05,1.1961425097,0.6578783804,3130.912969796
1.42e-05,1.42e-05,1.1961425097,0.6578783804,4372.1257113904
1.42e-05,1.42e-05,1.1961425097,0.6578783804,6105.4022965853
1.42e-05,1.42e-05,1.1961425097,0.7176855058,0.1
1.42e-05,1.42e-05,1.1961425097,0.7176855058,0.1396437957
1.42e-05,1.42e-05,1.1961425097,0.7176855058,0.1950038968
1.42e-05,1.42e-05,1.1961425097,0.7176855058,0.2723108433
1.42e-05,1.42e-05,1.1961425097,0.7176855058,0.3802651977
1.42e-05,1.42e-05,1.1961425097,0.7176855058,0.5310167558
1.42e-05,1.42e-05,1.1961425097,0.7176855058,0.7415319537
1.42e-05,1.42e-05,1.1961425097,0.7176855058,1.0355033665
1.42e-05,1.42e-05,1.1961425097,0.7176855058,1.4460162057
1.42e-05,1.42e-05,1.1961425097,0.7176855058,2.0192719162
1.42e-05,1.42e-05,1.1961425097,0.7176855058,2.8197879494
1.42e-05,1.42e-05,1.1961425097,0.7176855058,3.9376589236
1.42e-05,1.42e-05,1.1961425097,0.7176855058,5.498696383
1.42e-05,1.42e-05,1.1961425097,0.7176855058,7.6785883437
1.42e-05,1.42e-05,1.1961425097,0.7176855058,10.7226722201
1.42e-05,1.42e-05,1.1961425097,0.7176855058,14.9735464897
1.42e-05,1.42e-05,1.1961425097,0.7176855058,20.9096286705
1.42e-05,1.42e-05,1.1961425097,0.7176855058,29.1989991443
1.42e-05,1.42e-05,1.1961425097,0.7176855058,40.7745907144
1.42e-05,1.42e-05,1.1961425097,0.7176855058,56.9391861586
1.42e-05,1.42e-05,1.1961425097,0.7176855058,79.5120407981
1.42e-05,1.42e-05,1.1961425097,0.7176855058,111.0336318168
1.42e-05,1.42e-05,1.1961425097,0.7176855058,155.0515779833
1.42e-05,1.42e-05,1.1961425097,0.7176855058,216.5199088036
1.42e-05,1.42e-05,1.1961425097,0.7176855058,302.3566191205
1.42e-05,1.42e-05,1.1961425097,0.7176855058,422.2222595195
1.42e-05,1.42e-05,1.1961425097,0.7176855058,589.6071895242
1.42e-05,1.42e-05,1.1961425097,0.7176855058,823.3498592289
1.42e-05,1.42e-05,1.1961425097,0.7176855058,1149.7569953977
1.42e-05,1.42e-05,1.1961425097,0.7176855058,1605.5643098112
1.42e-05,1.42e-05,1.1961425097,0.7176855058,2242.0709447806
1.42e-05,1.42e-05,1.1961425097,0.7176855058,3130.912969796
1.42e-05,1.42e-05,1.1961425097,0.7176855058,4372.1257113904
1.42e-05,1.42e-05,1.1961425097,0.7176855058,6105.4022965853
1.42e-05,1.42e-05,1.1961425097,0.7774926313,0.1
1.42e-05,1.42e-05,1.1961425097,0.7774926313,0.1396437957
1.42e-05,1.42e-05,1.1961425097,0.7774926313,0.1950038968
1.42e-05,1.42e-05,1.1961425097,0.7774926313,0.2723108433
1.42e-05,1.42e-05,1.1961425097,0.7774926313,0.3802651977
1.42e-05,1.42e-05,1.1961425097,0.7774926313,0.5310167558
1.42e-05,1.42e-05,1.1961425097,0.7774926313,0.7415319537
1.42e-05,1.42e-05,1.1961425097,0.7774926313,1.0355033665
1.42e-05,1.42e-05,1.1961425097,0.7774926313,1.4460162057
1.42e-05,1.42e-05,1.1961425097,0.7774926313,2.0192719162
1.42e-05,1.42e-05,1.1961425097,0.7774926313,2.8197879494
1.42e-05,1.42e-05,1.1961425097,0.7774926313,3.9376589236
1.42e-05,1.42e-05,1.1961425097,0.7774926313,5.498696383
1.42e-05,1.42e-05,1.1961425097,0.7774926313,7.6785883437
1.42e-05,1.42e-05,1.1961425097,0.7774926313,10.7226722201
1.42e-05,1.42e-05,1.1961425097,0.7774926313,14.9735464897
1.42e-05,1.42e-05,1.1961425097,0.7774926313,20.9096286705
1.42e-05,1.42e-05,1.1961425097,0.7774926313,29.1989991443
1.42e-05,1.42e-05,1.1961425097,0.7774926313,40.7745907144
1.42e-05,1.42e-05,1.1961425097,0.7774926313,56.9391861586
1.42e-05,1.42e-05,1.1961425097,0.7774926313,79.5120407981
1.42e-05,1.42e-05,1.1961425097,0.7774926313,111.0336318168
1.42e-05,1.42e-05,1.1961425097,0.7774926313,155.0515779833
1.42e-05,1.42e-05,1.1961425097,0.7774926313,216.5199088036
1.42e-05,1.42e-05,1.1961425097,0.7774926313,302.3566191205
1.42e-05,1.42e-05,1.1961425097,0.7774926313,422.2222595195
1.42e-05,1.42e-05,1.1961425097,0.7774926313,589.6071895242
1.42e-05,1.42e-05,1.1961425097,0.7774926313,823.3498592289
1.42e-05,1.42e-05,1.1961425097,0.7774926313,1149.7569953977
1.42e-05,1.42e-05,1.1961425097,0.7774926313,1605.5643098112
1.42e-05,1.42e-05,1.1961425097,0.7774926313,2242.0709447806
1.42e-05,1.42e-05,1.1961425097,0.7774926313,3130.912969796
1.42e-05,1.42e-05,1.1961425097,0.7774926313,4372.1257113904
1.42e-05,1.42e-05,1.1961425097,0.7774926313,6105.4022965853
1.42e-05,1.42e-05,1.1961425097,0.8372997568,0.1
1.42e-05,1.42e-05,1.1961425097,0.8372997568,0.1396437957
1.42e-05,1.42e-05,1.1961425097,0.8372997568,0.1950038968
1.42e-05,1.42e-05,1.1961425097,0.8372997568,0.2723108433
1.42e-05,1.42e-05,1.1961425097,0.8372997568,0.3802651977
1.42e-05,1.42e-05,1.1961425097,0.8372997568,0.5310167558
1.42e-05,1.42e-05,1.1961425097,0.8372997568,0.7415319537
1.42e-05,1.42e-05,1.1961425097,0.8372997568,1.0355033665
1.42e-05,1.42e-05,1.1961425097,0.8372997568,1.4460162057
1.42e-05,1.42e-05,1.1961425097,0.8372997568,2.0192719162
1.42e-05,1.42e-05,1.1961425097,0.8372997568,2.8197879494
1.42e-05,1.42e-05,1.1961425097,0.8372997568,3.9376589236
1.42e-05,1.42e-05,1.1961425097,0.8372997568,5.498696383
1.42e-05,1.42e-05,1.1961425097,0.8372997568,7.6785883437
1.42e-05,1.42e-05,1.1961425097,0.8372997568,10.7226722201
1.42e-05,1.42e-05,1.1961425097,0.8372997568,14.9735464897
1.42e-05,1.42e-05,1.1961425097,0.8372997568,20.9096286705
1.42e-05,1.42e-05,1.1961425097,0.8372997568,29.1989991443
1.42e-05,1.42e-05,1.1961425097,0.8372997568,40.7745907144
1.42e-05,1.42e-05,1.1961425097,0.8372997568,56.9391861586
1.42e-05,1.42e-05,1.1961425097,0.8372997568,79.5120407981
1.42e-05,1.42e-05,1.1961425097,0.8372997568,111.0336318168
1.42e-05,1.42e-05,1.1961425097,0.8372997568,155.0515779833
1.42e-05,1.42e-05,1.1961425097,0.8372997568,216.5199088036
1.42e-05,1.42e-05,1.1961425097,0.8372997568,302.3566191205
1.42e-05,1.42e-05,1.1961425097,0.8372997568,422.2222595195
1.42e-05,1.42e-05,1.1961425097,0.8372997568,589.6071895242
1.42e-05,1.42e-05,1.1961425097,0.8372997568,823.3498592289
1.42e-05,1.42e-05,1.1961425097,0.8372997568,1149.7569953977
1.42e-05,1.42e-05,1.1961425097,0.8372997568,1605.5643098112
1.42e-05,1.42e-05,1.1961425097,0.8372997568,2242.0709447806
1.42e-05,1.42e-05,1.1961425097,0.8372997568,3130.912969796
1.42e-05,1.42e-05,1.1961425097,0.8372997568,4372.1257113904
1.42e-05,1.42e-05,1.1961425097,0.8372997568,6105.4022965853
1.42e-05,1.42e-05,1.1961425097,0.8971068823,0.1
1.42e-05,1.42e-05,1.1961425097,0.8971068823,0.1396437957
1.42e-05,1.42e-05,1.1961425097,0.8971068823,0.1950038968
1.42e-05,1.42e-05,1.1961425097,0.8971068823,0.2723108433
1.42e-05,1.42e-05,1.1961425097,0.8971068823,0.3802651977
1.42e-05,1.42e-05,1.1961425097,0.8971068823,0.5310167558
1.42e-05,1.42e-05,1.1961425097,0.8971068823,0.7415319537
1.42e-05,1.42e-05,1.1961425097,0.8971068823,1.0355033665
1.42e-05,1.42e-05,1.1961425097,0.8971068823,1.4460162057
1.42e-05,1.42e-05,1.1961425097,0.8971068823,2.0192719162
1.42e-05,1.42e-05,1.1961425097,0.8971068823,2.8197879494
1.42e-05,1.42e-05,1.1961425097,0.8971068823,3.9376589236
1.42e-05,1.42e-05,1.1961425097,0.8971068823,5.498696383
1.42e-05,1.42e-05,1.1961425097,0.8971068823,7.6785883437
1.42e-05,1.42e-05,1.1961425097,0.8971068823,10.7226722201
1.42e-05,1.42e-05,1.1961425097,0.8971068823,14.9735464897
1.42e-05,1.42e-05,1.1961425097,0.8971068823,20.9096286705
1.42e-05,1.42e-05,1.1961425097,0.8971068823,29.1989991443
1.42e-05,1.42e-05,1.1961425097,0.8971068823,40.7745907144
1.42e-05,1.42e-05,1.1961425097,0.8971068823,56.9391861586
1.42e-05,1.42e-05,1.1961425097,0.8971068823,79.5120407981
1.42e-05,1.42e-05,1.1961425097,0.8971068823,111.0336318168
1.42e-05,1.42e-05,1.1961425097,0.8971068823,155.0515779833
1.42e-05,1.42e-05,1.1961425097,0.8971068823,216.5199088036
1.42e-05,1.42e-05,1.1961425097,0.8971068823,302.3566191205
1.42e-05,1.42e-05,1.1961425097,0.8971068823,422.2222595195
1.42e-05,1.42e-05,1.1961425097,0.8971068823,589.6071895242
1.42e-05,1.42e-05,1.1961425097,0.8971068823,823.3498592289
1.42e-05,1.42e-05,1.1961425097,0.8971068823,1149.7569953977
1.42e-05,1.42e-05,1.1961425097,0.8971068823,1605.5643098112
1.42e-05,1.42e-05,1.1961425097,0.8971068823,2242.0709447806
1.42e-05,1.42e-05,1.1961425097,0.8971068823,3130.912969796
1.42e-05,1.42e-05,1.1961425097,0.8971068823,4372.1257113904
1.42e-05,1.42e-05,1.1961425097,0.8971068823,6105.4022965853
1.42e-05,1.42e-05,1.1961425097,0.9569140078,0.1
1.42e-05,1.42e-05,1.1961425097,0.9569140078,0.1396437957
1.42e-05,1.42e-05,1.1961425097,0.9569140078,0.1950038968
1.42e-05,1.42e-05,1.1961425097,0.9569140078,0.2723108433
1.42e-05,1.42e-05,1.1961425097,0.9569140078,0.3802651977
1.42e-05,1.42e-05,1.1961425097,0.9569140078,0.5310167558
1.42e-05,1.42e-05,1.1961425097,0.9569140078,0.7415319537
1.42e-05,1.42e-05,1.1961425097,0.9569140078,1.0355033665
1.42e-05,1.42e-05,1.1961425097,0.9569140078,1.4460162057
1.42e-05,1.42e-05,1.1961425097,0.9569140078,2.0192719162
1.42e-05,1.42e-05,1.1961425097,0.9569140078,2.8197879494
1.42e-05,1.42e-05,1.1961425097,0.9569140078,3.9376589236
1.42e-05,1.42e-05,1.1961425097,0.9569140078,5.498696383
1.42e-05,1.42e-05,1.1961425097,0.9569140078,7.6785883437
1.42e-05,1.42e-05,1.1961425097,0.9569140078,10.7226722201
1.42e-05,1.42e-05,1.1961425097,0.9569140078,14.9735464897
1.42e-05,1.42e-05,1.1961425097,0.9569140078,20.9096286705
1.42e-05,1.42e-05,1.1961425097,0.9569140078,29.1989991443
1.42e-05,1.42e-05,1.1961425097,0.9569140078,40.7745907144
1.42e-05,1.42e-05,1.1961425097,0.9569140078,56.9391861586
1.42e-05,1.42e-05,1.1961425097,0.9569140078,79.5120407981
1.42e-05,1.42e-05,1.1961425097,0.9569140078,111.0336318168
1.42e-05,1.42e-05,1.1961425097,0.9569140078,155.0515779833
1.42e-05,1.42e-05,1.1961425097,0.9569140078,216.5199088036
1.42e-05,1.42e-05,1.1961425097,0.9569140078,302.3566191205
1.42e-05,1.42e-05,1.1961425097,0.9569140078,422.2222595195
1.42e-05,1.42e-05,1.1961425097,0.9569140078,589.6071895242
1.42e-05,1.42e-05,1.1961425097,0.9569140078,823.3498592289
1.42e-05,1.42e-05,1.1961425097,0.9569140078,1149.7569953977
1.42e-05,1.42e-05,1.1961425097,0.9569140078,1605.5643098112
1.42e-05,1.42e-05,1.1961425097,0.9569140078,2242.0709447806
1.42e-05,1.42e-05,1.1961425097,0.9569140078,3130.912969796
1.42e-05,1.42e-05,1.1961425097,0.9569140078,4372.1257113904
1.42e-05,1.42e-05,1.1961425097,0.9569140078,6105.4022965853
1.42e-05,1.42e-05,1.1961425097,1.0167211333,0.1
1.42e-05,1.42e-05,1.1961425097,1.0167211333,0.1396437957
1.42e-05,1.42e-05,1.1961425097,1.0167211333,0.1950038968
1.42e-05,1.42e-05,1.1961425097,1.0167211333,0.2723108433
1.42e-05,1.42e-05,1.1961425097,1.0167211333,0.3802651977
1.42e-05,1.42e-05,1.1961425097,1.0167211333,0.5310167558
1.42e-05,1.42e-05,1.1961425097,1.0167211333,0.7415319537
1.42e-05,1.42e-05,1.1961425097,1.0167211333,1.0355033665
1.42e-05,1.42e-05,1.1961425097,1.0167211333,1.4460162057
1.42e-05,1.42e-05,1.1961425097,1.0167211333,2.0192719162
1.42e-05,1.42e-05,1.1961425097,1.0167211333,2.8197879494
1.42e-05,1.42e-05,1.1961425097,1.0167211333,3.9376589236
1.42e-05,1.42e-05,1.1961425097,1.0167211333,5.498696383
1.42e-05,1.42e-05,1.1961425097,1.0167211333,7.6785883437
1.42e-05,1.42e-05,1.1961425097,1.0167211333,10.7226722201
1.42e-05,1.42e-05,1.1961425097,1.0167211333,14.9735464897
1.42e-05,1.42e-05,1.1961425097,1.0167211333,20.9096286705
1.42e-05,1.42e-05,1.1961425097,1.0167211333,29.1989991443
1.42e-05,1.42e-05,1.1961425097,1.0167211333,40.7745907144
1.42e-05,1.42e-05,1.1961425097,1.0167211333,56.9391861586
1.42e-05,1.42e-05,1.1961425097,1.0167211333,79.5120407981
1.42e-05,1.42e-05,1.1961425097,1.0167211333,111.0336318168
1.42e-05,1.42e-05,1.1961425097,1.0167211333,155.0515779833
1.42e-05,1.42e-05,1.1961425097,1.0167211333,216.5199088036
1.42e-05,1.42e-05,1.1961425097,1.0167211333,302.3566191205
1.42e-05,1.42e-05,1.1961425097,1.0167211333,422.2222595195
1.42e-05,1.42e-05,1.1961425097,1.0167211333,589.6071895242
1.42e-05,1.42e-05,1.1961425097,1.0167211333,823.3498592289
1.42e-05,1.42e-05,1.1961425097,1.0167211333,1149.7569953977
1.42e-05,1.42e-05,1.1961425097,1.0167211333,1605.5643098112
1.42e-05,1.42e-05,1.1961425097,1.0167211333,2242.0709447806
1.42e-05,1.42e-05,1.1961425097,1.0167211333,3130.912969796
1.42e-05,1.42e-05,1.1961425097,1.0167211333,4372.1257113904
1.42e-05,1.42e-05,1.1961425097,1.0167211333,6105.4022965853
1.42e-05,1.42e-05,1.1961425097,1.0765282588,0.1
1.42e-05,1.42e-05,1.1961425097,1.0765282588,0.1396437957
1.42e-05,1.42e-05,1.1961425097,1.0765282588,0.1950038968
1.42e-05,1.42e-05,1.1961425097,1.0765282588,0.2723108433
1.42e-05,1.42e-05,1.1961425097,1.0765282588,0.3802651977
1.42e-05,1.42e-05,1.1961425097,1.0765282588,0.5310167558
1.42e-05,1.42e-05,1.1961425097,1.0765282588,0.7415319537
1.42e-05,1.42e-05,1.1961425097,1.0765282588,1.0355033665
1.42e-05,1.42e-05,1.1961425097,1.0765282588,1.4460162057
1.42e-05,1.42e-05,1.1961425097,1.0765282588,2.0192719162
1.42e-05,1.42e-05,1.1961425097,1.0765282588,2.8197879494
1.42e-05,1.42e-05,1.1961425097,1.0765282588,3.9376589236
1.42e-05,1.42e-05,1.1961425097,1.0765282588,5.498696383
1.42e-05,1.42e-05,1.1961425097,1.0765282588,7.6785883437
1.42e-05,1.42e-05,1.1961425097,1.0765282588,10.7226722201
1.42e-05,1.42e-05,1.1961425097,1.0765282588,14.9735464897
1.42e-05,1.42e-05,1.1961425097,1.0765282588,20.9096286705
1.42e-05,1.42e-05,1.1961425097,1.0765282588,29.1989991443
1.42e-05,1.42e-05,1.1961425097,1.0765282588,40.7745907144
1.42e-05,1.42e-05,1.1961425097,1.0765282588,56.9391861586
1.42e-05,1.42e-05,1.1961425097,1.0765282588,79.5120407981
1.42e-05,1.42e-05,1.1961425097,1.0765282588,111.0336318168
1.42e-05,1.42e-05,1.1961425097,1.0765282588,155.0515779833
1.42e-05,1.42e-05,1.1961425097,1.0765282588,216.5199088036
1.42e-05,1.42e-05,1.1961425097,1.0765282588,302.3566191205
1.42e-05,1.42e-05,1.1961425097,1.0765282588,422.2222595195
1.42e-05,1.42e-05,1.1961425097,1.0765282588,589.6071895242
1.42e-05,1.42e-05,1.1961425097,1.0765282588,823.3498592289
1.42e-05,1.42e-05,1.1961425097,1.0765282588,1149.7569953977
1.42e-05,1.42e-05,1.1961425097,1.0765282588,1605.5643098112
1.42e-05,1.42e-05,1.1961425097,1.0765282588,2242.0709447806
1.42e-05,1.42e-05,1.1961425097,1.0765282588,3130.912969796
1.42e-05,1.42e-05,1.1961425097,1.0765282588,4372.1257113904
1.42e-05,1.42e-05,1.1961425097,1.0765282588,6105.4022965853
1.42e-05,1.42e-05,1.1961425097,1.1363353842,0.1
1.42e-05,1.42e-05,1.1961425097,1.1363353842,0.1396437957
1.42e-05,1.42e-05,1.1961425097,1.1363353842,0.1950038968
1.42e-05,1.42e-05,1.1961425097,1.1363353842,0.2723108433
1.42e-05,1.42e-05,1.1961425097,1.1363353842,0.3802651977
1.42e-05,1.42e-05,1.1961425097,1.1363353842,0.5310167558
1.42e-05,1.42e-05,1.1961425097,1.1363353842,0.7415319537
1.42e-05,1.42e-05,1.1961425097,1.1363353842,1.0355033665
1.42e-05,1.42e-05,1.1961425097,1.1363353842,1.4460162057
1.42e-05,1.42e-05,1.1961425097,1.1363353842,2.0192719162
1.42e-05,1.42e-05,1.1961425097,1.1363353842,2.8197879494
1.42e-05,1.42e-05,1.1961425097,1.1363353842,3.9376589236
1.42e-05,1.42e-05,1.1961425097,1.1363353842,5.498696383
1.42e-05,1.42e-05,1.1961425097,1.1363353842,7.6785883437
1.42e-05,1.42e-05,1.1961425097,1.1363353842,10.7226722201
1.42e-05,1.42e-05,1.1961425097,1.1363353842,14.9735464897
1.42e-05,1.42e-05,1.1961425097,1.1363353842,20.9096286705
1.42e-05,1.42e-05,1.1961425097,1.1363353842,29.1989991443
1.42e-05,1.42e-05,1.1961425097,1.1363353842,40.7745907144
1.42e-05,1.42e-05,1.1961425097,1.1363353842,56.9391861586
1.42e-05,1.42e-05,1.1961425097,1.1363353842,79.5120407981
1.42e-05,1.42e-05,1.1961425097,1.1363353842,111.0336318168
1.42e-05,1.42e-05,1.1961425097,1.1363353842,155.0515779833
1.42e-05,1.42e-05,1.1961425097,1.1363353842,216.5199088036
1.42e-05,1.42e-05,1.1961425097,1.1363353842,302.3566191205
1.42e-05,1.42e-05,1.1961425097,1.1363353842,422.2222595195
1.42e-05,1.42e-05,1.1961425097,1.1363353842,589.6071895242
1.42e-05,1.42e-05,1.1961425097,1.1363353842,823.3498592289
1.42e-05,1.42e-05,1.1961425097,1.1363353842,1149.7569953977
1.42e-05,1.42e-05,1.1961425097,1.1363353842,1605.5643098112
1.42e-05,1.42e-05,1.1961425097,1.1363353842,2242.0709447806
1.42e-05,1.42e-05,1.1961425097,1.1363353842,3130.912969796
1.42e-05,1.42e-05,1.1961425097,1.1363353842,4372.1257113904
1.42e-05,1.42e-05,1.1961425097,1.1363353842,6105.4022965853
1.42e-05,1.42e-05,1.1961425097,1.1841810846,0.1
1.42e-05,1.42e-05,1.1961425097,1.1841810846,0.1396437957
1.42e-05,1.42e-05,1.1961425097,1.1841810846,0.1950038968
1.42e-05,1.42e-05,1.1961425097,1.1841810846,0.2723108433
1.42e-05,1.42e-05,1.1961425097,1.1841810846,0.3802651977
1.42e-05,1.42e-05,1.1961425097,1.1841810846,0.5310167558
1.42e-05,1.42e-05,1.1961425097,1.1841810846,0.7415319537
1.42e-05,1.42e-05,1.1961425097,1.1841810846,1.0355033665
1.42e-05,1.42e-05,1.1961425097,1.1841810846,1.4460162057
1.42e-05,1.42e-05,1.1961425097,1.1841810846,2.0192719162
1.42e-05,1.42e-05,1.1961425097,1.1841810846,2.8197879494
1.42e-05,1.42e-05,1.1961425097,1.1841810846,3.9376589236
1.42e-05,1.42e-05,1.1961425097,1.1841810846,5.498696383
1.42e-05,1.42e-05,1.1961425097,1.1841810846,7.6785883437
1.42e-05,1.42e-05,1.1961425097,1.1841810846,10.7226722201
1.42e-05,1.42e-05,1.1961425097,1.1841810846,14.9735464897
1.42e-05,1.42e-05,1.1961425097,1.1841810846,20.9096286705
1.42e-05,1.42e-05,1.1961425097,1.1841810846,29.1989991443
1.42e-05,1.42e-05,1.1961425097,1.1841810846,40.7745907144
1.42e-05,1.42e-05,1.1961425097,1.1841810846,56.9391861586
1.42e-05,1.42e-05,1.1961425097,1.1841810846,79.5120407981
1.42e-05,1.42e-05,1.1961425097,1.1841810846,111.0336318168
1.42e-05,1.42e-05,1.1961425097,1.1841810846,155.0515779833
1.42e-05,1.42e-05,1.1961425097,1.1841810846,216.5199088036
1.42e-05,1.42e-05,1.1961425097,1.1841810846,302.3566191205
1.42e-05,1.42e-05,1.1961425097,1.1841810846,422.2222595195
1.42e-05,1.42e-05,1.1961425097,1.1841810846,589.6071895242
1.42e-05,1.42e-05,1.1961425097,1.1841810846,823.3498592289
1.42e-05,1.42e-05,1.1961425097,1.1841810846,1149.7569953977
1.42e-05,1.42e-05,1.1961425097,1.1841810846,1605.5643098112
1.42e-05,1.42e-05,1.1961425097,1.1841810846,2242.0709447806
1.42e-05,1.42e-05,1.1961425097,1.1841810846,3130.912969796
1.42e-05,1.42e-05,1.1961425097,1.1841810846,4372.1257113904
1.42e-05,1.42e-05,1.1961425097,1.1841810846,6105.4022965853
1.42e-05,1.42e-05,1.3324258577,0.1332425858,0.1
1.42e-05,1.42e-05,1.3324258577,0.1332425858,0.1396437957
1.42e-05,1.42e-05,1.3324258577,0.1332425858,0.1950038968
1.42e-05,1.42e-05,1.3324258577,0.1332425858,0.2723108433
1.42e-05,1.42e-05,1.3324258577,0.1332425858,0.3802651977
1.42e-05,1.42e-05,1.3324258577,0.1332425858,0.5310167558
1.42e-05,1.42e-05,1.3324258577,0.1332425858,0.7415319537
1.42e-05,1.42e-05,1.3324258577,0.1332425858,1.0355033665
1.42e-05,1.42e-05,1.3324258577,0.1332425858,1.4460162057
1.42e-05,1.42e-05,1.3324258577,0.1332425858,2.0192719162
1.42e-05,1.42e-05,1.3324258577,0.1332425858,2.8197879494
1.42e-05,1.42e-05,1.3324258577,0.1332425858,3.9376589236
1.42e-05,1.42e-05,1.3324258577,0.1332425858,5.498696383
1.42e-05,1.42e-05,1.3324258577,0.1332425858,7.6785883437
1.42e-05,1.42e-05,1.3324258577,0.1332425858,10.7226722201
1.42e-05,1.42e-05,1.3324258577,0.1332425858,14.9735464897
1.42e-05,1.42e-05,1.3324258577,0.1332425858,20.9096286705
1.42e-05,1.42e-05,1.3324258577,0.1332425858,29.1989991443
1.42e-05,1.42e-05,1.3324258577,0.1332425858,40.7745907144
1.42e-05,1.42e-05,1.3324258577,0.1332425858,56.9391861586
1.42e-05,1.42e-05,1.3324258577,0.1332425858,79.5120407981
1.42e-05,1.42e-05,1.3324258577,0.1332425858,111.0336318168
1.42e-05,1.42e-05,1.3324258577,0.1332425858,155.0515779833
1.42e-05,1.42e-05,1.3324258577,0.1332425858,216.5199088036
1.42e-05,1.42e-05,1.3324258577,0.1332425858,302.3566191205
1.42e-05,1.42e-05,1.3324258577,0.1332425858,422.2222595195
1.42e-05,1.42e-05,1.3324258577,0.1332425858,589.6071895242
1.42e-05,1.42e-05,1.3324258577,0.1332425858,823.3498592289
1.42e-05,1.42e-05,1.3324258577,0.1332425858,1149.7569953977
1.42e-05,1.42e-05,1.3324258577,0.1332425858,1605.5643098112
1.42e-05,1.42e-05,1.3324258577,0.1332425858,2242.0709447806
1.42e-05,1.42e-05,1.3324258577,0.1332425858,3130.912969796
1.42e-05,1.42e-05,1.3324258577,0.1332425858,4372.1257113904
1.42e-05,1.42e-05,1.3324258577,0.1332425858,6105.4022965853
1.42e-05,1.42e-05,1.3324258577,0.1998638787,0.1
1.42e-05,1.42e-05,1.3324258577,0.1998638787,0.1396437957
1.42e-05,1.42e-05,1.3324258577,0.1998638787,0.1950038968
1.42e-05,1.42e-05,1.3324258577,0.1998638787,0.2723108433
1.42e-05,1.42e-05,1.3324258577,0.1998638787,0.3802651977
1.42e-05,1.42e-05,1.3324258577,0.1998638787,0.5310167558
1.42e-05,1.42e-05,1.3324258577,0.1998638787,0.7415319537
1.42e-05,1.42e-05,1.3324258577,0.1998638787,1.0355033665
1.42e-05,1.42e-05,1.3324258577,0.1998638787,1.4460162057
1.42e-05,1.42e-05,1.3324258577,0.1998638787,2.0192719162
1.42e-05,1.42e-05,1.3324258577,0.1998638787,2.8197879494
1.42e-05,1.42e-05,1.3324258577,0.1998638787,3.9376589236
1.42e-05,1.42e-05,1.3324258577,0.1998638787,5.498696383
1.42e-05,1.42e-05,1.3324258577,0.1998638787,7.6785883437
1.42e-05,1.42e-05,1.3324258577,0.1998638787,10.7226722201
1.42e-05,1.42e-05,1.3324258577,0.1998638787,14.9735464897
1.42e-05,1.42e-05,1.3324258577,0.1998638787,20.9096286705
1.42e-05,1.42e-05,1.3324258577,0.1998638787,29.1989991443
1.42e-05,1.42e-05,1.3324258577,0.1998638787,40.7745907144
1.42e-05,1.42e-05,1.3324258577,0.1998638787,56.9391861586
1.42e-05,1.42e-05,1.3324258577,0.1998638787,79.5120407981
1.42e-05,1.42e-05,1.3324258577,0.1998638787,111.0336318168
1.42e-05,1.42e-05,1.3324258577,0.1998638787,155.0515779833
1.42e-05,1.42e-05,1.3324258577,0.1998638787,216.5199088036
1.42e-05,1.42e-05,1.3324258577,0.1998638787,302.3566191205
1.42e-05,1.42e-05,1.3324258577,0.1998638787,422.2222595195
1.42e-05,1.42e-05,1.3324258577,0.1998638787,589.6071895242
1.42e-05,1.42e-05,1.3324258577,0.1998638787,823.3498592289
1.42e-05,1.42e-05,1.3324258577,0.1998638787,1149.7569953977
1.42e-05,1.42e-05,1.3324258577,0.1998638787,1605.5643098112
1.42e-05,1.42e-05,1.3324258577,0.1998638787,2242.0709447806
1.42e-05,1.42e-05,1.3324258577,0.1998638787,3130.912969796
1.42e-05,1.42e-05,1.3324258577,0.1998638787,4372.1257113904
1.42e-05,1.42e-05,1.3324258577,0.1998638787,6105.4022965853
1.42e-05,1.42e-05,1.3324258577,0.2664851715,0.1
1.42e-05,1.42e-05,1.3324258577,0.2664851715,0.1396437957
1.42e-05,1.42e-05,1.3324258577,0.2664851715,0.1950038968
1.42e-05,1.42e-05,1.3324258577,0.2664851715,0.2723108433
1.42e-05,1.42e-05,1.3324258577,0.2664851715,0.3802651977
1.42e-05,1.42e-05,1.3324258577,0.2664851715,0.5310167558
1.42e-05,1.42e-05,1.3324258577,0.2664851715,0.7415319537
1.42e-05,1.42e-05,1.3324258577,0.2664851715,1.0355033665
1.42e-05,1.42e-05,1.3324258577,0.2664851715,1.4460162057
1.42e-05,1.42e-05,1.3324258577,0.2664851715,2.0192719162
1.42e-05,1.42e-05,1.3324258577,0.2664851715,2.8197879494
1.42e-05,1.42e-05,1.3324258577,0.2664851715,3.9376589236
1.42e-05,1.42e-05,1.3324258577,0.2664851715,5.498696383
1.42e-05,1.42e-05,1.3324258577,0.2664851715,7.6785883437
1.42e-05,1.42e-05,1.3324258577,0.2664851715,10.7226722201
1.42e-05,1.42e-05,1.3324258577,0.2664851715,14.9735464897
1.42e-05,1.42e-05,1.3324258577,0.2664851715,20.9096286705
1.42e-05,1.42e-05,1.3324258577,0.2664851715,29.1989991443
1.42e-05,1.42e-05,1.3324258577,0.2664851715,40.7745907144
1.42e-05,1.42e-05,1.3324258577,0.2664851715,56.9391861586
1.42e-05,1.42e-05,1.3324258577,0.2664851715,79.5120407981
1.42e-05,1.42e-05,1.3324258577,0.2664851715,111.0336318168
1.42e-05,1.42e-05,1.3324258577,0.2664851715,155.0515779833
1.42e-05,1.42e-05,1.3324258577,0.2664851715,216.5199088036
1.42e-05,1.42e-05,1.3324258577,0.2664851715,302.3566191205
1.42e-05,1.42e-05,1.3324258577,0.2664851715,422.2222595195
1.42e-05,1.42e-05,1.3324258577,0.2664851715,589.6071895242
1.42e-05,1.42e-05,1.3324258577,0.2664851715,823.3498592289
1.42e-05,1.42e-05,1.3324258577,0.2664851715,1149.7569953977
1.42e-05,1.42e-05,1.3324258577,0.2664851715,1605.5643098112
1.42e-05,1.42e-05,1.3324258577,0.2664851715,2242.0709447806
1.42e-05,1.42e-05,1.3324258577,0.2664851715,3130.912969796
1.42e-05,1.42e-05,1.3324258577,0.2664851715,4372.1257113904
1.42e-05,1.42e-05,1.3324258577,0.2664851715,6105.4022965853
1.42e-05,1.42e-05,1.3324258577,0.3331064644,0.1
1.42e-05,1.42e-05,1.3324258577,0.3331064644,0.1396437957
1.42e-05,1.42e-05,1.3324258577,0.3331064644,0.1950038968
1.42e-05,1.42e-05,1.3324258577,0.3331064644,0.2723108433
1.42e-05,1.42e-05,1.3324258577,0.3331064644,0.3802651977
1.42e-05,1.42e-05,1.3324258577,0.3331064644,0.5310167558
1.42e-05,1.42e-05,1.3324258577,0.3331064644,0.7415319537
1.42e-05,1.42e-05,1.3324258577,0.3331064644,1.0355033665
1.42e-05,1.42e-05,1.3324258577,0.3331064644,1.4460162057
1.42e-05,1.42e-05,1.3324258577,0.3331064644,2.0192719162
1.42e-05,1.42e-05,1.3324258577,0.3331064644,2.8197879494
1.42e-05,1.42e-05,1.3324258577,0.3331064644,3.9376589236
1.42e-05,1.42e-05,1.3324258577,0.3331064644,5.498696383
1.42e-05,1.42e-05,1.3324258577,0.3331064644,7.6785883437
1.42e-05,1.42e-05,1.3324258577,0.3331064644,10.7226722201
1.42e-05,1.42e-05,1.3324258577,0.3331064644,14.9735464897
1.42e-05,1.42e-05,1.3324258577,0.3331064644,20.9096286705
1.42e-05,1.42e-05,1.3324258577,0.3331064644,29.1989991443
1.42e-05,1.42e-05,1.3324258577,0.3331064644,40.7745907144
1.42e-05,1.42e-05,1.3324258577,0.3331064644,56.9391861586
1.42e-05,1.42e-05,1.3324258577,0.3331064644,79.5120407981
1.42e-05,1.42e-05,1.3324258577,0.3331064644,111.0336318168
1.42e-05,1.42e-05,1.3324258577,0.3331064644,155.0515779833
1.42e-05,1.42e-05,1.3324258577,0.3331064644,216.5199088036
1.42e-05,1.42e-05,1.3324258577,0.3331064644,302.3566191205
1.42e-05,1.42e-05,1.3324258577,0.3331064644,422.2222595195
1.42e-05,1.42e-05,1.3324258577,0.3331064644,589.6071895242
1.42e-05,1.42e-05,1.3324258577,0.3331064644,823.3498592289
1.42e-05,1.42e-05,1.3324258577,0.3331064644,1149.7569953977
1.42e-05,1.42e-05,1.3324258577,0.3331064644,1605.5643098112
1.42e-05,1.42e-05,1.3324258577,0.3331064644,2242.0709447806
1.42e-05,1.42e-05,1.3324258577,0.3331064644,3130.912969796
1.42e-05,1.42e-05,1.3324258577,0.3331064644,4372.1257113904
1.42e-05,1.42e-05,1.3324258577,0.3331064644,6105.4022965853
1.42e-05,1.42e-05,1.3324258577,0.3997277573,0.1
1.42e-05,1.42e-05,1.3324258577,0.3997277573,0.1396437957
1.42e-05,1.42e-05,1.3324258577,0.3997277573,0.1950038968
1.42e-05,1.42e-05,1.3324258577,0.3997277573,0.2723108433
1.42e-05,1.42e-05,1.3324258577,0.3997277573,0.3802651977
1.42e-05,1.42e-05,1.3324258577,0.3997277573,0.5310167558
1.42e-05,1.42e-05,1.3324258577,0.3997277573,0.7415319537
1.42e-05,1.42e-05,1.3324258577,0.3997277573,1.0355033665
1.42e-05,1.42e-05,1.3324258577,0.3997277573,1.4460162057
1.42e-05,1.42e-05,1.3324258577,0.3997277573,2.0192719162
1.42e-05,1.42e-05,1.3324258577,0.3997277573,2.8197879494
1.42e-05,1.42e-05,1.3324258577,0.3997277573,3.9376589236
1.42e-05,1.42e-05,1.3324258577,0.3997277573,5.498696383
1.42e-05,1.42e-05,1.3324258577,0.3997277573,7.6785883437
1.42e-05,1.42e-05,1.3324258577,0.3997277573,10.7226722201
1.42e-05,1.42e-05,1.3324258577,0.3997277573,14.9735464897
1.42e-05,1.42e-05,1.3324258577,0.3997277573,20.9096286705
1.42e-05,1.42e-05,1.3324258577,0.3997277573,29.1989991443
1.42e-05,1.42e-05,1.3324258577,0.3997277573,40.7745907144
1.42e-05,1.42e-05,1.3324258577,0.3997277573,56.9391861586
1.42e-05,1.42e-05,1.3324258577,0.3997277573,79.5120407981
1.42e-05,1.42e-05,1.3324258577,0.3997277573,111.0336318168
1.42e-05,1.42e-05,1.3324258577,0.3997277573,155.0515779833
1.42e-05,1.42e-05,1.3324258577,0.3997277573,216.5199088036
1.42e-05,1.42e-05,1.3324258577,0.3997277573,302.3566191205
1.42e-05,1.42e-05,1.3324258577,0.3997277573,422.2222595195
1.42e-05,1.42e-05,1.3324258577,0.3997277573,589.6071895242
1.42e-05,1.42e-05,1.3324258577,0.3997277573,823.3498592289
1.42e-05,1.42e-05,1.3324258577,0.3997277573,1149.7569953977
1.42e-05,1.42e-05,1.3324258577,0.3997277573,1605.5643098112
1.42e-05,1.42e-05,1.3324258577,0.3997277573,2242.0709447806
1.42e-05,1.42e-05,1.3324258577,0.3997277573,3130.912969796
1.42e-05,1.42e-05,1.3324258577,0.3997277573,4372.1257113904
1.42e-05,1.42e-05,1.3324258577,0.3997277573,6105.4022965853
1.42e-05,1.42e-05,1.3324258577,0.4663490502,0.1
1.42e-05,1.42e-05,1.3324258577,0.4663490502,0.1396437957
1.42e-05,1.42e-05,1.3324258577,0.4663490502,0.1950038968
1.42e-05,1.42e-05,1.3324258577,0.4663490502,0.2723108433
1.42e-05,1.42e-05,1.3324258577,0.4663490502,0.3802651977
1.42e-05,1.42e-05,1.3324258577,0.4663490502,0.5310167558
1.42e-05,1.42e-05,1.3324258577,0.4663490502,0.7415319537
1.42e-05,1.42e-05,1.3324258577,0.4663490502,1.0355033665
1.42e-05,1.42e-05,1.3324258577,0.4663490502,1.4460162057
1.42e-05,1.42e-05,1.3324258577,0.4663490502,2.0192719162
1.42e-05,1.42e-05,1.3324258577,0.4663490502,2.8197879494
1.42e-05,1.42e-05,1.3324258577,0.4663490502,3.9376589236
1.42e-05,1.42e-05,1.3324258577,0.4663490502,5.498696383
1.42e-05,1.42e-05,1.3324258577,0.4663490502,7.6785883437
1.42e-05,1.42e-05,1.3324258577,0.4663490502,10.7226722201
1.42e-05,1.42e-05,1.3324258577,0.4663490502,14.9735464897
1.42e-05,1.42e-05,1.3324258577,0.4663490502,20.9096286705
1.42e-05,1.42e-05,1.3324258577,0.4663490502,29.1989991443
1.42e-05,1.42e-05,1.3324258577,0.4663490502,40.7745907144
1.42e-05,1.42e-05,1.3324258577,0.4663490502,56.9391861586
1.42e-05,1.42e-05,1.3324258577,0.4663490502,79.5120407981
1.42e-05,1.42e-05,1.3324258577,0.4663490502,111.0336318168
1.42e-05,1.42e-05,1.3324258577,0.4663490502,155.0515779833
1.42e-05,1.42e-05,1.3324258577,0.4663490502,216.5199088036
1.42e-05,1.42e-05,1.3324258577,0.4663490502,302.3566191205
1.42e-05,1.42e-05,1.3324258577,0.4663490502,422.2222595195
1.42e-05,1.42e-05,1.3324258577,0.4663490502,589.6071895242
1.42e-05,1.42e-05,1.3324258577,0.4663490502,823.3498592289
1.42e-05,1.42e-05,1.3324258577,0.4663490502,1149.7569953977
1.42e-05,1.42e-05,1.3324258577,0.4663490502,1605.5643098112
1.42e-05,1.42e-05,1.3324258577,0.4663490502,2242.0709447806
1.42e-05,1.42e-05,1.3324258577,0.4663490502,3130.912969796
1.42e-05,1.42e-05,1.3324258577,0.4663490502,4372.1257113904
1.42e-05,1.42e-05,1.3324258577,0.4663490502,6105.4022965853
1.42e-05,1.42e-05,1.3324258577,0.5329703431,0.1
1.42e-05,1.42e-05,1.3324258577,0.5329703431,0.1396437957
1.42e-05,1.42e-05,1.3324258577,0.5329703431,0.1950038968
1.42e-05,1.42e-05,1.3324258577,0.5329703431,0.2723108433
1.42e-05,1.42e-05,1.3324258577,0.5329703431,0.3802651977
1.42e-05,1.42e-05,1.3324258577,0.5329703431,0.5310167558
1.42e-05,1.42e-05,1.3324258577,0.5329703431,0.7415319537
1.42e-05,1.42e-05,1.3324258577,0.5329703431,1.0355033665
1.42e-05,1.42e-05,1.3324258577,0.5329703431,1.4460162057
1.42e-05,1.42e-05,1.3324258577,0.5329703431,2.0192719162
1.42e-05,1.42e-05,1.3324258577,0.5329703431,2.8197879494
1.42e-05,1.42e-05,1.3324258577,0.5329703431,3.9376589236
1.42e-05,1.42e-05,1.3324258577,0.5329703431,5.498696383
1.42e-05,1.42e-05,1.3324258577,0.5329703431,7.6785883437
1.42e-05,1.42e-05,1.3324258577,0.5329703431,10.7226722201
1.42e-05,1.42e-05,1.3324258577,0.5329703431,14.9735464897
1.42e-05,1.42e-05,1.3324258577,0.5329703431,20.9096286705
1.42e-05,1.42e-05,1.3324258577,0.5329703431,29.1989991443
1.42e-05,1.42e-05,1.3324258577,0.5329703431,40.7745907144
1.42e-05,1.42e-05,1.3324258577,0.5329703431,56.9391861586
1.42e-05,1.42e-05,1.3324258577,0.5329703431,79.5120407981
1.42e-05,1.42e-05,1.3324258577,0.5329703431,111.0336318168
1.42e-05,1.42e-05,1.3324258577,0.5329703431,155.0515779833
1.42e-05,1.42e-05,1.3324258577,0.5329703431,216.5199088036
1.42e-05,1.42e-05,1.3324258577,0.5329703431,302.3566191205
1.42e-05,1.42e-05,1.3324258577,0.5329703431,422.2222595195
1.42e-05,1.42e-05,1.3324258577,0.5329703431,589.6071895242
1.42e-05,1.42e-05,1.3324258577,0.5329703431,823.3498592289
1.42e-05,1.42e-05,1.3324258577,0.5329703431,1149.7569953977
1.42e-05,1.42e-05,1.3324258577,0.5329703431,1605.5643098112
1.42e-05,1.42e-05,1.3324258577,0.5329703431,2242.0709447806
1.42e-05,1.42e-05,1.3324258577,0.5329703431,3130.912969796
1.42e-05,1.42e-05,1.3324258577,0.5329703431,4372.1257113904
1.42e-05,1.42e-05,1.3324258577,0.5329703431,6105.4022965853
1.42e-05,1.42e-05,1.3324258577,0.599591636,0.1
1.42e-05,1.42e-05,1.3324258577,0.599591636,0.1396437957
1.42e-05,1.42e-05,1.3324258577,0.599591636,0.1950038968
1.42e-05,1.42e-05,1.3324258577,0.599591636,0.2723108433
1.42e-05,1.42e-05,1.3324258577,0.599591636,0.3802651977
1.42e-05,1.42e-05,1.3324258577,0.599591636,0.5310167558
1.42e-05,1.42e-05,1.3324258577,0.599591636,0.7415319537
1.42e-05,1.42e-05,1.3324258577,0.599591636,1.0355033665
1.42e-05,1.42e-05,1.3324258577,0.599591636,1.4460162057
1.42e-05,1.42e-05,1.3324258577,0.599591636,2.0192719162
1.42e-05,1.42e-05,1.3324258577,0.599591636,2.8197879494
1.42e-05,1.42e-05,1.3324258577,0.599591636,3.9376589236
1.42e-05,1.42e-05,1.3324258577,0.599591636,5.498696383
1.42e-05,1.42e-05,1.3324258577,0.599591636,7.6785883437
1.42e-05,1.42e-05,1.3324258577,0.599591636,10.7226722201
1.42e-05,1.42e-05,1.3324258577,0.599591636,14.9735464897
1.42e-05,1.42e-05,1.3324258577,0.599591636,20.9096286705
1.42e-05,1.42e-05,1.3324258577,0.599591636,29.1989991443
1.42e-05,1.42e-05,1.3324258577,0.599591636,40.7745907144
1.42e-05,1.42e-05,1.3324258577,0.599591636,56.9391861586
1.42e-05,1.42e-05,1.3324258577,0.599591636,79.5120407981
1.42e-05,1.42e-05,1.3324258577,0.599591636,111.0336318168
1.42e-05,1.42e-05,1.3324258577,0.599591636,155.0515779833
1.42e-05,1.42e-05,1.3324258577,0.599591636,216.5199088036
1.42e-05,1.42e-05,1.3324258577,0.599591636,302.3566191205
1.42e-05,1.42e-05,1.3324258577,0.599591636,422.2222595195
1.42e-05,1.42e-05,1.3324258577,0.599591636,589.6071895242
1.42e-05,1.42e-05,1.3324258577,0.599591636,823.3498592289
1.42e-05,1.42e-05,1.3324258577,0.599591636,1149.7569953977
1.42e-05,1.42e-05,1.3324258577,0.599591636,1605.5643098112
1.42e-05,1.42e-05,1.3324258577,0.599591636,2242.0709447806
1.42e-05,1.42e-05,1.3324258577,0.599591636,3130.912969796
1.42e-05,1.42e-05,1.3324258577,0.599591636,4372.1257113904
1.42e-05,1.42e-05,1.3324258577,0.599591636,6105.4022965853
1.42e-05,1.42e-05,1.3324258577,0.6662129289,0.1
1.42e-05,1.42e-05,1.3324258577,0.6662129289,0.1396437957
1.42e-05,1.42e-05,1.3324258577,0.6662129289,0.1950038968
1.42e-05,1.42e-05,1.3324258577,0.6662129289,0.2723108433
1.42e-05,1.42e-05,1.3324258577,0.6662129289,0.3802651977
1.42e-05,1.42e-05,1.3324258577,0.6662129289,0.5310167558
1.42e-05,1.42e-05,1.3324258577,0.6662129289,0.7415319537
1.42e-05,1.42e-05,1.3324258577,0.6662129289,1.0355033665
1.42e-05,1.42e-05,1.3324258577,0.6662129289,1.4460162057
1.42e-05,1.42e-05,1.3324258577,0.6662129289,2.0192719162
1.42e-05,1.42e-05,1.3324258577,0.6662129289,2.8197879494
1.42e-05,1.42e-05,1.3324258577,0.6662129289,3.9376589236
1.42e-05,1.42e-05,1.3324258577,0.6662129289,5.498696383
1.42e-05,1.42e-05,1.3324258577,0.6662129289,7.6785883437
1.42e-05,1.42e-05,1.3324258577,0.6662129289,10.7226722201
1.42e-05,1.42e-05,1.3324258577,0.6662129289,14.9735464897
1.42e-05,1.42e-05,1.3324258577,0.6662129289,20.9096286705
1.42e-05,1.42e-05,1.3324258577,0.6662129289,29.1989991443
1.42e-05,1.42e-05,1.3324258577,0.6662129289,40.7745907144
1.42e-05,1.42e-05,1.3324258577,0.6662129289,56.9391861586
1.42e-05,1.42e-05,1.3324258577,0.6662129289,79.5120407981
1.42e-05,1.42e-05,1.3324258577,0.6662129289,111.0336318168
1.42e-05,1.42e-05,1.3324258577,0.6662129289,155.0515779833
1.42e-05,1.42e-05,1.3324258577,0.6662129289,216.5199088036
1.42e-05,1.42e-05,1.3324258577,0.6662129289,302.3566191205
1.42e-05,1.42e-05,1.3324258577,0.6662129289,422.2222595195
1.42e-05,1.42e-05,1.3324258577,0.6662129289,589.6071895242
1.42e-05,1.42e-05,1.3324258577,0.6662129289,823.3498592289
1.42e-05,1.42e-05,1.3324258577,0.6662129289,1149.7569953977
1.42e-05,1.42e-05,1.3324258577,0.6662129289,1605.5643098112
1.42e-05,1.42e-05,1.3324258577,0.6662129289,2242.0709447806
1.42e-05,1.42e-05,1.3324258577,0.6662129289,3130.912969796
1.42e-05,1.42e-05,1.3324258577,0.6662129289,4372.1257113904
1.42e-05,1.42e-05,1.3324258577,0.6662129289,6105.4022965853
1.42e-05,1.42e-05,1.3324258577,0.7328342217,0.1
1.42e-05,1.42e-05,1.3324258577,0.7328342217,0.1396437957
1.42e-05,1.42e-05,1.3324258577,0.7328342217,0.1950038968
1.42e-05,1.42e-05,1.3324258577,0.7328342217,0.2723108433
1.42e-05,1.42e-05,1.3324258577,0.7328342217,0.3802651977
1.42e-05,1.42e-05,1.3324258577,0.7328342217,0.5310167558
1.42e-05,1.42e-05,1.3324258577,0.7328342217,0.7415319537
1.42e-05,1.42e-05,1.3324258577,0.7328342217,1.0355033665
1.42e-05,1.42e-05,1.3324258577,0.7328342217,1.4460162057
1.42e-05,1.42e-05,1.3324258577,0.7328342217,2.0192719162
1.42e-05,1.42e-05,1.3324258577,0.7328342217,2.8197879494
1.42e-05,1.42e-05,1.3324258577,0.7328342217,3.9376589236
1.42e-05,1.42e-05,1.3324258577,0.7328342217,5.498696383
1.42e-05,1.42e-05,1.3324258577,0.7328342217,7.6785883437
1.42e-05,1.42e-05,1.3324258577,0.7328342217,10.7226722201
1.42e-05,1.42e-05,1.3324258577,0.7328342217,14.9735464897
1.42e-05,1.42e-05,1.3324258577,0.7328342217,20.9096286705
1.42e-05,1.42e-05,1.3324258577,0.7328342217,29.1989991443
1.42e-05,1.42e-05,1.3324258577,0.7328342217,40.7745907144
1.42e-05,1.42e-05,1.3324258577,0.7328342217,56.9391861586
1.42e-05,1.42e-05,1.3324258577,0.7328342217,79.5120407981
1.42e-05,1.42e-05,1.3324258577,0.7328342217,111.0336318168
1.42e-05,1.42e-05,1.3324258577,0.7328342217,155.0515779833
1.42e-05,1.42e-05,1.3324258577,0.7328342217,216.5199088036
1.42e-05,1.42e-05,1.3324258577,0.7328342217,302.3566191205
1.42e-05,1.42e-05,1.3324258577,0.7328342217,422.2222595195
1.42e-05,1.42e-05,1.3324258577,0.7328342217,589.6071895242
1.42e-05,1.42e-05,1.3324258577,0.7328342217,823.3498592289
1.42e-05,1.42e-05,1.3324258577,0.7328342217,1149.7569953977
1.42e-05,1.42e-05,1.3324258577,0.7328342217,1605.5643098112
1.42e-05,1.42e-05,1.3324258577,0.7328342217,2242.0709447806
1.42e-05,1.42e-05,1.3324258577,0.7328342217,3130.912969796
1.42e-05,1.42e-05,1.3324258577,0.7328342217,4372.1257113904
1.42e-05,1.42e-05,1.3324258577,0.7328342217,6105.4022965853
1.42e-05,1.42e-05,1.3324258577,0.7994555146,0.1
1.42e-05,1.42e-05,1.3324258577,0.7994555146,0.1396437957
1.42e-05,1.42e-05,1.3324258577,0.7994555146,0.1950038968
1.42e-05,1.42e-05,1.3324258577,0.7994555146,0.2723108433
1.42e-05,1.42e-05,1.3324258577,0.7994555146,0.3802651977
1.42e-05,1.42e-05,1.3324258577,0.7994555146,0.5310167558
1.42e-05,1.42e-05,1.3324258577,0.7994555146,0.7415319537
1.42e-05,1.42e-05,1.3324258577,0.7994555146,1.0355033665
1.42e-05,1.42e-05,1.3324258577,0.7994555146,1.4460162057
1.42e-05,1.42e-05,1.3324258577,0.7994555146,2.0192719162
1.42e-05,1.42e-05,1.3324258577,0.7994555146,2.8197879494
1.42e-05,1.42e-05,1.3324258577,0.7994555146,3.9376589236
1.42e-05,1.42e-05,1.3324258577,0.7994555146,5.498696383
1.42e-05,1.42e-05,1.3324258577,0.7994555146,7.6785883437
1.42e-05,1.42e-05,1.3324258577,0.7994555146,10.7226722201
1.42e-05,1.42e-05,1.3324258577,0.7994555146,14.9735464897
1.42e-05,1.42e-05,1.3324258577,0.7994555146,20.9096286705
1.42e-05,1.42e-05,1.3324258577,0.7994555146,29.1989991443
1.42e-05,1.42e-05,1.3324258577,0.7994555146,40.7745907144
1.42e-05,1.42e-05,1.3324258577,0.7994555146,56.9391861586
1.42e-05,1.42e-05,1.3324258577,0.7994555146,79.5120407981
1.42e-05,1.42e-05,1.3324258577,0.7994555146,111.0336318168
1.42e-05,1.42e-05,1.3324258577,0.7994555146,155.0515779833
1.42e-05,1.42e-05,1.3324258577,0.7994555146,216.5199088036
1.42e-05,1.42e-05,1.3324258577,0.7994555146,302.3566191205
1.42e-05,1.42e-05,1.3324258577,0.7994555146,422.2222595195
1.42e-05,1.42e-05,1.3324258577,0.7994555146,589.6071895242
1.42e-05,1.42e-05,1.3324258577,0.7994555146,823.3498592289
1.42e-05,1.42e-05,1.3324258577,0.7994555146,1149.7569953977
1.42e-05,1.42e-05,1.3324258577,0.7994555146,1605.5643098112
1.42e-05,1.42e-05,1.3324258577,0.7994555146,2242.0709447806
1.42e-05,1.42e-05,1.3324258577,0.7994555146,3130.912969796
1.42e-05,1.42e-05,1.3324258577,0.7994555146,4372.1257113904
1.42e-05,1.42e-05,1.3324258577,0.7994555146,6105.4022965853
1.42e-05,1.42e-05,1.3324258577,0.8660768075,0.1
1.42e-05,1.42e-05,1.3324258577,0.8660768075,0.1396437957
1.42e-05,1.42e-05,1.3324258577,0.8660768075,0.1950038968
1.42e-05,1.42e-05,1.3324258577,0.8660768075,0.2723108433
1.42e-05,1.42e-05,1.3324258577,0.8660768075,0.3802651977
1.42e-05,1.42e-05,1.3324258577,0.8660768075,0.5310167558
1.42e-05,1.42e-05,1.3324258577,0.8660768075,0.7415319537
1.42e-05,1.42e-05,1.3324258577,0.8660768075,1.0355033665
1.42e-05,1.42e-05,1.3324258577,0.8660768075,1.4460162057
1.42e-05,1.42e-05,1.3324258577,0.8660768075,2.0192719162
1.42e-05,1.42e-05,1.3324258577,0.8660768075,2.8197879494
1.42e-05,1.42e-05,1.3324258577,0.8660768075,3.9376589236
1.42e-05,1.42e-05,1.3324258577,0.8660768075,5.498696383
1.42e-05,1.42e-05,1.3324258577,0.8660768075,7.6785883437
1.42e-05,1.42e-05,1.3324258577,0.8660768075,10.7226722201
1.42e-05,1.42e-05,1.3324258577,0.8660768075,14.9735464897
1.42e-05,1.42e-05,1.3324258577,0.8660768075,20.9096286705
1.42e-05,1.42e-05,1.3324258577,0.8660768075,29.1989991443
1.42e-05,1.42e-05,1.3324258577,0.8660768075,40.7745907144
1.42e-05,1.42e-05,1.3324258577,0.8660768075,56.9391861586
1.42e-05,1.42e-05,1.3324258577,0.8660768075,79.5120407981
1.42e-05,1.42e-05,1.3324258577,0.8660768075,111.0336318168
1.42e-05,1.42e-05,1.3324258577,0.8660768075,155.0515779833
1.42e-05,1.42e-05,1.3324258577,0.8660768075,216.5199088036
1.42e-05,1.42e-05,1.3324258577,0.8660768075,302.3566191205
1.42e-05,1.42e-05,1.3324258577,0.8660768075,422.2222595195
1.42e-05,1.42e-05,1.3324258577,0.8660768075,589.6071895242
1.42e-05,1.42e-05,1.3324258577,0.8660768075,823.3498592289
1.42e-05,1.42e-05,1.3324258577,0.8660768075,1149.7569953977
1.42e-05,1.42e-05,1.3324258577,0.8660768075,1605.5643098112
1.42e-05,1.42e-05,1.3324258577,0.8660768075,2242.0709447806
1.42e-05,1.42e-05,1.3324258577,0.8660768075,3130.912969796
1.42e-05,1.42e-05,1.3324258577,0.8660768075,4372.1257113904
1.42e-05,1.42e-05,1.3324258577,0.8660768075,6105.4022965853
1.42e-05,1.42e-05,1.3324258577,0.9326981004,0.1
1.42e-05,1.42e-05,1.3324258577,0.9326981004,0.1396437957
1.42e-05,1.42e-05,1.3324258577,0.9326981004,0.1950038968
1.42e-05,1.42e-05,1.3324258577,0.9326981004,0.2723108433
1.42e-05,1.42e-05,1.3324258577,0.9326981004,0.3802651977
1.42e-05,1.42e-05,1.3324258577,0.9326981004,0.5310167558
1.42e-05,1.42e-05,1.3324258577,0.9326981004,0.7415319537
1.42e-05,1.42e-05,1.3324258577,0.9326981004,1.0355033665
1.42e-05,1.42e-05,1.3324258577,0.9326981004,1.4460162057
1.42e-05,1.42e-05,1.3324258577,0.9326981004,2.0192719162
1.42e-05,1.42e-05,1.3324258577,0.9326981004,2.8197879494
1.42e-05,1.42e-05,1.3324258577,0.9326981004,3.9376589236
1.42e-05,1.42e-05,1.3324258577,0.9326981004,5.498696383
1.42e-05,1.42e-05,1.3324258577,0.9326981004,7.6785883437
1.42e-05,1.42e-05,1.3324258577,0.9326981004,10.7226722201
1.42e-05,1.42e-05,1.3324258577,0.9326981004,14.9735464897
1.42e-05,1.42e-05,1.3324258577,0.9326981004,20.9096286705
1.42e-05,1.42e-05,1.3324258577,0.9326981004,29.1989991443
1.42e-05,1.42e-05,1.3324258577,0.9326981004,40.7745907144
1.42e-05,1.42e-05,1.3324258577,0.9326981004,56.9391861586
1.42e-05,1.42e-05,1.3324258577,0.9326981004,79.5120407981
1.42e-05,1.42e-05,1.3324258577,0.9326981004,111.0336318168
1.42e-05,1.42e-05,1.3324258577,0.9326981004,155.0515779833
1.42e-05,1.42e-05,1.3324258577,0.9326981004,216.5199088036
1.42e-05,1.42e-05,1.3324258577,0.9326981004,302.3566191205
1.42e-05,1.42e-05,1.3324258577,0.9326981004,422.2222595195
1.42e-05,1.42e-05,1.3324258577,0.9326981004,589.6071895242
1.42e-05,1.42e-05,1.3324258577,0.9326981004,823.3498592289
1.42e-05,1.42e-05,1.3324258577,0.9326981004,1149.7569953977
1.42e-05,1.42e-05,1.3324258577,0.9326981004,1605.5643098112
1.42e-05,1.42e-05,1.3324258577,0.9326981004,2242.0709447806
1.42e-05,1.42e-05,1.3324258577,0.9326981004,3130.912969796
1.42e-05,1.42e-05,1.3324258577,0.9326981004,4372.1257113904
1.42e-05,1.42e-05,1.3324258577,0.9326981004,6105.4022965853
1.42e-05,1.42e-05,1.3324258577,0.9993193933,0.1
1.42e-05,1.42e-05,1.3324258577,0.9993193933,0.1396437957
1.42e-05,1.42e-05,1.3324258577,0.9993193933,0.1950038968
1.42e-05,1.42e-05,1.3324258577,0.9993193933,0.2723108433
1.42e-05,1.42e-05,1.3324258577,0.9993193933,0.3802651977
1.42e-05,1.42e-05,1.3324258577,0.9993193933,0.5310167558
1.42e-05,1.42e-05,1.3324258577,0.9993193933,0.7415319537
1.42e-05,1.42e-05,1.3324258577,0.9993193933,1.0355033665
1.42e-05,1.42e-05,1.3324258577,0.9993193933,1.4460162057
1.42e-05,1.42e-05,1.3324258577,0.9993193933,2.0192719162
1.42e-05,1.42e-05,1.3324258577,0.9993193933,2.8197879494
1.42e-05,1.42e-05,1.3324258577,0.9993193933,3.9376589236
1.42e-05,1.42e-05,1.3324258577,0.9993193933,5.498696383
1.42e-05,1.42e-05,1.3324258577,0.9993193933,7.6785883437
1.42e-05,1.42e-05,1.3324258577,0.9993193933,10.7226722201
1.42e-05,1.42e-05,1.3324258577,0.9993193933,14.9735464897
1.42e-05,1.42e-05,1.3324258577,0.9993193933,20.9096286705
1.42e-05,1.42e-05,1.3324258577,0.9993193933,29.1989991443
1.42e-05,1.42e-05,1.3324258577,0.9993193933,40.7745907144
1.42e-05,1.42e-05,1.3324258577,0.9993193933,56.9391861586
1.42e-05,1.42e-05,1.3324258577,0.9993193933,79.5120407981
1.42e-05,1.42e-05,1.3324258577,0.9993193933,111.0336318168
1.42e-05,1.42e-05,1.3324258577,0.9993193933,155.0515779833
1.42e-05,1.42e-05,1.3324258577,0.9993193933,216.5199088036
1.42e-05,1.42e-05,1.3324258577,0.9993193933,302.3566191205
1.42e-05,1.42e-05,1.3324258577,0.9993193933,422.2222595195
1.42e-05,1.42e-05,1.3324258577,0.9993193933,589.6071895242
1.42e-05,1.42e-05,1.3324258577,0.9993193933,823.3498592289
1.42e-05,1.42e-05,1.3324258577,0.9993193933,1149.7569953977
1.42e-05,1.42e-05,1.3324258577,0.9993193933,1605.5643098112
1.42e-05,1.42e-05,1.3324258577,0.9993193933,2242.0709447806
1.42e-05,1.42e-05,1.3324258577,0.9993193933,3130.912969796
1.42e-05,1.42e-05,1.3324258577,0.9993193933,4372.1257113904
1.42e-05,1.42e-05,1.3324258577,0.9993193933,6105.4022965853
1.42e-05,1.42e-05,1.3324258577,1.0659406862,0.1
1.42e-05,1.42e-05,1.3324258577,1.0659406862,0.1396437957
1.42e-05,1.42e-05,1.3324258577,1.0659406862,0.1950038968
1.42e-05,1.42e-05,1.3324258577,1.0659406862,0.2723108433
1.42e-05,1.42e-05,1.3324258577,1.0659406862,0.3802651977
1.42e-05,1.42e-05,1.3324258577,1.0659406862,0.5310167558
1.42e-05,1.42e-05,1.3324258577,1.0659406862,0.7415319537
1.42e-05,1.42e-05,1.3324258577,1.0659406862,1.0355033665
1.42e-05,1.42e-05,1.3324258577,1.0659406862,1.4460162057
1.42e-05,1.42e-05,1.3324258577,1.0659406862,2.0192719162
1.42e-05,1.42e-05,1.3324258577,1.0659406862,2.8197879494
1.42e-05,1.42e-05,1.3324258577,1.0659406862,3.9376589236
1.42e-05,1.42e-05,1.3324258577,1.0659406862,5.498696383
1.42e-05,1.42e-05,1.3324258577,1.0659406862,7.6785883437
1.42e-05,1.42e-05,1.3324258577,1.0659406862,10.7226722201
1.42e-05,1.42e-05,1.3324258577,1.0659406862,14.9735464897
1.42e-05,1.42e-05,1.3324258577,1.0659406862,20.9096286705
1.42e-05,1.42e-05,1.3324258577,1.0659406862,29.1989991443
1.42e-05,1.42e-05,1.3324258577,1.0659406862,40.7745907144
1.42e-05,1.42e-05,1.3324258577,1.0659406862,56.9391861586
1.42e-05,1.42e-05,1.3324258577,1.0659406862,79.5120407981
1.42e-05,1.42e-05,1.3324258577,1.0659406862,111.0336318168
1.42e-05,1.42e-05,1.3324258577,1.0659406862,155.0515779833
1.42e-05,1.42e-05,1.3324258577,1.0659406862,216.5199088036
1.42e-05,1.42e-05,1.3324258577,1.0659406862,302.3566191205
1.42e-05,1.42e-05,1.3324258577,1.0659406862,422.2222595195
1.42e-05,1.42e-05,1.3324258577,1.0659406862,589.6071895242
1.42e-05,1.42e-05,1.3324258577,1.0659406862,823.3498592289
1.42e-05,1.42e-05,1.3324258577,1.0659406862,1149.7569953977
1.42e-05,1.42e-05,1.3324258577,1.0659406862,1605.5643098112
1.42e-05,1.42e-05,1.3324258577,1.0659406862,2242.0709447806
1.42e-05,1.42e-05,1.3324258577,1.0659406862,3130.912969796
1.42e-05,1.42e-05,1.3324258577,1.0659406862,4372.1257113904
1.42e-05,1.42e-05,1.3324258577,1.0659406862,6105.4022965853
1.42e-05,1.42e-05,1.3324258577,1.1325619791,0.1
1.42e-05,1.42e-05,1.3324258577,1.1325619791,0.1396437957
1.42e-05,1.42e-05,1.3324258577,1.1325619791,0.1950038968
1.42e-05,1.42e-05,1.3324258577,1.1325619791,0.2723108433
1.42e-05,1.42e-05,1.3324258577,1.1325619791,0.3802651977
1.42e-05,1.42e-05,1.3324258577,1.1325619791,0.5310167558
1.42e-05,1.42e-05,1.3324258577,1.1325619791,0.7415319537
1.42e-05,1.42e-05,1.3324258577,1.1325619791,1.0355033665
1.42e-05,1.42e-05,1.3324258577,1.1325619791,1.4460162057
1.42e-05,1.42e-05,1.3324258577,1.1325619791,2.0192719162
1.42e-05,1.42e-05,1.3324258577,1.1325619791,2.8197879494
1.42e-05,1.42e-05,1.3324258577,1.1325619791,3.9376589236
1.42e-05,1.42e-05,1.3324258577,1.1325619791,5.498696383
1.42e-05,1.42e-05,1.3324258577,1.1325619791,7.6785883437
1.42e-05,1.42e-05,1.3324258577,1.1325619791,10.7226722201
1.42e-05,1.42e-05,1.3324258577,1.1325619791,14.9735464897
1.42e-05,1.42e-05,1.3324258577,1.1325619791,20.9096286705
1.42e-05,1.42e-05,1.3324258577,1.1325619791,29.1989991443
1.42e-05,1.42e-05,1.3324258577,1.1325619791,40.7745907144
1.42e-05,1.42e-05,1.3324258577,1.1325619791,56.9391861586
1.42e-05,1.42e-05,1.3324258577,1.1325619791,79.5120407981
1.42e-05,1.42e-05,1.3324258577,1.1325619791,111.0336318168
1.42e-05,1.42e-05,1.3324258577,1.1325619791,155.0515779833
1.42e-05,1.42e-05,1.3324258577,1.1325619791,216.5199088036
1.42e-05,1.42e-05,1.3324258577,1.1325619791,302.3566191205
1.42e-05,1.42e-05,1.3324258577,1.1325619791,422.2222595195
1.42e-05,1.42e-05,1.3324258577,1.1325619791,589.6071895242
1.42e-05,1.42e-05,1.3324258577,1.1325619791,823.3498592289
1.42e-05,1.42e-05,1.3324258577,1.1325619791,1149.7569953977
1.42e-05,1.42e-05,1.3324258577,1.1325619791,1605.5643098112
1.42e-05,1.42e-05,1.3324258577,1.1325619791,2242.0709447806
1.42e-05,1.42e-05,1.3324258577,1.1325619791,3130.912969796
1.42e-05,1.42e-05,1.3324258577,1.1325619791,4372.1257113904
1.42e-05,1.42e-05,1.3324258577,1.1325619791,6105.4022965853
1.42e-05,1.42e-05,1.3324258577,1.1991832719,0.1
1.42e-05,1.42e-05,1.3324258577,1.1991832719,0.1396437957
1.42e-05,1.42e-05,1.3324258577,1.1991832719,0.1950038968
1.42e-05,1.42e-05,1.3324258577,1.1991832719,0.2723108433
1.42e-05,1.42e-05,1.3324258577,1.1991832719,0.3802651977
1.42e-05,1.42e-05,1.3324258577,1.1991832719,0.5310167558
1.42e-05,1.42e-05,1.3324258577,1.1991832719,0.7415319537
1.42e-05,1.42e-05,1.3324258577,1.1991832719,1.0355033665
1.42e-05,1.42e-05,1.3324258577,1.1991832719,1.4460162057
1.42e-05,1.42e-05,1.3324258577,1.1991832719,2.0192719162
1.42e-05,1.42e-05,1.3324258577,1.1991832719,2.8197879494
1.42e-05,1.42e-05,1.3324258577,1.1991832719,3.9376589236
1.42e-05,1.42e-05,1.3324258577,1.1991832719,5.498696383
1.42e-05,1.42e-05,1.3324258577,1.1991832719,7.6785883437
1.42e-05,1.42e-05,1.3324258577,1.1991832719,10.7226722201
1.42e-05,1.42e-05,1.3324258577,1.1991832719,14.9735464897
1.42e-05,1.42e-05,1.3324258577,1.1991832719,20.9096286705
1.42e-05,1.42e-05,1.3324258577,1.1991832719,29.1989991443
1.42e-05,1.42e-05,1.3324258577,1.1991832719,40.7745907144
1.42e-05,1.42e-05,1.3324258577,1.1991832719,56.9391861586
1.42e-05,1.42e-05,1.3324258577,1.1991832719,79.5120407981
1.42e-05,1.42e-05,1.3324258577,1.1991832719,111.0336318168
1.42e-05,1.42e-05,1.3324258577,1.1991832719,155.0515779833
1.42e-05,1.42e-05,1.3324258577,1.1991832719,216.5199088036
1.42e-05,1.42e-05,1.3324258577,1.1991832719,302.3566191205
1.42e-05,1.42e-05,1.3324258577,1.1991832719,422.2222595195
1.42e-05,1.42e-05,1.3324258577,1.1991832719,589.6071895242
1.42e-05,1.42e-05,1.3324258577,1.1991832719,823.3498592289
1.42e-05,1.42e-05,1.3324258577,1.1991832719,1149.7569953977
1.42e-05,1.42e-05,1.3324258577,1.1991832719,1605.5643098112
1.42e-05,1.42e-05,1.3324258577,1.1991832719,2242.0709447806
1.42e-05,1.42e-05,1.3324258577,1.1991832719,3130.912969796
1.42e-05,1.42e-05,1.3324258577,1.1991832719,4372.1257113904
1.42e-05,1.42e-05,1.3324258577,1.1991832719,6105.4022965853
1.42e-05,1.42e-05,1.3324258577,1.2658045648,0.1
1.42e-05,1.42e-05,1.3324258577,1.2658045648,0.1396437957
1.42e-05,1.42e-05,1.3324258577,1.2658045648,0.1950038968
1.42e-05,1.42e-05,1.3324258577,1.2658045648,0.2723108433
1.42e-05,1.42e-05,1.3324258577,1.2658045648,0.3802651977
1.42e-05,1.42e-05,1.3324258577,1.2658045648,0.5310167558
1.42e-05,1.42e-05,1.3324258577,1.2658045648,0.7415319537
1.42e-05,1.42e-05,1.3324258577,1.2658045648,1.0355033665
1.42e-05,1.42e-05,1.3324258577,1.2658045648,1.4460162057
1.42e-05,1.42e-05,1.3324258577,1.2658045648,2.0192719162
1.42e-05,1.42e-05,1.3324258577,1.2658045648,2.8197879494
1.42e-05,1.42e-05,1.3324258577,1.2658045648,3.9376589236
1.42e-05,1.42e-05,1.3324258577,1.2658045648,5.498696383
1.42e-05,1.42e-05,1.3324258577,1.2658045648,7.6785883437
1.42e-05,1.42e-05,1.3324258577,1.2658045648,10.7226722201
1.42e-05,1.42e-05,1.3324258577,1.2658045648,14.9735464897
1.42e-05,1.42e-05,1.3324258577,1.2658045648,20.9096286705
1.42e-05,1.42e-05,1.3324258577,1.2658045648,29.1989991443
1.42e-05,1.42e-05,1.3324258577,1.2658045648,40.7745907144
1.42e-05,1.42e-05,1.3324258577,1.2658045648,56.9391861586
1.42e-05,1.42e-05,1.3324258577,1.2658045648,79.5120407981
1.42e-05,1.42e-05,1.3324258577,1.2658045648,111.0336318168
1.42e-05,1.42e-05,1.3324258577,1.2658045648,155.0515779833
1.42e-05,1.42e-05,1.3324258577,1.2658045648,216.5199088036
1.42e-05,1.42e-05,1.3324258577,1.2658045648,302.3566191205
1.42e-05,1.42e-05,1.3324258577,1.2658045648,422.2222595195
1.42e-05,1.42e-05,1.3324258577,1.2658045648,589.6071895242
1.42e-05,1.42e-05,1.3324258577,1.2658045648,823.3498592289
1.42e-05,1.42e-05,1.3324258577,1.2658045648,1149.7569953977
1.42e-05,1.42e-05,1.3324258577,1.2658045648,1605.5643098112
1.42e-05,1.42e-05,1.3324258577,1.2658045648,2242.0709447806
1.42e-05,1.42e-05,1.3324258577,1.2658045648,3130.912969796
1.42e-05,1.42e-05,1.3324258577,1.2658045648,4372.1257113904
1.42e-05,1.42e-05,1.3324258577,1.2658045648,6105.4022965853
1.42e-05,1.42e-05,1.3324258577,1.3191015991,0.1
1.42e-05,1.42e-05,1.3324258577,1.3191015991,0.1396437957
1.42e-05,1.42e-05,1.3324258577,1.3191015991,0.1950038968
1.42e-05,1.42e-05,1.3324258577,1.3191015991,0.2723108433
1.42e-05,1.42e-05,1.3324258577,1.3191015991,0.3802651977
1.42e-05,1.42e-05,1.3324258577,1.3191015991,0.5310167558
1.42e-05,1.42e-05,1.3324258577,1.3191015991,0.7415319537
1.42e-05,1.42e-05,1.3324258577,1.3191015991,1.0355033665
1.42e-05,1.42e-05,1.3324258577,1.3191015991,1.4460162057
1.42e-05,1.42e-05,1.3324258577,1.3191015991,2.0192719162
1.42e-05,1.42e-05,1.3324258577,1.3191015991,2.8197879494
1.42e-05,1.42e-05,1.3324258577,1.3191015991,3.9376589236
1.42e-05,1.42e-05,1.3324258577,1.3191015991,5.498696383
1.42e-05,1.42e-05,1.3324258577,1.3191015991,7.6785883437
1.42e-05,1.42e-05,1.3324258577,1.3191015991,10.7226722201
1.42e-05,1.42e-05,1.3324258577,1.3191015991,14.9735464897
1.42e-05,1.42e-05,1.3324258577,1.3191015991,20.9096286705
1.42e-05,1.42e-05,1.3324258577,1.3191015991,29.1989991443
1.42e-05,1.42e-05,1.3324258577,1.3191015991,40.7745907144
1.42e-05,1.42e-05,1.3324258577,1.3191015991,56.9391861586
1.42e-05,1.42e-05,1.3324258577,1.3191015991,79.5120407981
1.42e-05,1.42e-05,1.3324258577,1.3191015991,111.0336318168
1.42e-05,1.42e-05,1.3324258577,1.3191015991,155.0515779833
1.42e-05,1.42e-05,1.3324258577,1.3191015991,216.5199088036
1.42e-05,1.42e-05,1.3324258577,1.3191015991,302.3566191205
1.42e-05,1.42e-05,1.3324258577,1.3191015991,422.2222595195
1.42e-05,1.42e-05,1.3324258577,1.3191015991,589.6071895242
1.42e-05,1.42e-05,1.3324258577,1.3191015991,823.3498592289
1.42e-05,1.42e-05,1.3324258577,1.3191015991,1149.7569953977
1.42e-05,1.42e-05,1.3324258577,1.3191015991,1605.5643098112
1.42e-05,1.42e-05,1.3324258577,1.3191015991,2242.0709447806
1.42e-05,1.42e-05,1.3324258577,1.3191015991,3130.912969796
1.42e-05,1.42e-05,1.3324258577,1.3191015991,4372.1257113904
1.42e-05,1.42e-05,1.3324258577,1.3191015991,6105.4022965853
1.42e-05,1.42e-05,1.4842367459,0.1484236746,0.1
1.42e-05,1.42e-05,1.4842367459,0.1484236746,0.1396437957
1.42e-05,1.42e-05,1.4842367459,0.1484236746,0.1950038968
1.42e-05,1.42e-05,1.4842367459,0.1484236746,0.2723108433
1.42e-05,1.42e-05,1.4842367459,0.1484236746,0.3802651977
1.42e-05,1.42e-05,1.4842367459,0.1484236746,0.5310167558
1.42e-05,1.42e-05,1.4842367459,0.1484236746,0.7415319537
1.42e-05,1.42e-05,1.4842367459,0.1484236746,1.0355033665
1.42e-05,1.42e-05,1.4842367459,0.1484236746,1.4460162057
1.42e-05,1.42e-05,1.4842367459,0.1484236746,2.0192719162
1.42e-05,1.42e-05,1.4842367459,0.1484236746,2.8197879494
1.42e-05,1.42e-05,1.4842367459,0.1484236746,3.9376589236
1.42e-05,1.42e-05,1.4842367459,0.1484236746,5.498696383
1.42e-05,1.42e-05,1.4842367459,0.1484236746,7.6785883437
1.42e-05,1.42e-05,1.4842367459,0.1484236746,10.7226722201
1.42e-05,1.42e-05,1.4842367459,0.1484236746,14.9735464897
1.42e-05,1.42e-05,1.4842367459,0.1484236746,20.9096286705
1.42e-05,1.42e-05,1.4842367459,0.1484236746,29.1989991443
1.42e-05,1.42e-05,1.4842367459,0.1484236746,40.7745907144
1.42e-05,1.42e-05,1.4842367459,0.1484236746,56.9391861586
1.42e-05,1.42e-05,1.4842367459,0.1484236746,79.5120407981
1.42e-05,1.42e-05,1.4842367459,0.1484236746,111.0336318168
1.42e-05,1.42e-05,1.4842367459,0.1484236746,155.0515779833
1.42e-05,1.42e-05,1.4842367459,0.1484236746,216.5199088036
1.42e-05,1.42e-05,1.4842367459,0.1484236746,302.3566191205
1.42e-05,1.42e-05,1.4842367459,0.1484236746,422.2222595195
1.42e-05,1.42e-05,1.4842367459,0.1484236746,589.6071895242
1.42e-05,1.42e-05,1.4842367459,0.1484236746,823.3498592289
1.42e-05,1.42e-05,1.4842367459,0.1484236746,1149.7569953977
1.42e-05,1.42e-05,1.4842367459,0.1484236746,1605.5643098112
1.42e-05,1.42e-05,1.4842367459,0.1484236746,2242.0709447806
1.42e-05,1.42e-05,1.4842367459,0.1484236746,3130.912969796
1.42e-05,1.42e-05,1.4842367459,0.1484236746,4372.1257113904
1.42e-05,1.42e-05,1.4842367459,0.1484236746,6105.4022965853
1.42e-05,1.42e-05,1.4842367459,0.2226355119,0.1
1.42e-05,1.42e-05,1.4842367459,0.2226355119,0.1396437957
1.42e-05,1.42e-05,1.4842367459,0.2226355119,0.1950038968
1.42e-05,1.42e-05,1.4842367459,0.2226355119,0.2723108433
1.42e-05,1.42e-05,1.4842367459,0.2226355119,0.3802651977
1.42e-05,1.42e-05,1.4842367459,0.2226355119,0.5310167558
1.42e-05,1.42e-05,1.4842367459,0.2226355119,0.7415319537
1.42e-05,1.42e-05,1.4842367459,0.2226355119,1.0355033665
1.42e-05,1.42e-05,1.4842367459,0.2226355119,1.4460162057
1.42e-05,1.42e-05,1.4842367459,0.2226355119,2.0192719162
1.42e-05,1.42e-05,1.4842367459,0.2226355119,2.8197879494
1.42e-05,1.42e-05,1.4842367459,0.2226355119,3.9376589236
1.42e-05,1.42e-05,1.4842367459,0.2226355119,5.498696383
1.42e-05,1.42e-05,1.4842367459,0.2226355119,7.6785883437
1.42e-05,1.42e-05,1.4842367459,0.2226355119,10.7226722201
1.42e-05,1.42e-05,1.4842367459,0.2226355119,14.9735464897
1.42e-05,1.42e-05,1.4842367459,0.2226355119,20.9096286705
1.42e-05,1.42e-05,1.4842367459,0.2226355119,29.1989991443
1.42e-05,1.42e-05,1.4842367459,0.2226355119,40.7745907144
1.42e-05,1.42e-05,1.4842367459,0.2226355119,56.9391861586
1.42e-05,1.42e-05,1.4842367459,0.2226355119,79.5120407981
1.42e-05,1.42e-05,1.4842367459,0.2226355119,111.0336318168
1.42e-05,1.42e-05,1.4842367459,0.2226355119,155.0515779833
1.42e-05,1.42e-05,1.4842367459,0.2226355119,216.5199088036
1.42e-05,1.42e-05,1.4842367459,0.2226355119,302.3566191205
1.42e-05,1.42e-05,1.4842367459,0.2226355119,422.2222595195
1.42e-05,1.42e-05,1.4842367459,0.2226355119,589.6071895242
1.42e-05,1.42e-05,1.4842367459,0.2226355119,823.3498592289
1.42e-05,1.42e-05,1.4842367459,0.2226355119,1149.7569953977
1.42e-05,1.42e-05,1.4842367459,0.2226355119,1605.5643098112
1.42e-05,1.42e-05,1.4842367459,0.2226355119,2242.0709447806
1.42e-05,1.42e-05,1.4842367459,0.2226355119,3130.912969796
1.42e-05,1.42e-05,1.4842367459,0.2226355119,4372.1257113904
1.42e-05,1.42e-05,1.4842367459,0.2226355119,6105.4022965853
1.42e-05,1.42e-05,1.4842367459,0.2968473492,0.1
1.42e-05,1.42e-05,1.4842367459,0.2968473492,0.1396437957
1.42e-05,1.42e-05,1.4842367459,0.2968473492,0.1950038968
1.42e-05,1.42e-05,1.4842367459,0.2968473492,0.2723108433
1.42e-05,1.42e-05,1.4842367459,0.2968473492,0.3802651977
1.42e-05,1.42e-05,1.4842367459,0.2968473492,0.5310167558
1.42e-05,1.42e-05,1.4842367459,0.2968473492,0.7415319537
1.42e-05,1.42e-05,1.4842367459,0.2968473492,1.0355033665
1.42e-05,1.42e-05,1.4842367459,0.2968473492,1.4460162057
1.42e-05,1.42e-05,1.4842367459,0.2968473492,2.0192719162
1.42e-05,1.42e-05,1.4842367459,0.2968473492,2.8197879494
1.42e-05,1.42e-05,1.4842367459,0.2968473492,3.9376589236
1.42e-05,1.42e-05,1.4842367459,0.2968473492,5.498696383
1.42e-05,1.42e-05,1.4842367459,0.2968473492,7.6785883437
1.42e-05,1.42e-05,1.4842367459,0.2968473492,10.7226722201
1.42e-05,1.42e-05,1.4842367459,0.2968473492,14.9735464897
1.42e-05,1.42e-05,1.4842367459,0.2968473492,20.9096286705
1.42e-05,1.42e-05,1.4842367459,0.2968473492,29.1989991443
1.42e-05,1.42e-05,1.4842367459,0.2968473492,40.7745907144
1.42e-05,1.42e-05,1.4842367459,0.2968473492,56.9391861586
1.42e-05,1.42e-05,1.4842367459,0.2968473492,79.5120407981
1.42e-05,1.42e-05,1.4842367459,0.2968473492,111.0336318168
1.42e-05,1.42e-05,1.4842367459,0.2968473492,155.0515779833
1.42e-05,1.42e-05,1.4842367459,0.2968473492,216.5199088036
1.42e-05,1.42e-05,1.4842367459,0.2968473492,302.3566191205
1.42e-05,1.42e-05,1.4842367459,0.2968473492,422.2222595195
1.42e-05,1.42e-05,1.4842367459,0.2968473492,589.6071895242
1.42e-05,1.42e-05,1.4842367459,0.2968473492,823.3498592289
1.42e-05,1.42e-05,1.4842367459,0.2968473492,1149.7569953977
1.42e-05,1.42e-05,1.4842367459,0.2968473492,1605.5643098112
1.42e-05,1.42e-05,1.4842367459,0.2968473492,2242.0709447806
1.42e-05,1.42e-05,1.4842367459,0.2968473492,3130.912969796
1.42e-05,1.42e-05,1.4842367459,0.2968473492,4372.1257113904
1.42e-05,1.42e-05,1.4842367459,0.2968473492,6105.4022965853
1.42e-05,1.42e-05,1.4842367459,0.3710591865,0.1
1.42e-05,1.42e-05,1.4842367459,0.3710591865,0.1396437957
1.42e-05,1.42e-05,1.4842367459,0.3710591865,0.1950038968
1.42e-05,1.42e-05,1.4842367459,0.3710591865,0.2723108433
1.42e-05,1.42e-05,1.4842367459,0.3710591865,0.3802651977
1.42e-05,1.42e-05,1.4842367459,0.3710591865,0.5310167558
1.42e-05,1.42e-05,1.4842367459,0.3710591865,0.7415319537
1.42e-05,1.42e-05,1.4842367459,0.3710591865,1.0355033665
1.42e-05,1.42e-05,1.4842367459,0.3710591865,1.4460162057
1.42e-05,1.42e-05,1.4842367459,0.3710591865,2.0192719162
1.42e-05,1.42e-05,1.4842367459,0.3710591865,2.8197879494
1.42e-05,1.42e-05,1.4842367459,0.3710591865,3.9376589236
1.42e-05,1.42e-05,1.4842367459,0.3710591865,5.498696383
1.42e-05,1.42e-05,1.4842367459,0.3710591865,7.6785883437
1.42e-05,1.42e-05,1.4842367459,0.3710591865,10.7226722201
1.42e-05,1.42e-05,1.4842367459,0.3710591865,14.9735464897
1.42e-05,1.42e-05,1.4842367459,0.3710591865,20.9096286705
1.42e-05,1.42e-05,1.4842367459,0.3710591865,29.1989991443
1.42e-05,1.42e-05,1.4842367459,0.3710591865,40.7745907144
1.42e-05,1.42e-05,1.4842367459,0.3710591865,56.9391861586
1.42e-05,1.42e-05,1.4842367459,0.3710591865,79.5120407981
1.42e-05,1.42e-05,1.4842367459,0.3710591865,111.0336318168
1.42e-05,1.42e-05,1.4842367459,0.3710591865,155.0515779833
1.42e-05,1.42e-05,1.4842367459,0.3710591865,216.5199088036
1.42e-05,1.42e-05,1.4842367459,0.3710591865,302.3566191205
1.42e-05,1.42e-05,1.4842367459,0.3710591865,422.2222595195
1.42e-05,1.42e-05,1.4842367459,0.3710591865,589.6071895242
1.42e-05,1.42e-05,1.4842367459,0.3710591865,823.3498592289
1.42e-05,1.42e-05,1.4842367459,0.3710591865,1149.7569953977
1.42e-05,1.42e-05,1.4842367459,0.3710591865,1605.5643098112
1.42e-05,1.42e-05,1.4842367459,0.3710591865,2242.0709447806
1.42e-05,1.42e-05,1.4842367459,0.3710591865,3130.912969796
1.42e-05,1.42e-05,1.4842367459,0.3710591865,4372.1257113904
1.42e-05,1.42e-05,1.4842367459,0.3710591865,6105.4022965853
1.42e-05,1.42e-05,1.4842367459,0.4452710238,0.1
1.42e-05,1.42e-05,1.4842367459,0.4452710238,0.1396437957
1.42e-05,1.42e-05,1.4842367459,0.4452710238,0.1950038968
1.42e-05,1.42e-05,1.4842367459,0.4452710238,0.2723108433
1.42e-05,1.42e-05,1.4842367459,0.4452710238,0.3802651977
1.42e-05,1.42e-05,1.4842367459,0.4452710238,0.5310167558
1.42e-05,1.42e-05,1.4842367459,0.4452710238,0.7415319537
1.42e-05,1.42e-05,1.4842367459,0.4452710238,1.0355033665
1.42e-05,1.42e-05,1.4842367459,0.4452710238,1.4460162057
1.42e-05,1.42e-05,1.4842367459,0.4452710238,2.0192719162
1.42e-05,1.42e-05,1.4842367459,0.4452710238,2.8197879494
1.42e-05,1.42e-05,1.4842367459,0.4452710238,3.9376589236
1.42e-05,1.42e-05,1.4842367459,0.4452710238,5.498696383
1.42e-05,1.42e-05,1.4842367459,0.4452710238,7.6785883437
1.42e-05,1.42e-05,1.4842367459,0.4452710238,10.7226722201
1.42e-05,1.42e-05,1.4842367459,0.4452710238,14.9735464897
1.42e-05,1.42e-05,1.4842367459,0.4452710238,20.9096286705
1.42e-05,1.42e-05,1.4842367459,0.4452710238,29.1989991443
1.42e-05,1.42e-05,1.4842367459,0.4452710238,40.7745907144
1.42e-05,1.42e-05,1.4842367459,0.4452710238,56.9391861586
1.42e-05,1.42e-05,1.4842367459,0.4452710238,79.5120407981
1.42e-05,1.42e-05,1.4842367459,0.4452710238,111.0336318168
1.42e-05,1.42e-05,1.4842367459,0.4452710238,155.0515779833
1.42e-05,1.42e-05,1.4842367459,0.4452710238,216.5199088036
1.42e-05,1.42e-05,1.4842367459,0.4452710238,302.3566191205
1.42e-05,1.42e-05,1.4842367459,0.4452710238,422.2222595195
1.42e-05,1.42e-05,1.4842367459,0.4452710238,589.6071895242
1.42e-05,1.42e-05,1.4842367459,0.4452710238,823.3498592289
1.42e-05,1.42e-05,1.4842367459,0.4452710238,1149.7569953977
1.42e-05,1.42e-05,1.4842367459,0.4452710238,1605.5643098112
1.42e-05,1.42e-05,1.4842367459,0.4452710238,2242.0709447806
1.42e-05,1.42e-05,1.4842367459,0.4452710238,3130.912969796
1.42e-05,1.42e-05,1.4842367459,0.4452710238,4372.1257113904
1.42e-05,1.42e-05,1.4842367459,0.4452710238,6105.4022965853
1.42e-05,1.42e-05,1.4842367459,0.5194828611,0.1
1.42e-05,1.42e-05,1.4842367459,0.5194828611,0.1396437957
1.42e-05,1.42e-05,1.4842367459,0.5194828611,0.1950038968
1.42e-05,1.42e-05,1.4842367459,0.5194828611,0.2723108433
1.42e-05,1.42e-05,1.4842367459,0.5194828611,0.3802651977
1.42e-05,1.42e-05,1.4842367459,0.5194828611,0.5310167558
1.42e-05,1.42e-05,1.4842367459,0.5194828611,0.7415319537
1.42e-05,1.42e-05,1.4842367459,0.5194828611,1.0355033665
1.42e-05,1.42e-05,1.4842367459,0.5194828611,1.4460162057
1.42e-05,1.42e-05,1.4842367459,0.5194828611,2.0192719162
1.42e-05,1.42e-05,1.4842367459,0.5194828611,2.8197879494
1.42e-05,1.42e-05,1.4842367459,0.5194828611,3.9376589236
1.42e-05,1.42e-05,1.4842367459,0.5194828611,5.498696383
1.42e-05,1.42e-05,1.4842367459,0.5194828611,7.6785883437
1.42e-05,1.42e-05,1.4842367459,0.5194828611,10.7226722201
1.42e-05,1.42e-05,1.4842367459,0.5194828611,14.9735464897
1.42e-05,1.42e-05,1.4842367459,0.5194828611,20.9096286705
1.42e-05,1.42e-05,1.4842367459,0.5194828611,29.1989991443
1.42e-05,1.42e-05,1.4842367459,0.5194828611,40.7745907144
1.42e-05,1.42e-05,1.4842367459,0.5194828611,56.9391861586
1.42e-05,1.42e-05,1.4842367459,0.5194828611,79.5120407981
1.42e-05,1.42e-05,1.4842367459,0.5194828611,111.0336318168
1.42e-05,1.42e-05,1.4842367459,0.5194828611,155.0515779833
1.42e-05,1.42e-05,1.4842367459,0.5194828611,216.5199088036
1.42e-05,1.42e-05,1.4842367459,0.5194828611,302.3566191205
1.42e-05,1.42e-05,1.4842367459,0.5194828611,422.2222595195
1.42e-05,1.42e-05,1.4842367459,0.5194828611,589.6071895242
1.42e-05,1.42e-05,1.4842367459,0.5194828611,823.3498592289
1.42e-05,1.42e-05,1.4842367459,0.5194828611,1149.7569953977
1.42e-05,1.42e-05,1.4842367459,0.5194828611,1605.5643098112
1.42e-05,1.42e-05,1.4842367459,0.5194828611,2242.0709447806
1.42e-05,1.42e-05,1.4842367459,0.5194828611,3130.912969796
1.42e-05,1.42e-05,1.4842367459,0.5194828611,4372.1257113904
1.42e-05,1.42e-05,1.4842367459,0.5194828611,6105.4022965853
1.42e-05,1.42e-05,1.4842367459,0.5936946984,0.1
1.42e-05,1.42e-05,1.4842367459,0.5936946984,0.1396437957
1.42e-05,1.42e-05,1.4842367459,0.5936946984,0.1950038968
1.42e-05,1.42e-05,1.4842367459,0.5936946984,0.2723108433
1.42e-05,1.42e-05,1.4842367459,0.5936946984,0.3802651977
1.42e-05,1.42e-05,1.4842367459,0.5936946984,0.5310167558
1.42e-05,1.42e-05,1.4842367459,0.5936946984,0.7415319537
1.42e-05,1.42e-05,1.4842367459,0.5936946984,1.0355033665
1.42e-05,1.42e-05,1.4842367459,0.5936946984,1.4460162057
1.42e-05,1.42e-05,1.4842367459,0.5936946984,2.0192719162
1.42e-05,1.42e-05,1.4842367459,0.5936946984,2.8197879494
1.42e-05,1.42e-05,1.4842367459,0.5936946984,3.9376589236
1.42e-05,1.42e-05,1.4842367459,0.5936946984,5.498696383
1.42e-05,1.42e-05,1.4842367459,0.5936946984,7.6785883437
1.42e-05,1.42e-05,1.4842367459,0.5936946984,10.7226722201
1.42e-05,1.42e-05,1.4842367459,0.5936946984,14.9735464897
1.42e-05,1.42e-05,1.4842367459,0.5936946984,20.9096286705
1.42e-05,1.42e-05,1.4842367459,0.5936946984,29.1989991443
1.42e-05,1.42e-05,1.4842367459,0.5936946984,40.7745907144
1.42e-05,1.42e-05,1.4842367459,0.5936946984,56.9391861586
1.42e-05,1.42e-05,1.4842367459,0.5936946984,79.5120407981
1.42e-05,1.42e-05,1.4842367459,0.5936946984,111.0336318168
1.42e-05,1.42e-05,1.4842367459,0.5936946984,155.0515779833
1.42e-05,1.42e-05,1.4842367459,0.5936946984,216.5199088036
1.42e-05,1.42e-05,1.4842367459,0.5936946984,302.3566191205
1.42e-05,1.42e-05,1.4842367459,0.5936946984,422.2222595195
1.42e-05,1.42e-05,1.4842367459,0.5936946984,589.6071895242
1.42e-05,1.42e-05,1.4842367459,0.5936946984,823.3498592289
1.42e-05,1.42e-05,1.4842367459,0.5936946984,1149.7569953977
1.42e-05,1.42e-05,1.4842367459,0.5936946984,1605.5643098112
1.42e-05,1.42e-05,1.4842367459,0.5936946984,2242.0709447806
1.42e-05,1.42e-05,1.4842367459,0.5936946984,3130.912969796
1.42e-05,1.42e-05,1.4842367459,0.5936946984,4372.1257113904
1.42e-05,1.42e-05,1.4842367459,0.5936946984,6105.4022965853
1.42e-05,1.42e-05,1.4842367459,0.6679065357,0.1
1.42e-05,1.42e-05,1.4842367459,0.6679065357,0.1396437957
1.42e-05,1.42e-05,1.4842367459,0.6679065357,0.1950038968
1.42e-05,1.42e-05,1.4842367459,0.6679065357,0.2723108433
1.42e-05,1.42e-05,1.4842367459,0.6679065357,0.3802651977
1.42e-05,1.42e-05,1.4842367459,0.6679065357,0.5310167558
1.42e-05,1.42e-05,1.4842367459,0.6679065357,0.7415319537
1.42e-05,1.42e-05,1.4842367459,0.6679065357,1.0355033665
1.42e-05,1.42e-05,1.4842367459,0.6679065357,1.4460162057
1.42e-05,1.42e-05,1.4842367459,0.6679065357,2.0192719162
1.42e-05,1.42e-05,1.4842367459,0.6679065357,2.8197879494
1.42e-05,1.42e-05,1.4842367459,0.6679065357,3.9376589236
1.42e-05,1.42e-05,1.4842367459,0.6679065357,5.498696383
1.42e-05,1.42e-05,1.4842367459,0.6679065357,7.6785883437
1.42e-05,1.42e-05,1.4842367459,0.6679065357,10.7226722201
1.42e-05,1.42e-05,1.4842367459,0.6679065357,14.9735464897
1.42e-05,1.42e-05,1.4842367459,0.6679065357,20.9096286705
1.42e-05,1.42e-05,1.4842367459,0.6679065357,29.1989991443
1.42e-05,1.42e-05,1.4842367459,0.6679065357,40.7745907144
1.42e-05,1.42e-05,1.4842367459,0.6679065357,56.9391861586
1.42e-05,1.42e-05,1.4842367459,0.6679065357,79.5120407981
1.42e-05,1.42e-05,1.4842367459,0.6679065357,111.0336318168
1.42e-05,1.42e-05,1.4842367459,0.6679065357,155.0515779833
1.42e-05,1.42e-05,1.4842367459,0.6679065357,216.5199088036
1.42e-05,1.42e-05,1.4842367459,0.6679065357,302.3566191205
1.42e-05,1.42e-05,1.4842367459,0.6679065357,422.2222595195
1.42e-05,1.42e-05,1.4842367459,0.6679065357,589.6071895242
1.42e-05,1.42e-05,1.4842367459,0.6679065357,823.3498592289
1.42e-05,1.42e-05,1.4842367459,0.6679065357,1149.7569953977
1.42e-05,1.42e-05,1.4842367459,0.6679065357,1605.5643098112
1.42e-05,1.42e-05,1.4842367459,0.6679065357,2242.0709447806
1.42e-05,1.42e-05,1.4842367459,0.6679065357,3130.912969796
1.42e-05,1.42e-05,1.4842367459,0.6679065357,4372.1257113904
1.42e-05,1.42e-05,1.4842367459,0.6679065357,6105.4022965853
1.42e-05,1.42e-05,1.4842367459,0.742118373,0.1
1.42e-05,1.42e-05,1.4842367459,0.742118373,0.1396437957
1.42e-05,1.42e-05,1.4842367459,0.742118373,0.1950038968
1.42e-05,1.42e-05,1.4842367459,0.742118373,0.2723108433
1.42e-05,1.42e-05,1.4842367459,0.742118373,0.3802651977
1.42e-05,1.42e-05,1.4842367459,0.742118373,0.5310167558
1.42e-05,1.42e-05,1.4842367459,0.742118373,0.7415319537
1.42e-05,1.42e-05,1.4842367459,0.742118373,1.0355033665
1.42e-05,1.42e-05,1.4842367459,0.742118373,1.4460162057
1.42e-05,1.42e-05,1.4842367459,0.742118373,2.0192719162
1.42e-05,1.42e-05,1.4842367459,0.742118373,2.8197879494
1.42e-05,1.42e-05,1.4842367459,0.742118373,3.9376589236
1.42e-05,1.42e-05,1.4842367459,0.742118373,5.498696383
1.42e-05,1.42e-05,1.4842367459,0.742118373,7.6785883437
1.42e-05,1.42e-05,1.4842367459,0.742118373,10.7226722201
1.42e-05,1.42e-05,1.4842367459,0.742118373,14.9735464897
1.42e-05,1.42e-05,1.4842367459,0.742118373,20.9096286705
1.42e-05,1.42e-05,1.4842367459,0.742118373,29.1989991443
1.42e-05,1.42e-05,1.4842367459,0.742118373,40.7745907144
1.42e-05,1.42e-05,1.4842367459,0.742118373,56.9391861586
1.42e-05,1.42e-05,1.4842367459,0.742118373,79.5120407981
1.42e-05,1.42e-05,1.4842367459,0.742118373,111.0336318168
1.42e-05,1.42e-05,1.4842367459,0.742118373,155.0515779833
1.42e-05,1.42e-05,1.4842367459,0.742118373,216.5199088036
1.42e-05,1.42e-05,1.4842367459,0.742118373,302.3566191205
1.42e-05,1.42e-05,1.4842367459,0.742118373,422.2222595195
1.42e-05,1.42e-05,1.4842367459,0.742118373,589.6071895242
1.42e-05,1.42e-05,1.4842367459,0.742118373,823.3498592289
1.42e-05,1.42e-05,1.4842367459,0.742118373,1149.7569953977
1.42e-05,1.42e-05,1.4842367459,0.742118373,1605.5643098112
1.42e-05,1.42e-05,1.4842367459,0.742118373,2242.0709447806
1.42e-05,1.42e-05,1.4842367459,0.742118373,3130.912969796
1.42e-05,1.42e-05,1.4842367459,0.742118373,4372.1257113904
1.42e-05,1.42e-05,1.4842367459,0.742118373,6105.4022965853
1.42e-05,1.42e-05,1.4842367459,0.8163302103,0.1
1.42e-05,1.42e-05,1.4842367459,0.8163302103,0.1396437957
1.42e-05,1.42e-05,1.4842367459,0.8163302103,0.1950038968
1.42e-05,1.42e-05,1.4842367459,0.8163302103,0.2723108433
1.42e-05,1.42e-05,1.4842367459,0.8163302103,0.3802651977
1.42e-05,1.42e-05,1.4842367459,0.8163302103,0.5310167558
1.42e-05,1.42e-05,1.4842367459,0.8163302103,0.7415319537
1.42e-05,1.42e-05,1.4842367459,0.8163302103,1.0355033665
1.42e-05,1.42e-05,1.4842367459,0.8163302103,1.4460162057
1.42e-05,1.42e-05,1.4842367459,0.8163302103,2.0192719162
1.42e-05,1.42e-05,1.4842367459,0.8163302103,2.8197879494
1.42e-05,1.42e-05,1.4842367459,0.8163302103,3.9376589236
1.42e-05,1.42e-05,1.4842367459,0.8163302103,5.498696383
1.42e-05,1.42e-05,1.4842367459,0.8163302103,7.6785883437
1.42e-05,1.42e-05,1.4842367459,0.8163302103,10.7226722201
1.42e-05,1.42e-05,1.4842367459,0.8163302103,14.9735464897
1.42e-05,1.42e-05,1.4842367459,0.8163302103,20.9096286705
1.42e-05,1.42e-05,1.4842367459,0.8163302103,29.1989991443
1.42e-05,1.42e-05,1.4842367459,0.8163302103,40.7745907144
1.42e-05,1.42e-05,1.4842367459,0.8163302103,56.9391861586
1.42e-05,1.42e-05,1.4842367459,0.8163302103,79.5120407981
1.42e-05,1.42e-05,1.4842367459,0.8163302103,111.0336318168
1.42e-05,1.42e-05,1.4842367459,0.8163302103,155.0515779833
1.42e-05,1.42e-05,1.4842367459,0.8163302103,216.5199088036
1.42e-05,1.42e-05,1.4842367459,0.8163302103,302.3566191205
1.42e-05,1.42e-05,1.4842367459,0.8163302103,422.2222595195
1.42e-05,1.42e-05,1.4842367459,0.8163302103,589.6071895242
1.42e-05,1.42e-05,1.4842367459,0.8163302103,823.3498592289
1.42e-05,1.42e-05,1.4842367459,0.8163302103,1149.7569953977
1.42e-05,1.42e-05,1.4842367459,0.8163302103,1605.5643098112
1.42e-05,1.42e-05,1.4842367459,0.8163302103,2242.0709447806
1.42e-05,1.42e-05,1.4842367459,0.8163302103,3130.912969796
1.42e-05,1.42e-05,1.4842367459,0.8163302103,4372.1257113904
1.42e-05,1.42e-05,1.4842367459,0.8163302103,6105.4022965853
1.42e-05,1.42e-05,1.4842367459,0.8905420475,0.1
1.42e-05,1.42e-05,1.4842367459,0.8905420475,0.1396437957
1.42e-05,1.42e-05,1.4842367459,0.8905420475,0.1950038968
1.42e-05,1.42e-05,1.4842367459,0.8905420475,0.2723108433
1.42e-05,1.42e-05,1.4842367459,0.8905420475,0.3802651977
1.42e-05,1.42e-05,1.4842367459,0.8905420475,0.5310167558
1.42e-05,1.42e-05,1.4842367459,0.8905420475,0.7415319537
1.42e-05,1.42e-05,1.4842367459,0.8905420475,1.0355033665
1.42e-05,1.42e-05,1.4842367459,0.8905420475,1.4460162057
1.42e-05,1.42e-05,1.4842367459,0.8905420475,2.0192719162
1.42e-05,1.42e-05,1.4842367459,0.8905420475,2.8197879494
1.42e-05,1.42e-05,1.4842367459,0.8905420475,3.9376589236
1.42e-05,1.42e-05,1.4842367459,0.8905420475,5.498696383
1.42e-05,1.42e-05,1.4842367459,0.8905420475,7.6785883437
1.42e-05,1.42e-05,1.4842367459,0.8905420475,10.7226722201
1.42e-05,1.42e-05,1.4842367459,0.8905420475,14.9735464897
1.42e-05,1.42e-05,1.4842367459,0.8905420475,20.9096286705
1.42e-05,1.42e-05,1.4842367459,0.8905420475,29.1989991443
1.42e-05,1.42e-05,1.4842367459,0.8905420475,40.7745907144
1.42e-05,1.42e-05,1.4842367459,0.8905420475,56.9391861586
1.42e-05,1.42e-05,1.4842367459,0.8905420475,79.5120407981
1.42e-05,1.42e-05,1.4842367459,0.8905420475,111.0336318168
1.42e-05,1.42e-05,1.4842367459,0.8905420475,155.0515779833
1.42e-05,1.42e-05,1.4842367459,0.8905420475,216.5199088036
1.42e-05,1.42e-05,1.4842367459,0.8905420475,302.3566191205
1.42e-05,1.42e-05,1.4842367459,0.8905420475,422.2222595195
1.42e-05,1.42e-05,1.4842367459,0.8905420475,589.6071895242
1.42e-05,1.42e-05,1.4842367459,0.8905420475,823.3498592289
1.42e-05,1.42e-05,1.4842367459,0.8905420475,1149.7569953977
1.42e-05,1.42e-05,1.4842367459,0.8905420475,1605.5643098112
1.42e-05,1.42e-05,1.4842367459,0.8905420475,2242.0709447806
1.42e-05,1.42e-05,1.4842367459,0.8905420475,3130.912969796
1.42e-05,1.42e-05,1.4842367459,0.8905420475,4372.1257113904
1.42e-05,1.42e-05,1.4842367459,0.8905420475,6105.4022965853
1.42e-05,1.42e-05,1.4842367459,0.9647538848,0.1
1.42e-05,1.42e-05,1.4842367459,0.9647538848,0.1396437957
1.42e-05,1.42e-05,1.4842367459,0.9647538848,0.1950038968
1.42e-05,1.42e-05,1.4842367459,0.9647538848,0.2723108433
1.42e-05,1.42e-05,1.4842367459,0.9647538848,0.3802651977
1.42e-05,1.42e-05,1.4842367459,0.9647538848,0.5310167558
1.42e-05,1.42e-05,1.4842367459,0.9647538848,0.7415319537
1.42e-05,1.42e-05,1.4842367459,0.9647538848,1.0355033665
1.42e-05,1.42e-05,1.4842367459,0.9647538848,1.4460162057
1.42e-05,1.42e-05,1.4842367459,0.9647538848,2.0192719162
1.42e-05,1.42e-05,1.4842367459,0.9647538848,2.8197879494
1.42e-05,1.42e-05,1.4842367459,0.9647538848,3.9376589236
1.42e-05,1.42e-05,1.4842367459,0.9647538848,5.498696383
1.42e-05,1.42e-05,1.4842367459,0.9647538848,7.6785883437
1.42e-05,1.42e-05,1.4842367459,0.9647538848,10.7226722201
1.42e-05,1.42e-05,1.4842367459,0.9647538848,14.9735464897
1.42e-05,1.42e-05,1.4842367459,0.9647538848,20.9096286705
1.42e-05,1.42e-05,1.4842367459,0.9647538848,29.1989991443
1.42e-05,1.42e-05,1.4842367459,0.9647538848,40.7745907144
1.42e-05,1.42e-05,1.4842367459,0.9647538848,56.9391861586
1.42e-05,1.42e-05,1.4842367459,0.9647538848,79.5120407981
1.42e-05,1.42e-05,1.4842367459,0.9647538848,111.0336318168
1.42e-05,1.42e-05,1.4842367459,0.9647538848,155.0515779833
1.42e-05,1.42e-05,1.4842367459,0.9647538848,216.5199088036
1.42e-05,1.42e-05,1.4842367459,0.9647538848,302.3566191205
1.42e-05,1.42e-05,1.4842367459,0.9647538848,422.2222595195
1.42e-05,1.42e-05,1.4842367459,0.9647538848,589.6071895242
1.42e-05,1.42e-05,1.4842367459,0.9647538848,823.3498592289
1.42e-05,1.42e-05,1.4842367459,0.9647538848,1149.7569953977
1.42e-05,1.42e-05,1.4842367459,0.9647538848,1605.5643098112
1.42e-05,1.42e-05,1.4842367459,0.9647538848,2242.0709447806
1.42e-05,1.42e-05,1.4842367459,0.9647538848,3130.912969796
1.42e-05,1.42e-05,1.4842367459,0.9647538848,4372.1257113904
1.42e-05,1.42e-05,1.4842367459,0.9647538848,6105.4022965853
1.42e-05,1.42e-05,1.4842367459,1.0389657221,0.1
1.42e-05,1.42e-05,1.4842367459,1.0389657221,0.1396437957
1.42e-05,1.42e-05,1.4842367459,1.0389657221,0.1950038968
1.42e-05,1.42e-05,1.4842367459,1.0389657221,0.2723108433
1.42e-05,1.42e-05,1.4842367459,1.0389657221,0.3802651977
1.42e-05,1.42e-05,1.4842367459,1.0389657221,0.5310167558
1.42e-05,1.42e-05,1.4842367459,1.0389657221,0.7415319537
1.42e-05,1.42e-05,1.4842367459,1.0389657221,1.0355033665
1.42e-05,1.42e-05,1.4842367459,1.0389657221,1.4460162057
1.42e-05,1.42e-05,1.4842367459,1.0389657221,2.0192719162
1.42e-05,1.42e-05,1.4842367459,1.0389657221,2.8197879494
1.42e-05,1.42e-05,1.4842367459,1.0389657221,3.9376589236
1.42e-05,1.42e-05,1.4842367459,1.0389657221,5.498696383
1.42e-05,1.42e-05,1.4842367459,1.0389657221,7.6785883437
1.42e-05,1.42e-05,1.4842367459,1.0389657221,10.7226722201
1.42e-05,1.42e-05,1.4842367459,1.0389657221,14.9735464897
1.42e-05,1.42e-05,1.4842367459,1.0389657221,20.9096286705
1.42e-05,1.42e-05,1.4842367459,1.0389657221,29.1989991443
1.42e-05,1.42e-05,1.4842367459,1.0389657221,40.7745907144
1.42e-05,1.42e-05,1.4842367459,1.0389657221,56.9391861586
1.42e-05,1.42e-05,1.4842367459,1.0389657221,79.5120407981
1.42e-05,1.42e-05,1.4842367459,1.0389657221,111.0336318168
1.42e-05,1.42e-05,1.4842367459,1.0389657221,155.0515779833
1.42e-05,1.42e-05,1.4842367459,1.0389657221,216.5199088036
1.42e-05,1.42e-05,1.4842367459,1.0389657221,302.3566191205
1.42e-05,1.42e-05,1.4842367459,1.0389657221,422.2222595195
1.42e-05,1.42e-05,1.4842367459,1.0389657221,589.6071895242
1.42e-05,1.42e-05,1.4842367459,1.0389657221,823.3498592289
1.42e-05,1.42e-05,1.4842367459,1.0389657221,1149.7569953977
1.42e-05,1.42e-05,1.4842367459,1.0389657221,1605.5643098112
1.42e-05,1.42e-05,1.4842367459,1.0389657221,2242.0709447806
1.42e-05,1.42e-05,1.4842367459,1.0389657221,3130.912969796
1.42e-05,1.42e-05,1.4842367459,1.0389657221,4372.1257113904
1.42e-05,1.42e-05,1.4842367459,1.0389657221,6105.4022965853
1.42e-05,1.42e-05,1.4842367459,1.1131775594,0.1
1.42e-05,1.42e-05,1.4842367459,1.1131775594,0.1396437957
1.42e-05,1.42e-05,1.4842367459,1.1131775594,0.1950038968
1.42e-05,1.42e-05,1.4842367459,1.1131775594,0.2723108433
1.42e-05,1.42e-05,1.4842367459,1.1131775594,0.3802651977
1.42e-05,1.42e-05,1.4842367459,1.1131775594,0.5310167558
1.42e-05,1.42e-05,1.4842367459,1.1131775594,0.7415319537
1.42e-05,1.42e-05,1.4842367459,1.1131775594,1.0355033665
1.42e-05,1.42e-05,1.4842367459,1.1131775594,1.4460162057
1.42e-05,1.42e-05,1.4842367459,1.1131775594,2.0192719162
1.42e-05,1.42e-05,1.4842367459,1.1131775594,2.8197879494
1.42e-05,1.42e-05,1.4842367459,1.1131775594,3.9376589236
1.42e-05,1.42e-05,1.4842367459,1.1131775594,5.498696383
1.42e-05,1.42e-05,1.4842367459,1.1131775594,7.6785883437
1.42e-05,1.42e-05,1.4842367459,1.1131775594,10.7226722201
1.42e-05,1.42e-05,1.4842367459,1.1131775594,14.9735464897
1.42e-05,1.42e-05,1.4842367459,1.1131775594,20.9096286705
1.42e-05,1.42e-05,1.4842367459,1.1131775594,29.1989991443
1.42e-05,1.42e-05,1.4842367459,1.1131775594,40.7745907144
1.42e-05,1.42e-05,1.4842367459,1.1131775594,56.9391861586
1.42e-05,1.42e-05,1.4842367459,1.1131775594,79.5120407981
1.42e-05,1.42e-05,1.4842367459,1.1131775594,111.0336318168
1.42e-05,1.42e-05,1.4842367459,1.1131775594,155.0515779833
1.42e-05,1.42e-05,1.4842367459,1.1131775594,216.5199088036
1.42e-05,1.42e-05,1.4842367459,1.1131775594,302.3566191205
1.42e-05,1.42e-05,1.4842367459,1.1131775594,422.2222595195
1.42e-05,1.42e-05,1.4842367459,1.1131775594,589.6071895242
1.42e-05,1.42e-05,1.4842367459,1.1131775594,823.3498592289
1.42e-05,1.42e-05,1.4842367459,1.1131775594,1149.7569953977
1.42e-05,1.42e-05,1.4842367459,1.1131775594,1605.5643098112
1.42e-05,1.42e-05,1.4842367459,1.1131775594,2242.0709447806
1.42e-05,1.42e-05,1.4842367459,1.1131775594,3130.912969796
1.42e-05,1.42e-05,1.4842367459,1.1131775594,4372.1257113904
1.42e-05,1.42e-05,1.4842367459,1.1131775594,6105.4022965853
1.42e-05,1.42e-05,1.4842367459,1.1873893967,0.1
1.42e-05,1.42e-05,1.4842367459,1.1873893967,0.1396437957
1.42e-05,1.42e-05,1.4842367459,1.1873893967,0.1950038968
1.42e-05,1.42e-05,1.4842367459,1.1873893967,0.2723108433
1.42e-05,1.42e-05,1.4842367459,1.1873893967,0.3802651977
1.42e-05,1.42e-05,1.4842367459,1.1873893967,0.5310167558
1.42e-05,1.42e-05,1.4842367459,1.1873893967,0.7415319537
1.42e-05,1.42e-05,1.4842367459,1.1873893967,1.0355033665
1.42e-05,1.42e-05,1.4842367459,1.1873893967,1.4460162057
1.42e-05,1.42e-05,1.4842367459,1.1873893967,2.0192719162
1.42e-05,1.42e-05,1.4842367459,1.1873893967,2.8197879494
1.42e-05,1.42e-05,1.4842367459,1.1873893967,3.9376589236
1.42e-05,1.42e-05,1.4842367459,1.1873893967,5.498696383
1.42e-05,1.42e-05,1.4842367459,1.1873893967,7.6785883437
1.42e-05,1.42e-05,1.4842367459,1.1873893967,10.7226722201
1.42e-05,1.42e-05,1.4842367459,1.1873893967,14.9735464897
1.42e-05,1.42e-05,1.4842367459,1.1873893967,20.9096286705
1.42e-05,1.42e-05,1.4842367459,1.1873893967,29.1989991443
1.42e-05,1.42e-05,1.4842367459,1.1873893967,40.7745907144
1.42e-05,1.42e-05,1.4842367459,1.1873893967,56.9391861586
1.42e-05,1.42e-05,1.4842367459,1.1873893967,79.5120407981
1.42e-05,1.42e-05,1.4842367459,1.1873893967,111.0336318168
1.42e-05,1.42e-05,1.4842367459,1.1873893967,155.0515779833
1.42e-05,1.42e-05,1.4842367459,1.1873893967,216.5199088036
1.42e-05,1.42e-05,1.4842367459,1.1873893967,302.3566191205
1.42e-05,1.42e-05,1.4842367459,1.1873893967,422.2222595195
1.42e-05,1.42e-05,1.4842367459,1.1873893967,589.6071895242
1.42e-05,1.42e-05,1.4842367459,1.1873893967,823.3498592289
1.42e-05,1.42e-05,1.4842367459,1.1873893967,1149.7569953977
1.42e-05,1.42e-05,1.4842367459,1.1873893967,1605.5643098112
1.42e-05,1.42e-05,1.4842367459,1.1873893967,2242.0709447806
1.42e-05,1.42e-05,1.4842367459,1.1873893967,3130.912969796
1.42e-05,1.42e-05,1.4842367459,1.1873893967,4372.1257113904
1.42e-05,1.42e-05,1.4842367459,1.1873893967,6105.4022965853
1.42e-05,1.42e-05,1.4842367459,1.261601234,0.1
1.42e-05,1.42e-05,1.4842367459,1.261601234,0.1396437957
1.42e-05,1.42e-05,1.4842367459,1.261601234,0.1950038968
1.42e-05,1.42e-05,1.4842367459,1.261601234,0.2723108433
1.42e-05,1.42e-05,1.4842367459,1.261601234,0.3802651977
1.42e-05,1.42e-05,1.4842367459,1.261601234,0.5310167558
1.42e-05,1.42e-05,1.4842367459,1.261601234,0.7415319537
1.42e-05,1.42e-05,1.4842367459,1.261601234,1.0355033665
1.42e-05,1.42e-05,1.4842367459,1.261601234,1.4460162057
1.42e-05,1.42e-05,1.4842367459,1.261601234,2.0192719162
1.42e-05,1.42e-05,1.4842367459,1.261601234,2.8197879494
1.42e-05,1.42e-05,1.4842367459,1.261601234,3.9376589236
1.42e-05,1.42e-05,1.4842367459,1.261601234,5.498696383
1.42e-05,1.42e-05,1.4842367459,1.261601234,7.6785883437
1.42e-05,1.42e-05,1.4842367459,1.261601234,10.7226722201
1.42e-05,1.42e-05,1.4842367459,1.261601234,14.9735464897
1.42e-05,1.42e-05,1.4842367459,1.261601234,20.9096286705
1.42e-05,1.42e-05,1.4842367459,1.261601234,29.1989991443
1.42e-05,1.42e-05,1.4842367459,1.261601234,40.7745907144
1.42e-05,1.42e-05,1.4842367459,1.261601234,56.9391861586
1.42e-05,1.42e-05,1.4842367459,1.261601234,79.5120407981
1.42e-05,1.42e-05,1.4842367459,1.261601234,111.0336318168
1.42e-05,1.42e-05,1.4842367459,1.261601234,155.0515779833
1.42e-05,1.42e-05,1.4842367459,1.261601234,216.5199088036
1.42e-05,1.42e-05,1.4842367459,1.261601234,302.3566191205
1.42e-05,1.42e-05,1.4842367459,1.261601234,422.2222595195
1.42e-05,1.42e-05,1.4842367459,1.261601234,589.6071895242
1.42e-05,1.42e-05,1.4842367459,1.261601234,823.3498592289
1.42e-05,1.42e-05,1.4842367459,1.261601234,1149.7569953977
1.42e-05,1.42e-05,1.4842367459,1.261601234,1605.5643098112
1.42e-05,1.42e-05,1.4842367459,1.261601234,2242.0709447806
1.42e-05,1.42e-05,1.4842367459,1.261601234,3130.912969796
1.42e-05,1.42e-05,1.4842367459,1.261601234,4372.1257113904
1.42e-05,1.42e-05,1.4842367459,1.261601234,6105.4022965853
1.42e-05,1.42e-05,1.4842367459,1.3358130713,0.1
1.42e-05,1.42e-05,1.4842367459,1.3358130713,0.1396437957
1.42e-05,1.42e-05,1.4842367459,1.3358130713,0.1950038968
1.42e-05,1.42e-05,1.4842367459,1.3358130713,0.2723108433
1.42e-05,1.42e-05,1.4842367459,1.3358130713,0.3802651977
1.42e-05,1.42e-05,1.4842367459,1.3358130713,0.5310167558
1.42e-05,1.42e-05,1.4842367459,1.3358130713,0.7415319537
1.42e-05,1.42e-05,1.4842367459,1.3358130713,1.0355033665
1.42e-05,1.42e-05,1.4842367459,1.3358130713,1.4460162057
1.42e-05,1.42e-05,1.4842367459,1.3358130713,2.0192719162
1.42e-05,1.42e-05,1.4842367459,1.3358130713,2.8197879494
1.42e-05,1.42e-05,1.4842367459,1.3358130713,3.9376589236
1.42e-05,1.42e-05,1.4842367459,1.3358130713,5.498696383
1.42e-05,1.42e-05,1.4842367459,1.3358130713,7.6785883437
1.42e-05,1.42e-05,1.4842367459,1.3358130713,10.7226722201
1.42e-05,1.42e-05,1.4842367459,1.3358130713,14.9735464897
1.42e-05,1.42e-05,1.4842367459,1.3358130713,20.9096286705
1.42e-05,1.42e-05,1.4842367459,1.3358130713,29.1989991443
1.42e-05,1.42e-05,1.4842367459,1.3358130713,40.7745907144
1.42e-05,1.42e-05,1.4842367459,1.3358130713,56.9391861586
1.42e-05,1.42e-05,1.4842367459,1.3358130713,79.5120407981
1.42e-05,1.42e-05,1.4842367459,1.3358130713,111.0336318168
1.42e-05,1.42e-05,1.4842367459,1.3358130713,155.0515779833
1.42e-05,1.42e-05,1.4842367459,1.3358130713,216.5199088036
1.42e-05,1.42e-05,1.4842367459,1.3358130713,302.3566191205
1.42e-05,1.42e-05,1.4842367459,1.3358130713,422.2222595195
1.42e-05,1.42e-05,1.4842367459,1.3358130713,589.6071895242
1.42e-05,1.42e-05,1.4842367459,1.3358130713,823.3498592289
1.42e-05,1.42e-05,1.4842367459,1.3358130713,1149.7569953977
1.42e-05,1.42e-05,1.4842367459,1.3358130713,1605.5643098112
1.42e-05,1.42e-05,1.4842367459,1.3358130713,2242.0709447806
1.42e-05,1.42e-05,1.4842367459,1.3358130713,3130.912969796
1.42e-05,1.42e-05,1.4842367459,1.3358130713,4372.1257113904
1.42e-05,1.42e-05,1.4842367459,1.3358130713,6105.4022965853
1.42e-05,1.42e-05,1.4842367459,1.4100249086,0.1
1.42e-05,1.42e-05,1.4842367459,1.4100249086,0.1396437957
1.42e-05,1.42e-05,1.4842367459,1.4100249086,0.1950038968
1.42e-05,1.42e-05,1.4842367459,1.4100249086,0.2723108433
1.42e-05,1.42e-05,1.4842367459,1.4100249086,0.3802651977
1.42e-05,1.42e-05,1.4842367459,1.4100249086,0.5310167558
1.42e-05,1.42e-05,1.4842367459,1.4100249086,0.7415319537
1.42e-05,1.42e-05,1.4842367459,1.4100249086,1.0355033665
1.42e-05,1.42e-05,1.4842367459,1.4100249086,1.4460162057
1.42e-05,1.42e-05,1.4842367459,1.4100249086,2.0192719162
1.42e-05,1.42e-05,1.4842367459,1.4100249086,2.8197879494
1.42e-05,1.42e-05,1.4842367459,1.4100249086,3.9376589236
1.42e-05,1.42e-05,1.4842367459,1.4100249086,5.498696383
1.42e-05,1.42e-05,1.4842367459,1.4100249086,7.6785883437
1.42e-05,1.42e-05,1.4842367459,1.4100249086,10.7226722201
1.42e-05,1.42e-05,1.4842367459,1.4100249086,14.9735464897
1.42e-05,1.42e-05,1.4842367459,1.4100249086,20.9096286705
1.42e-05,1.42e-05,1.4842367459,1.4100249086,29.1989991443
1.42e-05,1.42e-05,1.4842367459,1.4100249086,40.7745907144
1.42e-05,1.42e-05,1.4842367459,1.4100249086,56.9391861586
1.42e-05,1.42e-05,1.4842367459,1.4100249086,79.5120407981
1.42e-05,1.42e-05,1.4842367459,1.4100249086,111.0336318168
1.42e-05,1.42e-05,1.4842367459,1.4100249086,155.0515779833
1.42e-05,1.42e-05,1.4842367459,1.4100249086,216.5199088036
1.42e-05,1.42e-05,1.4842367459,1.4100249086,302.3566191205
1.42e-05,1.42e-05,1.4842367459,1.4100249086,422.2222595195
1.42e-05,1.42e-05,1.4842367459,1.4100249086,589.6071895242
1.42e-05,1.42e-05,1.4842367459,1.4100249086,823.3498592289
1.42e-05,1.42e-05,1.4842367459,1.4100249086,1149.7569953977
1.42e-05,1.42e-05,1.4842367459,1.4100249086,1605.5643098112
1.42e-05,1.42e-05,1.4842367459,1.4100249086,2242.0709447806
1.42e-05,1.42e-05,1.4842367459,1.4100249086,3130.912969796
1.42e-05,1.42e-05,1.4842367459,1.4100249086,4372.1257113904
1.42e-05,1.42e-05,1.4842367459,1.4100249086,6105.4022965853
1.42e-05,1.42e-05,1.4842367459,1.4693943785,0.1
1.42e-05,1.42e-05,1.4842367459,1.4693943785,0.1396437957
1.42e-05,1.42e-05,1.4842367459,1.4693943785,0.1950038968
1.42e-05,1.42e-05,1.4842367459,1.4693943785,0.2723108433
1.42e-05,1.42e-05,1.4842367459,1.4693943785,0.3802651977
1.42e-05,1.42e-05,1.4842367459,1.4693943785,0.5310167558
1.42e-05,1.42e-05,1.4842367459,1.4693943785,0.7415319537
1.42e-05,1.42e-05,1.4842367459,1.4693943785,1.0355033665
1.42e-05,1.42e-05,1.4842367459,1.4693943785,1.4460162057
1.42e-05,1.42e-05,1.4842367459,1.4693943785,2.0192719162
1.42e-05,1.42e-05,1.4842367459,1.4693943785,2.8197879494
1.42e-05,1.42e-05,1.4842367459,1.4693943785,3.9376589236
1.42e-05,1.42e-05,1.4842367459,1.4693943785,5.498696383
1.42e-05,1.42e-05,1.4842367459,1.4693943785,7.6785883437
1.42e-05,1.42e-05,1.4842367459,1.4693943785,10.7226722201
1.42e-05,1.42e-05,1.4842367459,1.4693943785,14.9735464897
1.42e-05,1.42e-05,1.4842367459,1.4693943785,20.9096286705
1.42e-05,1.42e-05,1.4842367459,1.4693943785,29.1989991443
1.42e-05,1.42e-05,1.4842367459,1.4693943785,40.7745907144
1.42e-05,1.42e-05,1.4842367459,1.4693943785,56.9391861586
1.42e-05,1.42e-05,1.4842367459,1.4693943785,79.5120407981
1.42e-05,1.42e-05,1.4842367459,1.4693943785,111.0336318168
1.42e-05,1.42e-05,1.4842367459,1.4693943785,155.0515779833
1.42e-05,1.42e-05,1.4842367459,1.4693943785,216.5199088036
1.42e-05,1.42e-05,1.4842367459,1.4693943785,302.3566191205
1.42e-05,1.42e-05,1.4842367459,1.4693943785,422.2222595195
1.42e-05,1.42e-05,1.4842367459,1.4693943785,589.6071895242
1.42e-05,1.42e-05,1.4842367459,1.4693943785,823.3498592289
1.42e-05,1.42e-05,1.4842367459,1.4693943785,1149.7569953977
1.42e-05,1.42e-05,1.4842367459,1.4693943785,1605.5643098112
1.42e-05,1.42e-05,1.4842367459,1.4693943785,2242.0709447806
1.42e-05,1.42e-05,1.4842367459,1.4693943785,3130.912969796
1.42e-05,1.42e-05,1.4842367459,1.4693943785,4372.1257113904
1.42e-05,1.42e-05,1.4842367459,1.4693943785,6105.4022965853
1.42e-05,1.42e-05,1.6533443157,0.1653344316,0.1
1.42e-05,1.42e-05,1.6533443157,0.1653344316,0.1396437957
1.42e-05,1.42e-05,1.6533443157,0.1653344316,0.1950038968
1.42e-05,1.42e-05,1.6533443157,0.1653344316,0.2723108433
1.42e-05,1.42e-05,1.6533443157,0.1653344316,0.3802651977
1.42e-05,1.42e-05,1.6533443157,0.1653344316,0.5310167558
1.42e-05,1.42e-05,1.6533443157,0.1653344316,0.7415319537
1.42e-05,1.42e-05,1.6533443157,0.1653344316,1.0355033665
1.42e-05,1.42e-05,1.6533443157,0.1653344316,1.4460162057
1.42e-05,1.42e-05,1.6533443157,0.1653344316,2.0192719162
1.42e-05,1.42e-05,1.6533443157,0.1653344316,2.8197879494
1.42e-05,1.42e-05,1.6533443157,0.1653344316,3.9376589236
1.42e-05,1.42e-05,1.6533443157,0.1653344316,5.498696383
1.42e-05,1.42e-05,1.6533443157,0.1653344316,7.6785883437
1.42e-05,1.42e-05,1.6533443157,0.1653344316,10.7226722201
1.42e-05,1.42e-05,1.6533443157,0.1653344316,14.9735464897
1.42e-05,1.42e-05,1.6533443157,0.1653344316,20.9096286705
1.42e-05,1.42e-05,1.6533443157,0.1653344316,29.1989991443
1.42e-05,1.42e-05,1.6533443157,0.1653344316,40.7745907144
1.42e-05,1.42e-05,1.6533443157,0.1653344316,56.9391861586
1.42e-05,1.42e-05,1.6533443157,0.1653344316,79.5120407981
1.42e-05,1.42e-05,1.6533443157,0.1653344316,111.0336318168
1.42e-05,1.42e-05,1.6533443157,0.1653344316,155.0515779833
1.42e-05,1.42e-05,1.6533443157,0.1653344316,216.5199088036
1.42e-05,1.42e-05,1.6533443157,0.1653344316,302.3566191205
1.42e-05,1.42e-05,1.6533443157,0.1653344316,422.2222595195
1.42e-05,1.42e-05,1.6533443157,0.1653344316,589.6071895242
1.42e-05,1.42e-05,1.6533443157,0.1653344316,823.3498592289
1.42e-05,1.42e-05,1.6533443157,0.1653344316,1149.7569953977
1.42e-05,1.42e-05,1.6533443157,0.1653344316,1605.5643098112
1.42e-05,1.42e-05,1.6533443157,0.1653344316,2242.0709447806
1.42e-05,1.42e-05,1.6533443157,0.1653344316,3130.912969796
1.42e-05,1.42e-05,1.6533443157,0.1653344316,4372.1257113904
1.42e-05,1.42e-05,1.6533443157,0.1653344316,6105.4022965853
1.42e-05,1.42e-05,1.6533443157,0.2480016474,0.1
1.42e-05,1.42e-05,1.6533443157,0.2480016474,0.1396437957
1.42e-05,1.42e-05,1.6533443157,0.2480016474,0.1950038968
1.42e-05,1.42e-05,1.6533443157,0.2480016474,0.2723108433
1.42e-05,1.42e-05,1.6533443157,0.2480016474,0.3802651977
1.42e-05,1.42e-05,1.6533443157,0.2480016474,0.5310167558
1.42e-05,1.42e-05,1.6533443157,0.2480016474,0.7415319537
1.42e-05,1.42e-05,1.6533443157,0.2480016474,1.0355033665
1.42e-05,1.42e-05,1.6533443157,0.2480016474,1.4460162057
1.42e-05,1.42e-05,1.6533443157,0.2480016474,2.0192719162
1.42e-05,1.42e-05,1.6533443157,0.2480016474,2.8197879494
1.42e-05,1.42e-05,1.6533443157,0.2480016474,3.9376589236
1.42e-05,1.42e-05,1.6533443157,0.2480016474,5.498696383
1.42e-05,1.42e-05,1.6533443157,0.2480016474,7.6785883437
1.42e-05,1.42e-05,1.6533443157,0.2480016474,10.7226722201
1.42e-05,1.42e-05,1.6533443157,0.2480016474,14.9735464897
1.42e-05,1.42e-05,1.6533443157,0.2480016474,20.9096286705
1.42e-05,1.42e-05,1.6533443157,0.2480016474,29.1989991443
1.42e-05,1.42e-05,1.6533443157,0.2480016474,40.7745907144
1.42e-05,1.42e-05,1.6533443157,0.2480016474,56.9391861586
1.42e-05,1.42e-05,1.6533443157,0.2480016474,79.5120407981
1.42e-05,1.42e-05,1.6533443157,0.2480016474,111.0336318168
1.42e-05,1.42e-05,1.6533443157,0.2480016474,155.0515779833
1.42e-05,1.42e-05,1.6533443157,0.2480016474,216.5199088036
1.42e-05,1.42e-05,1.6533443157,0.2480016474,302.3566191205
1.42e-05,1.42e-05,1.6533443157,0.2480016474,422.2222595195
1.42e-05,1.42e-05,1.6533443157,0.2480016474,589.6071895242
1.42e-05,1.42e-05,1.6533443157,0.2480016474,823.3498592289
1.42e-05,1.42e-05,1.6533443157,0.2480016474,1149.7569953977
1.42e-05,1.42e-05,1.6533443157,0.2480016474,1605.5643098112
1.42e-05,1.42e-05,1.6533443157,0.2480016474,2242.0709447806
1.42e-05,1.42e-05,1.6533443157,0.2480016474,3130.912969796
1.42e-05,1.42e-05,1.6533443157,0.2480016474,4372.1257113904
1.42e-05,1.42e-05,1.6533443157,0.2480016474,6105.4022965853
1.42e-05,1.42e-05,1.6533443157,0.3306688631,0.1
1.42e-05,1.42e-05,1.6533443157,0.3306688631,0.1396437957
1.42e-05,1.42e-05,1.6533443157,0.3306688631,0.1950038968
1.42e-05,1.42e-05,1.6533443157,0.3306688631,0.2723108433
1.42e-05,1.42e-05,1.6533443157,0.3306688631,0.3802651977
1.42e-05,1.42e-05,1.6533443157,0.3306688631,0.5310167558
1.42e-05,1.42e-05,1.6533443157,0.3306688631,0.7415319537
1.42e-05,1.42e-05,1.6533443157,0.3306688631,1.0355033665
1.42e-05,1.42e-05,1.6533443157,0.3306688631,1.4460162057
1.42e-05,1.42e-05,1.6533443157,0.3306688631,2.0192719162
1.42e-05,1.42e-05,1.6533443157,0.3306688631,2.8197879494
1.42e-05,1.42e-05,1.6533443157,0.3306688631,3.9376589236
1.42e-05,1.42e-05,1.6533443157,0.3306688631,5.498696383
1.42e-05,1.42e-05,1.6533443157,0.3306688631,7.6785883437
1.42e-05,1.42e-05,1.6533443157,0.3306688631,10.7226722201
1.42e-05,1.42e-05,1.6533443157,0.3306688631,14.9735464897
1.42e-05,1.42e-05,1.6533443157,0.3306688631,20.9096286705
1.42e-05,1.42e-05,1.6533443157,0.3306688631,29.1989991443
1.42e-05,1.42e-05,1.6533443157,0.3306688631,40.7745907144
1.42e-05,1.42e-05,1.6533443157,0.3306688631,56.9391861586
1.42e-05,1.42e-05,1.6533443157,0.3306688631,79.5120407981
1.42e-05,1.42e-05,1.6533443157,0.3306688631,111.0336318168
1.42e-05,1.42e-05,1.6533443157,0.3306688631,155.0515779833
1.42e-05,1.42e-05,1.6533443157,0.3306688631,216.5199088036
1.42e-05,1.42e-05,1.6533443157,0.3306688631,302.3566191205
1.42e-05,1.42e-05,1.6533443157,0.3306688631,422.2222595195
1.42e-05,1.42e-05,1.6533443157,0.3306688631,589.6071895242
1.42e-05,1.42e-05,1.6533443157,0.3306688631,823.3498592289
1.42e-05,1.42e-05,1.6533443157,0.3306688631,1149.7569953977
1.42e-05,1.42e-05,1.6533443157,0.3306688631,1605.5643098112
1.42e-05,1.42e-05,1.6533443157,0.3306688631,2242.0709447806
1.42e-05,1.42e-05,1.6533443157,0.3306688631,3130.912969796
1.42e-05,1.42e-05,1.6533443157,0.3306688631,4372.1257113904
1.42e-05,1.42e-05,1.6533443157,0.3306688631,6105.4022965853
1.42e-05,1.42e-05,1.6533443157,0.4133360789,0.1
1.42e-05,1.42e-05,1.6533443157,0.4133360789,0.1396437957
1.42e-05,1.42e-05,1.6533443157,0.4133360789,0.1950038968
1.42e-05,1.42e-05,1.6533443157,0.4133360789,0.2723108433
1.42e-05,1.42e-05,1.6533443157,0.4133360789,0.3802651977
1.42e-05,1.42e-05,1.6533443157,0.4133360789,0.5310167558
1.42e-05,1.42e-05,1.6533443157,0.4133360789,0.7415319537
1.42e-05,1.42e-05,1.6533443157,0.4133360789,1.0355033665
1.42e-05,1.42e-05,1.6533443157,0.4133360789,1.4460162057
1.42e-05,1.42e-05,1.6533443157,0.4133360789,2.0192719162
1.42e-05,1.42e-05,1.6533443157,0.4133360789,2.8197879494
1.42e-05,1.42e-05,1.6533443157,0.4133360789,3.9376589236
1.42e-05,1.42e-05,1.6533443157,0.4133360789,5.498696383
1.42e-05,1.42e-05,1.6533443157,0.4133360789,7.6785883437
1.42e-05,1.42e-05,1.6533443157,0.4133360789,10.7226722201
1.42e-05,1.42e-05,1.6533443157,0.4133360789,14.9735464897
1.42e-05,1.42e-05,1.6533443157,0.4133360789,20.9096286705
1.42e-05,1.42e-05,1.6533443157,0.4133360789,29.1989991443
1.42e-05,1.42e-05,1.6533443157,0.4133360789,40.7745907144
1.42e-05,1.42e-05,1.6533443157,0.4133360789,56.9391861586
1.42e-05,1.42e-05,1.6533443157,0.4133360789,79.5120407981
1.42e-05,1.42e-05,1.6533443157,0.4133360789,111.0336318168
1.42e-05,1.42e-05,1.6533443157,0.4133360789,155.0515779833
1.42e-05,1.42e-05,1.6533443157,0.4133360789,216.5199088036
1.42e-05,1.42e-05,1.6533443157,0.4133360789,302.3566191205
1.42e-05,1.42e-05,1.6533443157,0.4133360789,422.2222595195
1.42e-05,1.42e-05,1.6533443157,0.4133360789,589.6071895242
1.42e-05,1.42e-05,1.6533443157,0.4133360789,823.3498592289
1.42e-05,1.42e-05,1.6533443157,0.4133360789,1149.7569953977
1.42e-05,1.42e-05,1.6533443157,0.4133360789,1605.5643098112
1.42e-05,1.42e-05,1.6533443157,0.4133360789,2242.0709447806
1.42e-05,1.42e-05,1.6533443157,0.4133360789,3130.912969796
1.42e-05,1.42e-05,1.6533443157,0.4133360789,4372.1257113904
1.42e-05,1.42e-05,1.6533443157,0.4133360789,6105.4022965853
1.42e-05,1.42e-05,1.6533443157,0.4960032947,0.1
1.42e-05,1.42e-05,1.6533443157,0.4960032947,0.1396437957
1.42e-05,1.42e-05,1.6533443157,0.4960032947,0.1950038968
1.42e-05,1.42e-05,1.6533443157,0.4960032947,0.2723108433
1.42e-05,1.42e-05,1.6533443157,0.4960032947,0.3802651977
1.42e-05,1.42e-05,1.6533443157,0.4960032947,0.5310167558
1.42e-05,1.42e-05,1.6533443157,0.4960032947,0.7415319537
1.42e-05,1.42e-05,1.6533443157,0.4960032947,1.0355033665
1.42e-05,1.42e-05,1.6533443157,0.4960032947,1.4460162057
1.42e-05,1.42e-05,1.6533443157,0.4960032947,2.0192719162
1.42e-05,1.42e-05,1.6533443157,0.4960032947,2.8197879494
1.42e-05,1.42e-05,1.6533443157,0.4960032947,3.9376589236
1.42e-05,1.42e-05,1.6533443157,0.4960032947,5.498696383
1.42e-05,1.42e-05,1.6533443157,0.4960032947,7.6785883437
1.42e-05,1.42e-05,1.6533443157,0.4960032947,10.7226722201
1.42e-05,1.42e-05,1.6533443157,0.4960032947,14.9735464897
1.42e-05,1.42e-05,1.6533443157,0.4960032947,20.9096286705
1.42e-05,1.42e-05,1.6533443157,0.4960032947,29.1989991443
1.42e-05,1.42e-05,1.6533443157,0.4960032947,40.7745907144
1.42e-05,1.42e-05,1.6533443157,0.4960032947,56.9391861586
1.42e-05,1.42e-05,1.6533443157,0.4960032947,79.5120407981
1.42e-05,1.42e-05,1.6533443157,0.4960032947,111.0336318168
1.42e-05,1.42e-05,1.6533443157,0.4960032947,155.0515779833
1.42e-05,1.42e-05,1.6533443157,0.4960032947,216.5199088036
1.42e-05,1.42e-05,1.6533443157,0.4960032947,302.3566191205
1.42e-05,1.42e-05,1.6533443157,0.4960032947,422.2222595195
1.42e-05,1.42e-05,1.6533443157,0.4960032947,589.6071895242
1.42e-05,1.42e-05,1.6533443157,0.4960032947,823.3498592289
1.42e-05,1.42e-05,1.6533443157,0.4960032947,1149.7569953977
1.42e-05,1.42e-05,1.6533443157,0.4960032947,1605.5643098112
1.42e-05,1.42e-05,1.6533443157,0.4960032947,2242.0709447806
1.42e-05,1.42e-05,1.6533443157,0.4960032947,3130.912969796
1.42e-05,1.42e-05,1.6533443157,0.4960032947,4372.1257113904
1.42e-05,1.42e-05,1.6533443157,0.4960032947,6105.4022965853
1.42e-05,1.42e-05,1.6533443157,0.5786705105,0.1
1.42e-05,1.42e-05,1.6533443157,0.5786705105,0.1396437957
1.42e-05,1.42e-05,1.6533443157,0.5786705105,0.1950038968
1.42e-05,1.42e-05,1.6533443157,0.5786705105,0.2723108433
1.42e-05,1.42e-05,1.6533443157,0.5786705105,0.3802651977
1.42e-05,1.42e-05,1.6533443157,0.5786705105,0.5310167558
1.42e-05,1.42e-05,1.6533443157,0.5786705105,0.7415319537
1.42e-05,1.42e-05,1.6533443157,0.5786705105,1.0355033665
1.42e-05,1.42e-05,1.6533443157,0.5786705105,1.4460162057
1.42e-05,1.42e-05,1.6533443157,0.5786705105,2.0192719162
1.42e-05,1.42e-05,1.6533443157,0.5786705105,2.8197879494
1.42e-05,1.42e-05,1.6533443157,0.5786705105,3.9376589236
1.42e-05,1.42e-05,1.6533443157,0.5786705105,5.498696383
1.42e-05,1.42e-05,1.6533443157,0.5786705105,7.6785883437
1.42e-05,1.42e-05,1.6533443157,0.5786705105,10.7226722201
1.42e-05,1.42e-05,1.6533443157,0.5786705105,14.9735464897
1.42e-05,1.42e-05,1.6533443157,0.5786705105,20.9096286705
1.42e-05,1.42e-05,1.6533443157,0.5786705105,29.1989991443
1.42e-05,1.42e-05,1.6533443157,0.5786705105,40.7745907144
1.42e-05,1.42e-05,1.6533443157,0.5786705105,56.9391861586
1.42e-05,1.42e-05,1.6533443157,0.5786705105,79.5120407981
1.42e-05,1.42e-05,1.6533443157,0.5786705105,111.0336318168
1.42e-05,1.42e-05,1.6533443157,0.5786705105,155.0515779833
1.42e-05,1.42e-05,1.6533443157,0.5786705105,216.5199088036
1.42e-05,1.42e-05,1.6533443157,0.5786705105,302.3566191205
1.42e-05,1.42e-05,1.6533443157,0.5786705105,422.2222595195
1.42e-05,1.42e-05,1.6533443157,0.5786705105,589.6071895242
1.42e-05,1.42e-05,1.6533443157,0.5786705105,823.3498592289
1.42e-05,1.42e-05,1.6533443157,0.5786705105,1149.7569953977
1.42e-05,1.42e-05,1.6533443157,0.5786705105,1605.5643098112
1.42e-05,1.42e-05,1.6533443157,0.5786705105,2242.0709447806
1.42e-05,1.42e-05,1.6533443157,0.5786705105,3130.912969796
1.42e-05,1.42e-05,1.6533443157,0.5786705105,4372.1257113904
1.42e-05,1.42e-05,1.6533443157,0.5786705105,6105.4022965853
1.42e-05,1.42e-05,1.6533443157,0.6613377263,0.1
1.42e-05,1.42e-05,1.6533443157,0.6613377263,0.1396437957
1.42e-05,1.42e-05,1.6533443157,0.6613377263,0.1950038968
1.42e-05,1.42e-05,1.6533443157,0.6613377263,0.2723108433
1.42e-05,1.42e-05,1.6533443157,0.6613377263,0.3802651977
1.42e-05,1.42e-05,1.6533443157,0.6613377263,0.5310167558
1.42e-05,1.42e-05,1.6533443157,0.6613377263,0.7415319537
1.42e-05,1.42e-05,1.6533443157,0.6613377263,1.0355033665
1.42e-05,1.42e-05,1.6533443157,0.6613377263,1.4460162057
1.42e-05,1.42e-05,1.6533443157,0.6613377263,2.0192719162
1.42e-05,1.42e-05,1.6533443157,0.6613377263,2.8197879494
1.42e-05,1.42e-05,1.6533443157,0.6613377263,3.9376589236
1.42e-05,1.42e-05,1.6533443157,0.6613377263,5.498696383
1.42e-05,1.42e-05,1.6533443157,0.6613377263,7.6785883437
1.42e-05,1.42e-05,1.6533443157,0.6613377263,10.7226722201
1.42e-05,1.42e-05,1.6533443157,0.6613377263,14.9735464897
1.42e-05,1.42e-05,1.6533443157,0.6613377263,20.9096286705
1.42e-05,1.42e-05,1.6533443157,0.6613377263,29.1989991443
1.42e-05,1.42e-05,1.6533443157,0.6613377263,40.7745907144
1.42e-05,1.42e-05,1.6533443157,0.6613377263,56.9391861586
1.42e-05,1.42e-05,1.6533443157,0.6613377263,79.5120407981
1.42e-05,1.42e-05,1.6533443157,0.6613377263,111.0336318168
1.42e-05,1.42e-05,1.6533443157,0.6613377263,155.0515779833
1.42e-05,1.42e-05,1.6533443157,0.6613377263,216.5199088036
1.42e-05,1.42e-05,1.6533443157,0.6613377263,302.3566191205
1.42e-05,1.42e-05,1.6533443157,0.6613377263,422.2222595195
1.42e-05,1.42e-05,1.6533443157,0.6613377263,589.6071895242
1.42e-05,1.42e-05,1.6533443157,0.6613377263,823.3498592289
1.42e-05,1.42e-05,1.6533443157,0.6613377263,1149.7569953977
1.42e-05,1.42e-05,1.6533443157,0.6613377263,1605.5643098112
1.42e-05,1.42e-05,1.6533443157,0.6613377263,2242.0709447806
1.42e-05,1.42e-05,1.6533443157,0.6613377263,3130.912969796
1.42e-05,1.42e-05,1.6533443157,0.6613377263,4372.1257113904
1.42e-05,1.42e-05,1.6533443157,0.6613377263,6105.4022965853
1.42e-05,1.42e-05,1.6533443157,0.7440049421,0.1
1.42e-05,1.42e-05,1.6533443157,0.7440049421,0.1396437957
1.42e-05,1.42e-05,1.6533443157,0.7440049421,0.1950038968
1.42e-05,1.42e-05,1.6533443157,0.7440049421,0.2723108433
1.42e-05,1.42e-05,1.6533443157,0.7440049421,0.3802651977
1.42e-05,1.42e-05,1.6533443157,0.7440049421,0.5310167558
1.42e-05,1.42e-05,1.6533443157,0.7440049421,0.7415319537
1.42e-05,1.42e-05,1.6533443157,0.7440049421,1.0355033665
1.42e-05,1.42e-05,1.6533443157,0.7440049421,1.4460162057
1.42e-05,1.42e-05,1.6533443157,0.7440049421,2.0192719162
1.42e-05,1.42e-05,1.6533443157,0.7440049421,2.8197879494
1.42e-05,1.42e-05,1.6533443157,0.7440049421,3.9376589236
1.42e-05,1.42e-05,1.6533443157,0.7440049421,5.498696383
1.42e-05,1.42e-05,1.6533443157,0.7440049421,7.6785883437
1.42e-05,1.42e-05,1.6533443157,0.7440049421,10.7226722201
1.42e-05,1.42e-05,1.6533443157,0.7440049421,14.9735464897
1.42e-05,1.42e-05,1.6533443157,0.7440049421,20.9096286705
1.42e-05,1.42e-05,1.6533443157,0.7440049421,29.1989991443
1.42e-05,1.42e-05,1.6533443157,0.7440049421,40.7745907144
1.42e-05,1.42e-05,1.6533443157,0.7440049421,56.9391861586
1.42e-05,1.42e-05,1.6533443157,0.7440049421,79.5120407981
1.42e-05,1.42e-05,1.6533443157,0.7440049421,111.0336318168
1.42e-05,1.42e-05,1.6533443157,0.7440049421,155.0515779833
1.42e-05,1.42e-05,1.6533443157,0.7440049421,216.5199088036
1.42e-05,1.42e-05,1.6533443157,0.7440049421,302.3566191205
1.42e-05,1.42e-05,1.6533443157,0.7440049421,422.2222595195
1.42e-05,1.42e-05,1.6533443157,0.7440049421,589.6071895242
1.42e-05,1.42e-05,1.6533443157,0.7440049421,823.3498592289
1.42e-05,1.42e-05,1.6533443157,0.7440049421,1149.7569953977
1.42e-05,1.42e-05,1.6533443157,0.7440049421,1605.5643098112
1.42e-05,1.42e-05,1.6533443157,0.7440049421,2242.0709447806
1.42e-05,1.42e-05,1.6533443157,0.7440049421,3130.912969796
1.42e-05,1.42e-05,1.6533443157,0.7440049421,4372.1257113904
1.42e-05,1.42e-05,1.6533443157,0.7440049421,6105.4022965853
1.42e-05,1.42e-05,1.6533443157,0.8266721578,0.1
1.42e-05,1.42e-05,1.6533443157,0.8266721578,0.1396437957
1.42e-05,1.42e-05,1.6533443157,0.8266721578,0.1950038968
1.42e-05,1.42e-05,1.6533443157,0.8266721578,0.2723108433
1.42e-05,1.42e-05,1.6533443157,0.8266721578,0.3802651977
1.42e-05,1.42e-05,1.6533443157,0.8266721578,0.5310167558
1.42e-05,1.42e-05,1.6533443157,0.8266721578,0.7415319537
1.42e-05,1.42e-05,1.6533443157,0.8266721578,1.0355033665
1.42e-05,1.42e-05,1.6533443157,0.8266721578,1.4460162057
1.42e-05,1.42e-05,1.6533443157,0.8266721578,2.0192719162
1.42e-05,1.42e-05,1.6533443157,0.8266721578,2.8197879494
1.42e-05,1.42e-05,1.6533443157,0.8266721578,3.9376589236
1.42e-05,1.42e-05,1.6533443157,0.8266721578,5.498696383
1.42e-05,1.42e-05,1.6533443157,0.8266721578,7.6785883437
1.42e-05,1.42e-05,1.6533443157,0.8266721578,10.7226722201
1.42e-05,1.42e-05,1.6533443157,0.8266721578,14.9735464897
1.42e-05,1.42e-05,1.6533443157,0.8266721578,20.9096286705
1.42e-05,1.42e-05,1.6533443157,0.8266721578,29.1989991443
1.42e-05,1.42e-05,1.6533443157,0.8266721578,40.7745907144
1.42e-05,1.42e-05,1.6533443157,0.8266721578,56.9391861586
1.42e-05,1.42e-05,1.6533443157,0.8266721578,79.5120407981
1.42e-05,1.42e-05,1.6533443157,0.8266721578,111.0336318168
1.42e-05,1.42e-05,1.6533443157,0.8266721578,155.0515779833
1.42e-05,1.42e-05,1.6533443157,0.8266721578,216.5199088036
1.42e-05,1.42e-05,1.6533443157,0.8266721578,302.3566191205
1.42e-05,1.42e-05,1.6533443157,0.8266721578,422.2222595195
1.42e-05,1.42e-05,1.6533443157,0.8266721578,589.6071895242
1.42e-05,1.42e-05,1.6533443157,0.8266721578,823.3498592289
1.42e-05,1.42e-05,1.6533443157,0.8266721578,1149.7569953977
1.42e-05,1.42e-05,1.6533443157,0.8266721578,1605.5643098112
1.42e-05,1.42e-05,1.6533443157,0.8266721578,2242.0709447806
1.42e-05,1.42e-05,1.6533443157,0.8266721578,3130.912969796
1.42e-05,1.42e-05,1.6533443157,0.8266721578,4372.1257113904
1.42e-05,1.42e-05,1.6533443157,0.8266721578,6105.4022965853
1.42e-05,1.42e-05,1.6533443157,0.9093393736,0.1
1.42e-05,1.42e-05,1.6533443157,0.9093393736,0.1396437957
1.42e-05,1.42e-05,1.6533443157,0.9093393736,0.1950038968
1.42e-05,1.42e-05,1.6533443157,0.9093393736,0.2723108433
1.42e-05,1.42e-05,1.6533443157,0.9093393736,0.3802651977
1.42e-05,1.42e-05,1.6533443157,0.9093393736,0.5310167558
1.42e-05,1.42e-05,1.6533443157,0.9093393736,0.7415319537
1.42e-05,1.42e-05,1.6533443157,0.9093393736,1.0355033665
1.42e-05,1.42e-05,1.6533443157,0.9093393736,1.4460162057
1.42e-05,1.42e-05,1.6533443157,0.9093393736,2.0192719162
1.42e-05,1.42e-05,1.6533443157,0.9093393736,2.8197879494
1.42e-05,1.42e-05,1.6533443157,0.9093393736,3.9376589236
1.42e-05,1.42e-05,1.6533443157,0.9093393736,5.498696383
1.42e-05,1.42e-05,1.6533443157,0.9093393736,7.6785883437
1.42e-05,1.42e-05,1.6533443157,0.9093393736,10.7226722201
1.42e-05,1.42e-05,1.6533443157,0.9093393736,14.9735464897
1.42e-05,1.42e-05,1.6533443157,0.9093393736,20.9096286705
1.42e-05,1.42e-05,1.6533443157,0.9093393736,29.1989991443
1.42e-05,1.42e-05,1.6533443157,0.9093393736,40.7745907144
1.42e-05,1.42e-05,1.6533443157,0.9093393736,56.9391861586
1.42e-05,1.42e-05,1.6533443157,0.9093393736,79.5120407981
1.42e-05,1.42e-05,1.6533443157,0.9093393736,111.0336318168
1.42e-05,1.42e-05,1.6533443157,0.9093393736,155.0515779833
1.42e-05,1.42e-05,1.6533443157,0.9093393736,216.5199088036
1.42e-05,1.42e-05,1.6533443157,0.9093393736,302.3566191205
1.42e-05,1.42e-05,1.6533443157,0.9093393736,422.2222595195
1.42e-05,1.42e-05,1.6533443157,0.9093393736,589.6071895242
1.42e-05,1.42e-05,1.6533443157,0.9093393736,823.3498592289
1.42e-05,1.42e-05,1.6533443157,0.9093393736,1149.7569953977
1.42e-05,1.42e-05,1.6533443157,0.9093393736,1605.5643098112
1.42e-05,1.42e-05,1.6533443157,0.9093393736,2242.0709447806
1.42e-05,1.42e-05,1.6533443157,0.9093393736,3130.912969796
1.42e-05,1.42e-05,1.6533443157,0.9093393736,4372.1257113904
1.42e-05,1.42e-05,1.6533443157,0.9093393736,6105.4022965853
1.42e-05,1.42e-05,1.6533443157,0.9920065894,0.1
1.42e-05,1.42e-05,1.6533443157,0.9920065894,0.1396437957
1.42e-05,1.42e-05,1.6533443157,0.9920065894,0.1950038968
1.42e-05,1.42e-05,1.6533443157,0.9920065894,0.2723108433
1.42e-05,1.42e-05,1.6533443157,0.9920065894,0.3802651977
1.42e-05,1.42e-05,1.6533443157,0.9920065894,0.5310167558
1.42e-05,1.42e-05,1.6533443157,0.9920065894,0.7415319537
1.42e-05,1.42e-05,1.6533443157,0.9920065894,1.0355033665
1.42e-05,1.42e-05,1.6533443157,0.9920065894,1.4460162057
1.42e-05,1.42e-05,1.6533443157,0.9920065894,2.0192719162
1.42e-05,1.42e-05,1.6533443157,0.9920065894,2.8197879494
1.42e-05,1.42e-05,1.6533443157,0.9920065894,3.9376589236
1.42e-05,1.42e-05,1.6533443157,0.9920065894,5.498696383
1.42e-05,1.42e-05,1.6533443157,0.9920065894,7.6785883437
1.42e-05,1.42e-05,1.6533443157,0.9920065894,10.7226722201
1.42e-05,1.42e-05,1.6533443157,0.9920065894,14.9735464897
1.42e-05,1.42e-05,1.6533443157,0.9920065894,20.9096286705
1.42e-05,1.42e-05,1.6533443157,0.9920065894,29.1989991443
1.42e-05,1.42e-05,1.6533443157,0.9920065894,40.7745907144
1.42e-05,1.42e-05,1.6533443157,0.9920065894,56.9391861586
1.42e-05,1.42e-05,1.6533443157,0.9920065894,79.5120407981
1.42e-05,1.42e-05,1.6533443157,0.9920065894,111.0336318168
1.42e-05,1.42e-05,1.6533443157,0.9920065894,155.0515779833
1.42e-05,1.42e-05,1.6533443157,0.9920065894,216.5199088036
1.42e-05,1.42e-05,1.6533443157,0.9920065894,302.3566191205
1.42e-05,1.42e-05,1.6533443157,0.9920065894,422.2222595195
1.42e-05,1.42e-05,1.6533443157,0.9920065894,589.6071895242
1.42e-05,1.42e-05,1.6533443157,0.9920065894,823.3498592289
1.42e-05,1.42e-05,1.6533443157,0.9920065894,1149.7569953977
1.42e-05,1.42e-05,1.6533443157,0.9920065894,1605.5643098112
1.42e-05,1.42e-05,1.6533443157,0.9920065894,2242.0709447806
1.42e-05,1.42e-05,1.6533443157,0.9920065894,3130.912969796
1.42e-05,1.42e-05,1.6533443157,0.9920065894,4372.1257113904
1.42e-05,1.42e-05,1.6533443157,0.9920065894,6105.4022965853
1.42e-05,1.42e-05,1.6533443157,1.0746738052,0.1
1.42e-05,1.42e-05,1.6533443157,1.0746738052,0.1396437957
1.42e-05,1.42e-05,1.6533443157,1.0746738052,0.1950038968
1.42e-05,1.42e-05,1.6533443157,1.0746738052,0.2723108433
1.42e-05,1.42e-05,1.6533443157,1.0746738052,0.3802651977
1.42e-05,1.42e-05,1.6533443157,1.0746738052,0.5310167558
1.42e-05,1.42e-05,1.6533443157,1.0746738052,0.7415319537
1.42e-05,1.42e-05,1.6533443157,1.0746738052,1.0355033665
1.42e-05,1.42e-05,1.6533443157,1.0746738052,1.4460162057
1.42e-05,1.42e-05,1.6533443157,1.0746738052,2.0192719162
1.42e-05,1.42e-05,1.6533443157,1.0746738052,2.8197879494
1.42e-05,1.42e-05,1.6533443157,1.0746738052,3.9376589236
1.42e-05,1.42e-05,1.6533443157,1.0746738052,5.498696383
1.42e-05,1.42e-05,1.6533443157,1.0746738052,7.6785883437
1.42e-05,1.42e-05,1.6533443157,1.0746738052,10.7226722201
1.42e-05,1.42e-05,1.6533443157,1.0746738052,14.9735464897
1.42e-05,1.42e-05,1.6533443157,1.0746738052,20.9096286705
1.42e-05,1.42e-05,1.6533443157,1.0746738052,29.1989991443
1.42e-05,1.42e-05,1.6533443157,1.0746738052,40.7745907144
1.42e-05,1.42e-05,1.6533443157,1.0746738052,56.9391861586
1.42e-05,1.42e-05,1.6533443157,1.0746738052,79.5120407981
1.42e-05,1.42e-05,1.6533443157,1.0746738052,111.0336318168
1.42e-05,1.42e-05,1.6533443157,1.0746738052,155.0515779833
1.42e-05,1.42e-05,1.6533443157,1.0746738052,216.5199088036
1.42e-05,1.42e-05,1.6533443157,1.0746738052,302.3566191205
1.42e-05,1.42e-05,1.6533443157,1.0746738052,422.2222595195
1.42e-05,1.42e-05,1.6533443157,1.0746738052,589.6071895242
1.42e-05,1.42e-05,1.6533443157,1.0746738052,823.3498592289
1.42e-05,1.42e-05,1.6533443157,1.0746738052,1149.7569953977
1.42e-05,1.42e-05,1.6533443157,1.0746738052,1605.5643098112
1.42e-05,1.42e-05,1.6533443157,1.0746738052,2242.0709447806
1.42e-05,1.42e-05,1.6533443157,1.0746738052,3130.912969796
1.42e-05,1.42e-05,1.6533443157,1.0746738052,4372.1257113904
1.42e-05,1.42e-05,1.6533443157,1.0746738052,6105.4022965853
1.42e-05,1.42e-05,1.6533443157,1.157341021,0.1
1.42e-05,1.42e-05,1.6533443157,1.157341021,0.1396437957
1.42e-05,1.42e-05,1.6533443157,1.157341021,0.1950038968
1.42e-05,1.42e-05,1.6533443157,1.157341021,0.2723108433
1.42e-05,1.42e-05,1.6533443157,1.157341021,0.3802651977
1.42e-05,1.42e-05,1.6533443157,1.157341021,0.5310167558
1.42e-05,1.42e-05,1.6533443157,1.157341021,0.7415319537
1.42e-05,1.42e-05,1.6533443157,1.157341021,1.0355033665
1.42e-05,1.42e-05,1.6533443157,1.157341021,1.4460162057
1.42e-05,1.42e-05,1.6533443157,1.157341021,2.0192719162
1.42e-05,1.42e-05,1.6533443157,1.157341021,2.8197879494
1.42e-05,1.42e-05,1.6533443157,1.157341021,3.9376589236
1.42e-05,1.42e-05,1.6533443157,1.157341021,5.498696383
1.42e-05,1.42e-05,1.6533443157,1.157341021,7.6785883437
1.42e-05,1.42e-05,1.6533443157,1.157341021,10.7226722201
1.42e-05,1.42e-05,1.6533443157,1.157341021,14.9735464897
1.42e-05,1.42e-05,1.6533443157,1.157341021,20.9096286705
1.42e-05,1.42e-05,1.6533443157,1.157341021,29.1989991443
1.42e-05,1.42e-05,1.6533443157,1.157341021,40.7745907144
1.42e-05,1.42e-05,1.6533443157,1.157341021,56.9391861586
1.42e-05,1.42e-05,1.6533443157,1.157341021,79.5120407981
1.42e-05,1.42e-05,1.6533443157,1.157341021,111.0336318168
1.42e-05,1.42e-05,1.6533443157,1.157341021,155.0515779833
1.42e-05,1.42e-05,1.6533443157,1.157341021,216.5199088036
1.42e-05,1.42e-05,1.6533443157,1.157341021,302.3566191205
1.42e-05,1.42e-05,1.6533443157,1.157341021,422.2222595195
1.42e-05,1.42e-05,1.6533443157,1.157341021,589.6071895242
1.42e-05,1.42e-05,1.6533443157,1.157341021,823.3498592289
1.42e-05,1.42e-05,1.6533443157,1.157341021,1149.7569953977
1.42e-05,1.42e-05,1.6533443157,1.157341021,1605.5643098112
1.42e-05,1.42e-05,1.6533443157,1.157341021,2242.0709447806
1.42e-05,1.42e-05,1.6533443157,1.157341021,3130.912969796
1.42e-05,1.42e-05,1.6533443157,1.157341021,4372.1257113904
1.42e-05,1.42e-05,1.6533443157,1.157341021,6105.4022965853
1.42e-05,1.42e-05,1.6533443157,1.2400082368,0.1
1.42e-05,1.42e-05,1.6533443157,1.2400082368,0.1396437957
1.42e-05,1.42e-05,1.6533443157,1.2400082368,0.1950038968
1.42e-05,1.42e-05,1.6533443157,1.2400082368,0.2723108433
1.42e-05,1.42e-05,1.6533443157,1.2400082368,0.3802651977
1.42e-05,1.42e-05,1.6533443157,1.2400082368,0.5310167558
1.42e-05,1.42e-05,1.6533443157,1.2400082368,0.7415319537
1.42e-05,1.42e-05,1.6533443157,1.2400082368,1.0355033665
1.42e-05,1.42e-05,1.6533443157,1.2400082368,1.4460162057
1.42e-05,1.42e-05,1.6533443157,1.2400082368,2.0192719162
1.42e-05,1.42e-05,1.6533443157,1.2400082368,2.8197879494
1.42e-05,1.42e-05,1.6533443157,1.2400082368,3.9376589236
1.42e-05,1.42e-05,1.6533443157,1.2400082368,5.498696383
1.42e-05,1.42e-05,1.6533443157,1.2400082368,7.6785883437
1.42e-05,1.42e-05,1.6533443157,1.2400082368,10.7226722201
1.42e-05,1.42e-05,1.6533443157,1.2400082368,14.9735464897
1.42e-05,1.42e-05,1.6533443157,1.2400082368,20.9096286705
1.42e-05,1.42e-05,1.6533443157,1.2400082368,29.1989991443
1.42e-05,1.42e-05,1.6533443157,1.2400082368,40.7745907144
1.42e-05,1.42e-05,1.6533443157,1.2400082368,56.9391861586
1.42e-05,1.42e-05,1.6533443157,1.2400082368,79.5120407981
1.42e-05,1.42e-05,1.6533443157,1.2400082368,111.0336318168
1.42e-05,1.42e-05,1.6533443157,1.2400082368,155.0515779833
1.42e-05,1.42e-05,1.6533443157,1.2400082368,216.5199088036
1.42e-05,1.42e-05,1.6533443157,1.2400082368,302.3566191205
1.42e-05,1.42e-05,1.6533443157,1.2400082368,422.2222595195
1.42e-05,1.42e-05,1.6533443157,1.2400082368,589.6071895242
1.42e-05,1.42e-05,1.6533443157,1.2400082368,823.3498592289
1.42e-05,1.42e-05,1.6533443157,1.2400082368,1149.7569953977
1.42e-05,1.42e-05,1.6533443157,1.2400082368,1605.5643098112
1.42e-05,1.42e-05,1.6533443157,1.2400082368,2242.0709447806
1.42e-05,1.42e-05,1.6533443157,1.2400082368,3130.912969796
1.42e-05,1.42e-05,1.6533443157,1.2400082368,4372.1257113904
1.42e-05,1.42e-05,1.6533443157,1.2400082368,6105.4022965853
1.42e-05,1.42e-05,1.6533443157,1.3226754526,0.1
1.42e-05,1.42e-05,1.6533443157,1.3226754526,0.1396437957
1.42e-05,1.42e-05,1.6533443157,1.3226754526,0.1950038968
1.42e-05,1.42e-05,1.6533443157,1.3226754526,0.2723108433
1.42e-05,1.42e-05,1.6533443157,1.3226754526,0.3802651977
1.42e-05,1.42e-05,1.6533443157,1.3226754526,0.5310167558
1.42e-05,1.42e-05,1.6533443157,1.3226754526,0.7415319537
1.42e-05,1.42e-05,1.6533443157,1.3226754526,1.0355033665
1.42e-05,1.42e-05,1.6533443157,1.3226754526,1.4460162057
1.42e-05,1.42e-05,1.6533443157,1.3226754526,2.0192719162
1.42e-05,1.42e-05,1.6533443157,1.3226754526,2.8197879494
1.42e-05,1.42e-05,1.6533443157,1.3226754526,3.9376589236
1.42e-05,1.42e-05,1.6533443157,1.3226754526,5.498696383
1.42e-05,1.42e-05,1.6533443157,1.3226754526,7.6785883437
1.42e-05,1.42e-05,1.6533443157,1.3226754526,10.7226722201
1.42e-05,1.42e-05,1.6533443157,1.3226754526,14.9735464897
1.42e-05,1.42e-05,1.6533443157,1.3226754526,20.9096286705
1.42e-05,1.42e-05,1.6533443157,1.3226754526,29.1989991443
1.42e-05,1.42e-05,1.6533443157,1.3226754526,40.7745907144
1.42e-05,1.42e-05,1.6533443157,1.3226754526,56.9391861586
1.42e-05,1.42e-05,1.6533443157,1.3226754526,79.5120407981
1.42e-05,1.42e-05,1.6533443157,1.3226754526,111.0336318168
1.42e-05,1.42e-05,1.6533443157,1.3226754526,155.0515779833
1.42e-05,1.42e-05,1.6533443157,1.3226754526,216.5199088036
1.42e-05,1.42e-05,1.6533443157,1.3226754526,302.3566191205
1.42e-05,1.42e-05,1.6533443157,1.3226754526,422.2222595195
1.42e-05,1.42e-05,1.6533443157,1.3226754526,589.6071895242
1.42e-05,1.42e-05,1.6533443157,1.3226754526,823.3498592289
1.42e-05,1.42e-05,1.6533443157,1.3226754526,1149.7569953977
1.42e-05,1.42e-05,1.6533443157,1.3226754526,1605.5643098112
1.42e-05,1.42e-05,1.6533443157,1.3226754526,2242.0709447806
1.42e-05,1.42e-05,1.6533443157,1.3226754526,3130.912969796
1.42e-05,1.42e-05,1.6533443157,1.3226754526,4372.1257113904
1.42e-05,1.42e-05,1.6533443157,1.3226754526,6105.4022965853
1.42e-05,1.42e-05,1.6533443157,1.4053426683,0.1
1.42e-05,1.42e-05,1.6533443157,1.4053426683,0.1396437957
1.42e-05,1.42e-05,1.6533443157,1.4053426683,0.1950038968
1.42e-05,1.42e-05,1.6533443157,1.4053426683,0.2723108433
1.42e-05,1.42e-05,1.6533443157,1.4053426683,0.3802651977
1.42e-05,1.42e-05,1.6533443157,1.4053426683,0.5310167558
1.42e-05,1.42e-05,1.6533443157,1.4053426683,0.7415319537
1.42e-05,1.42e-05,1.6533443157,1.4053426683,1.0355033665
1.42e-05,1.42e-05,1.6533443157,1.4053426683,1.4460162057
1.42e-05,1.42e-05,1.6533443157,1.4053426683,2.0192719162
1.42e-05,1.42e-05,1.6533443157,1.4053426683,2.8197879494
1.42e-05,1.42e-05,1.6533443157,1.4053426683,3.9376589236
1.42e-05,1.42e-05,1.6533443157,1.4053426683,5.498696383
1.42e-05,1.42e-05,1.6533443157,1.4053426683,7.6785883437
1.42e-05,1.42e-05,1.6533443157,1.4053426683,10.7226722201
1.42e-05,1.42e-05,1.6533443157,1.4053426683,14.9735464897
1.42e-05,1.42e-05,1.6533443157,1.4053426683,20.9096286705
1.42e-05,1.42e-05,1.6533443157,1.4053426683,29.1989991443
1.42e-05,1.42e-05,1.6533443157,1.4053426683,40.7745907144
1.42e-05,1.42e-05,1.6533443157,1.4053426683,56.9391861586
1.42e-05,1.42e-05,1.6533443157,1.4053426683,79.5120407981
1.42e-05,1.42e-05,1.6533443157,1.4053426683,111.0336318168
1.42e-05,1.42e-05,1.6533443157,1.4053426683,155.0515779833
1.42e-05,1.42e-05,1.6533443157,1.4053426683,216.5199088036
1.42e-05,1.42e-05,1.6533443157,1.4053426683,302.3566191205
1.42e-05,1.42e-05,1.6533443157,1.4053426683,422.2222595195
1.42e-05,1.42e-05,1.6533443157,1.4053426683,589.6071895242
1.42e-05,1.42e-05,1.6533443157,1.4053426683,823.3498592289
1.42e-05,1.42e-05,1.6533443157,1.4053426683,1149.7569953977
1.42e-05,1.42e-05,1.6533443157,1.4053426683,1605.5643098112
1.42e-05,1.42e-05,1.6533443157,1.4053426683,2242.0709447806
1.42e-05,1.42e-05,1.6533443157,1.4053426683,3130.912969796
1.42e-05,1.42e-05,1.6533443157,1.4053426683,4372.1257113904
1.42e-05,1.42e-05,1.6533443157,1.4053426683,6105.4022965853
1.42e-05,1.42e-05,1.6533443157,1.4880098841,0.1
1.42e-05,1.42e-05,1.6533443157,1.4880098841,0.1396437957
1.42e-05,1.42e-05,1.6533443157,1.4880098841,0.1950038968
1.42e-05,1.42e-05,1.6533443157,1.4880098841,0.2723108433
1.42e-05,1.42e-05,1.6533443157,1.4880098841,0.3802651977
1.42e-05,1.42e-05,1.6533443157,1.4880098841,0.5310167558
1.42e-05,1.42e-05,1.6533443157,1.4880098841,0.7415319537
1.42e-05,1.42e-05,1.6533443157,1.4880098841,1.0355033665
1.42e-05,1.42e-05,1.6533443157,1.4880098841,1.4460162057
1.42e-05,1.42e-05,1.6533443157,1.4880098841,2.0192719162
1.42e-05,1.42e-05,1.6533443157,1.4880098841,2.8197879494
1.42e-05,1.42e-05,1.6533443157,1.4880098841,3.9376589236
1.42e-05,1.42e-05,1.6533443157,1.4880098841,5.498696383
1.42e-05,1.42e-05,1.6533443157,1.4880098841,7.6785883437
1.42e-05,1.42e-05,1.6533443157,1.4880098841,10.7226722201
1.42e-05,1.42e-05,1.6533443157,1.4880098841,14.9735464897
1.42e-05,1.42e-05,1.6533443157,1.4880098841,20.9096286705
1.42e-05,1.42e-05,1.6533443157,1.4880098841,29.1989991443
1.42e-05,1.42e-05,1.6533443157,1.4880098841,40.7745907144
1.42e-05,1.42e-05,1.6533443157,1.4880098841,56.9391861586
1.42e-05,1.42e-05,1.6533443157,1.4880098841,79.5120407981
1.42e-05,1.42e-05,1.6533443157,1.4880098841,111.0336318168
1.42e-05,1.42e-05,1.6533443157,1.4880098841,155.0515779833
1.42e-05,1.42e-05,1.6533443157,1.4880098841,216.5199088036
1.42e-05,1.42e-05,1.6533443157,1.4880098841,302.3566191205
1.42e-05,1.42e-05,1.6533443157,1.4880098841,422.2222595195
1.42e-05,1.42e-05,1.6533443157,1.4880098841,589.6071895242
1.42e-05,1.42e-05,1.6533443157,1.4880098841,823.3498592289
1.42e-05,1.42e-05,1.6533443157,1.4880098841,1149.7569953977
1.42e-05,1.42e-05,1.6533443157,1.4880098841,1605.5643098112
1.42e-05,1.42e-05,1.6533443157,1.4880098841,2242.0709447806
1.42e-05,1.42e-05,1.6533443157,1.4880098841,3130.912969796
1.42e-05,1.42e-05,1.6533443157,1.4880098841,4372.1257113904
1.42e-05,1.42e-05,1.6533443157,1.4880098841,6105.4022965853
1.42e-05,1.42e-05,1.6533443157,1.5706770999,0.1
1.42e-05,1.42e-05,1.6533443157,1.5706770999,0.1396437957
1.42e-05,1.42e-05,1.6533443157,1.5706770999,0.1950038968
1.42e-05,1.42e-05,1.6533443157,1.5706770999,0.2723108433
1.42e-05,1.42e-05,1.6533443157,1.5706770999,0.3802651977
1.42e-05,1.42e-05,1.6533443157,1.5706770999,0.5310167558
1.42e-05,1.42e-05,1.6533443157,1.5706770999,0.7415319537
1.42e-05,1.42e-05,1.6533443157,1.5706770999,1.0355033665
1.42e-05,1.42e-05,1.6533443157,1.5706770999,1.4460162057
1.42e-05,1.42e-05,1.6533443157,1.5706770999,2.0192719162
1.42e-05,1.42e-05,1.6533443157,1.5706770999,2.8197879494
1.42e-05,1.42e-05,1.6533443157,1.5706770999,3.9376589236
1.42e-05,1.42e-05,1.6533443157,1.5706770999,5.498696383
1.42e-05,1.42e-05,1.6533443157,1.5706770999,7.6785883437
1.42e-05,1.42e-05,1.6533443157,1.5706770999,10.7226722201
1.42e-05,1.42e-05,1.6533443157,1.5706770999,14.9735464897
1.42e-05,1.42e-05,1.6533443157,1.5706770999,20.9096286705
1.42e-05,1.42e-05,1.6533443157,1.5706770999,29.1989991443
1.42e-05,1.42e-05,1.6533443157,1.5706770999,40.7745907144
1.42e-05,1.42e-05,1.6533443157,1.5706770999,56.9391861586
1.42e-05,1.42e-05,1.6533443157,1.5706770999,79.5120407981
1.42e-05,1.42e-05,1.6533443157,1.5706770999,111.0336318168
1.42e-05,1.42e-05,1.6533443157,1.5706770999,155.0515779833
1.42e-05,1.42e-05,1.6533443157,1.5706770999,216.5199088036
1.42e-05,1.42e-05,1.6533443157,1.5706770999,302.3566191205
1.42e-05,1.42e-05,1.6533443157,1.5706770999,422.2222595195
1.42e-05,1.42e-05,1.6533443157,1.5706770999,589.6071895242
1.42e-05,1.42e-05,1.6533443157,1.5706770999,823.3498592289
1.42e-05,1.42e-05,1.6533443157,1.5706770999,1149.7569953977
1.42e-05,1.42e-05,1.6533443157,1.5706770999,1605.5643098112
1.42e-05,1.42e-05,1.6533443157,1.5706770999,2242.0709447806
1.42e-05,1.42e-05,1.6533443157,1.5706770999,3130.912969796
1.42e-05,1.42e-05,1.6533443157,1.5706770999,4372.1257113904
1.42e-05,1.42e-05,1.6533443157,1.5706770999,6105.4022965853
1.42e-05,1.42e-05,1.6533443157,1.6368108725,0.1
1.42e-05,1.42e-05,1.6533443157,1.6368108725,0.1396437957
1.42e-05,1.42e-05,1.6533443157,1.6368108725,0.1950038968
1.42e-05,1.42e-05,1.6533443157,1.6368108725,0.2723108433
1.42e-05,1.42e-05,1.6533443157,1.6368108725,0.3802651977
1.42e-05,1.42e-05,1.6533443157,1.6368108725,0.5310167558
1.42e-05,1.42e-05,1.6533443157,1.6368108725,0.7415319537
1.42e-05,1.42e-05,1.6533443157,1.6368108725,1.0355033665
1.42e-05,1.42e-05,1.6533443157,1.6368108725,1.4460162057
1.42e-05,1.42e-05,1.6533443157,1.6368108725,2.0192719162
1.42e-05,1.42e-05,1.6533443157,1.6368108725,2.8197879494
1.42e-05,1.42e-05,1.6533443157,1.6368108725,3.9376589236
1.42e-05,1.42e-05,1.6533443157,1.6368108725,5.498696383
1.42e-05,1.42e-05,1.6533443157,1.6368108725,7.6785883437
1.42e-05,1.42e-05,1.6533443157,1.6368108725,10.7226722201
1.42e-05,1.42e-05,1.6533443157,1.6368108725,14.9735464897
1.42e-05,1.42e-05,1.6533443157,1.6368108725,20.9096286705
1.42e-05,1.42e-05,1.6533443157,1.6368108725,29.1989991443
1.42e-05,1.42e-05,1.6533443157,1.6368108725,40.7745907144
1.42e-05,1.42e-05,1.6533443157,1.6368108725,56.9391861586
1.42e-05,1.42e-05,1.6533443157,1.6368108725,79.5120407981
1.42e-05,1.42e-05,1.6533443157,1.6368108725,111.0336318168
1.42e-05,1.42e-05,1.6533443157,1.6368108725,155.0515779833
1.42e-05,1.42e-05,1.6533443157,1.6368108725,216.5199088036
1.42e-05,1.42e-05,1.6533443157,1.6368108725,302.3566191205
1.42e-05,1.42e-05,1.6533443157,1.6368108725,422.2222595195
1.42e-05,1.42e-05,1.6533443157,1.6368108725,589.6071895242
1.42e-05,1.42e-05,1.6533443157,1.6368108725,823.3498592289
1.42e-05,1.42e-05,1.6533443157,1.6368108725,1149.7569953977
1.42e-05,1.42e-05,1.6533443157,1.6368108725,1605.5643098112
1.42e-05,1.42e-05,1.6533443157,1.6368108725,2242.0709447806
1.42e-05,1.42e-05,1.6533443157,1.6368108725,3130.912969796
1.42e-05,1.42e-05,1.6533443157,1.6368108725,4372.1257113904
1.42e-05,1.42e-05,1.6533443157,1.6368108725,6105.4022965853
1.42e-05,1.42e-05,1.8417192768,0.1841719277,0.1
1.42e-05,1.42e-05,1.8417192768,0.1841719277,0.1396437957
1.42e-05,1.42e-05,1.8417192768,0.1841719277,0.1950038968
1.42e-05,1.42e-05,1.8417192768,0.1841719277,0.2723108433
1.42e-05,1.42e-05,1.8417192768,0.1841719277,0.3802651977
1.42e-05,1.42e-05,1.8417192768,0.1841719277,0.5310167558
1.42e-05,1.42e-05,1.8417192768,0.1841719277,0.7415319537
1.42e-05,1.42e-05,1.8417192768,0.1841719277,1.0355033665
1.42e-05,1.42e-05,1.8417192768,0.1841719277,1.4460162057
1.42e-05,1.42e-05,1.8417192768,0.1841719277,2.0192719162
1.42e-05,1.42e-05,1.8417192768,0.1841719277,2.8197879494
1.42e-05,1.42e-05,1.8417192768,0.1841719277,3.9376589236
1.42e-05,1.42e-05,1.8417192768,0.1841719277,5.498696383
1.42e-05,1.42e-05,1.8417192768,0.1841719277,7.6785883437
1.42e-05,1.42e-05,1.8417192768,0.1841719277,10.7226722201
1.42e-05,1.42e-05,1.8417192768,0.1841719277,14.9735464897
1.42e-05,1.42e-05,1.8417192768,0.1841719277,20.9096286705
1.42e-05,1.42e-05,1.8417192768,0.1841719277,29.1989991443
1.42e-05,1.42e-05,1.8417192768,0.1841719277,40.7745907144
1.42e-05,1.42e-05,1.8417192768,0.1841719277,56.9391861586
1.42e-05,1.42e-05,1.8417192768,0.1841719277,79.5120407981
1.42e-05,1.42e-05,1.8417192768,0.1841719277,111.0336318168
1.42e-05,1.42e-05,1.8417192768,0.1841719277,155.0515779833
1.42e-05,1.42e-05,1.8417192768,0.1841719277,216.5199088036
1.42e-05,1.42e-05,1.8417192768,0.1841719277,302.3566191205
1.42e-05,1.42e-05,1.8417192768,0.1841719277,422.2222595195
1.42e-05,1.42e-05,1.8417192768,0.1841719277,589.6071895242
1.42e-05,1.42e-05,1.8417192768,0.1841719277,823.3498592289
1.42e-05,1.42e-05,1.8417192768,0.1841719277,1149.7569953977
1.42e-05,1.42e-05,1.8417192768,0.1841719277,1605.5643098112
1.42e-05,1.42e-05,1.8417192768,0.1841719277,2242.0709447806
1.42e-05,1.42e-05,1.8417192768,0.1841719277,3130.912969796
1.42e-05,1.42e-05,1.8417192768,0.1841719277,4372.1257113904
1.42e-05,1.42e-05,1.8417192768,0.1841719277,6105.4022965853
1.42e-05,1.42e-05,1.8417192768,0.2762578915,0.1
1.42e-05,1.42e-05,1.8417192768,0.2762578915,0.1396437957
1.42e-05,1.42e-05,1.8417192768,0.2762578915,0.1950038968
1.42e-05,1.42e-05,1.8417192768,0.2762578915,0.2723108433
1.42e-05,1.42e-05,1.8417192768,0.2762578915,0.3802651977
1.42e-05,1.42e-05,1.8417192768,0.2762578915,0.5310167558
1.42e-05,1.42e-05,1.8417192768,0.2762578915,0.7415319537
1.42e-05,1.42e-05,1.8417192768,0.2762578915,1.0355033665
1.42e-05,1.42e-05,1.8417192768,0.2762578915,1.4460162057
1.42e-05,1.42e-05,1.8417192768,0.2762578915,2.0192719162
1.42e-05,1.42e-05,1.8417192768,0.2762578915,2.8197879494
1.42e-05,1.42e-05,1.8417192768,0.2762578915,3.9376589236
1.42e-05,1.42e-05,1.8417192768,0.2762578915,5.498696383
1.42e-05,1.42e-05,1.8417192768,0.2762578915,7.6785883437
1.42e-05,1.42e-05,1.8417192768,0.2762578915,10.7226722201
1.42e-05,1.42e-05,1.8417192768,0.2762578915,14.9735464897
1.42e-05,1.42e-05,1.8417192768,0.2762578915,20.9096286705
1.42e-05,1.42e-05,1.8417192768,0.2762578915,29.1989991443
1.42e-05,1.42e-05,1.8417192768,0.2762578915,40.7745907144
1.42e-05,1.42e-05,1.8417192768,0.2762578915,56.9391861586
1.42e-05,1.42e-05,1.8417192768,0.2762578915,79.5120407981
1.42e-05,1.42e-05,1.8417192768,0.2762578915,111.0336318168
1.42e-05,1.42e-05,1.8417192768,0.2762578915,155.0515779833
1.42e-05,1.42e-05,1.8417192768,0.2762578915,216.5199088036
1.42e-05,1.42e-05,1.8417192768,0.2762578915,302.3566191205
1.42e-05,1.42e-05,1.8417192768,0.2762578915,422.2222595195
1.42e-05,1.42e-05,1.8417192768,0.2762578915,589.6071895242
1.42e-05,1.42e-05,1.8417192768,0.2762578915,823.3498592289
1.42e-05,1.42e-05,1.8417192768,0.2762578915,1149.7569953977
1.42e-05,1.42e-05,1.8417192768,0.2762578915,1605.5643098112
1.42e-05,1.42e-05,1.8417192768,0.2762578915,2242.0709447806
1.42e-05,1.42e-05,1.8417192768,0.2762578915,3130.912969796
1.42e-05,1.42e-05,1.8417192768,0.2762578915,4372.1257113904
1.42e-05,1.42e-05,1.8417192768,0.2762578915,6105.4022965853
1.42e-05,1.42e-05,1.8417192768,0.3683438554,0.1
1.42e-05,1.42e-05,1.8417192768,0.3683438554,0.1396437957
1.42e-05,1.42e-05,1.8417192768,0.3683438554,0.1950038968
1.42e-05,1.42e-05,1.8417192768,0.3683438554,0.2723108433
1.42e-05,1.42e-05,1.8417192768,0.3683438554,0.3802651977
1.42e-05,1.42e-05,1.8417192768,0.3683438554,0.5310167558
1.42e-05,1.42e-05,1.8417192768,0.3683438554,0.7415319537
1.42e-05,1.42e-05,1.8417192768,0.3683438554,1.0355033665
1.42e-05,1.42e-05,1.8417192768,0.3683438554,1.4460162057
1.42e-05,1.42e-05,1.8417192768,0.3683438554,2.0192719162
1.42e-05,1.42e-05,1.8417192768,0.3683438554,2.8197879494
1.42e-05,1.42e-05,1.8417192768,0.3683438554,3.9376589236
1.42e-05,1.42e-05,1.8417192768,0.3683438554,5.498696383
1.42e-05,1.42e-05,1.8417192768,0.3683438554,7.6785883437
1.42e-05,1.42e-05,1.8417192768,0.3683438554,10.7226722201
1.42e-05,1.42e-05,1.8417192768,0.3683438554,14.9735464897
1.42e-05,1.42e-05,1.8417192768,0.3683438554,20.9096286705
1.42e-05,1.42e-05,1.8417192768,0.3683438554,29.1989991443
1.42e-05,1.42e-05,1.8417192768,0.3683438554,40.7745907144
1.42e-05,1.42e-05,1.8417192768,0.3683438554,56.9391861586
1.42e-05,1.42e-05,1.8417192768,0.3683438554,79.5120407981
1.42e-05,1.42e-05,1.8417192768,0.3683438554,111.0336318168
1.42e-05,1.42e-05,1.8417192768,0.3683438554,155.0515779833
1.42e-05,1.42e-05,1.8417192768,0.3683438554,216.5199088036
1.42e-05,1.42e-05,1.8417192768,0.3683438554,302.3566191205
1.42e-05,1.42e-05,1.8417192768,0.3683438554,422.2222595195
1.42e-05,1.42e-05,1.8417192768,0.3683438554,589.6071895242
1.42e-05,1.42e-05,1.8417192768,0.3683438554,823.3498592289
1.42e-05,1.42e-05,1.8417192768,0.3683438554,1149.7569953977
1.42e-05,1.42e-05,1.8417192768,0.3683438554,1605.5643098112
1.42e-05,1.42e-05,1.8417192768,0.3683438554,2242.0709447806
1.42e-05,1.42e-05,1.8417192768,0.3683438554,3130.912969796
1.42e-05,1.42e-05,1.8417192768,0.3683438554,4372.1257113904
1.42e-05,1.42e-05,1.8417192768,0.3683438554,6105.4022965853
1.42e-05,1.42e-05,1.8417192768,0.4604298192,0.1
1.42e-05,1.42e-05,1.8417192768,0.4604298192,0.1396437957
1.42e-05,1.42e-05,1.8417192768,0.4604298192,0.1950038968
1.42e-05,1.42e-05,1.8417192768,0.4604298192,0.2723108433
1.42e-05,1.42e-05,1.8417192768,0.4604298192,0.3802651977
1.42e-05,1.42e-05,1.8417192768,0.4604298192,0.5310167558
1.42e-05,1.42e-05,1.8417192768,0.4604298192,0.7415319537
1.42e-05,1.42e-05,1.8417192768,0.4604298192,1.0355033665
1.42e-05,1.42e-05,1.8417192768,0.4604298192,1.4460162057
1.42e-05,1.42e-05,1.8417192768,0.4604298192,2.0192719162
1.42e-05,1.42e-05,1.8417192768,0.4604298192,2.8197879494
1.42e-05,1.42e-05,1.8417192768,0.4604298192,3.9376589236
1.42e-05,1.42e-05,1.8417192768,0.4604298192,5.498696383
1.42e-05,1.42e-05,1.8417192768,0.4604298192,7.6785883437
1.42e-05,1.42e-05,1.8417192768,0.4604298192,10.7226722201
1.42e-05,1.42e-05,1.8417192768,0.4604298192,14.9735464897
1.42e-05,1.42e-05,1.8417192768,0.4604298192,20.9096286705
1.42e-05,1.42e-05,1.8417192768,0.4604298192,29.1989991443
1.42e-05,1.42e-05,1.8417192768,0.4604298192,40.7745907144
1.42e-05,1.42e-05,1.8417192768,0.4604298192,56.9391861586
1.42e-05,1.42e-05,1.8417192768,0.4604298192,79.5120407981
1.42e-05,1.42e-05,1.8417192768,0.4604298192,111.0336318168
1.42e-05,1.42e-05,1.8417192768,0.4604298192,155.0515779833
1.42e-05,1.42e-05,1.8417192768,0.4604298192,216.5199088036
1.42e-05,1.42e-05,1.8417192768,0.4604298192,302.3566191205
1.42e-05,1.42e-05,1.8417192768,0.4604298192,422.2222595195
1.42e-05,1.42e-05,1.8417192768,0.4604298192,589.6071895242
1.42e-05,1.42e-05,1.8417192768,0.4604298192,823.3498592289
1.42e-05,1.42e-05,1.8417192768,0.4604298192,1149.7569953977
1.42e-05,1.42e-05,1.8417192768,0.4604298192,1605.5643098112
1.42e-05,1.42e-05,1.8417192768,0.4604298192,2242.0709447806
1.42e-05,1.42e-05,1.8417192768,0.4604298192,3130.912969796
1.42e-05,1.42e-05,1.8417192768,0.4604298192,4372.1257113904
1.42e-05,1.42e-05,1.8417192768,0.4604298192,6105.4022965853
1.42e-05,1.42e-05,1.8417192768,0.552515783,0.1
1.42e-05,1.42e-05,1.8417192768,0.552515783,0.1396437957
1.42e-05,1.42e-05,1.8417192768,0.552515783,0.1950038968
1.42e-05,1.42e-05,1.8417192768,0.552515783,0.2723108433
1.42e-05,1.42e-05,1.8417192768,0.552515783,0.3802651977
1.42e-05,1.42e-05,1.8417192768,0.552515783,0.5310167558
1.42e-05,1.42e-05,1.8417192768,0.552515783,0.7415319537
1.42e-05,1.42e-05,1.8417192768,0.552515783,1.0355033665
1.42e-05,1.42e-05,1.8417192768,0.552515783,1.4460162057
1.42e-05,1.42e-05,1.8417192768,0.552515783,2.0192719162
1.42e-05,1.42e-05,1.8417192768,0.552515783,2.8197879494
1.42e-05,1.42e-05,1.8417192768,0.552515783,3.9376589236
1.42e-05,1.42e-05,1.8417192768,0.552515783,5.498696383
1.42e-05,1.42e-05,1.8417192768,0.552515783,7.6785883437
1.42e-05,1.42e-05,1.8417192768,0.552515783,10.7226722201
1.42e-05,1.42e-05,1.8417192768,0.552515783,14.9735464897
1.42e-05,1.42e-05,1.8417192768,0.552515783,20.9096286705
1.42e-05,1.42e-05,1.8417192768,0.552515783,29.1989991443
1.42e-05,1.42e-05,1.8417192768,0.552515783,40.7745907144
1.42e-05,1.42e-05,1.8417192768,0.552515783,56.9391861586
1.42e-05,1.42e-05,1.8417192768,0.552515783,79.5120407981
1.42e-05,1.42e-05,1.8417192768,0.552515783,111.0336318168
1.42e-05,1.42e-05,1.8417192768,0.552515783,155.0515779833
1.42e-05,1.42e-05,1.8417192768,0.552515783,216.5199088036
1.42e-05,1.42e-05,1.8417192768,0.552515783,302.3566191205
1.42e-05,1.42e-05,1.8417192768,0.552515783,422.2222595195
1.42e-05,1.42e-05,1.8417192768,0.552515783,589.6071895242
1.42e-05,1.42e-05,1.8417192768,0.552515783,823.3498592289
1.42e-05,1.42e-05,1.8417192768,0.552515783,1149.7569953977
1.42e-05,1.42e-05,1.8417192768,0.552515783,1605.5643098112
1.42e-05,1.42e-05,1.8417192768,0.552515783,2242.0709447806
1.42e-05,1.42e-05,1.8417192768,0.552515783,3130.912969796
1.42e-05,1.42e-05,1.8417192768,0.552515783,4372.1257113904
1.42e-05,1.42e-05,1.8417192768,0.552515783,6105.4022965853
1.42e-05,1.42e-05,1.8417192768,0.6446017469,0.1
1.42e-05,1.42e-05,1.8417192768,0.6446017469,0.1396437957
1.42e-05,1.42e-05,1.8417192768,0.6446017469,0.1950038968
1.42e-05,1.42e-05,1.8417192768,0.6446017469,0.2723108433
1.42e-05,1.42e-05,1.8417192768,0.6446017469,0.3802651977
1.42e-05,1.42e-05,1.8417192768,0.6446017469,0.5310167558
1.42e-05,1.42e-05,1.8417192768,0.6446017469,0.7415319537
1.42e-05,1.42e-05,1.8417192768,0.6446017469,1.0355033665
1.42e-05,1.42e-05,1.8417192768,0.6446017469,1.4460162057
1.42e-05,1.42e-05,1.8417192768,0.6446017469,2.0192719162
1.42e-05,1.42e-05,1.8417192768,0.6446017469,2.8197879494
1.42e-05,1.42e-05,1.8417192768,0.6446017469,3.9376589236
1.42e-05,1.42e-05,1.8417192768,0.6446017469,5.498696383
1.42e-05,1.42e-05,1.8417192768,0.6446017469,7.6785883437
1.42e-05,1.42e-05,1.8417192768,0.6446017469,10.7226722201
1.42e-05,1.42e-05,1.8417192768,0.6446017469,14.9735464897
1.42e-05,1.42e-05,1.8417192768,0.6446017469,20.9096286705
1.42e-05,1.42e-05,1.8417192768,0.6446017469,29.1989991443
1.42e-05,1.42e-05,1.8417192768,0.6446017469,40.7745907144
1.42e-05,1.42e-05,1.8417192768,0.6446017469,56.9391861586
1.42e-05,1.42e-05,1.8417192768,0.6446017469,79.5120407981
1.42e-05,1.42e-05,1.8417192768,0.6446017469,111.0336318168
1.42e-05,1.42e-05,1.8417192768,0.6446017469,155.0515779833
1.42e-05,1.42e-05,1.8417192768,0.6446017469,216.5199088036
1.42e-05,1.42e-05,1.8417192768,0.6446017469,302.3566191205
1.42e-05,1.42e-05,1.8417192768,0.6446017469,422.2222595195
1.42e-05,1.42e-05,1.8417192768,0.6446017469,589.6071895242
1.42e-05,1.42e-05,1.8417192768,0.6446017469,823.3498592289
1.42e-05,1.42e-05,1.8417192768,0.6446017469,1149.7569953977
1.42e-05,1.42e-05,1.8417192768,0.6446017469,1605.5643098112
1.42e-05,1.42e-05,1.8417192768,0.6446017469,2242.0709447806
1.42e-05,1.42e-05,1.8417192768,0.6446017469,3130.912969796
1.42e-05,1.42e-05,1.8417192768,0.6446017469,4372.1257113904
1.42e-05,1.42e-05,1.8417192768,0.6446017469,6105.4022965853
1.42e-05,1.42e-05,1.8417192768,0.7366877107,0.1
1.42e-05,1.42e-05,1.8417192768,0.7366877107,0.1396437957
1.42e-05,1.42e-05,1.8417192768,0.7366877107,0.1950038968
1.42e-05,1.42e-05,1.8417192768,0.7366877107,0.2723108433
1.42e-05,1.42e-05,1.8417192768,0.7366877107,0.3802651977
1.42e-05,1.42e-05,1.8417192768,0.7366877107,0.5310167558
1.42e-05,1.42e-05,1.8417192768,0.7366877107,0.7415319537
1.42e-05,1.42e-05,1.8417192768,0.7366877107,1.0355033665
1.42e-05,1.42e-05,1.8417192768,0.7366877107,1.4460162057
1.42e-05,1.42e-05,1.8417192768,0.7366877107,2.0192719162
1.42e-05,1.42e-05,1.8417192768,0.7366877107,2.8197879494
1.42e-05,1.42e-05,1.8417192768,0.7366877107,3.9376589236
1.42e-05,1.42e-05,1.8417192768,0.7366877107,5.498696383
1.42e-05,1.42e-05,1.8417192768,0.7366877107,7.6785883437
1.42e-05,1.42e-05,1.8417192768,0.7366877107,10.7226722201
1.42e-05,1.42e-05,1.8417192768,0.7366877107,14.9735464897
1.42e-05,1.42e-05,1.8417192768,0.7366877107,20.9096286705
1.42e-05,1.42e-05,1.8417192768,0.7366877107,29.1989991443
1.42e-05,1.42e-05,1.8417192768,0.7366877107,40.7745907144
1.42e-05,1.42e-05,1.8417192768,0.7366877107,56.9391861586
1.42e-05,1.42e-05,1.8417192768,0.7366877107,79.5120407981
1.42e-05,1.42e-05,1.8417192768,0.7366877107,111.0336318168
1.42e-05,1.42e-05,1.8417192768,0.7366877107,155.0515779833
1.42e-05,1.42e-05,1.8417192768,0.7366877107,216.5199088036
1.42e-05,1.42e-05,1.8417192768,0.7366877107,302.3566191205
1.42e-05,1.42e-05,1.8417192768,0.7366877107,422.2222595195
1.42e-05,1.42e-05,1.8417192768,0.7366877107,589.6071895242
1.42e-05,1.42e-05,1.8417192768,0.7366877107,823.3498592289
1.42e-05,1.42e-05,1.8417192768,0.7366877107,1149.7569953977
1.42e-05,1.42e-05,1.8417192768,0.7366877107,1605.5643098112
1.42e-05,1.42e-05,1.8417192768,0.7366877107,2242.0709447806
1.42e-05,1.42e-05,1.8417192768,0.7366877107,3130.912969796
1.42e-05,1.42e-05,1.8417192768,0.7366877107,4372.1257113904
1.42e-05,1.42e-05,1.8417192768,0.7366877107,6105.4022965853
1.42e-05,1.42e-05,1.8417192768,0.8287736745,0.1
1.42e-05,1.42e-05,1.8417192768,0.8287736745,0.1396437957
1.42e-05,1.42e-05,1.8417192768,0.8287736745,0.1950038968
1.42e-05,1.42e-05,1.8417192768,0.8287736745,0.2723108433
1.42e-05,1.42e-05,1.8417192768,0.8287736745,0.3802651977
1.42e-05,1.42e-05,1.8417192768,0.8287736745,0.5310167558
1.42e-05,1.42e-05,1.8417192768,0.8287736745,0.7415319537
1.42e-05,1.42e-05,1.8417192768,0.8287736745,1.0355033665
1.42e-05,1.42e-05,1.8417192768,0.8287736745,1.4460162057
1.42e-05,1.42e-05,1.8417192768,0.8287736745,2.0192719162
1.42e-05,1.42e-05,1.8417192768,0.8287736745,2.8197879494
1.42e-05,1.42e-05,1.8417192768,0.8287736745,3.9376589236
1.42e-05,1.42e-05,1.8417192768,0.8287736745,5.498696383
1.42e-05,1.42e-05,1.8417192768,0.8287736745,7.6785883437
1.42e-05,1.42e-05,1.8417192768,0.8287736745,10.7226722201
1.42e-05,1.42e-05,1.8417192768,0.8287736745,14.9735464897
1.42e-05,1.42e-05,1.8417192768,0.8287736745,20.9096286705
1.42e-05,1.42e-05,1.8417192768,0.8287736745,29.1989991443
1.42e-05,1.42e-05,1.8417192768,0.8287736745,40.7745907144
1.42e-05,1.42e-05,1.8417192768,0.8287736745,56.9391861586
1.42e-05,1.42e-05,1.8417192768,0.8287736745,79.5120407981
1.42e-05,1.42e-05,1.8417192768,0.8287736745,111.0336318168
1.42e-05,1.42e-05,1.8417192768,0.8287736745,155.0515779833
1.42e-05,1.42e-05,1.8417192768,0.8287736745,216.5199088036
1.42e-05,1.42e-05,1.8417192768,0.8287736745,302.3566191205
1.42e-05,1.42e-05,1.8417192768,0.8287736745,422.2222595195
1.42e-05,1.42e-05,1.8417192768,0.8287736745,589.6071895242
1.42e-05,1.42e-05,1.8417192768,0.8287736745,823.3498592289
1.42e-05,1.42e-05,1.8417192768,0.8287736745,1149.7569953977
1.42e-05,1.42e-05,1.8417192768,0.8287736745,1605.5643098112
1.42e-05,1.42e-05,1.8417192768,0.8287736745,2242.0709447806
1.42e-05,1.42e-05,1.8417192768,0.8287736745,3130.912969796
1.42e-05,1.42e-05,1.8417192768,0.8287736745,4372.1257113904
1.42e-05,1.42e-05,1.8417192768,0.8287736745,6105.4022965853
1.42e-05,1.42e-05,1.8417192768,0.9208596384,0.1
1.42e-05,1.42e-05,1.8417192768,0.9208596384,0.1396437957
1.42e-05,1.42e-05,1.8417192768,0.9208596384,0.1950038968
1.42e-05,1.42e-05,1.8417192768,0.9208596384,0.2723108433
1.42e-05,1.42e-05,1.8417192768,0.9208596384,0.3802651977
1.42e-05,1.42e-05,1.8417192768,0.9208596384,0.5310167558
1.42e-05,1.42e-05,1.8417192768,0.9208596384,0.7415319537
1.42e-05,1.42e-05,1.8417192768,0.9208596384,1.0355033665
1.42e-05,1.42e-05,1.8417192768,0.9208596384,1.4460162057
1.42e-05,1.42e-05,1.8417192768,0.9208596384,2.0192719162
1.42e-05,1.42e-05,1.8417192768,0.9208596384,2.8197879494
1.42e-05,1.42e-05,1.8417192768,0.9208596384,3.9376589236
1.42e-05,1.42e-05,1.8417192768,0.9208596384,5.498696383
1.42e-05,1.42e-05,1.8417192768,0.9208596384,7.6785883437
1.42e-05,1.42e-05,1.8417192768,0.9208596384,10.7226722201
1.42e-05,1.42e-05,1.8417192768,0.9208596384,14.9735464897
1.42e-05,1.42e-05,1.8417192768,0.9208596384,20.9096286705
1.42e-05,1.42e-05,1.8417192768,0.9208596384,29.1989991443
1.42e-05,1.42e-05,1.8417192768,0.9208596384,40.7745907144
1.42e-05,1.42e-05,1.8417192768,0.9208596384,56.9391861586
1.42e-05,1.42e-05,1.8417192768,0.9208596384,79.5120407981
1.42e-05,1.42e-05,1.8417192768,0.9208596384,111.0336318168
1.42e-05,1.42e-05,1.8417192768,0.9208596384,155.0515779833
1.42e-05,1.42e-05,1.8417192768,0.9208596384,216.5199088036
1.42e-05,1.42e-05,1.8417192768,0.9208596384,302.3566191205
1.42e-05,1.42e-05,1.8417192768,0.9208596384,422.2222595195
1.42e-05,1.42e-05,1.8417192768,0.9208596384,589.6071895242
1.42e-05,1.42e-05,1.8417192768,0.9208596384,823.3498592289
1.42e-05,1.42e-05,1.8417192768,0.9208596384,1149.7569953977
1.42e-05,1.42e-05,1.8417192768,0.9208596384,1605.5643098112
1.42e-05,1.42e-05,1.8417192768,0.9208596384,2242.0709447806
1.42e-05,1.42e-05,1.8417192768,0.9208596384,3130.912969796
1.42e-05,1.42e-05,1.8417192768,0.9208596384,4372.1257113904
1.42e-05,1.42e-05,1.8417192768,0.9208596384,6105.4022965853
1.42e-05,1.42e-05,1.8417192768,1.0129456022,0.1
1.42e-05,1.42e-05,1.8417192768,1.0129456022,0.1396437957
1.42e-05,1.42e-05,1.8417192768,1.0129456022,0.1950038968
1.42e-05,1.42e-05,1.8417192768,1.0129456022,0.2723108433
1.42e-05,1.42e-05,1.8417192768,1.0129456022,0.3802651977
1.42e-05,1.42e-05,1.8417192768,1.0129456022,0.5310167558
1.42e-05,1.42e-05,1.8417192768,1.0129456022,0.7415319537
1.42e-05,1.42e-05,1.8417192768,1.0129456022,1.0355033665
1.42e-05,1.42e-05,1.8417192768,1.0129456022,1.4460162057
1.42e-05,1.42e-05,1.8417192768,1.0129456022,2.0192719162
1.42e-05,1.42e-05,1.8417192768,1.0129456022,2.8197879494
1.42e-05,1.42e-05,1.8417192768,1.0129456022,3.9376589236
1.42e-05,1.42e-05,1.8417192768,1.0129456022,5.498696383
1.42e-05,1.42e-05,1.8417192768,1.0129456022,7.6785883437
1.42e-05,1.42e-05,1.8417192768,1.0129456022,10.7226722201
1.42e-05,1.42e-05,1.8417192768,1.0129456022,14.9735464897
1.42e-05,1.42e-05,1.8417192768,1.0129456022,20.9096286705
1.42e-05,1.42e-05,1.8417192768,1.0129456022,29.1989991443
1.42e-05,1.42e-05,1.8417192768,1.0129456022,40.7745907144
1.42e-05,1.42e-05,1.8417192768,1.0129456022,56.9391861586
1.42e-05,1.42e-05,1.8417192768,1.0129456022,79.5120407981
1.42e-05,1.42e-05,1.8417192768,1.0129456022,111.0336318168
1.42e-05,1.42e-05,1.8417192768,1.0129456022,155.0515779833
1.42e-05,1.42e-05,1.8417192768,1.0129456022,216.5199088036
1.42e-05,1.42e-05,1.8417192768,1.0129456022,302.3566191205
1.42e-05,1.42e-05,1.8417192768,1.0129456022,422.2222595195
1.42e-05,1.42e-05,1.8417192768,1.0129456022,589.6071895242
1.42e-05,1.42e-05,1.8417192768,1.0129456022,823.3498592289
1.42e-05,1.42e-05,1.8417192768,1.0129456022,1149.7569953977
1.42e-05,1.42e-05,1.8417192768,1.0129456022,1605.5643098112
1.42e-05,1.42e-05,1.8417192768,1.0129456022,2242.0709447806
1.42e-05,1.42e-05,1.8417192768,1.0129456022,3130.912969796
1.42e-05,1.42e-05,1.8417192768,1.0129456022,4372.1257113904
1.42e-05,1.42e-05,1.8417192768,1.0129456022,6105.4022965853
1.42e-05,1.42e-05,1.8417192768,1.1050315661,0.1
1.42e-05,1.42e-05,1.8417192768,1.1050315661,0.1396437957
1.42e-05,1.42e-05,1.8417192768,1.1050315661,0.1950038968
1.42e-05,1.42e-05,1.8417192768,1.1050315661,0.2723108433
1.42e-05,1.42e-05,1.8417192768,1.1050315661,0.3802651977
1.42e-05,1.42e-05,1.8417192768,1.1050315661,0.5310167558
1.42e-05,1.42e-05,1.8417192768,1.1050315661,0.7415319537
1.42e-05,1.42e-05,1.8417192768,1.1050315661,1.0355033665
1.42e-05,1.42e-05,1.8417192768,1.1050315661,1.4460162057
1.42e-05,1.42e-05,1.8417192768,1.1050315661,2.0192719162
1.42e-05,1.42e-05,1.8417192768,1.1050315661,2.8197879494
1.42e-05,1.42e-05,1.8417192768,1.1050315661,3.9376589236
1.42e-05,1.42e-05,1.8417192768,1.1050315661,5.498696383
1.42e-05,1.42e-05,1.8417192768,1.1050315661,7.6785883437
1.42e-05,1.42e-05,1.8417192768,1.1050315661,10.7226722201
1.42e-05,1.42e-05,1.8417192768,1.1050315661,14.9735464897
1.42e-05,1.42e-05,1.8417192768,1.1050315661,20.9096286705
1.42e-05,1.42e-05,1.8417192768,1.1050315661,29.1989991443
1.42e-05,1.42e-05,1.8417192768,1.1050315661,40.7745907144
1.42e-05,1.42e-05,1.8417192768,1.1050315661,56.9391861586
1.42e-05,1.42e-05,1.8417192768,1.1050315661,79.5120407981
1.42e-05,1.42e-05,1.8417192768,1.1050315661,111.0336318168
1.42e-05,1.42e-05,1.8417192768,1.1050315661,155.0515779833
1.42e-05,1.42e-05,1.8417192768,1.1050315661,216.5199088036
1.42e-05,1.42e-05,1.8417192768,1.1050315661,302.3566191205
1.42e-05,1.42e-05,1.8417192768,1.1050315661,422.2222595195
1.42e-05,1.42e-05,1.8417192768,1.1050315661,589.6071895242
1.42e-05,1.42e-05,1.8417192768,1.1050315661,823.3498592289
1.42e-05,1.42e-05,1.8417192768,1.1050315661,1149.7569953977
1.42e-05,1.42e-05,1.8417192768,1.1050315661,1605.5643098112
1.42e-05,1.42e-05,1.8417192768,1.1050315661,2242.0709447806
1.42e-05,1.42e-05,1.8417192768,1.1050315661,3130.912969796
1.42e-05,1.42e-05,1.8417192768,1.1050315661,4372.1257113904
1.42e-05,1.42e-05,1.8417192768,1.1050315661,6105.4022965853
1.42e-05,1.42e-05,1.8417192768,1.1971175299,0.1
1.42e-05,1.42e-05,1.8417192768,1.1971175299,0.1396437957
1.42e-05,1.42e-05,1.8417192768,1.1971175299,0.1950038968
1.42e-05,1.42e-05,1.8417192768,1.1971175299,0.2723108433
1.42e-05,1.42e-05,1.8417192768,1.1971175299,0.3802651977
1.42e-05,1.42e-05,1.8417192768,1.1971175299,0.5310167558
1.42e-05,1.42e-05,1.8417192768,1.1971175299,0.7415319537
1.42e-05,1.42e-05,1.8417192768,1.1971175299,1.0355033665
1.42e-05,1.42e-05,1.8417192768,1.1971175299,1.4460162057
1.42e-05,1.42e-05,1.8417192768,1.1971175299,2.0192719162
1.42e-05,1.42e-05,1.8417192768,1.1971175299,2.8197879494
1.42e-05,1.42e-05,1.8417192768,1.1971175299,3.9376589236
1.42e-05,1.42e-05,1.8417192768,1.1971175299,5.498696383
1.42e-05,1.42e-05,1.8417192768,1.1971175299,7.6785883437
1.42e-05,1.42e-05,1.8417192768,1.1971175299,10.7226722201
1.42e-05,1.42e-05,1.8417192768,1.1971175299,14.9735464897
1.42e-05,1.42e-05,1.8417192768,1.1971175299,20.9096286705
1.42e-05,1.42e-05,1.8417192768,1.1971175299,29.1989991443
1.42e-05,1.42e-05,1.8417192768,1.1971175299,40.7745907144
1.42e-05,1.42e-05,1.8417192768,1.1971175299,56.9391861586
1.42e-05,1.42e-05,1.8417192768,1.1971175299,79.5120407981
1.42e-05,1.42e-05,1.8417192768,1.1971175299,111.0336318168
1.42e-05,1.42e-05,1.8417192768,1.1971175299,155.0515779833
1.42e-05,1.42e-05,1.8417192768,1.1971175299,216.5199088036
1.42e-05,1.42e-05,1.8417192768,1.1971175299,302.3566191205
1.42e-05,1.42e-05,1.8417192768,1.1971175299,422.2222595195
1.42e-05,1.42e-05,1.8417192768,1.1971175299,589.6071895242
1.42e-05,1.42e-05,1.8417192768,1.1971175299,823.3498592289
1.42e-05,1.42e-05,1.8417192768,1.1971175299,1149.7569953977
1.42e-05,1.42e-05,1.8417192768,1.1971175299,1605.5643098112
1.42e-05,1.42e-05,1.8417192768,1.1971175299,2242.0709447806
1.42e-05,1.42e-05,1.8417192768,1.1971175299,3130.912969796
1.42e-05,1.42e-05,1.8417192768,1.1971175299,4372.1257113904
1.42e-05,1.42e-05,1.8417192768,1.1971175299,6105.4022965853
1.42e-05,1.42e-05,1.8417192768,1.2892034937,0.1
1.42e-05,1.42e-05,1.8417192768,1.2892034937,0.1396437957
1.42e-05,1.42e-05,1.8417192768,1.2892034937,0.1950038968
1.42e-05,1.42e-05,1.8417192768,1.2892034937,0.2723108433
1.42e-05,1.42e-05,1.8417192768,1.2892034937,0.3802651977
1.42e-05,1.42e-05,1.8417192768,1.2892034937,0.5310167558
1.42e-05,1.42e-05,1.8417192768,1.2892034937,0.7415319537
1.42e-05,1.42e-05,1.8417192768,1.2892034937,1.0355033665
1.42e-05,1.42e-05,1.8417192768,1.2892034937,1.4460162057
1.42e-05,1.42e-05,1.8417192768,1.2892034937,2.0192719162
1.42e-05,1.42e-05,1.8417192768,1.2892034937,2.8197879494
1.42e-05,1.42e-05,1.8417192768,1.2892034937,3.9376589236
1.42e-05,1.42e-05,1.8417192768,1.2892034937,5.498696383
1.42e-05,1.42e-05,1.8417192768,1.2892034937,7.6785883437
1.42e-05,1.42e-05,1.8417192768,1.2892034937,10.7226722201
1.42e-05,1.42e-05,1.8417192768,1.2892034937,14.9735464897
1.42e-05,1.42e-05,1.8417192768,1.2892034937,20.9096286705
1.42e-05,1.42e-05,1.8417192768,1.2892034937,29.1989991443
1.42e-05,1.42e-05,1.8417192768,1.2892034937,40.7745907144
1.42e-05,1.42e-05,1.8417192768,1.2892034937,56.9391861586
1.42e-05,1.42e-05,1.8417192768,1.2892034937,79.5120407981
1.42e-05,1.42e-05,1.8417192768,1.2892034937,111.0336318168
1.42e-05,1.42e-05,1.8417192768,1.2892034937,155.0515779833
1.42e-05,1.42e-05,1.8417192768,1.2892034937,216.5199088036
1.42e-05,1.42e-05,1.8417192768,1.2892034937,302.3566191205
1.42e-05,1.42e-05,1.8417192768,1.2892034937,422.2222595195
1.42e-05,1.42e-05,1.8417192768,1.2892034937,589.6071895242
1.42e-05,1.42e-05,1.8417192768,1.2892034937,823.3498592289
1.42e-05,1.42e-05,1.8417192768,1.2892034937,1149.7569953977
1.42e-05,1.42e-05,1.8417192768,1.2892034937,1605.5643098112
1.42e-05,1.42e-05,1.8417192768,1.2892034937,2242.0709447806
1.42e-05,1.42e-05,1.8417192768,1.2892034937,3130.912969796
1.42e-05,1.42e-05,1.8417192768,1.2892034937,4372.1257113904
1.42e-05,1.42e-05,1.8417192768,1.2892034937,6105.4022965853
1.42e-05,1.42e-05,1.8417192768,1.3812894576,0.1
1.42e-05,1.42e-05,1.8417192768,1.3812894576,0.1396437957
1.42e-05,1.42e-05,1.8417192768,1.3812894576,0.1950038968
1.42e-05,1.42e-05,1.8417192768,1.3812894576,0.2723108433
1.42e-05,1.42e-05,1.8417192768,1.3812894576,0.3802651977
1.42e-05,1.42e-05,1.8417192768,1.3812894576,0.5310167558
1.42e-05,1.42e-05,1.8417192768,1.3812894576,0.7415319537
1.42e-05,1.42e-05,1.8417192768,1.3812894576,1.0355033665
1.42e-05,1.42e-05,1.8417192768,1.3812894576,1.4460162057
1.42e-05,1.42e-05,1.8417192768,1.3812894576,2.0192719162
1.42e-05,1.42e-05,1.8417192768,1.3812894576,2.8197879494
1.42e-05,1.42e-05,1.8417192768,1.3812894576,3.9376589236
1.42e-05,1.42e-05,1.8417192768,1.3812894576,5.498696383
1.42e-05,1.42e-05,1.8417192768,1.3812894576,7.6785883437
1.42e-05,1.42e-05,1.8417192768,1.3812894576,10.7226722201
1.42e-05,1.42e-05,1.8417192768,1.3812894576,14.9735464897
1.42e-05,1.42e-05,1.8417192768,1.3812894576,20.9096286705
1.42e-05,1.42e-05,1.8417192768,1.3812894576,29.1989991443
1.42e-05,1.42e-05,1.8417192768,1.3812894576,40.7745907144
1.42e-05,1.42e-05,1.8417192768,1.3812894576,56.9391861586
1.42e-05,1.42e-05,1.8417192768,1.3812894576,79.5120407981
1.42e-05,1.42e-05,1.8417192768,1.3812894576,111.0336318168
1.42e-05,1.42e-05,1.8417192768,1.3812894576,155.0515779833
1.42e-05,1.42e-05,1.8417192768,1.3812894576,216.5199088036
1.42e-05,1.42e-05,1.8417192768,1.3812894576,302.3566191205
1.42e-05,1.42e-05,1.8417192768,1.3812894576,422.2222595195
1.42e-05,1.42e-05,1.8417192768,1.3812894576,589.6071895242
1.42e-05,1.42e-05,1.8417192768,1.3812894576,823.3498592289
1.42e-05,1.42e-05,1.8417192768,1.3812894576,1149.7569953977
1.42e-05,1.42e-05,1.8417192768,1.3812894576,1605.5643098112
1.42e-05,1.42e-05,1.8417192768,1.3812894576,2242.0709447806
1.42e-05,1.42e-05,1.8417192768,1.3812894576,3130.912969796
1.42e-05,1.42e-05,1.8417192768,1.3812894576,4372.1257113904
1.42e-05,1.42e-05,1.8417192768,1.3812894576,6105.4022965853
1.42e-05,1.42e-05,1.8417192768,1.4733754214,0.1
1.42e-05,1.42e-05,1.8417192768,1.4733754214,0.1396437957
1.42e-05,1.42e-05,1.8417192768,1.4733754214,0.1950038968
1.42e-05,1.42e-05,1.8417192768,1.4733754214,0.2723108433
1.42e-05,1.42e-05,1.8417192768,1.4733754214,0.3802651977
1.42e-05,1.42e-05,1.8417192768,1.4733754214,0.5310167558
1.42e-05,1.42e-05,1.8417192768,1.4733754214,0.7415319537
1.42e-05,1.42e-05,1.8417192768,1.4733754214,1.0355033665
1.42e-05,1.42e-05,1.8417192768,1.4733754214,1.4460162057
1.42e-05,1.42e-05,1.8417192768,1.4733754214,2.0192719162
1.42e-05,1.42e-05,1.8417192768,1.4733754214,2.8197879494
1.42e-05,1.42e-05,1.8417192768,1.4733754214,3.9376589236
1.42e-05,1.42e-05,1.8417192768,1.4733754214,5.498696383
1.42e-05,1.42e-05,1.8417192768,1.4733754214,7.6785883437
1.42e-05,1.42e-05,1.8417192768,1.4733754214,10.7226722201
1.42e-05,1.42e-05,1.8417192768,1.4733754214,14.9735464897
1.42e-05,1.42e-05,1.8417192768,1.4733754214,20.9096286705
1.42e-05,1.42e-05,1.8417192768,1.4733754214,29.1989991443
1.42e-05,1.42e-05,1.8417192768,1.4733754214,40.7745907144
1.42e-05,1.42e-05,1.8417192768,1.4733754214,56.9391861586
1.42e-05,1.42e-05,1.8417192768,1.4733754214,79.5120407981
1.42e-05,1.42e-05,1.8417192768,1.4733754214,111.0336318168
1.42e-05,1.42e-05,1.8417192768,1.4733754214,155.0515779833
1.42e-05,1.42e-05,1.8417192768,1.4733754214,216.5199088036
1.42e-05,1.42e-05,1.8417192768,1.4733754214,302.3566191205
1.42e-05,1.42e-05,1.8417192768,1.4733754214,422.2222595195
1.42e-05,1.42e-05,1.8417192768,1.4733754214,589.6071895242
1.42e-05,1.42e-05,1.8417192768,1.4733754214,823.3498592289
1.42e-05,1.42e-05,1.8417192768,1.4733754214,1149.7569953977
1.42e-05,1.42e-05,1.8417192768,1.4733754214,1605.5643098112
1.42e-05,1.42e-05,1.8417192768,1.4733754214,2242.0709447806
1.42e-05,1.42e-05,1.8417192768,1.4733754214,3130.912969796
1.42e-05,1.42e-05,1.8417192768,1.4733754214,4372.1257113904
1.42e-05,1.42e-05,1.8417192768,1.4733754214,6105.4022965853
1.42e-05,1.42e-05,1.8417192768,1.5654613852,0.1
1.42e-05,1.42e-05,1.8417192768,1.5654613852,0.1396437957
1.42e-05,1.42e-05,1.8417192768,1.5654613852,0.1950038968
1.42e-05,1.42e-05,1.8417192768,1.5654613852,0.2723108433
1.42e-05,1.42e-05,1.8417192768,1.5654613852,0.3802651977
1.42e-05,1.42e-05,1.8417192768,1.5654613852,0.5310167558
1.42e-05,1.42e-05,1.8417192768,1.5654613852,0.7415319537
1.42e-05,1.42e-05,1.8417192768,1.5654613852,1.0355033665
1.42e-05,1.42e-05,1.8417192768,1.5654613852,1.4460162057
1.42e-05,1.42e-05,1.8417192768,1.5654613852,2.0192719162
1.42e-05,1.42e-05,1.8417192768,1.5654613852,2.8197879494
1.42e-05,1.42e-05,1.8417192768,1.5654613852,3.9376589236
1.42e-05,1.42e-05,1.8417192768,1.5654613852,5.498696383
1.42e-05,1.42e-05,1.8417192768,1.5654613852,7.6785883437
1.42e-05,1.42e-05,1.8417192768,1.5654613852,10.7226722201
1.42e-05,1.42e-05,1.8417192768,1.5654613852,14.9735464897
1.42e-05,1.42e-05,1.8417192768,1.5654613852,20.9096286705
1.42e-05,1.42e-05,1.8417192768,1.5654613852,29.1989991443
1.42e-05,1.42e-05,1.8417192768,1.5654613852,40.7745907144
1.42e-05,1.42e-05,1.8417192768,1.5654613852,56.9391861586
1.42e-05,1.42e-05,1.8417192768,1.5654613852,79.5120407981
1.42e-05,1.42e-05,1.8417192768,1.5654613852,111.0336318168
1.42e-05,1.42e-05,1.8417192768,1.5654613852,155.0515779833
1.42e-05,1.42e-05,1.8417192768,1.5654613852,216.5199088036
1.42e-05,1.42e-05,1.8417192768,1.5654613852,302.3566191205
1.42e-05,1.42e-05,1.8417192768,1.5654613852,422.2222595195
1.42e-05,1.42e-05,1.8417192768,1.5654613852,589.6071895242
1.42e-05,1.42e-05,1.8417192768,1.5654613852,823.3498592289
1.42e-05,1.42e-05,1.8417192768,1.5654613852,1149.7569953977
1.42e-05,1.42e-05,1.8417192768,1.5654613852,1605.5643098112
1.42e-05,1.42e-05,1.8417192768,1.5654613852,2242.0709447806
1.42e-05,1.42e-05,1.8417192768,1.5654613852,3130.912969796
1.42e-05,1.42e-05,1.8417192768,1.5654613852,4372.1257113904
1.42e-05,1.42e-05,1.8417192768,1.5654613852,6105.4022965853
1.42e-05,1.42e-05,1.8417192768,1.6575473491,0.1
1.42e-05,1.42e-05,1.8417192768,1.6575473491,0.1396437957
1.42e-05,1.42e-05,1.8417192768,1.6575473491,0.1950038968
1.42e-05,1.42e-05,1.8417192768,1.6575473491,0.2723108433
1.42e-05,1.42e-05,1.8417192768,1.6575473491,0.3802651977
1.42e-05,1.42e-05,1.8417192768,1.6575473491,0.5310167558
1.42e-05,1.42e-05,1.8417192768,1.6575473491,0.7415319537
1.42e-05,1.42e-05,1.8417192768,1.6575473491,1.0355033665
1.42e-05,1.42e-05,1.8417192768,1.6575473491,1.4460162057
1.42e-05,1.42e-05,1.8417192768,1.6575473491,2.0192719162
1.42e-05,1.42e-05,1.8417192768,1.6575473491,2.8197879494
1.42e-05,1.42e-05,1.8417192768,1.6575473491,3.9376589236
1.42e-05,1.42e-05,1.8417192768,1.6575473491,5.498696383
1.42e-05,1.42e-05,1.8417192768,1.6575473491,7.6785883437
1.42e-05,1.42e-05,1.8417192768,1.6575473491,10.7226722201
1.42e-05,1.42e-05,1.8417192768,1.6575473491,14.9735464897
1.42e-05,1.42e-05,1.8417192768,1.6575473491,20.9096286705
1.42e-05,1.42e-05,1.8417192768,1.6575473491,29.1989991443
1.42e-05,1.42e-05,1.8417192768,1.6575473491,40.7745907144
1.42e-05,1.42e-05,1.8417192768,1.6575473491,56.9391861586
1.42e-05,1.42e-05,1.8417192768,1.6575473491,79.5120407981
1.42e-05,1.42e-05,1.8417192768,1.6575473491,111.0336318168
1.42e-05,1.42e-05,1.8417192768,1.6575473491,155.0515779833
1.42e-05,1.42e-05,1.8417192768,1.6575473491,216.5199088036
1.42e-05,1.42e-05,1.8417192768,1.6575473491,302.3566191205
1.42e-05,1.42e-05,1.8417192768,1.6575473491,422.2222595195
1.42e-05,1.42e-05,1.8417192768,1.6575473491,589.6071895242
1.42e-05,1.42e-05,1.8417192768,1.6575473491,823.3498592289
1.42e-05,1.42e-05,1.8417192768,1.6575473491,1149.7569953977
1.42e-05,1.42e-05,1.8417192768,1.6575473491,1605.5643098112
1.42e-05,1.42e-05,1.8417192768,1.6575473491,2242.0709447806
1.42e-05,1.42e-05,1.8417192768,1.6575473491,3130.912969796
1.42e-05,1.42e-05,1.8417192768,1.6575473491,4372.1257113904
1.42e-05,1.42e-05,1.8417192768,1.6575473491,6105.4022965853
1.42e-05,1.42e-05,1.8417192768,1.7496333129,0.1
1.42e-05,1.42e-05,1.8417192768,1.7496333129,0.1396437957
1.42e-05,1.42e-05,1.8417192768,1.7496333129,0.1950038968
1.42e-05,1.42e-05,1.8417192768,1.7496333129,0.2723108433
1.42e-05,1.42e-05,1.8417192768,1.7496333129,0.3802651977
1.42e-05,1.42e-05,1.8417192768,1.7496333129,0.5310167558
1.42e-05,1.42e-05,1.8417192768,1.7496333129,0.7415319537
1.42e-05,1.42e-05,1.8417192768,1.7496333129,1.0355033665
1.42e-05,1.42e-05,1.8417192768,1.7496333129,1.4460162057
1.42e-05,1.42e-05,1.8417192768,1.7496333129,2.0192719162
1.42e-05,1.42e-05,1.8417192768,1.7496333129,2.8197879494
1.42e-05,1.42e-05,1.8417192768,1.7496333129,3.9376589236
1.42e-05,1.42e-05,1.8417192768,1.7496333129,5.498696383
1.42e-05,1.42e-05,1.8417192768,1.7496333129,7.6785883437
1.42e-05,1.42e-05,1.8417192768,1.7496333129,10.7226722201
1.42e-05,1.42e-05,1.8417192768,1.7496333129,14.9735464897
1.42e-05,1.42e-05,1.8417192768,1.7496333129,20.9096286705
1.42e-05,1.42e-05,1.8417192768,1.7496333129,29.1989991443
1.42e-05,1.42e-05,1.8417192768,1.7496333129,40.7745907144
1.42e-05,1.42e-05,1.8417192768,1.7496333129,56.9391861586
1.42e-05,1.42e-05,1.8417192768,1.7496333129,79.5120407981
1.42e-05,1.42e-05,1.8417192768,1.7496333129,111.0336318168
1.42e-05,1.42e-05,1.8417192768,1.7496333129,155.0515779833
1.42e-05,1.42e-05,1.8417192768,1.7496333129,216.5199088036
1.42e-05,1.42e-05,1.8417192768,1.7496333129,302.3566191205
1.42e-05,1.42e-05,1.8417192768,1.7496333129,422.2222595195
1.42e-05,1.42e-05,1.8417192768,1.7496333129,589.6071895242
1.42e-05,1.42e-05,1.8417192768,1.7496333129,823.3498592289
1.42e-05,1.42e-05,1.8417192768,1.7496333129,1149.7569953977
1.42e-05,1.42e-05,1.8417192768,1.7496333129,1605.5643098112
1.42e-05,1.42e-05,1.8417192768,1.7496333129,2242.0709447806
1.42e-05,1.42e-05,1.8417192768,1.7496333129,3130.912969796
1.42e-05,1.42e-05,1.8417192768,1.7496333129,4372.1257113904
1.42e-05,1.42e-05,1.8417192768,1.7496333129,6105.4022965853
1.42e-05,1.42e-05,1.8417192768,1.823302084,0.1
1.42e-05,1.42e-05,1.8417192768,1.823302084,0.1396437957
1.42e-05,1.42e-05,1.8417192768,1.823302084,0.1950038968
1.42e-05,1.42e-05,1.8417192768,1.823302084,0.2723108433
1.42e-05,1.42e-05,1.8417192768,1.823302084,0.3802651977
1.42e-05,1.42e-05,1.8417192768,1.823302084,0.5310167558
1.42e-05,1.42e-05,1.8417192768,1.823302084,0.7415319537
1.42e-05,1.42e-05,1.8417192768,1.823302084,1.0355033665
1.42e-05,1.42e-05,1.8417192768,1.823302084,1.4460162057
1.42e-05,1.42e-05,1.8417192768,1.823302084,2.0192719162
1.42e-05,1.42e-05,1.8417192768,1.823302084,2.8197879494
1.42e-05,1.42e-05,1.8417192768,1.823302084,3.9376589236
1.42e-05,1.42e-05,1.8417192768,1.823302084,5.498696383
1.42e-05,1.42e-05,1.8417192768,1.823302084,7.6785883437
1.42e-05,1.42e-05,1.8417192768,1.823302084,10.7226722201
1.42e-05,1.42e-05,1.8417192768,1.823302084,14.9735464897
1.42e-05,1.42e-05,1.8417192768,1.823302084,20.9096286705
1.42e-05,1.42e-05,1.8417192768,1.823302084,29.1989991443
1.42e-05,1.42e-05,1.8417192768,1.823302084,40.7745907144
1.42e-05,1.42e-05,1.8417192768,1.823302084,56.9391861586
1.42e-05,1.42e-05,1.8417192768,1.823302084,79.5120407981
1.42e-05,1.42e-05,1.8417192768,1.823302084,111.0336318168
1.42e-05,1.42e-05,1.8417192768,1.823302084,155.0515779833
1.42e-05,1.42e-05,1.8417192768,1.823302084,216.5199088036
1.42e-05,1.42e-05,1.8417192768,1.823302084,302.3566191205
1.42e-05,1.42e-05,1.8417192768,1.823302084,422.2222595195
1.42e-05,1.42e-05,1.8417192768,1.823302084,589.6071895242
1.42e-05,1.42e-05,1.8417192768,1.823302084,823.3498592289
1.42e-05,1.42e-05,1.8417192768,1.823302084,1149.7569953977
1.42e-05,1.42e-05,1.8417192768,1.823302084,1605.5643098112
1.42e-05,1.42e-05,1.8417192768,1.823302084,2242.0709447806
1.42e-05,1.42e-05,1.8417192768,1.823302084,3130.912969796
1.42e-05,1.42e-05,1.8417192768,1.823302084,4372.1257113904
1.42e-05,1.42e-05,1.8417192768,1.823302084,6105.4022965853
1.42e-05,1.42e-05,2.0515568731,0.1025778437,0.1
1.42e-05,1.42e-05,2.0515568731,0.1025778437,0.1396437957
1.42e-05,1.42e-05,2.0515568731,0.1025778437,0.1950038968
1.42e-05,1.42e-05,2.0515568731,0.1025778437,0.2723108433
1.42e-05,1.42e-05,2.0515568731,0.1025778437,0.3802651977
1.42e-05,1.42e-05,2.0515568731,0.1025778437,0.5310167558
1.42e-05,1.42e-05,2.0515568731,0.1025778437,0.7415319537
1.42e-05,1.42e-05,2.0515568731,0.1025778437,1.0355033665
1.42e-05,1.42e-05,2.0515568731,0.1025778437,1.4460162057
1.42e-05,1.42e-05,2.0515568731,0.1025778437,2.0192719162
1.42e-05,1.42e-05,2.0515568731,0.1025778437,2.8197879494
1.42e-05,1.42e-05,2.0515568731,0.1025778437,3.9376589236
1.42e-05,1.42e-05,2.0515568731,0.1025778437,5.498696383
1.42e-05,1.42e-05,2.0515568731,0.1025778437,7.6785883437
1.42e-05,1.42e-05,2.0515568731,0.1025778437,10.7226722201
1.42e-05,1.42e-05,2.0515568731,0.1025778437,14.9735464897
1.42e-05,1.42e-05,2.0515568731,0.1025778437,20.9096286705
1.42e-05,1.42e-05,2.0515568731,0.1025778437,29.1989991443
1.42e-05,1.42e-05,2.0515568731,0.1025778437,40.7745907144
1.42e-05,1.42e-05,2.0515568731,0.1025778437,56.9391861586
1.42e-05,1.42e-05,2.0515568731,0.1025778437,79.5120407981
1.42e-05,1.42e-05,2.0515568731,0.1025778437,111.0336318168
1.42e-05,1.42e-05,2.0515568731,0.1025778437,155.0515779833
1.42e-05,1.42e-05,2.0515568731,0.1025778437,216.5199088036
1.42e-05,1.42e-05,2.0515568731,0.1025778437,302.3566191205
1.42e-05,1.42e-05,2.0515568731,0.1025778437,422.2222595195
1.42e-05,1.42e-05,2.0515568731,0.1025778437,589.6071895242
1.42e-05,1.42e-05,2.0515568731,0.1025778437,823.3498592289
1.42e-05,1.42e-05,2.0515568731,0.1025778437,1149.7569953977
1.42e-05,1.42e-05,2.0515568731,0.1025778437,1605.5643098112
1.42e-05,1.42e-05,2.0515568731,0.1025778437,2242.0709447806
1.42e-05,1.42e-05,2.0515568731,0.1025778437,3130.912969796
1.42e-05,1.42e-05,2.0515568731,0.1025778437,4372.1257113904
1.42e-05,1.42e-05,2.0515568731,0.1025778437,6105.4022965853
1.42e-05,1.42e-05,2.0515568731,0.2051556873,0.1
1.42e-05,1.42e-05,2.0515568731,0.2051556873,0.1396437957
1.42e-05,1.42e-05,2.0515568731,0.2051556873,0.1950038968
1.42e-05,1.42e-05,2.0515568731,0.2051556873,0.2723108433
1.42e-05,1.42e-05,2.0515568731,0.2051556873,0.3802651977
1.42e-05,1.42e-05,2.0515568731,0.2051556873,0.5310167558
1.42e-05,1.42e-05,2.0515568731,0.2051556873,0.7415319537
1.42e-05,1.42e-05,2.0515568731,0.2051556873,1.0355033665
1.42e-05,1.42e-05,2.0515568731,0.2051556873,1.4460162057
1.42e-05,1.42e-05,2.0515568731,0.2051556873,2.0192719162
1.42e-05,1.42e-05,2.0515568731,0.2051556873,2.8197879494
1.42e-05,1.42e-05,2.0515568731,0.2051556873,3.9376589236
1.42e-05,1.42e-05,2.0515568731,0.2051556873,5.498696383
1.42e-05,1.42e-05,2.0515568731,0.2051556873,7.6785883437
1.42e-05,1.42e-05,2.0515568731,0.2051556873,10.7226722201
1.42e-05,1.42e-05,2.0515568731,0.2051556873,14.9735464897
1.42e-05,1.42e-05,2.0515568731,0.2051556873,20.9096286705
1.42e-05,1.42e-05,2.0515568731,0.2051556873,29.1989991443
1.42e-05,1.42e-05,2.0515568731,0.2051556873,40.7745907144
1.42e-05,1.42e-05,2.0515568731,0.2051556873,56.9391861586
1.42e-05,1.42e-05,2.0515568731,0.2051556873,79.5120407981
1.42e-05,1.42e-05,2.0515568731,0.2051556873,111.0336318168
1.42e-05,1.42e-05,2.0515568731,0.2051556873,155.0515779833
1.42e-05,1.42e-05,2.0515568731,0.2051556873,216.5199088036
1.42e-05,1.42e-05,2.0515568731,0.2051556873,302.3566191205
1.42e-05,1.42e-05,2.0515568731,0.2051556873,422.2222595195
1.42e-05,1.42e-05,2.0515568731,0.2051556873,589.6071895242
1.42e-05,1.42e-05,2.0515568731,0.2051556873,823.3498592289
1.42e-05,1.42e-05,2.0515568731,0.2051556873,1149.7569953977
1.42e-05,1.42e-05,2.0515568731,0.2051556873,1605.5643098112
1.42e-05,1.42e-05,2.0515568731,0.2051556873,2242.0709447806
1.42e-05,1.42e-05,2.0515568731,0.2051556873,3130.912969796
1.42e-05,1.42e-05,2.0515568731,0.2051556873,4372.1257113904
1.42e-05,1.42e-05,2.0515568731,0.2051556873,6105.4022965853
1.42e-05,1.42e-05,2.0515568731,0.307733531,0.1
1.42e-05,1.42e-05,2.0515568731,0.307733531,0.1396437957
1.42e-05,1.42e-05,2.0515568731,0.307733531,0.1950038968
1.42e-05,1.42e-05,2.0515568731,0.307733531,0.2723108433
1.42e-05,1.42e-05,2.0515568731,0.307733531,0.3802651977
1.42e-05,1.42e-05,2.0515568731,0.307733531,0.5310167558
1.42e-05,1.42e-05,2.0515568731,0.307733531,0.7415319537
1.42e-05,1.42e-05,2.0515568731,0.307733531,1.0355033665
1.42e-05,1.42e-05,2.0515568731,0.307733531,1.4460162057
1.42e-05,1.42e-05,2.0515568731,0.307733531,2.0192719162
1.42e-05,1.42e-05,2.0515568731,0.307733531,2.8197879494
1.42e-05,1.42e-05,2.0515568731,0.307733531,3.9376589236
1.42e-05,1.42e-05,2.0515568731,0.307733531,5.498696383
1.42e-05,1.42e-05,2.0515568731,0.307733531,7.6785883437
1.42e-05,1.42e-05,2.0515568731,0.307733531,10.7226722201
1.42e-05,1.42e-05,2.0515568731,0.307733531,14.9735464897
1.42e-05,1.42e-05,2.0515568731,0.307733531,20.9096286705
1.42e-05,1.42e-05,2.0515568731,0.307733531,29.1989991443
1.42e-05,1.42e-05,2.0515568731,0.307733531,40.7745907144
1.42e-05,1.42e-05,2.0515568731,0.307733531,56.9391861586
1.42e-05,1.42e-05,2.0515568731,0.307733531,79.5120407981
1.42e-05,1.42e-05,2.0515568731,0.307733531,111.0336318168
1.42e-05,1.42e-05,2.0515568731,0.307733531,155.0515779833
1.42e-05,1.42e-05,2.0515568731,0.307733531,216.5199088036
1.42e-05,1.42e-05,2.0515568731,0.307733531,302.3566191205
1.42e-05,1.42e-05,2.0515568731,0.307733531,422.2222595195
1.42e-05,1.42e-05,2.0515568731,0.307733531,589.6071895242
1.42e-05,1.42e-05,2.0515568731,0.307733531,823.3498592289
1.42e-05,1.42e-05,2.0515568731,0.307733531,1149.7569953977
1.42e-05,1.42e-05,2.0515568731,0.307733531,1605.5643098112
1.42e-05,1.42e-05,2.0515568731,0.307733531,2242.0709447806
1.42e-05,1.42e-05,2.0515568731,0.307733531,3130.912969796
1.42e-05,1.42e-05,2.0515568731,0.307733531,4372.1257113904
1.42e-05,1.42e-05,2.0515568731,0.307733531,6105.4022965853
1.42e-05,1.42e-05,2.0515568731,0.4103113746,0.1
1.42e-05,1.42e-05,2.0515568731,0.4103113746,0.1396437957
1.42e-05,1.42e-05,2.0515568731,0.4103113746,0.1950038968
1.42e-05,1.42e-05,2.0515568731,0.4103113746,0.2723108433
1.42e-05,1.42e-05,2.0515568731,0.4103113746,0.3802651977
1.42e-05,1.42e-05,2.0515568731,0.4103113746,0.5310167558
1.42e-05,1.42e-05,2.0515568731,0.4103113746,0.7415319537
1.42e-05,1.42e-05,2.0515568731,0.4103113746,1.0355033665
1.42e-05,1.42e-05,2.0515568731,0.4103113746,1.4460162057
1.42e-05,1.42e-05,2.0515568731,0.4103113746,2.0192719162
1.42e-05,1.42e-05,2.0515568731,0.4103113746,2.8197879494
1.42e-05,1.42e-05,2.0515568731,0.4103113746,3.9376589236
1.42e-05,1.42e-05,2.0515568731,0.4103113746,5.498696383
1.42e-05,1.42e-05,2.0515568731,0.4103113746,7.6785883437
1.42e-05,1.42e-05,2.0515568731,0.4103113746,10.7226722201
1.42e-05,1.42e-05,2.0515568731,0.4103113746,14.9735464897
1.42e-05,1.42e-05,2.0515568731,0.4103113746,20.9096286705
1.42e-05,1.42e-05,2.0515568731,0.4103113746,29.1989991443
1.42e-05,1.42e-05,2.0515568731,0.4103113746,40.7745907144
1.42e-05,1.42e-05,2.0515568731,0.4103113746,56.9391861586
1.42e-05,1.42e-05,2.0515568731,0.4103113746,79.5120407981
1.42e-05,1.42e-05,2.0515568731,0.4103113746,111.0336318168
1.42e-05,1.42e-05,2.0515568731,0.4103113746,155.0515779833
1.42e-05,1.42e-05,2.0515568731,0.4103113746,216.5199088036
1.42e-05,1.42e-05,2.0515568731,0.4103113746,302.3566191205
1.42e-05,1.42e-05,2.0515568731,0.4103113746,422.2222595195
1.42e-05,1.42e-05,2.0515568731,0.4103113746,589.6071895242
1.42e-05,1.42e-05,2.0515568731,0.4103113746,823.3498592289
1.42e-05,1.42e-05,2.0515568731,0.4103113746,1149.7569953977
1.42e-05,1.42e-05,2.0515568731,0.4103113746,1605.5643098112
1.42e-05,1.42e-05,2.0515568731,0.4103113746,2242.0709447806
1.42e-05,1.42e-05,2.0515568731,0.4103113746,3130.912969796
1.42e-05,1.42e-05,2.0515568731,0.4103113746,4372.1257113904
1.42e-05,1.42e-05,2.0515568731,0.4103113746,6105.4022965853
1.42e-05,1.42e-05,2.0515568731,0.5128892183,0.1
1.42e-05,1.42e-05,2.0515568731,0.5128892183,0.1396437957
1.42e-05,1.42e-05,2.0515568731,0.5128892183,0.1950038968
1.42e-05,1.42e-05,2.0515568731,0.5128892183,0.2723108433
1.42e-05,1.42e-05,2.0515568731,0.5128892183,0.3802651977
1.42e-05,1.42e-05,2.0515568731,0.5128892183,0.5310167558
1.42e-05,1.42e-05,2.0515568731,0.5128892183,0.7415319537
1.42e-05,1.42e-05,2.0515568731,0.5128892183,1.0355033665
1.42e-05,1.42e-05,2.0515568731,0.5128892183,1.4460162057
1.42e-05,1.42e-05,2.0515568731,0.5128892183,2.0192719162
1.42e-05,1.42e-05,2.0515568731,0.5128892183,2.8197879494
1.42e-05,1.42e-05,2.0515568731,0.5128892183,3.9376589236
1.42e-05,1.42e-05,2.0515568731,0.5128892183,5.498696383
1.42e-05,1.42e-05,2.0515568731,0.5128892183,7.6785883437
1.42e-05,1.42e-05,2.0515568731,0.5128892183,10.7226722201
1.42e-05,1.42e-05,2.0515568731,0.5128892183,14.9735464897
1.42e-05,1.42e-05,2.0515568731,0.5128892183,20.9096286705
1.42e-05,1.42e-05,2.0515568731,0.5128892183,29.1989991443
1.42e-05,1.42e-05,2.0515568731,0.5128892183,40.7745907144
1.42e-05,1.42e-05,2.0515568731,0.5128892183,56.9391861586
1.42e-05,1.42e-05,2.0515568731,0.5128892183,79.5120407981
1.42e-05,1.42e-05,2.0515568731,0.5128892183,111.0336318168
1.42e-05,1.42e-05,2.0515568731,0.5128892183,155.0515779833
1.42e-05,1.42e-05,2.0515568731,0.5128892183,216.5199088036
1.42e-05,1.42e-05,2.0515568731,0.5128892183,302.3566191205
1.42e-05,1.42e-05,2.0515568731,0.5128892183,422.2222595195
1.42e-05,1.42e-05,2.0515568731,0.5128892183,589.6071895242
1.42e-05,1.42e-05,2.0515568731,0.5128892183,823.3498592289
1.42e-05,1.42e-05,2.0515568731,0.5128892183,1149.7569953977
1.42e-05,1.42e-05,2.0515568731,0.5128892183,1605.5643098112
1.42e-05,1.42e-05,2.0515568731,0.5128892183,2242.0709447806
1.42e-05,1.42e-05,2.0515568731,0.5128892183,3130.912969796
1.42e-05,1.42e-05,2.0515568731,0.5128892183,4372.1257113904
1.42e-05,1.42e-05,2.0515568731,0.5128892183,6105.4022965853
1.42e-05,1.42e-05,2.0515568731,0.6154670619,0.1
1.42e-05,1.42e-05,2.0515568731,0.6154670619,0.1396437957
1.42e-05,1.42e-05,2.0515568731,0.6154670619,0.1950038968
1.42e-05,1.42e-05,2.0515568731,0.6154670619,0.2723108433
1.42e-05,1.42e-05,2.0515568731,0.6154670619,0.3802651977
1.42e-05,1.42e-05,2.0515568731,0.6154670619,0.5310167558
1.42e-05,1.42e-05,2.0515568731,0.6154670619,0.7415319537
1.42e-05,1.42e-05,2.0515568731,0.6154670619,1.0355033665
1.42e-05,1.42e-05,2.0515568731,0.6154670619,1.4460162057
1.42e-05,1.42e-05,2.0515568731,0.6154670619,2.0192719162
1.42e-05,1.42e-05,2.0515568731,0.6154670619,2.8197879494
1.42e-05,1.42e-05,2.0515568731,0.6154670619,3.9376589236
1.42e-05,1.42e-05,2.0515568731,0.6154670619,5.498696383
1.42e-05,1.42e-05,2.0515568731,0.6154670619,7.6785883437
1.42e-05,1.42e-05,2.0515568731,0.6154670619,10.7226722201
1.42e-05,1.42e-05,2.0515568731,0.6154670619,14.9735464897
1.42e-05,1.42e-05,2.0515568731,0.6154670619,20.9096286705
1.42e-05,1.42e-05,2.0515568731,0.6154670619,29.1989991443
1.42e-05,1.42e-05,2.0515568731,0.6154670619,40.7745907144
1.42e-05,1.42e-05,2.0515568731,0.6154670619,56.9391861586
1.42e-05,1.42e-05,2.0515568731,0.6154670619,79.5120407981
1.42e-05,1.42e-05,2.0515568731,0.6154670619,111.0336318168
1.42e-05,1.42e-05,2.0515568731,0.6154670619,155.0515779833
1.42e-05,1.42e-05,2.0515568731,0.6154670619,216.5199088036
1.42e-05,1.42e-05,2.0515568731,0.6154670619,302.3566191205
1.42e-05,1.42e-05,2.0515568731,0.6154670619,422.2222595195
1.42e-05,1.42e-05,2.0515568731,0.6154670619,589.6071895242
1.42e-05,1.42e-05,2.0515568731,0.6154670619,823.3498592289
1.42e-05,1.42e-05,2.0515568731,0.6154670619,1149.7569953977
1.42e-05,1.42e-05,2.0515568731,0.6154670619,1605.5643098112
1.42e-05,1.42e-05,2.0515568731,0.6154670619,2242.0709447806
1.42e-05,1.42e-05,2.0515568731,0.6154670619,3130.912969796
1.42e-05,1.42e-05,2.0515568731,0.6154670619,4372.1257113904
1.42e-05,1.42e-05,2.0515568731,0.6154670619,6105.4022965853
1.42e-05,1.42e-05,2.0515568731,0.7180449056,0.1
1.42e-05,1.42e-05,2.0515568731,0.7180449056,0.1396437957
1.42e-05,1.42e-05,2.0515568731,0.7180449056,0.1950038968
1.42e-05,1.42e-05,2.0515568731,0.7180449056,0.2723108433
1.42e-05,1.42e-05,2.0515568731,0.7180449056,0.3802651977
1.42e-05,1.42e-05,2.0515568731,0.7180449056,0.5310167558
1.42e-05,1.42e-05,2.0515568731,0.7180449056,0.7415319537
1.42e-05,1.42e-05,2.0515568731,0.7180449056,1.0355033665
1.42e-05,1.42e-05,2.0515568731,0.7180449056,1.4460162057
1.42e-05,1.42e-05,2.0515568731,0.7180449056,2.0192719162
1.42e-05,1.42e-05,2.0515568731,0.7180449056,2.8197879494
1.42e-05,1.42e-05,2.0515568731,0.7180449056,3.9376589236
1.42e-05,1.42e-05,2.0515568731,0.7180449056,5.498696383
1.42e-05,1.42e-05,2.0515568731,0.7180449056,7.6785883437
1.42e-05,1.42e-05,2.0515568731,0.7180449056,10.7226722201
1.42e-05,1.42e-05,2.0515568731,0.7180449056,14.9735464897
1.42e-05,1.42e-05,2.0515568731,0.7180449056,20.9096286705
1.42e-05,1.42e-05,2.0515568731,0.7180449056,29.1989991443
1.42e-05,1.42e-05,2.0515568731,0.7180449056,40.7745907144
1.42e-05,1.42e-05,2.0515568731,0.7180449056,56.9391861586
1.42e-05,1.42e-05,2.0515568731,0.7180449056,79.5120407981
1.42e-05,1.42e-05,2.0515568731,0.7180449056,111.0336318168
1.42e-05,1.42e-05,2.0515568731,0.7180449056,155.0515779833
1.42e-05,1.42e-05,2.0515568731,0.7180449056,216.5199088036
1.42e-05,1.42e-05,2.0515568731,0.7180449056,302.3566191205
1.42e-05,1.42e-05,2.0515568731,0.7180449056,422.2222595195
1.42e-05,1.42e-05,2.0515568731,0.7180449056,589.6071895242
1.42e-05,1.42e-05,2.0515568731,0.7180449056,823.3498592289
1.42e-05,1.42e-05,2.0515568731,0.7180449056,1149.7569953977
1.42e-05,1.42e-05,2.0515568731,0.7180449056,1605.5643098112
1.42e-05,1.42e-05,2.0515568731,0.7180449056,2242.0709447806
1.42e-05,1.42e-05,2.0515568731,0.7180449056,3130.912969796
1.42e-05,1.42e-05,2.0515568731,0.7180449056,4372.1257113904
1.42e-05,1.42e-05,2.0515568731,0.7180449056,6105.4022965853
1.42e-05,1.42e-05,2.0515568731,0.8206227492,0.1
1.42e-05,1.42e-05,2.0515568731,0.8206227492,0.1396437957
1.42e-05,1.42e-05,2.0515568731,0.8206227492,0.1950038968
1.42e-05,1.42e-05,2.0515568731,0.8206227492,0.2723108433
1.42e-05,1.42e-05,2.0515568731,0.8206227492,0.3802651977
1.42e-05,1.42e-05,2.0515568731,0.8206227492,0.5310167558
1.42e-05,1.42e-05,2.0515568731,0.8206227492,0.7415319537
1.42e-05,1.42e-05,2.0515568731,0.8206227492,1.0355033665
1.42e-05,1.42e-05,2.0515568731,0.8206227492,1.4460162057
1.42e-05,1.42e-05,2.0515568731,0.8206227492,2.0192719162
1.42e-05,1.42e-05,2.0515568731,0.8206227492,2.8197879494
1.42e-05,1.42e-05,2.0515568731,0.8206227492,3.9376589236
1.42e-05,1.42e-05,2.0515568731,0.8206227492,5.498696383
1.42e-05,1.42e-05,2.0515568731,0.8206227492,7.6785883437
1.42e-05,1.42e-05,2.0515568731,0.8206227492,10.7226722201
1.42e-05,1.42e-05,2.0515568731,0.8206227492,14.9735464897
1.42e-05,1.42e-05,2.0515568731,0.8206227492,20.9096286705
1.42e-05,1.42e-05,2.0515568731,0.8206227492,29.1989991443
1.42e-05,1.42e-05,2.0515568731,0.8206227492,40.7745907144
1.42e-05,1.42e-05,2.0515568731,0.8206227492,56.9391861586
1.42e-05,1.42e-05,2.0515568731,0.8206227492,79.5120407981
1.42e-05,1.42e-05,2.0515568731,0.8206227492,111.0336318168
1.42e-05,1.42e-05,2.0515568731,0.8206227492,155.0515779833
1.42e-05,1.42e-05,2.0515568731,0.8206227492,216.5199088036
1.42e-05,1.42e-05,2.0515568731,0.8206227492,302.3566191205
1.42e-05,1.42e-05,2.0515568731,0.8206227492,422.2222595195
1.42e-05,1.42e-05,2.0515568731,0.8206227492,589.6071895242
1.42e-05,1.42e-05,2.0515568731,0.8206227492,823.3498592289
1.42e-05,1.42e-05,2.0515568731,0.8206227492,1149.7569953977
1.42e-05,1.42e-05,2.0515568731,0.8206227492,1605.5643098112
1.42e-05,1.42e-05,2.0515568731,0.8206227492,2242.0709447806
1.42e-05,1.42e-05,2.0515568731,0.8206227492,3130.912969796
1.42e-05,1.42e-05,2.0515568731,0.8206227492,4372.1257113904
1.42e-05,1.42e-05,2.0515568731,0.8206227492,6105.4022965853
1.42e-05,1.42e-05,2.0515568731,0.9232005929,0.1
1.42e-05,1.42e-05,2.0515568731,0.9232005929,0.1396437957
1.42e-05,1.42e-05,2.0515568731,0.9232005929,0.1950038968
1.42e-05,1.42e-05,2.0515568731,0.9232005929,0.2723108433
1.42e-05,1.42e-05,2.0515568731,0.9232005929,0.3802651977
1.42e-05,1.42e-05,2.0515568731,0.9232005929,0.5310167558
1.42e-05,1.42e-05,2.0515568731,0.9232005929,0.7415319537
1.42e-05,1.42e-05,2.0515568731,0.9232005929,1.0355033665
1.42e-05,1.42e-05,2.0515568731,0.9232005929,1.4460162057
1.42e-05,1.42e-05,2.0515568731,0.9232005929,2.0192719162
1.42e-05,1.42e-05,2.0515568731,0.9232005929,2.8197879494
1.42e-05,1.42e-05,2.0515568731,0.9232005929,3.9376589236
1.42e-05,1.42e-05,2.0515568731,0.9232005929,5.498696383
1.42e-05,1.42e-05,2.0515568731,0.9232005929,7.6785883437
1.42e-05,1.42e-05,2.0515568731,0.9232005929,10.7226722201
1.42e-05,1.42e-05,2.0515568731,0.9232005929,14.9735464897
1.42e-05,1.42e-05,2.0515568731,0.9232005929,20.9096286705
1.42e-05,1.42e-05,2.0515568731,0.9232005929,29.1989991443
1.42e-05,1.42e-05,2.0515568731,0.9232005929,40.7745907144
1.42e-05,1.42e-05,2.0515568731,0.9232005929,56.9391861586
1.42e-05,1.42e-05,2.0515568731,0.9232005929,79.5120407981
1.42e-05,1.42e-05,2.0515568731,0.9232005929,111.0336318168
1.42e-05,1.42e-05,2.0515568731,0.9232005929,155.0515779833
1.42e-05,1.42e-05,2.0515568731,0.9232005929,216.5199088036
1.42e-05,1.42e-05,2.0515568731,0.9232005929,302.3566191205
1.42e-05,1.42e-05,2.0515568731,0.9232005929,422.2222595195
1.42e-05,1.42e-05,2.0515568731,0.9232005929,589.6071895242
1.42e-05,1.42e-05,2.0515568731,0.9232005929,823.3498592289
1.42e-05,1.42e-05,2.0515568731,0.9232005929,1149.7569953977
1.42e-05,1.42e-05,2.0515568731,0.9232005929,1605.5643098112
1.42e-05,1.42e-05,2.0515568731,0.9232005929,2242.0709447806
1.42e-05,1.42e-05,2.0515568731,0.9232005929,3130.912969796
1.42e-05,1.42e-05,2.0515568731,0.9232005929,4372.1257113904
1.42e-05,1.42e-05,2.0515568731,0.9232005929,6105.4022965853
1.42e-05,1.42e-05,2.0515568731,1.0257784365,0.1
1.42e-05,1.42e-05,2.0515568731,1.0257784365,0.1396437957
1.42e-05,1.42e-05,2.0515568731,1.0257784365,0.1950038968
1.42e-05,1.42e-05,2.0515568731,1.0257784365,0.2723108433
1.42e-05,1.42e-05,2.0515568731,1.0257784365,0.3802651977
1.42e-05,1.42e-05,2.0515568731,1.0257784365,0.5310167558
1.42e-05,1.42e-05,2.0515568731,1.0257784365,0.7415319537
1.42e-05,1.42e-05,2.0515568731,1.0257784365,1.0355033665
1.42e-05,1.42e-05,2.0515568731,1.0257784365,1.4460162057
1.42e-05,1.42e-05,2.0515568731,1.0257784365,2.0192719162
1.42e-05,1.42e-05,2.0515568731,1.0257784365,2.8197879494
1.42e-05,1.42e-05,2.0515568731,1.0257784365,3.9376589236
1.42e-05,1.42e-05,2.0515568731,1.0257784365,5.498696383
1.42e-05,1.42e-05,2.0515568731,1.0257784365,7.6785883437
1.42e-05,1.42e-05,2.0515568731,1.0257784365,10.7226722201
1.42e-05,1.42e-05,2.0515568731,1.0257784365,14.9735464897
1.42e-05,1.42e-05,2.0515568731,1.0257784365,20.9096286705
1.42e-05,1.42e-05,2.0515568731,1.0257784365,29.1989991443
1.42e-05,1.42e-05,2.0515568731,1.0257784365,40.7745907144
1.42e-05,1.42e-05,2.0515568731,1.0257784365,56.9391861586
1.42e-05,1.42e-05,2.0515568731,1.0257784365,79.5120407981
1.42e-05,1.42e-05,2.0515568731,1.0257784365,111.0336318168
1.42e-05,1.42e-05,2.0515568731,1.0257784365,155.0515779833
1.42e-05,1.42e-05,2.0515568731,1.0257784365,216.5199088036
1.42e-05,1.42e-05,2.0515568731,1.0257784365,302.3566191205
1.42e-05,1.42e-05,2.0515568731,1.0257784365,422.2222595195
1.42e-05,1.42e-05,2.0515568731,1.0257784365,589.6071895242
1.42e-05,1.42e-05,2.0515568731,1.0257784365,823.3498592289
1.42e-05,1.42e-05,2.0515568731,1.0257784365,1149.7569953977
1.42e-05,1.42e-05,2.0515568731,1.0257784365,1605.5643098112
1.42e-05,1.42e-05,2.0515568731,1.0257784365,2242.0709447806
1.42e-05,1.42e-05,2.0515568731,1.0257784365,3130.912969796
1.42e-05,1.42e-05,2.0515568731,1.0257784365,4372.1257113904
1.42e-05,1.42e-05,2.0515568731,1.0257784365,6105.4022965853
1.42e-05,1.42e-05,2.0515568731,1.1283562802,0.1
1.42e-05,1.42e-05,2.0515568731,1.1283562802,0.1396437957
1.42e-05,1.42e-05,2.0515568731,1.1283562802,0.1950038968
1.42e-05,1.42e-05,2.0515568731,1.1283562802,0.2723108433
1.42e-05,1.42e-05,2.0515568731,1.1283562802,0.3802651977
1.42e-05,1.42e-05,2.0515568731,1.1283562802,0.5310167558
1.42e-05,1.42e-05,2.0515568731,1.1283562802,0.7415319537
1.42e-05,1.42e-05,2.0515568731,1.1283562802,1.0355033665
1.42e-05,1.42e-05,2.0515568731,1.1283562802,1.4460162057
1.42e-05,1.42e-05,2.0515568731,1.1283562802,2.0192719162
1.42e-05,1.42e-05,2.0515568731,1.1283562802,2.8197879494
1.42e-05,1.42e-05,2.0515568731,1.1283562802,3.9376589236
1.42e-05,1.42e-05,2.0515568731,1.1283562802,5.498696383
1.42e-05,1.42e-05,2.0515568731,1.1283562802,7.6785883437
1.42e-05,1.42e-05,2.0515568731,1.1283562802,10.7226722201
1.42e-05,1.42e-05,2.0515568731,1.1283562802,14.9735464897
1.42e-05,1.42e-05,2.0515568731,1.1283562802,20.9096286705
1.42e-05,1.42e-05,2.0515568731,1.1283562802,29.1989991443
1.42e-05,1.42e-05,2.0515568731,1.1283562802,40.7745907144
1.42e-05,1.42e-05,2.0515568731,1.1283562802,56.9391861586
1.42e-05,1.42e-05,2.0515568731,1.1283562802,79.5120407981
1.42e-05,1.42e-05,2.0515568731,1.1283562802,111.0336318168
1.42e-05,1.42e-05,2.0515568731,1.1283562802,155.0515779833
1.42e-05,1.42e-05,2.0515568731,1.1283562802,216.5199088036
1.42e-05,1.42e-05,2.0515568731,1.1283562802,302.3566191205
1.42e-05,1.42e-05,2.0515568731,1.1283562802,422.2222595195
1.42e-05,1.42e-05,2.0515568731,1.1283562802,589.6071895242
1.42e-05,1.42e-05,2.0515568731,1.1283562802,823.3498592289
1.42e-05,1.42e-05,2.0515568731,1.1283562802,1149.7569953977
1.42e-05,1.42e-05,2.0515568731,1.1283562802,1605.5643098112
1.42e-05,1.42e-05,2.0515568731,1.1283562802,2242.0709447806
1.42e-05,1.42e-05,2.0515568731,1.1283562802,3130.912969796
1.42e-05,1.42e-05,2.0515568731,1.1283562802,4372.1257113904
1.42e-05,1.42e-05,2.0515568731,1.1283562802,6105.4022965853
1.42e-05,1.42e-05,2.0515568731,1.2309341238,0.1
1.42e-05,1.42e-05,2.0515568731,1.2309341238,0.1396437957
1.42e-05,1.42e-05,2.0515568731,1.2309341238,0.1950038968
1.42e-05,1.42e-05,2.0515568731,1.2309341238,0.2723108433
1.42e-05,1.42e-05,2.0515568731,1.2309341238,0.3802651977
1.42e-05,1.42e-05,2.0515568731,1.2309341238,0.5310167558
1.42e-05,1.42e-05,2.0515568731,1.2309341238,0.7415319537
1.42e-05,1.42e-05,2.0515568731,1.2309341238,1.0355033665
1.42e-05,1.42e-05,2.0515568731,1.2309341238,1.4460162057
1.42e-05,1.42e-05,2.0515568731,1.2309341238,2.0192719162
1.42e-05,1.42e-05,2.0515568731,1.2309341238,2.8197879494
1.42e-05,1.42e-05,2.0515568731,1.2309341238,3.9376589236
1.42e-05,1.42e-05,2.0515568731,1.2309341238,5.498696383
1.42e-05,1.42e-05,2.0515568731,1.2309341238,7.6785883437
1.42e-05,1.42e-05,2.0515568731,1.2309341238,10.7226722201
1.42e-05,1.42e-05,2.0515568731,1.2309341238,14.9735464897
1.42e-05,1.42e-05,2.0515568731,1.2309341238,20.9096286705
1.42e-05,1.42e-05,2.0515568731,1.2309341238,29.1989991443
1.42e-05,1.42e-05,2.0515568731,1.2309341238,40.7745907144
1.42e-05,1.42e-05,2.0515568731,1.2309341238,56.9391861586
1.42e-05,1.42e-05,2.0515568731,1.2309341238,79.5120407981
1.42e-05,1.42e-05,2.0515568731,1.2309341238,111.0336318168
1.42e-05,1.42e-05,2.0515568731,1.2309341238,155.0515779833
1.42e-05,1.42e-05,2.0515568731,1.2309341238,216.5199088036
1.42e-05,1.42e-05,2.0515568731,1.2309341238,302.3566191205
1.42e-05,1.42e-05,2.0515568731,1.2309341238,422.2222595195
1.42e-05,1.42e-05,2.0515568731,1.2309341238,589.6071895242
1.42e-05,1.42e-05,2.0515568731,1.2309341238,823.3498592289
1.42e-05,1.42e-05,2.0515568731,1.2309341238,1149.7569953977
1.42e-05,1.42e-05,2.0515568731,1.2309341238,1605.5643098112
1.42e-05,1.42e-05,2.0515568731,1.2309341238,2242.0709447806
1.42e-05,1.42e-05,2.0515568731,1.2309341238,3130.912969796
1.42e-05,1.42e-05,2.0515568731,1.2309341238,4372.1257113904
1.42e-05,1.42e-05,2.0515568731,1.2309341238,6105.4022965853
1.42e-05,1.42e-05,2.0515568731,1.3335119675,0.1
1.42e-05,1.42e-05,2.0515568731,1.3335119675,0.1396437957
1.42e-05,1.42e-05,2.0515568731,1.3335119675,0.1950038968
1.42e-05,1.42e-05,2.0515568731,1.3335119675,0.2723108433
1.42e-05,1.42e-05,2.0515568731,1.3335119675,0.3802651977
1.42e-05,1.42e-05,2.0515568731,1.3335119675,0.5310167558
1.42e-05,1.42e-05,2.0515568731,1.3335119675,0.7415319537
1.42e-05,1.42e-05,2.0515568731,1.3335119675,1.0355033665
1.42e-05,1.42e-05,2.0515568731,1.3335119675,1.4460162057
1.42e-05,1.42e-05,2.0515568731,1.3335119675,2.0192719162
1.42e-05,1.42e-05,2.0515568731,1.3335119675,2.8197879494
1.42e-05,1.42e-05,2.0515568731,1.3335119675,3.9376589236
1.42e-05,1.42e-05,2.0515568731,1.3335119675,5.498696383
1.42e-05,1.42e-05,2.0515568731,1.3335119675,7.6785883437
1.42e-05,1.42e-05,2.0515568731,1.3335119675,10.7226722201
1.42e-05,1.42e-05,2.0515568731,1.3335119675,14.9735464897
1.42e-05,1.42e-05,2.0515568731,1.3335119675,20.9096286705
1.42e-05,1.42e-05,2.0515568731,1.3335119675,29.1989991443
1.42e-05,1.42e-05,2.0515568731,1.3335119675,40.7745907144
1.42e-05,1.42e-05,2.0515568731,1.3335119675,56.9391861586
1.42e-05,1.42e-05,2.0515568731,1.3335119675,79.5120407981
1.42e-05,1.42e-05,2.0515568731,1.3335119675,111.0336318168
1.42e-05,1.42e-05,2.0515568731,1.3335119675,155.0515779833
1.42e-05,1.42e-05,2.0515568731,1.3335119675,216.5199088036
1.42e-05,1.42e-05,2.0515568731,1.3335119675,302.3566191205
1.42e-05,1.42e-05,2.0515568731,1.3335119675,422.2222595195
1.42e-05,1.42e-05,2.0515568731,1.3335119675,589.6071895242
1.42e-05,1.42e-05,2.0515568731,1.3335119675,823.3498592289
1.42e-05,1.42e-05,2.0515568731,1.3335119675,1149.7569953977
1.42e-05,1.42e-05,2.0515568731,1.3335119675,1605.5643098112
1.42e-05,1.42e-05,2.0515568731,1.3335119675,2242.0709447806
1.42e-05,1.42e-05,2.0515568731,1.3335119675,3130.912969796
1.42e-05,1.42e-05,2.0515568731,1.3335119675,4372.1257113904
1.42e-05,1.42e-05,2.0515568731,1.3335119675,6105.4022965853
1.42e-05,1.42e-05,2.0515568731,1.4360898111,0.1
1.42e-05,1.42e-05,2.0515568731,1.4360898111,0.1396437957
1.42e-05,1.42e-05,2.0515568731,1.4360898111,0.1950038968
1.42e-05,1.42e-05,2.0515568731,1.4360898111,0.2723108433
1.42e-05,1.42e-05,2.0515568731,1.4360898111,0.3802651977
1.42e-05,1.42e-05,2.0515568731,1.4360898111,0.5310167558
1.42e-05,1.42e-05,2.0515568731,1.4360898111,0.7415319537
1.42e-05,1.42e-05,2.0515568731,1.4360898111,1.0355033665
1.42e-05,1.42e-05,2.0515568731,1.4360898111,1.4460162057
1.42e-05,1.42e-05,2.0515568731,1.4360898111,2.0192719162
1.42e-05,1.42e-05,2.0515568731,1.4360898111,2.8197879494
1.42e-05,1.42e-05,2.0515568731,1.4360898111,3.9376589236
1.42e-05,1.42e-05,2.0515568731,1.4360898111,5.498696383
1.42e-05,1.42e-05,2.0515568731,1.4360898111,7.6785883437
1.42e-05,1.42e-05,2.0515568731,1.4360898111,10.7226722201
1.42e-05,1.42e-05,2.0515568731,1.4360898111,14.9735464897
1.42e-05,1.42e-05,2.0515568731,1.4360898111,20.9096286705
1.42e-05,1.42e-05,2.0515568731,1.4360898111,29.1989991443
1.42e-05,1.42e-05,2.0515568731,1.4360898111,40.7745907144
1.42e-05,1.42e-05,2.0515568731,1.4360898111,56.9391861586
1.42e-05,1.42e-05,2.0515568731,1.4360898111,79.5120407981
1.42e-05,1.42e-05,2.0515568731,1.4360898111,111.0336318168
1.42e-05,1.42e-05,2.0515568731,1.4360898111,155.0515779833
1.42e-05,1.42e-05,2.0515568731,1.4360898111,216.5199088036
1.42e-05,1.42e-05,2.0515568731,1.4360898111,302.3566191205
1.42e-05,1.42e-05,2.0515568731,1.4360898111,422.2222595195
1.42e-05,1.42e-05,2.0515568731,1.4360898111,589.6071895242
1.42e-05,1.42e-05,2.0515568731,1.4360898111,823.3498592289
1.42e-05,1.42e-05,2.0515568731,1.4360898111,1149.7569953977
1.42e-05,1.42e-05,2.0515568731,1.4360898111,1605.5643098112
1.42e-05,1.42e-05,2.0515568731,1.4360898111,2242.0709447806
1.42e-05,1.42e-05,2.0515568731,1.4360898111,3130.912969796
1.42e-05,1.42e-05,2.0515568731,1.4360898111,4372.1257113904
1.42e-05,1.42e-05,2.0515568731,1.4360898111,6105.4022965853
1.42e-05,1.42e-05,2.0515568731,1.5386676548,0.1
1.42e-05,1.42e-05,2.0515568731,1.5386676548,0.1396437957
1.42e-05,1.42e-05,2.0515568731,1.5386676548,0.1950038968
1.42e-05,1.42e-05,2.0515568731,1.5386676548,0.2723108433
1.42e-05,1.42e-05,2.0515568731,1.5386676548,0.3802651977
1.42e-05,1.42e-05,2.0515568731,1.5386676548,0.5310167558
1.42e-05,1.42e-05,2.0515568731,1.5386676548,0.7415319537
1.42e-05,1.42e-05,2.0515568731,1.5386676548,1.0355033665
1.42e-05,1.42e-05,2.0515568731,1.5386676548,1.4460162057
1.42e-05,1.42e-05,2.0515568731,1.5386676548,2.0192719162
1.42e-05,1.42e-05,2.0515568731,1.5386676548,2.8197879494
1.42e-05,1.42e-05,2.0515568731,1.5386676548,3.9376589236
1.42e-05,1.42e-05,2.0515568731,1.5386676548,5.498696383
1.42e-05,1.42e-05,2.0515568731,1.5386676548,7.6785883437
1.42e-05,1.42e-05,2.0515568731,1.5386676548,10.7226722201
1.42e-05,1.42e-05,2.0515568731,1.5386676548,14.9735464897
1.42e-05,1.42e-05,2.0515568731,1.5386676548,20.9096286705
1.42e-05,1.42e-05,2.0515568731,1.5386676548,29.1989991443
1.42e-05,1.42e-05,2.0515568731,1.5386676548,40.7745907144
1.42e-05,1.42e-05,2.0515568731,1.5386676548,56.9391861586
1.42e-05,1.42e-05,2.0515568731,1.5386676548,79.5120407981
1.42e-05,1.42e-05,2.0515568731,1.5386676548,111.0336318168
1.42e-05,1.42e-05,2.0515568731,1.5386676548,155.0515779833
1.42e-05,1.42e-05,2.0515568731,1.5386676548,216.5199088036
1.42e-05,1.42e-05,2.0515568731,1.5386676548,302.3566191205
1.42e-05,1.42e-05,2.0515568731,1.5386676548,422.2222595195
1.42e-05,1.42e-05,2.0515568731,1.5386676548,589.6071895242
1.42e-05,1.42e-05,2.0515568731,1.5386676548,823.3498592289
1.42e-05,1.42e-05,2.0515568731,1.5386676548,1149.7569953977
1.42e-05,1.42e-05,2.0515568731,1.5386676548,1605.5643098112
1.42e-05,1.42e-05,2.0515568731,1.5386676548,2242.0709447806
1.42e-05,1.42e-05,2.0515568731,1.5386676548,3130.912969796
1.42e-05,1.42e-05,2.0515568731,1.5386676548,4372.1257113904
1.42e-05,1.42e-05,2.0515568731,1.5386676548,6105.4022965853
1.42e-05,1.42e-05,2.0515568731,1.6412454984,0.1
1.42e-05,1.42e-05,2.0515568731,1.6412454984,0.1396437957
1.42e-05,1.42e-05,2.0515568731,1.6412454984,0.1950038968
1.42e-05,1.42e-05,2.0515568731,1.6412454984,0.2723108433
1.42e-05,1.42e-05,2.0515568731,1.6412454984,0.3802651977
1.42e-05,1.42e-05,2.0515568731,1.6412454984,0.5310167558
1.42e-05,1.42e-05,2.0515568731,1.6412454984,0.7415319537
1.42e-05,1.42e-05,2.0515568731,1.6412454984,1.0355033665
1.42e-05,1.42e-05,2.0515568731,1.6412454984,1.4460162057
1.42e-05,1.42e-05,2.0515568731,1.6412454984,2.0192719162
1.42e-05,1.42e-05,2.0515568731,1.6412454984,2.8197879494
1.42e-05,1.42e-05,2.0515568731,1.6412454984,3.9376589236
1.42e-05,1.42e-05,2.0515568731,1.6412454984,5.498696383
1.42e-05,1.42e-05,2.0515568731,1.6412454984,7.6785883437
1.42e-05,1.42e-05,2.0515568731,1.6412454984,10.7226722201
1.42e-05,1.42e-05,2.0515568731,1.6412454984,14.9735464897
1.42e-05,1.42e-05,2.0515568731,1.6412454984,20.9096286705
1.42e-05,1.42e-05,2.0515568731,1.6412454984,29.1989991443
1.42e-05,1.42e-05,2.0515568731,1.6412454984,40.7745907144
1.42e-05,1.42e-05,2.0515568731,1.6412454984,56.9391861586
1.42e-05,1.42e-05,2.0515568731,1.6412454984,79.5120407981
1.42e-05,1.42e-05,2.0515568731,1.6412454984,111.0336318168
1.42e-05,1.42e-05,2.0515568731,1.6412454984,155.0515779833
1.42e-05,1.42e-05,2.0515568731,1.6412454984,216.5199088036
1.42e-05,1.42e-05,2.0515568731,1.6412454984,302.3566191205
1.42e-05,1.42e-05,2.0515568731,1.6412454984,422.2222595195
1.42e-05,1.42e-05,2.0515568731,1.6412454984,589.6071895242
1.42e-05,1.42e-05,2.0515568731,1.6412454984,823.3498592289
1.42e-05,1.42e-05,2.0515568731,1.6412454984,1149.7569953977
1.42e-05,1.42e-05,2.0515568731,1.6412454984,1605.5643098112
1.42e-05,1.42e-05,2.0515568731,1.6412454984,2242.0709447806
1.42e-05,1.42e-05,2.0515568731,1.6412454984,3130.912969796
1.42e-05,1.42e-05,2.0515568731,1.6412454984,4372.1257113904
1.42e-05,1.42e-05,2.0515568731,1.6412454984,6105.4022965853
1.42e-05,1.42e-05,2.0515568731,1.7438233421,0.1
1.42e-05,1.42e-05,2.0515568731,1.7438233421,0.1396437957
1.42e-05,1.42e-05,2.0515568731,1.7438233421,0.1950038968
1.42e-05,1.42e-05,2.0515568731,1.7438233421,0.2723108433
1.42e-05,1.42e-05,2.0515568731,1.7438233421,0.3802651977
1.42e-05,1.42e-05,2.0515568731,1.7438233421,0.5310167558
1.42e-05,1.42e-05,2.0515568731,1.7438233421,0.7415319537
1.42e-05,1.42e-05,2.0515568731,1.7438233421,1.0355033665
1.42e-05,1.42e-05,2.0515568731,1.7438233421,1.4460162057
1.42e-05,1.42e-05,2.0515568731,1.7438233421,2.0192719162
1.42e-05,1.42e-05,2.0515568731,1.7438233421,2.8197879494
1.42e-05,1.42e-05,2.0515568731,1.7438233421,3.9376589236
1.42e-05,1.42e-05,2.0515568731,1.7438233421,5.498696383
1.42e-05,1.42e-05,2.0515568731,1.7438233421,7.6785883437
1.42e-05,1.42e-05,2.0515568731,1.7438233421,10.7226722201
1.42e-05,1.42e-05,2.0515568731,1.7438233421,14.9735464897
1.42e-05,1.42e-05,2.0515568731,1.7438233421,20.9096286705
1.42e-05,1.42e-05,2.0515568731,1.7438233421,29.1989991443
1.42e-05,1.42e-05,2.0515568731,1.7438233421,40.7745907144
1.42e-05,1.42e-05,2.0515568731,1.7438233421,56.9391861586
1.42e-05,1.42e-05,2.0515568731,1.7438233421,79.5120407981
1.42e-05,1.42e-05,2.0515568731,1.7438233421,111.0336318168
1.42e-05,1.42e-05,2.0515568731,1.7438233421,155.0515779833
1.42e-05,1.42e-05,2.0515568731,1.7438233421,216.5199088036
1.42e-05,1.42e-05,2.0515568731,1.7438233421,302.3566191205
1.42e-05,1.42e-05,2.0515568731,1.7438233421,422.2222595195
1.42e-05,1.42e-05,2.0515568731,1.7438233421,589.6071895242
1.42e-05,1.42e-05,2.0515568731,1.7438233421,823.3498592289
1.42e-05,1.42e-05,2.0515568731,1.7438233421,1149.7569953977
1.42e-05,1.42e-05,2.0515568731,1.7438233421,1605.5643098112
1.42e-05,1.42e-05,2.0515568731,1.7438233421,2242.0709447806
1.42e-05,1.42e-05,2.0515568731,1.7438233421,3130.912969796
1.42e-05,1.42e-05,2.0515568731,1.7438233421,4372.1257113904
1.42e-05,1.42e-05,2.0515568731,1.7438233421,6105.4022965853
1.42e-05,1.42e-05,2.0515568731,1.8464011858,0.1
1.42e-05,1.42e-05,2.0515568731,1.8464011858,0.1396437957
1.42e-05,1.42e-05,2.0515568731,1.8464011858,0.1950038968
1.42e-05,1.42e-05,2.0515568731,1.8464011858,0.2723108433
1.42e-05,1.42e-05,2.0515568731,1.8464011858,0.3802651977
1.42e-05,1.42e-05,2.0515568731,1.8464011858,0.5310167558
1.42e-05,1.42e-05,2.0515568731,1.8464011858,0.7415319537
1.42e-05,1.42e-05,2.0515568731,1.8464011858,1.0355033665
1.42e-05,1.42e-05,2.0515568731,1.8464011858,1.4460162057
1.42e-05,1.42e-05,2.0515568731,1.8464011858,2.0192719162
1.42e-05,1.42e-05,2.0515568731,1.8464011858,2.8197879494
1.42e-05,1.42e-05,2.0515568731,1.8464011858,3.9376589236
1.42e-05,1.42e-05,2.0515568731,1.8464011858,5.498696383
1.42e-05,1.42e-05,2.0515568731,1.8464011858,7.6785883437
1.42e-05,1.42e-05,2.0515568731,1.8464011858,10.7226722201
1.42e-05,1.42e-05,2.0515568731,1.8464011858,14.9735464897
1.42e-05,1.42e-05,2.0515568731,1.8464011858,20.9096286705
1.42e-05,1.42e-05,2.0515568731,1.8464011858,29.1989991443
1.42e-05,1.42e-05,2.0515568731,1.8464011858,40.7745907144
1.42e-05,1.42e-05,2.0515568731,1.8464011858,56.9391861586
1.42e-05,1.42e-05,2.0515568731,1.8464011858,79.5120407981
1.42e-05,1.42e-05,2.0515568731,1.8464011858,111.0336318168
1.42e-05,1.42e-05,2.0515568731,1.8464011858,155.0515779833
1.42e-05,1.42e-05,2.0515568731,1.8464011858,216.5199088036
1.42e-05,1.42e-05,2.0515568731,1.8464011858,302.3566191205
1.42e-05,1.42e-05,2.0515568731,1.8464011858,422.2222595195
1.42e-05,1.42e-05,2.0515568731,1.8464011858,589.6071895242
1.42e-05,1.42e-05,2.0515568731,1.8464011858,823.3498592289
1.42e-05,1.42e-05,2.0515568731,1.8464011858,1149.7569953977
1.42e-05,1.42e-05,2.0515568731,1.8464011858,1605.5643098112
1.42e-05,1.42e-05,2.0515568731,1.8464011858,2242.0709447806
1.42e-05,1.42e-05,2.0515568731,1.8464011858,3130.912969796
1.42e-05,1.42e-05,2.0515568731,1.8464011858,4372.1257113904
1.42e-05,1.42e-05,2.0515568731,1.8464011858,6105.4022965853
1.42e-05,1.42e-05,2.0515568731,1.9489790294,0.1
1.42e-05,1.42e-05,2.0515568731,1.9489790294,0.1396437957
1.42e-05,1.42e-05,2.0515568731,1.9489790294,0.1950038968
1.42e-05,1.42e-05,2.0515568731,1.9489790294,0.2723108433
1.42e-05,1.42e-05,2.0515568731,1.9489790294,0.3802651977
1.42e-05,1.42e-05,2.0515568731,1.9489790294,0.5310167558
1.42e-05,1.42e-05,2.0515568731,1.9489790294,0.7415319537
1.42e-05,1.42e-05,2.0515568731,1.9489790294,1.0355033665
1.42e-05,1.42e-05,2.0515568731,1.9489790294,1.4460162057
1.42e-05,1.42e-05,2.0515568731,1.9489790294,2.0192719162
1.42e-05,1.42e-05,2.0515568731,1.9489790294,2.8197879494
1.42e-05,1.42e-05,2.0515568731,1.9489790294,3.9376589236
1.42e-05,1.42e-05,2.0515568731,1.9489790294,5.498696383
1.42e-05,1.42e-05,2.0515568731,1.9489790294,7.6785883437
1.42e-05,1.42e-05,2.0515568731,1.9489790294,10.7226722201
1.42e-05,1.42e-05,2.0515568731,1.9489790294,14.9735464897
1.42e-05,1.42e-05,2.0515568731,1.9489790294,20.9096286705
1.42e-05,1.42e-05,2.0515568731,1.9489790294,29.1989991443
1.42e-05,1.42e-05,2.0515568731,1.9489790294,40.7745907144
1.42e-05,1.42e-05,2.0515568731,1.9489790294,56.9391861586
1.42e-05,1.42e-05,2.0515568731,1.9489790294,79.5120407981
1.42e-05,1.42e-05,2.0515568731,1.9489790294,111.0336318168
1.42e-05,1.42e-05,2.0515568731,1.9489790294,155.0515779833
1.42e-05,1.42e-05,2.0515568731,1.9489790294,216.5199088036
1.42e-05,1.42e-05,2.0515568731,1.9489790294,302.3566191205
1.42e-05,1.42e-05,2.0515568731,1.9489790294,422.2222595195
1.42e-05,1.42e-05,2.0515568731,1.9489790294,589.6071895242
1.42e-05,1.42e-05,2.0515568731,1.9489790294,823.3498592289
1.42e-05,1.42e-05,2.0515568731,1.9489790294,1149.7569953977
1.42e-05,1.42e-05,2.0515568731,1.9489790294,1605.5643098112
1.42e-05,1.42e-05,2.0515568731,1.9489790294,2242.0709447806
1.42e-05,1.42e-05,2.0515568731,1.9489790294,3130.912969796
1.42e-05,1.42e-05,2.0515568731,1.9489790294,4372.1257113904
1.42e-05,1.42e-05,2.0515568731,1.9489790294,6105.4022965853
1.42e-05,1.42e-05,2.0515568731,2.0310413043,0.1
1.42e-05,1.42e-05,2.0515568731,2.0310413043,0.1396437957
1.42e-05,1.42e-05,2.0515568731,2.0310413043,0.1950038968
1.42e-05,1.42e-05,2.0515568731,2.0310413043,0.2723108433
1.42e-05,1.42e-05,2.0515568731,2.0310413043,0.3802651977
1.42e-05,1.42e-05,2.0515568731,2.0310413043,0.5310167558
1.42e-05,1.42e-05,2.0515568731,2.0310413043,0.7415319537
1.42e-05,1.42e-05,2.0515568731,2.0310413043,1.0355033665
1.42e-05,1.42e-05,2.0515568731,2.0310413043,1.4460162057
1.42e-05,1.42e-05,2.0515568731,2.0310413043,2.0192719162
1.42e-05,1.42e-05,2.0515568731,2.0310413043,2.8197879494
1.42e-05,1.42e-05,2.0515568731,2.0310413043,3.9376589236
1.42e-05,1.42e-05,2.0515568731,2.0310413043,5.498696383
1.42e-05,1.42e-05,2.0515568731,2.0310413043,7.6785883437
1.42e-05,1.42e-05,2.0515568731,2.0310413043,10.7226722201
1.42e-05,1.42e-05,2.0515568731,2.0310413043,14.9735464897
1.42e-05,1.42e-05,2.0515568731,2.0310413043,20.9096286705
1.42e-05,1.42e-05,2.0515568731,2.0310413043,29.1989991443
1.42e-05,1.42e-05,2.0515568731,2.0310413043,40.7745907144
1.42e-05,1.42e-05,2.0515568731,2.0310413043,56.9391861586
1.42e-05,1.42e-05,2.0515568731,2.0310413043,79.5120407981
1.42e-05,1.42e-05,2.0515568731,2.0310413043,111.0336318168
1.42e-05,1.42e-05,2.0515568731,2.0310413043,155.0515779833
1.42e-05,1.42e-05,2.0515568731,2.0310413043,216.5199088036
1.42e-05,1.42e-05,2.0515568731,2.0310413043,302.3566191205
1.42e-05,1.42e-05,2.0515568731,2.0310413043,422.2222595195
1.42e-05,1.42e-05,2.0515568731,2.0310413043,589.6071895242
1.42e-05,1.42e-05,2.0515568731,2.0310413043,823.3498592289
1.42e-05,1.42e-05,2.0515568731,2.0310413043,1149.7569953977
1.42e-05,1.42e-05,2.0515568731,2.0310413043,1605.5643098112
1.42e-05,1.42e-05,2.0515568731,2.0310413043,2242.0709447806
1.42e-05,1.42e-05,2.0515568731,2.0310413043,3130.912969796
1.42e-05,1.42e-05,2.0515568731,2.0310413043,4372.1257113904
1.42e-05,1.42e-05,2.0515568731,2.0310413043,6105.4022965853
1.42e-05,1.42e-05,2.2853024652,0.1142651233,0.1
1.42e-05,1.42e-05,2.2853024652,0.1142651233,0.1396437957
1.42e-05,1.42e-05,2.2853024652,0.1142651233,0.1950038968
1.42e-05,1.42e-05,2.2853024652,0.1142651233,0.2723108433
1.42e-05,1.42e-05,2.2853024652,0.1142651233,0.3802651977
1.42e-05,1.42e-05,2.2853024652,0.1142651233,0.5310167558
1.42e-05,1.42e-05,2.2853024652,0.1142651233,0.7415319537
1.42e-05,1.42e-05,2.2853024652,0.1142651233,1.0355033665
1.42e-05,1.42e-05,2.2853024652,0.1142651233,1.4460162057
1.42e-05,1.42e-05,2.2853024652,0.1142651233,2.0192719162
1.42e-05,1.42e-05,2.2853024652,0.1142651233,2.8197879494
1.42e-05,1.42e-05,2.2853024652,0.1142651233,3.9376589236
1.42e-05,1.42e-05,2.2853024652,0.1142651233,5.498696383
1.42e-05,1.42e-05,2.2853024652,0.1142651233,7.6785883437
1.42e-05,1.42e-05,2.2853024652,0.1142651233,10.7226722201
1.42e-05,1.42e-05,2.2853024652,0.1142651233,14.9735464897
1.42e-05,1.42e-05,2.2853024652,0.1142651233,20.9096286705
1.42e-05,1.42e-05,2.2853024652,0.1142651233,29.1989991443
1.42e-05,1.42e-05,2.2853024652,0.1142651233,40.7745907144
1.42e-05,1.42e-05,2.2853024652,0.1142651233,56.9391861586
1.42e-05,1.42e-05,2.2853024652,0.1142651233,79.5120407981
1.42e-05,1.42e-05,2.2853024652,0.1142651233,111.0336318168
1.42e-05,1.42e-05,2.2853024652,0.1142651233,155.0515779833
1.42e-05,1.42e-05,2.2853024652,0.1142651233,216.5199088036
1.42e-05,1.42e-05,2.2853024652,0.1142651233,302.3566191205
1.42e-05,1.42e-05,2.2853024652,0.1142651233,422.2222595195
1.42e-05,1.42e-05,2.2853024652,0.1142651233,589.6071895242
1.42e-05,1.42e-05,2.2853024652,0.1142651233,823.3498592289
1.42e-05,1.42e-05,2.2853024652,0.1142651233,1149.7569953977
1.42e-05,1.42e-05,2.2853024652,0.1142651233,1605.5643098112
1.42e-05,1.42e-05,2.2853024652,0.1142651233,2242.0709447806
1.42e-05,1.42e-05,2.2853024652,0.1142651233,3130.912969796
1.42e-05,1.42e-05,2.2853024652,0.1142651233,4372.1257113904
1.42e-05,1.42e-05,2.2853024652,0.1142651233,6105.4022965853
1.42e-05,1.42e-05,2.2853024652,0.2285302465,0.1
1.42e-05,1.42e-05,2.2853024652,0.2285302465,0.1396437957
1.42e-05,1.42e-05,2.2853024652,0.2285302465,0.1950038968
1.42e-05,1.42e-05,2.2853024652,0.2285302465,0.2723108433
1.42e-05,1.42e-05,2.2853024652,0.2285302465,0.3802651977
1.42e-05,1.42e-05,2.2853024652,0.2285302465,0.5310167558
1.42e-05,1.42e-05,2.2853024652,0.2285302465,0.7415319537
1.42e-05,1.42e-05,2.2853024652,0.2285302465,1.0355033665
1.42e-05,1.42e-05,2.2853024652,0.2285302465,1.4460162057
1.42e-05,1.42e-05,2.2853024652,0.2285302465,2.0192719162
1.42e-05,1.42e-05,2.2853024652,0.2285302465,2.8197879494
1.42e-05,1.42e-05,2.2853024652,0.2285302465,3.9376589236
1.42e-05,1.42e-05,2.2853024652,0.2285302465,5.498696383
1.42e-05,1.42e-05,2.2853024652,0.2285302465,7.6785883437
1.42e-05,1.42e-05,2.2853024652,0.2285302465,10.7226722201
1.42e-05,1.42e-05,2.2853024652,0.2285302465,14.9735464897
1.42e-05,1.42e-05,2.2853024652,0.2285302465,20.9096286705
1.42e-05,1.42e-05,2.2853024652,0.2285302465,29.1989991443
1.42e-05,1.42e-05,2.2853024652,0.2285302465,40.7745907144
1.42e-05,1.42e-05,2.2853024652,0.2285302465,56.9391861586
1.42e-05,1.42e-05,2.2853024652,0.2285302465,79.5120407981
1.42e-05,1.42e-05,2.2853024652,0.2285302465,111.0336318168
1.42e-05,1.42e-05,2.2853024652,0.2285302465,155.0515779833
1.42e-05,1.42e-05,2.2853024652,0.2285302465,216.5199088036
1.42e-05,1.42e-05,2.2853024652,0.2285302465,302.3566191205
1.42e-05,1.42e-05,2.2853024652,0.2285302465,422.2222595195
1.42e-05,1.42e-05,2.2853024652,0.2285302465,589.6071895242
1.42e-05,1.42e-05,2.2853024652,0.2285302465,823.3498592289
1.42e-05,1.42e-05,2.2853024652,0.2285302465,1149.7569953977
1.42e-05,1.42e-05,2.2853024652,0.2285302465,1605.5643098112
1.42e-05,1.42e-05,2.2853024652,0.2285302465,2242.0709447806
1.42e-05,1.42e-05,2.2853024652,0.2285302465,3130.912969796
1.42e-05,1.42e-05,2.2853024652,0.2285302465,4372.1257113904
1.42e-05,1.42e-05,2.2853024652,0.2285302465,6105.4022965853
1.42e-05,1.42e-05,2.2853024652,0.3427953698,0.1
1.42e-05,1.42e-05,2.2853024652,0.3427953698,0.1396437957
1.42e-05,1.42e-05,2.2853024652,0.3427953698,0.1950038968
1.42e-05,1.42e-05,2.2853024652,0.3427953698,0.2723108433
1.42e-05,1.42e-05,2.2853024652,0.3427953698,0.3802651977
1.42e-05,1.42e-05,2.2853024652,0.3427953698,0.5310167558
1.42e-05,1.42e-05,2.2853024652,0.3427953698,0.7415319537
1.42e-05,1.42e-05,2.2853024652,0.3427953698,1.0355033665
1.42e-05,1.42e-05,2.2853024652,0.3427953698,1.4460162057
1.42e-05,1.42e-05,2.2853024652,0.3427953698,2.0192719162
1.42e-05,1.42e-05,2.2853024652,0.3427953698,2.8197879494
1.42e-05,1.42e-05,2.2853024652,0.3427953698,3.9376589236
1.42e-05,1.42e-05,2.2853024652,0.3427953698,5.498696383
1.42e-05,1.42e-05,2.2853024652,0.3427953698,7.6785883437
1.42e-05,1.42e-05,2.2853024652,0.3427953698,10.7226722201
1.42e-05,1.42e-05,2.2853024652,0.3427953698,14.9735464897
1.42e-05,1.42e-05,2.2853024652,0.3427953698,20.9096286705
1.42e-05,1.42e-05,2.2853024652,0.3427953698,29.1989991443
1.42e-05,1.42e-05,2.2853024652,0.3427953698,40.7745907144
1.42e-05,1.42e-05,2.2853024652,0.3427953698,56.9391861586
1.42e-05,1.42e-05,2.2853024652,0.3427953698,79.5120407981
1.42e-05,1.42e-05,2.2853024652,0.3427953698,111.0336318168
1.42e-05,1.42e-05,2.2853024652,0.3427953698,155.0515779833
1.42e-05,1.42e-05,2.2853024652,0.3427953698,216.5199088036
1.42e-05,1.42e-05,2.2853024652,0.3427953698,302.3566191205
1.42e-05,1.42e-05,2.2853024652,0.3427953698,422.2222595195
1.42e-05,1.42e-05,2.2853024652,0.3427953698,589.6071895242
1.42e-05,1.42e-05,2.2853024652,0.3427953698,823.3498592289
1.42e-05,1.42e-05,2.2853024652,0.3427953698,1149.7569953977
1.42e-05,1.42e-05,2.2853024652,0.3427953698,1605.5643098112
1.42e-05,1.42e-05,2.2853024652,0.3427953698,2242.0709447806
1.42e-05,1.42e-05,2.2853024652,0.3427953698,3130.912969796
1.42e-05,1.42e-05,2.2853024652,0.3427953698,4372.1257113904
1.42e-05,1.42e-05,2.2853024652,0.3427953698,6105.4022965853
1.42e-05,1.42e-05,2.2853024652,0.457060493,0.1
1.42e-05,1.42e-05,2.2853024652,0.457060493,0.1396437957
1.42e-05,1.42e-05,2.2853024652,0.457060493,0.1950038968
1.42e-05,1.42e-05,2.2853024652,0.457060493,0.2723108433
1.42e-05,1.42e-05,2.2853024652,0.457060493,0.3802651977
1.42e-05,1.42e-05,2.2853024652,0.457060493,0.5310167558
1.42e-05,1.42e-05,2.2853024652,0.457060493,0.7415319537
1.42e-05,1.42e-05,2.2853024652,0.457060493,1.0355033665
1.42e-05,1.42e-05,2.2853024652,0.457060493,1.4460162057
1.42e-05,1.42e-05,2.2853024652,0.457060493,2.0192719162
1.42e-05,1.42e-05,2.2853024652,0.457060493,2.8197879494
1.42e-05,1.42e-05,2.2853024652,0.457060493,3.9376589236
1.42e-05,1.42e-05,2.2853024652,0.457060493,5.498696383
1.42e-05,1.42e-05,2.2853024652,0.457060493,7.6785883437
1.42e-05,1.42e-05,2.2853024652,0.457060493,10.7226722201
1.42e-05,1.42e-05,2.2853024652,0.457060493,14.9735464897
1.42e-05,1.42e-05,2.2853024652,0.457060493,20.9096286705
1.42e-05,1.42e-05,2.2853024652,0.457060493,29.1989991443
1.42e-05,1.42e-05,2.2853024652,0.457060493,40.7745907144
1.42e-05,1.42e-05,2.2853024652,0.457060493,56.9391861586
1.42e-05,1.42e-05,2.2853024652,0.457060493,79.5120407981
1.42e-05,1.42e-05,2.2853024652,0.457060493,111.0336318168
1.42e-05,1.42e-05,2.2853024652,0.457060493,155.0515779833
1.42e-05,1.42e-05,2.2853024652,0.457060493,216.5199088036
1.42e-05,1.42e-05,2.2853024652,0.457060493,302.3566191205
1.42e-05,1.42e-05,2.2853024652,0.457060493,422.2222595195
1.42e-05,1.42e-05,2.2853024652,0.457060493,589.6071895242
1.42e-05,1.42e-05,2.2853024652,0.457060493,823.3498592289
1.42e-05,1.42e-05,2.2853024652,0.457060493,1149.7569953977
1.42e-05,1.42e-05,2.2853024652,0.457060493,1605.5643098112
1.42e-05,1.42e-05,2.2853024652,0.457060493,2242.0709447806
1.42e-05,1.42e-05,2.2853024652,0.457060493,3130.912969796
1.42e-05,1.42e-05,2.2853024652,0.457060493,4372.1257113904
1.42e-05,1.42e-05,2.2853024652,0.457060493,6105.4022965853
1.42e-05,1.42e-05,2.2853024652,0.5713256163,0.1
1.42e-05,1.42e-05,2.2853024652,0.5713256163,0.1396437957
1.42e-05,1.42e-05,2.2853024652,0.5713256163,0.1950038968
1.42e-05,1.42e-05,2.2853024652,0.5713256163,0.2723108433
1.42e-05,1.42e-05,2.2853024652,0.5713256163,0.3802651977
1.42e-05,1.42e-05,2.2853024652,0.5713256163,0.5310167558
1.42e-05,1.42e-05,2.2853024652,0.5713256163,0.7415319537
1.42e-05,1.42e-05,2.2853024652,0.5713256163,1.0355033665
1.42e-05,1.42e-05,2.2853024652,0.5713256163,1.4460162057
1.42e-05,1.42e-05,2.2853024652,0.5713256163,2.0192719162
1.42e-05,1.42e-05,2.2853024652,0.5713256163,2.8197879494
1.42e-05,1.42e-05,2.2853024652,0.5713256163,3.9376589236
1.42e-05,1.42e-05,2.2853024652,0.5713256163,5.498696383
1.42e-05,1.42e-05,2.2853024652,0.5713256163,7.6785883437
1.42e-05,1.42e-05,2.2853024652,0.5713256163,10.7226722201
1.42e-05,1.42e-05,2.2853024652,0.5713256163,14.9735464897
1.42e-05,1.42e-05,2.2853024652,0.5713256163,20.9096286705
1.42e-05,1.42e-05,2.2853024652,0.5713256163,29.1989991443
1.42e-05,1.42e-05,2.2853024652,0.5713256163,40.7745907144
1.42e-05,1.42e-05,2.2853024652,0.5713256163,56.9391861586
1.42e-05,1.42e-05,2.2853024652,0.5713256163,79.5120407981
1.42e-05,1.42e-05,2.2853024652,0.5713256163,111.0336318168
1.42e-05,1.42e-05,2.2853024652,0.5713256163,155.0515779833
1.42e-05,1.42e-05,2.2853024652,0.5713256163,216.5199088036
1.42e-05,1.42e-05,2.2853024652,0.5713256163,302.3566191205
1.42e-05,1.42e-05,2.2853024652,0.5713256163,422.2222595195
1.42e-05,1.42e-05,2.2853024652,0.5713256163,589.6071895242
1.42e-05,1.42e-05,2.2853024652,0.5713256163,823.3498592289
1.42e-05,1.42e-05,2.2853024652,0.5713256163,1149.7569953977
1.42e-05,1.42e-05,2.2853024652,0.5713256163,1605.5643098112
1.42e-05,1.42e-05,2.2853024652,0.5713256163,2242.0709447806
1.42e-05,1.42e-05,2.2853024652,0.5713256163,3130.912969796
1.42e-05,1.42e-05,2.2853024652,0.5713256163,4372.1257113904
1.42e-05,1.42e-05,2.2853024652,0.5713256163,6105.4022965853
1.42e-05,1.42e-05,2.2853024652,0.6855907396,0.1
1.42e-05,1.42e-05,2.2853024652,0.6855907396,0.1396437957
1.42e-05,1.42e-05,2.2853024652,0.6855907396,0.1950038968
1.42e-05,1.42e-05,2.2853024652,0.6855907396,0.2723108433
1.42e-05,1.42e-05,2.2853024652,0.6855907396,0.3802651977
